
sub-010002 ep00
 min_cluster_size  n_clusters   n_noise
                3           2       179
                5           7      1530
                7           4      1615
                8           3      1623
               10           2      1679
               20           2      1656
               30           0      1772
               50           0      1772
              100           0      1772
              150           0      1772
              200           0      1772

sub-010002 ep01
 min_cluster_size  n_clusters   n_noise
                3           3       128
                5           2      1555
                7           2      1607
                8           3      1669
               10           3      1714
               20           0      1767
               30           0      1767
               50           0      1767
              100           0      1767
              150           0      1767
              200           0      1767

sub-010002 ep02
 min_cluster_size  n_clusters   n_noise
                3           2       118
                5           2      1325
                7           2      1333
                8           2      1647
               10           2      1727
               20           0      1787
               30           0      1787
               50           0      1787
              100           0      1787
              150           0      1787
              200           0      1787

sub-010002 ep03
 min_cluster_size  n_clusters   n_noise
                3           2        64
                5          10      1677
                7           6      1714
                8           6      1723
               10           2      1705
               20           0      1815
               30           0      1815
               50           0      1815
              100           0      1815
              150           0      1815
              200           0      1815

sub-010002 ep04
 min_cluster_size  n_clusters   n_noise
                3           4       126
                5           2      1377
                7           2      1640
                8           2      1664
               10           2      1704
               20           0      1780
               30           0      1780
               50           0      1780
              100           0      1780
              150           0      1780
              200           0      1780

sub-010002 ep05
 min_cluster_size  n_clusters   n_noise
                3           4       514
                5           2      1171
                7           2      1647
                8           4      1684
               10           2      1653
               20           0      1755
               30           0      1755
               50           0      1755
              100           0      1755
              150           0      1755
              200           0      1755

sub-010002 ep06
 min_cluster_size  n_clusters   n_noise
                3           3       497
                5           2      1471
                7           2      1586
                8           3      1601
               10           3      1606
               20           0      1657
               30           0      1657
               50           0      1657
              100           0      1657
              150           0      1657
              200           0      1657

sub-010003 ep00
 min_cluster_size  n_clusters   n_noise
                3           6        48
                5           3      1093
                7           2      1118
                8           2      1115
               10           2      1099
               20           2      1096
               30           2      1105
               50           0      1247
              100           0      1247
              150           0      1247
              200           0      1247

sub-010003 ep01
 min_cluster_size  n_clusters   n_noise
                3           2        74
                5           2       986
                7           2      1095
                8           2      1086
               10           2      1081
               20           2      1102
               30           2      1099
               50           2      1107
              100           0      1241
              150           0      1241
              200           0      1241

sub-010003 ep02
 min_cluster_size  n_clusters   n_noise
                3           4       298
                5           3       998
                7           2      1059
                8           2      1076
               10           2      1112
               20           2      1071
               30           2      1089
               50           0      1241
              100           0      1241
              150           0      1241
              200           0      1241

sub-010003 ep03
 min_cluster_size  n_clusters   n_noise
                3           3        30
                5           3      1065
                7           2      1139
                8           2      1130
               10           2      1137
               20           2      1154
               30           0      1218
               50           0      1218
              100           0      1218
              150           0      1218
              200           0      1218

sub-010003 ep04
 min_cluster_size  n_clusters   n_noise
                3           2        49
                5           3      1112
                7           2      1086
                8           2      1097
               10           2      1119
               20           2      1120
               30           2      1123
               50           0      1236
              100           0      1236
              150           0      1236
              200           0      1236

sub-010003 ep05
 min_cluster_size  n_clusters   n_noise
                3           3       176
                5           3      1022
                7           2      1075
                8           2      1094
               10           2      1180
               20           2      1183
               30           2      1189
               50           0      1288
              100           0      1288
              150           0      1288
              200           0      1288

sub-010003 ep06
 min_cluster_size  n_clusters   n_noise
                3           4       455
                5           2       780
                7           2      1038
                8           3      1121
               10           2      1121
               20           2      1086
               30           2      1074
               50           0      1182
              100           0      1182
              150           0      1182
              200           0      1182

sub-010004 ep00
 min_cluster_size  n_clusters   n_noise
                3           2       377
                5           2      1053
                7           2      1481
                8           3      1514
               10           2      1510
               20           0      1584
               30           0      1584
               50           0      1584
              100           0      1584
              150           0      1584
              200           0      1584

sub-010004 ep01
 min_cluster_size  n_clusters   n_noise
                3           4       228
                5           2       593
                7           2      1268
                8           2      1288
               10           2      1316
               20           2      1344
               30           2      1349
               50           0      1424
              100           0      1424
              150           0      1424
              200           0      1424

sub-010004 ep02
 min_cluster_size  n_clusters   n_noise
                3           2        76
                5           9      1246
                7           2      1303
                8           3      1333
               10           2      1286
               20           2      1347
               30           0      1401
               50           0      1401
              100           0      1401
              150           0      1401
              200           0      1401

sub-010004 ep03
 min_cluster_size  n_clusters   n_noise
                3           6       265
                5           4      1163
                7           3      1271
                8           2      1259
               10           2      1365
               20           0      1414
               30           0      1414
               50           0      1414
              100           0      1414
              150           0      1414
              200           0      1414

sub-010004 ep04
 min_cluster_size  n_clusters   n_noise
                3           3        71
                5           2       767
                7           2      1363
                8           2      1410
               10           2      1429
               20           0      1567
               30           0      1567
               50           0      1567
              100           0      1567
              150           0      1567
              200           0      1567

sub-010004 ep05
 min_cluster_size  n_clusters   n_noise
                3           2        34
                5           2      1223
                7           4      1373
                8           2      1375
               10           2      1387
               20           0      1436
               30           0      1436
               50           0      1436
              100           0      1436
              150           0      1436
              200           0      1436

sub-010004 ep06
 min_cluster_size  n_clusters   n_noise
                3           3        40
                5           5      1131
                7           3      1155
                8           3      1188
               10           3      1225
               20           2      1217
               30           2      1206
               50           0      1283
              100           0      1283
              150           0      1283
              200           0      1283

sub-010005 ep00
 min_cluster_size  n_clusters   n_noise
                3           2        52
                5           3       853
                7           3       879
                8           2       893
               10           2       898
               20           2       982
               30           2       945
               50           2      1011
              100           0      1228
              150           0      1228
              200           0      1228

sub-010005 ep01
 min_cluster_size  n_clusters   n_noise
                3           3       378
                5           4      1205
                7           2      1243
                8           2      1227
               10           2      1283
               20           2      1365
               30           2      1335
               50           2      1308
              100           0      1462
              150           0      1462
              200           0      1462

sub-010005 ep02
 min_cluster_size  n_clusters   n_noise
                3           4       205
                5           4      1056
                7           2      1147
                8           2      1180
               10           2      1214
               20           2      1181
               30           2      1204
               50           0      1329
              100           0      1329
              150           0      1329
              200           0      1329

sub-010005 ep03
 min_cluster_size  n_clusters   n_noise
                3           6       252
                5           2       709
                7           2      1561
                8           2      1583
               10           2      1631
               20           2      1654
               30           2      1668
               50           2      1699
              100           0      1865
              150           0      1865
              200           0      1865

sub-010005 ep04
 min_cluster_size  n_clusters   n_noise
                3           6       259
                5           2       577
                7           2      1238
                8           2      1253
               10           2      1168
               20           2      1251
               30           2      1259
               50           0      1352
              100           0      1352
              150           0      1352
              200           0      1352

sub-010005 ep05
 min_cluster_size  n_clusters   n_noise
                3           2       192
                5           2       903
                7           3      1706
                8           2      1690
               10           2      1683
               20           2      1743
               30           2      1777
               50           0      1879
              100           0      1879
              150           0      1879
              200           0      1879

sub-010005 ep06
 min_cluster_size  n_clusters   n_noise
                3           2        46
                5           3       847
                7           2      1051
                8           2      1083
               10           2      1078
               20           2      1117
               30           0      1188
               50           0      1188
              100           0      1188
              150           0      1188
              200           0      1188

sub-010006 ep00
 min_cluster_size  n_clusters   n_noise
                3           3        90
                5           3       769
                7           4      1452
                8           4      1449
               10           0      1517
               20           0      1517
               30           0      1517
               50           0      1517
              100           0      1517
              150           0      1517
              200           0      1517

sub-010006 ep01
 min_cluster_size  n_clusters   n_noise
                3           2        75
                5           3       529
                7           2      1394
                8           2      1379
               10           2      1384
               20           0      1452
               30           0      1452
               50           0      1452
              100           0      1452
              150           0      1452
              200           0      1452

sub-010006 ep02
 min_cluster_size  n_clusters   n_noise
                3           7       215
                5           2      1352
                7           2      1367
                8           2      1386
               10           2      1410
               20           0      1469
               30           0      1469
               50           0      1469
              100           0      1469
              150           0      1469
              200           0      1469

sub-010006 ep03
 min_cluster_size  n_clusters   n_noise
                3           2       150
                5           3       641
                7           5      1680
                8           4      1674
               10           2      1708
               20           0      1764
               30           0      1764
               50           0      1764
              100           0      1764
              150           0      1764
              200           0      1764

sub-010006 ep04
 min_cluster_size  n_clusters   n_noise
                3           3       203
                5           3       945
                7           2      1308
                8           2      1339
               10           2      1405
               20           0      1453
               30           0      1453
               50           0      1453
              100           0      1453
              150           0      1453
              200           0      1453

sub-010006 ep05
 min_cluster_size  n_clusters   n_noise
                3           2        39
                5           2       552
                7           2      1500
                8           3      1532
               10           2      1548
               20           0      1575
               30           0      1575
               50           0      1575
              100           0      1575
              150           0      1575
              200           0      1575

sub-010006 ep06
 min_cluster_size  n_clusters   n_noise
                3           2        77
                5           3      1098
                7           4      1226
                8           2      1218
               10           2      1206
               20           0      1290
               30           0      1290
               50           0      1290
              100           0      1290
              150           0      1290
              200           0      1290

sub-010007 ep00
 min_cluster_size  n_clusters   n_noise
                3           2        24
                5           3       611
                7           2       594
                8           2      1410
               10           2      1358
               20           0      1548
               30           0      1548
               50           0      1548
              100           0      1548
              150           0      1548
              200           0      1548

sub-010007 ep01
 min_cluster_size  n_clusters   n_noise
                3           5       117
                5           3       291
                7           2      1213
                8           2      1257
               10           2      1272
               20           2      1211
               30           0      1504
               50           0      1504
              100           0      1504
              150           0      1504
              200           0      1504

sub-010007 ep02
 min_cluster_size  n_clusters   n_noise
                3           2        18
                5           2       184
                7           3      1317
                8           3      1273
               10           3      1268
               20           2      1263
               30           2      1285
               50           2      1293
              100           0      1644
              150           0      1644
              200           0      1644

sub-010007 ep03
 min_cluster_size  n_clusters   n_noise
                3           3        43
                5           2       580
                7           2       984
                8           2       725
               10           2      1445
               20           0      1622
               30           0      1622
               50           0      1622
              100           0      1622
              150           0      1622
              200           0      1622

sub-010007 ep04
 min_cluster_size  n_clusters   n_noise
                3           3        27
                5           8      1052
                7           4      1099
                8           4      1103
               10           4      1169
               20           2      1055
               30           2      1031
               50           0      1482
              100           0      1482
              150           0      1482
              200           0      1482

sub-010007 ep05
 min_cluster_size  n_clusters   n_noise
                3          91      1061
                5           3       410
                7           5      1169
                8           3      1193
               10           3      1212
               20           2      1164
               30           2      1147
               50           0      1582
              100           0      1582
              150           0      1582
              200           0      1582

sub-010007 ep06
 min_cluster_size  n_clusters   n_noise
                3           6       141
                5           2       631
                7           5       915
                8           3       923
               10           2       945
               20           2       975
               30           2       959
               50           2       943
              100           0      1365
              150           0      1365
              200           0      1365

sub-010010 ep00
 min_cluster_size  n_clusters   n_noise
                3           2        23
                5           2       571
                7           2      1249
                8           2      1258
               10           2      1317
               20           0      1347
               30           0      1347
               50           0      1347
              100           0      1347
              150           0      1347
              200           0      1347

sub-010010 ep01
 min_cluster_size  n_clusters   n_noise
                3           4       163
                5           6      1130
                7           2      1203
                8           2      1266
               10           2      1286
               20           0      1375
               30           0      1375
               50           0      1375
              100           0      1375
              150           0      1375
              200           0      1375

sub-010010 ep02
 min_cluster_size  n_clusters   n_noise
                3           3       108
                5           3      1347
                7           2      1395
                8           2      1384
               10           2      1370
               20           0      1425
               30           0      1425
               50           0      1425
              100           0      1425
              150           0      1425
              200           0      1425

sub-010010 ep03
 min_cluster_size  n_clusters   n_noise
                3           9       227
                5           2       572
                7           5      1394
                8           2      1402
               10           2      1415
               20           0      1476
               30           0      1476
               50           0      1476
              100           0      1476
              150           0      1476
              200           0      1476

sub-010010 ep04
 min_cluster_size  n_clusters   n_noise
                3           2       104
                5           2       518
                7           5      1146
                8           2      1124
               10           2      1136
               20           2      1181
               30           2      1216
               50           2      1185
              100           0      1359
              150           0      1359
              200           0      1359

sub-010010 ep05
 min_cluster_size  n_clusters   n_noise
                3           2       144
                5           2       497
                7           3      1284
                8           3      1306
               10           2      1330
               20           2      1355
               30           0      1412
               50           0      1412
              100           0      1412
              150           0      1412
              200           0      1412

sub-010010 ep06
 min_cluster_size  n_clusters   n_noise
                3           3        32
                5           5      1089
                7           4      1148
                8           3      1139
               10           2      1146
               20           2      1187
               30           0      1268
               50           0      1268
              100           0      1268
              150           0      1268
              200           0      1268

sub-010012 ep00
 min_cluster_size  n_clusters   n_noise
                3           2        71
                5           2      1022
                7           2      1175
                8           3      1308
               10           2      1445
               20           0      1596
               30           0      1596
               50           0      1596
              100           0      1596
              150           0      1596
              200           0      1596

sub-010012 ep01
 min_cluster_size  n_clusters   n_noise
                3           2       187
                5           2      1024
                7           2      1303
                8           3      1346
               10           2      1392
               20           0      1873
               30           0      1873
               50           0      1873
              100           0      1873
              150           0      1873
              200           0      1873

sub-010012 ep02
 min_cluster_size  n_clusters   n_noise
                3          44      1006
                5           4      1139
                7           4      1227
                8           4      1228
               10           2       953
               20           0      1667
               30           0      1667
               50           0      1667
              100           0      1667
              150           0      1667
              200           0      1667

sub-010012 ep03
 min_cluster_size  n_clusters   n_noise
                3          31       878
                5           2       552
                7           2       974
                8           2       943
               10           2       939
               20           2      1424
               30           2      1452
               50           0      1611
              100           0      1611
              150           0      1611
              200           0      1611

sub-010012 ep04
 min_cluster_size  n_clusters   n_noise
                3           5       239
                5           2       735
                7           2      1027
                8           2      1044
               10           2      1341
               20           0      1634
               30           0      1634
               50           0      1634
              100           0      1634
              150           0      1634
              200           0      1634

sub-010012 ep05
 min_cluster_size  n_clusters   n_noise
                3           3       234
                5           3      1435
                7           4      1483
                8           3      1483
               10           3      1491
               20           2      1499
               30           2      1496
               50           0      1785
              100           0      1785
              150           0      1785
              200           0      1785

sub-010012 ep06
 min_cluster_size  n_clusters   n_noise
                3           2       136
                5           7      1161
                7           3      1125
                8           3      1160
               10           3      1169
               20           2      1216
               30           2      1194
               50           2      1151
              100           0      1465
              150           0      1465
              200           0      1465

sub-010016 ep00
 min_cluster_size  n_clusters   n_noise
                3           2       125
                5           2      1204
                7           3      1369
                8           2      1340
               10           2      1281
               20           2      1343
               30           2      1359
               50           0      1474
              100           0      1474
              150           0      1474
              200           0      1474

sub-010016 ep01
 min_cluster_size  n_clusters   n_noise
                3           3        24
                5           3      1238
                7           3      1371
                8           2      1363
               10           3      1339
               20           2      1388
               30           2      1414
               50           0      1502
              100           0      1502
              150           0      1502
              200           0      1502

sub-010016 ep02
 min_cluster_size  n_clusters   n_noise
                3           3        55
                5           2      1182
                7           3      1390
                8           3      1417
               10           2      1418
               20           2      1447
               30           2      1451
               50           0      1512
              100           0      1512
              150           0      1512
              200           0      1512

sub-010016 ep03
 min_cluster_size  n_clusters   n_noise
                3           5       661
                5           3      1052
                7           2      1216
                8           2      1246
               10           3      1347
               20           2      1369
               30           0      1442
               50           0      1442
              100           0      1442
              150           0      1442
              200           0      1442

sub-010016 ep04
 min_cluster_size  n_clusters   n_noise
                3           3        55
                5           2      1155
                7           2      1150
                8           2      1381
               10           2      1389
               20           2      1399
               30           2      1395
               50           0      1475
              100           0      1475
              150           0      1475
              200           0      1475

sub-010016 ep05
 min_cluster_size  n_clusters   n_noise
                3           4        91
                5           2      1197
                7           2      1303
                8           2      1344
               10           3      1376
               20           2      1391
               30           2      1426
               50           0      1518
              100           0      1518
              150           0      1518
              200           0      1518

sub-010016 ep06
 min_cluster_size  n_clusters   n_noise
                3           2        29
                5           2       948
                7           2      1281
                8           3      1295
               10           2      1287
               20           2      1339
               30           0      1386
               50           0      1386
              100           0      1386
              150           0      1386
              200           0      1386

sub-010017 ep00
 min_cluster_size  n_clusters   n_noise
                3           2       226
                5           2      1136
                7           2      1145
                8           2      1192
               10           2      1183
               20           2      1261
               30           0      1395
               50           0      1395
              100           0      1395
              150           0      1395
              200           0      1395

sub-010017 ep01
 min_cluster_size  n_clusters   n_noise
                3           2        24
                5           5      1199
                7           5      1257
                8           2      1255
               10           2      1291
               20           0      1409
               30           0      1409
               50           0      1409
              100           0      1409
              150           0      1409
              200           0      1409

sub-010017 ep02
 min_cluster_size  n_clusters   n_noise
                3           4       282
                5           2      1039
                7           3      1319
                8           3      1329
               10           2      1311
               20           2      1334
               30           0      1424
               50           0      1424
              100           0      1424
              150           0      1424
              200           0      1424

sub-010017 ep03
 min_cluster_size  n_clusters   n_noise
                3           9       556
                5           2      1120
                7           2      1396
                8           0      1433
               10           2      1389
               20           0      1433
               30           0      1433
               50           0      1433
              100           0      1433
              150           0      1433
              200           0      1433

sub-010017 ep04
 min_cluster_size  n_clusters   n_noise
                3           2        32
                5           4      1239
                7           2      1236
                8           2      1424
               10           2      1395
               20           2      1508
               30           0      1566
               50           0      1566
              100           0      1566
              150           0      1566
              200           0      1566

sub-010017 ep05
 min_cluster_size  n_clusters   n_noise
                3           5       438
                5           2       914
                7           2      1193
                8           2      1219
               10           2      1283
               20           2      1320
               30           2      1345
               50           0      1408
              100           0      1408
              150           0      1408
              200           0      1408

sub-010017 ep06
 min_cluster_size  n_clusters   n_noise
                3           2       267
                5           5      1165
                7           2      1209
                8           2      1224
               10           2      1240
               20           0      1316
               30           0      1316
               50           0      1316
              100           0      1316
              150           0      1316
              200           0      1316

sub-010019 ep00
 min_cluster_size  n_clusters   n_noise
                3           3       330
                5           2       792
                7           2      1194
                8           2      1207
               10           2      1200
               20           2      1252
               30           2      1326
               50           2      1264
              100           0      1490
              150           0      1490
              200           0      1490

sub-010019 ep01
 min_cluster_size  n_clusters   n_noise
                3           2        74
                5           2       407
                7           2       471
                8           3      1296
               10           2      1233
               20           2      1339
               30           2      1329
               50           0      1482
              100           0      1482
              150           0      1482
              200           0      1482

sub-010019 ep02
 min_cluster_size  n_clusters   n_noise
                3           2       221
                5           2       885
                7           2      1309
                8           3      1373
               10           2      1368
               20           2      1290
               30           2      1269
               50           2      1250
              100           0      1483
              150           0      1483
              200           0      1483

sub-010019 ep03
 min_cluster_size  n_clusters   n_noise
                3           2       178
                5           3       987
                7           2      1252
                8           2      1263
               10           2      1389
               20           2      1393
               30           0      1467
               50           0      1467
              100           0      1467
              150           0      1467
              200           0      1467

sub-010019 ep04
 min_cluster_size  n_clusters   n_noise
                3           2       185
                5           2       482
                7           2       517
                8           4      1289
               10           2      1299
               20           2      1342
               30           0      1416
               50           0      1416
              100           0      1416
              150           0      1416
              200           0      1416

sub-010019 ep05
 min_cluster_size  n_clusters   n_noise
                3           3       178
                5           2      1275
                7           5      2063
                8           2      1975
               10           2      1993
               20           2      2101
               30           2      2084
               50           2      2094
              100           0      2301
              150           0      2301
              200           0      2301

sub-010019 ep06
 min_cluster_size  n_clusters   n_noise
                3           3       116
                5           3       806
                7           3      1064
                8           3      1093
               10           3      1106
               20           2      1206
               30           2      1171
               50           2      1139
              100           0      1342
              150           0      1342
              200           0      1342

sub-010020 ep00
 min_cluster_size  n_clusters   n_noise
                3           3       187
                5           7      1084
                7           2      1002
                8           3      1170
               10           3      1141
               20           2      1204
               30           0      1285
               50           0      1285
              100           0      1285
              150           0      1285
              200           0      1285

sub-010020 ep01
 min_cluster_size  n_clusters   n_noise
                3           2       175
                5           5      1304
                7           2      1283
                8           2      1357
               10           3      1571
               20           2      1577
               30           0      1670
               50           0      1670
              100           0      1670
              150           0      1670
              200           0      1670

sub-010020 ep02
 min_cluster_size  n_clusters   n_noise
                3           2        35
                5           2      1002
                7           4      1209
                8           2      1055
               10           2      1224
               20           0      1292
               30           0      1292
               50           0      1292
              100           0      1292
              150           0      1292
              200           0      1292

sub-010020 ep03
 min_cluster_size  n_clusters   n_noise
                3           2        68
                5           6      1072
                7           2      1118
                8           2      1131
               10           2      1152
               20           0      1270
               30           0      1270
               50           0      1270
              100           0      1270
              150           0      1270
              200           0      1270

sub-010020 ep04
 min_cluster_size  n_clusters   n_noise
                3           2        85
                5           2       551
                7           2      1198
                8           2      1170
               10           2      1158
               20           2      1199
               30           2      1166
               50           0      1261
              100           0      1261
              150           0      1261
              200           0      1261

sub-010020 ep05
 min_cluster_size  n_clusters   n_noise
                3           3       138
                5           6      1100
                7           5      1189
                8           3      1147
               10           3      1165
               20           2      1114
               30           2      1127
               50           0      1301
              100           0      1301
              150           0      1301
              200           0      1301

sub-010021 ep00
 min_cluster_size  n_clusters   n_noise
                3           4        93
                5           5      1103
                7           2      1137
                8           3      1207
               10           2      1240
               20           2      1246
               30           0      1325
               50           0      1325
              100           0      1325
              150           0      1325
              200           0      1325

sub-010021 ep01
 min_cluster_size  n_clusters   n_noise
                3           3       134
                5           4       779
                7           2      1019
                8           2       968
               10           2       982
               20           2      1038
               30           2      1079
               50           2      1163
              100           0      1337
              150           0      1337
              200           0      1337

sub-010021 ep02
 min_cluster_size  n_clusters   n_noise
                3           2       177
                5           2       528
                7           2      1130
                8           3      1199
               10           2      1197
               20           2      1247
               30           2      1234
               50           0      1312
              100           0      1312
              150           0      1312
              200           0      1312

sub-010021 ep03
 min_cluster_size  n_clusters   n_noise
                3           5       199
                5           2       302
                7           2      1165
                8           2      1180
               10           2      1197
               20           2      1235
               30           2      1214
               50           0      1337
              100           0      1337
              150           0      1337
              200           0      1337

sub-010021 ep04
 min_cluster_size  n_clusters   n_noise
                3           2       182
                5           2      1004
                7           2      1296
                8           2      1301
               10           2      1301
               20           0      1378
               30           0      1378
               50           0      1378
              100           0      1378
              150           0      1378
              200           0      1378

sub-010021 ep05
 min_cluster_size  n_clusters   n_noise
                3           2        86
                5           2      1003
                7           2      1038
                8           3      1313
               10           2      1305
               20           0      1394
               30           0      1394
               50           0      1394
              100           0      1394
              150           0      1394
              200           0      1394

sub-010021 ep06
 min_cluster_size  n_clusters   n_noise
                3           3       167
                5           2      1042
                7           2      1215
                8           2      1221
               10           0      1282
               20           0      1282
               30           0      1282
               50           0      1282
              100           0      1282
              150           0      1282
              200           0      1282

sub-010022 ep00
 min_cluster_size  n_clusters   n_noise
                3           2       158
                5           2       719
                7           3      1197
                8           2      1178
               10           2      1210
               20           2      1268
               30           0      1364
               50           0      1364
              100           0      1364
              150           0      1364
              200           0      1364

sub-010022 ep01
 min_cluster_size  n_clusters   n_noise
                3           3       160
                5           2      1061
                7           2      1109
                8           2      1135
               10           2      1204
               20           2      1207
               30           2      1222
               50           0      1298
              100           0      1298
              150           0      1298
              200           0      1298

sub-010022 ep02
 min_cluster_size  n_clusters   n_noise
                3           2        85
                5           2      1091
                7           2      1076
                8           2      1111
               10           2      1100
               20           2      1214
               30           2      1202
               50           0      1286
              100           0      1286
              150           0      1286
              200           0      1286

sub-010022 ep03
 min_cluster_size  n_clusters   n_noise
                3           7       190
                5           2       874
                7           3      1150
                8           2      1193
               10           2      1224
               20           2      1240
               30           2      1254
               50           0      1326
              100           0      1326
              150           0      1326
              200           0      1326

sub-010022 ep04
 min_cluster_size  n_clusters   n_noise
                3           3       268
                5           2       708
                7           3      1270
                8           2      1269
               10           2      1288
               20           0      1328
               30           0      1328
               50           0      1328
              100           0      1328
              150           0      1328
              200           0      1328

sub-010022 ep05
 min_cluster_size  n_clusters   n_noise
                3           2       148
                5           2      1049
                7           2      1144
                8           2      1225
               10           0      1363
               20           0      1363
               30           0      1363
               50           0      1363
              100           0      1363
              150           0      1363
              200           0      1363

sub-010023 ep00
 min_cluster_size  n_clusters   n_noise
                3           2        38
                5           2       985
                7           3      1240
                8           4      1269
               10           2      1286
               20           2      1287
               30           0      1351
               50           0      1351
              100           0      1351
              150           0      1351
              200           0      1351

sub-010023 ep01
 min_cluster_size  n_clusters   n_noise
                3           3        13
                5           2       879
                7           3      1141
                8           3      1177
               10           2      1235
               20           0      1332
               30           0      1332
               50           0      1332
              100           0      1332
              150           0      1332
              200           0      1332

sub-010023 ep02
 min_cluster_size  n_clusters   n_noise
                3           4       279
                5           2       285
                7           2      1202
                8           2      1243
               10           2      1308
               20           0      1334
               30           0      1334
               50           0      1334
              100           0      1334
              150           0      1334
              200           0      1334

sub-010023 ep03
 min_cluster_size  n_clusters   n_noise
                3           3        78
                5           2      1130
                7           3      1218
                8           3      1220
               10           2      1259
               20           0      1319
               30           0      1319
               50           0      1319
              100           0      1319
              150           0      1319
              200           0      1319

sub-010023 ep04
 min_cluster_size  n_clusters   n_noise
                3           5       275
                5           2       571
                7           2      1200
                8           2      1198
               10           2      1251
               20           2      1285
               30           2      1277
               50           0      1413
              100           0      1413
              150           0      1413
              200           0      1413

sub-010023 ep05
 min_cluster_size  n_clusters   n_noise
                3           2       100
                5           3       989
                7           4      1247
                8           2      1215
               10           2      1225
               20           0      1367
               30           0      1367
               50           0      1367
              100           0      1367
              150           0      1367
              200           0      1367

sub-010023 ep06
 min_cluster_size  n_clusters   n_noise
                3           4       118
                5           2       859
                7           2      1141
                8           2      1122
               10           2      1144
               20           0      1236
               30           0      1236
               50           0      1236
              100           0      1236
              150           0      1236
              200           0      1236

sub-010024 ep00
 min_cluster_size  n_clusters   n_noise
                3           4        90
                5           3       124
                7           2        48
                8           2        60
               10           2        50
               20           2        61
               30           2        73
               50           2        84
              100           2       131
              150           2       134
              200           2       153

sub-010024 ep01
 min_cluster_size  n_clusters   n_noise
                3           2        46
                5           4       226
                7           2       197
                8           2       209
               10           2       193
               20           2       197
               30           2       152
               50           2       168
              100           2       211
              150           2       224
              200           2       280

sub-010024 ep02
 min_cluster_size  n_clusters   n_noise
                3           8       187
                5           5       371
                7           3       379
                8           2       338
               10           2       373
               20           2       331
               30           2       361
               50           2       410
              100           2       409
              150           2       440
              200           2       498

sub-010024 ep03
 min_cluster_size  n_clusters   n_noise
                3           5        96
                5           9       945
                7           4      1050
                8           3       953
               10           3      1032
               20           2      1008
               30           2      1017
               50           2       907
              100           0      1244
              150           0      1244
              200           0      1244

sub-010024 ep04
 min_cluster_size  n_clusters   n_noise
                3           8       285
                5           2       232
                7           2       675
                8           2       694
               10           2       707
               20           2       694
               30           0      1325
               50           0      1325
              100           0      1325
              150           0      1325
              200           0      1325

sub-010024 ep05
 min_cluster_size  n_clusters   n_noise
                3           2        87
                5           2       342
                7           2       585
                8           2       614
               10           2       604
               20           2       641
               30           0      1257
               50           0      1257
              100           0      1257
              150           0      1257
              200           0      1257

sub-010026 ep00
 min_cluster_size  n_clusters   n_noise
                3           2       154
                5           3       398
                7           2      1251
                8           2      1263
               10           2      1261
               20           0      1333
               30           0      1333
               50           0      1333
              100           0      1333
              150           0      1333
              200           0      1333

sub-010026 ep01
 min_cluster_size  n_clusters   n_noise
                3           8       317
                5           3       833
                7           2       667
                8           2       724
               10           2       745
               20           2      1342
               30           0      1428
               50           0      1428
              100           0      1428
              150           0      1428
              200           0      1428

sub-010026 ep02
 min_cluster_size  n_clusters   n_noise
                3           2       132
                5           8      1137
                7           2      1019
                8           2      1057
               10           2      1657
               20           2      1631
               30           0      1685
               50           0      1685
              100           0      1685
              150           0      1685
              200           0      1685

sub-010026 ep03
 min_cluster_size  n_clusters   n_noise
                3           2       148
                5           4       800
                7           3       647
                8           2       634
               10           2      1289
               20           0      1340
               30           0      1340
               50           0      1340
              100           0      1340
              150           0      1340
              200           0      1340

sub-010026 ep04
 min_cluster_size  n_clusters   n_noise
                3           2       127
                5           8       961
                7           2      1004
                8           2      1031
               10           2      1067
               20           0      1448
               30           0      1448
               50           0      1448
              100           0      1448
              150           0      1448
              200           0      1448

sub-010026 ep05
 min_cluster_size  n_clusters   n_noise
                3           3        91
                5           2       709
                7           3      1193
                8           2      1196
               10           2      1214
               20           2      1206
               30           0      1335
               50           0      1335
              100           0      1335
              150           0      1335
              200           0      1335

sub-010026 ep06
 min_cluster_size  n_clusters   n_noise
                3           3       245
                5           2       335
                7           3       826
                8           2       721
               10           2       727
               20           2       853
               30           2       789
               50           2       721
              100           2       776
              150           0      1199
              200           0      1199

sub-010027 ep00
 min_cluster_size  n_clusters   n_noise
                3           2        49
                5           2       857
                7           3      1045
                8           2      1066
               10           2      1119
               20           2      1127
               30           2      1132
               50           0      1255
              100           0      1255
              150           0      1255
              200           0      1255

sub-010027 ep01
 min_cluster_size  n_clusters   n_noise
                3           5       447
                5           5       918
                7           3       990
                8           2       974
               10           2       990
               20           2       975
               30           2       956
               50           2       988
              100           0      1233
              150           0      1233
              200           0      1233

sub-010027 ep02
 min_cluster_size  n_clusters   n_noise
                3           2       123
                5           2       935
                7           2      1030
                8           2      1065
               10           2      1128
               20           2      1178
               30           0      1242
               50           0      1242
              100           0      1242
              150           0      1242
              200           0      1242

sub-010027 ep03
 min_cluster_size  n_clusters   n_noise
                3           8       468
                5           2       698
                7           3      1118
                8           2      1146
               10           2      1127
               20           2      1165
               30           2      1137
               50           0      1247
              100           0      1247
              150           0      1247
              200           0      1247

sub-010027 ep04
 min_cluster_size  n_clusters   n_noise
                3           2        76
                5           2       779
                7           2       879
                8           2       922
               10           2       890
               20           2       954
               30           2      1008
               50           2       997
              100           0      1257
              150           0      1257
              200           0      1257

sub-010027 ep05
 min_cluster_size  n_clusters   n_noise
                3           2       151
                5           5      1103
                7           2      1121
                8           2      1130
               10           2      1087
               20           2      1069
               30           2      1075
               50           0      1269
              100           0      1269
              150           0      1269
              200           0      1269

sub-010027 ep06
 min_cluster_size  n_clusters   n_noise
                3           2        75
                5           5       838
                7           2       667
                8           2       724
               10           2       797
               20           2       850
               30           2       855
               50           2       894
              100           0      1130
              150           0      1130
              200           0      1130

sub-010028 ep00
 min_cluster_size  n_clusters   n_noise
                3          16       557
                5           3      1047
                7           4      1268
                8           3      1274
               10           2      1242
               20           2      1298
               30           0      1366
               50           0      1366
              100           0      1366
              150           0      1366
              200           0      1366

sub-010028 ep01
 min_cluster_size  n_clusters   n_noise
                3           4        92
                5           4       819
                7           5      1588
                8           3      1589
               10           2      1624
               20           0      1723
               30           0      1723
               50           0      1723
              100           0      1723
              150           0      1723
              200           0      1723

sub-010028 ep02
 min_cluster_size  n_clusters   n_noise
                3           2        72
                5           2       867
                7           2      1202
                8           4      1252
               10           2      1311
               20           0      1350
               30           0      1350
               50           0      1350
              100           0      1350
              150           0      1350
              200           0      1350

sub-010028 ep03
 min_cluster_size  n_clusters   n_noise
                3           2        25
                5           7      1226
                7           3      1263
                8           2      1244
               10           2      1266
               20           2      1313
               30           2      1299
               50           0      1383
              100           0      1383
              150           0      1383
              200           0      1383

sub-010028 ep04
 min_cluster_size  n_clusters   n_noise
                3           5       184
                5           2       385
                7           2      1214
                8           2      1228
               10           0      1344
               20           0      1344
               30           0      1344
               50           0      1344
              100           0      1344
              150           0      1344
              200           0      1344

sub-010028 ep05
 min_cluster_size  n_clusters   n_noise
                3          10       239
                5           2       865
                7           4      1278
                8           4      1272
               10           2      1277
               20           2      1291
               30           0      1341
               50           0      1341
              100           0      1341
              150           0      1341
              200           0      1341

sub-010028 ep06
 min_cluster_size  n_clusters   n_noise
                3           4       148
                5           2       301
                7           3      1197
                8           3      1170
               10           2      1181
               20           2      1199
               30           0      1267
               50           0      1267
              100           0      1267
              150           0      1267
              200           0      1267

sub-010029 ep00
 min_cluster_size  n_clusters   n_noise
                3           3        21
                5           3      1007
                7           2       994
                8           2      1044
               10           2      1052
               20           2      1094
               30           0      1342
               50           2      1093
              100           0      1342
              150           0      1342
              200           0      1342

sub-010029 ep01
 min_cluster_size  n_clusters   n_noise
                3           2        21
                5           2       800
                7           2      1088
                8           2      1120
               10           2      1175
               20           2      1230
               30           2      1221
               50           0      1413
              100           0      1413
              150           0      1413
              200           0      1413

sub-010029 ep02
 min_cluster_size  n_clusters   n_noise
                3           2        52
                5           3       885
                7           3       929
                8           2       910
               10           2       824
               20           2       834
               30           2       836
               50           2       859
              100           2       869
              150           0      1352
              200           0      1352

sub-010029 ep03
 min_cluster_size  n_clusters   n_noise
                3           7       324
                5           3       875
                7           4      1051
                8           4      1084
               10           3      1092
               20           2      1044
               30           2      1072
               50           0      1348
              100           0      1348
              150           0      1348
              200           0      1348

sub-010029 ep04
 min_cluster_size  n_clusters   n_noise
                3           2        75
                5           8       770
                7           5       851
                8           3       866
               10           2       924
               20           2       943
               30           2      1028
               50           0      1330
              100           0      1330
              150           0      1330
              200           0      1330

sub-010029 ep05
 min_cluster_size  n_clusters   n_noise
                3           4       251
                5           3       578
                7           2       537
                8           2       575
               10           2       644
               20           2       685
               30           2       728
               50           2       746
              100           2       811
              150           2       795
              200           0      1281

sub-010029 ep06
 min_cluster_size  n_clusters   n_noise
                3           3       145
                5           3       582
                7           3       718
                8           2       720
               10           2       725
               20           2       718
               30           2       737
               50           2       831
              100           0      1212
              150           0      1212
              200           0      1212

sub-010030 ep00
 min_cluster_size  n_clusters   n_noise
                3           4       307
                5           5      1070
                7           4      1185
                8           4      1094
               10           2      1061
               20           2      1077
               30           2      1087
               50           2      1107
              100           0      1306
              150           0      1306
              200           0      1306

sub-010030 ep01
 min_cluster_size  n_clusters   n_noise
                3           4       111
                5           3       559
                7           2       614
                8           3       854
               10           2       815
               20           2       936
               30           2       921
               50           2      1028
              100           0      1275
              150           0      1275
              200           0      1275

sub-010030 ep02
 min_cluster_size  n_clusters   n_noise
                3           2       114
                5           3       709
                7           2       668
                8           2       670
               10           2       694
               20           2       596
               30           2       635
               50           2       648
              100           2       678
              150           2       732
              200           0      1288

sub-010030 ep03
 min_cluster_size  n_clusters   n_noise
                3           3       222
                5           2       470
                7           4       958
                8           2       896
               10           2       954
               20           2       998
               30           2      1005
               50           2      1054
              100           0      1325
              150           0      1325
              200           0      1325

sub-010030 ep04
 min_cluster_size  n_clusters   n_noise
                3           3       125
                5           2       347
                7           2       671
                8           2       685
               10           3      1134
               20           2      1169
               30           0      1303
               50           0      1303
              100           0      1303
              150           0      1303
              200           0      1303

sub-010030 ep05
 min_cluster_size  n_clusters   n_noise
                3           2       124
                5          10      1107
                7           3      1096
                8           2      1040
               10           2      1122
               20           2      1224
               30           2      1124
               50           2      1157
              100           0      1425
              150           0      1425
              200           0      1425

sub-010030 ep06
 min_cluster_size  n_clusters   n_noise
                3           5       107
                5           2       134
                7           2       888
                8           2       954
               10           3      1032
               20           2       978
               30           2      1032
               50           2      1008
              100           0      1226
              150           0      1226
              200           0      1226

sub-010031 ep00
 min_cluster_size  n_clusters   n_noise
                3           3       134
                5           9      1410
                7           3      1407
                8           2      1434
               10           2      1434
               20           2      1395
               30           2      1416
               50           0      1498
              100           0      1498
              150           0      1498
              200           0      1498

sub-010031 ep01
 min_cluster_size  n_clusters   n_noise
                3           2        47
                5           2      1055
                7           6      1398
                8           2      1382
               10           2      1403
               20           0      1478
               30           0      1478
               50           0      1478
              100           0      1478
              150           0      1478
              200           0      1478

sub-010031 ep02
 min_cluster_size  n_clusters   n_noise
                3           3       100
                5           3       969
                7           4      1436
                8           3      1421
               10           2      1437
               20           2      1452
               30           2      1455
               50           0      1531
              100           0      1531
              150           0      1531
              200           0      1531

sub-010031 ep03
 min_cluster_size  n_clusters   n_noise
                3           6       484
                5           2      1245
                7           3      1376
                8           2      1396
               10           2      1345
               20           2      1392
               30           0      1455
               50           0      1455
              100           0      1455
              150           0      1455
              200           0      1455

sub-010031 ep04
 min_cluster_size  n_clusters   n_noise
                3           2       205
                5           5      1376
                7           2      1346
                8           2      1341
               10           0      1471
               20           2      1414
               30           0      1471
               50           0      1471
              100           0      1471
              150           0      1471
              200           0      1471

sub-010031 ep05
 min_cluster_size  n_clusters   n_noise
                3           3       113
                5           2       995
                7           4      1362
                8           3      1341
               10           2      1359
               20           2      1381
               30           0      1466
               50           0      1466
              100           0      1466
              150           0      1466
              200           0      1466

sub-010031 ep06
 min_cluster_size  n_clusters   n_noise
                3           2        55
                5           2      1154
                7           3      1242
                8           2      1219
               10           2      1270
               20           0      1357
               30           0      1357
               50           0      1357
              100           0      1357
              150           0      1357
              200           0      1357

sub-010032 ep00
 min_cluster_size  n_clusters   n_noise
                3           2       125
                5           2       713
                7           2      1241
                8           4      1295
               10           2      1291
               20           2      1339
               30           2      1337
               50           0      1445
              100           0      1445
              150           0      1445
              200           0      1445

sub-010032 ep01
 min_cluster_size  n_clusters   n_noise
                3           8       467
                5           2      1177
                7           2      1273
                8           2      1339
               10           2      1391
               20           2      1419
               30           2      1373
               50           0      1475
              100           0      1475
              150           0      1475
              200           0      1475

sub-010032 ep02
 min_cluster_size  n_clusters   n_noise
                3           3       176
                5           2       588
                7           3      1292
                8           4      1332
               10           3      1387
               20           0      1438
               30           0      1438
               50           0      1438
              100           0      1438
              150           0      1438
              200           0      1438

sub-010032 ep03
 min_cluster_size  n_clusters   n_noise
                3           2       183
                5           2      1013
                7           3      1323
                8           4      1337
               10           3      1339
               20           0      1428
               30           0      1428
               50           0      1428
              100           0      1428
              150           0      1428
              200           0      1428

sub-010032 ep04
 min_cluster_size  n_clusters   n_noise
                3           3       202
                5           5      1329
                7           2      1365
                8           2      1333
               10           2      1344
               20           0      1420
               30           0      1420
               50           0      1420
              100           0      1420
              150           0      1420
              200           0      1420

sub-010032 ep05
 min_cluster_size  n_clusters   n_noise
                3           4       359
                5           2      1060
                7           5      1338
                8           2      1310
               10           3      1362
               20           0      1447
               30           0      1447
               50           0      1447
              100           0      1447
              150           0      1447
              200           0      1447

sub-010032 ep06
 min_cluster_size  n_clusters   n_noise
                3           5       194
                5           2        60
                7           2      1181
                8           2      1207
               10           3      1272
               20           0      1354
               30           0      1354
               50           0      1354
              100           0      1354
              150           0      1354
              200           0      1354

sub-010033 ep00
 min_cluster_size  n_clusters   n_noise
                3           2       120
                5           2       871
                7           2      1282
                8           2      1370
               10           2      1397
               20           0      1429
               30           0      1429
               50           0      1429
              100           0      1429
              150           0      1429
              200           0      1429

sub-010033 ep01
 min_cluster_size  n_clusters   n_noise
                3          16       517
                5           4      1319
                7           2      1267
                8           2      1374
               10           2      1359
               20           0      1455
               30           0      1455
               50           0      1455
              100           0      1455
              150           0      1455
              200           0      1455

sub-010033 ep02
 min_cluster_size  n_clusters   n_noise
                3           3       162
                5           2      1225
                7           2      1233
                8           2      1243
               10           2      1228
               20           2      1283
               30           2      1308
               50           0      1417
              100           0      1417
              150           0      1417
              200           0      1417

sub-010033 ep03
 min_cluster_size  n_clusters   n_noise
                3           2       262
                5           2      1115
                7           2      1228
                8           2      1240
               10           2      1280
               20           2      1355
               30           2      1332
               50           2      1299
              100           0      1408
              150           0      1408
              200           0      1408

sub-010033 ep04
 min_cluster_size  n_clusters   n_noise
                3           2       396
                5           2      1129
                7           4      1392
                8           2      1388
               10           2      1388
               20           2      1405
               30           0      1461
               50           0      1461
              100           0      1461
              150           0      1461
              200           0      1461

sub-010033 ep05
 min_cluster_size  n_clusters   n_noise
                3           4       415
                5           2       825
                7           3      1317
                8           2      1345
               10           2      1332
               20           2      1428
               30           0      1501
               50           0      1501
              100           0      1501
              150           0      1501
              200           0      1501

sub-010033 ep06
 min_cluster_size  n_clusters   n_noise
                3           2       201
                5           5      1222
                7           2      1163
                8           2      1154
               10           2      1186
               20           2      1197
               30           0      1324
               50           0      1324
              100           0      1324
              150           0      1324
              200           0      1324

sub-010034 ep00
 min_cluster_size  n_clusters   n_noise
                3           3       169
                5           2       212
                7           2      1459
                8           2      1455
               10           2      1418
               20           2      1485
               30           2      1543
               50           0      1744
              100           0      1744
              150           0      1744
              200           0      1744

sub-010034 ep01
 min_cluster_size  n_clusters   n_noise
                3           2        58
                5           2      1264
                7           2      1477
                8           2      1526
               10           2      1531
               20           2      1646
               30           2      1675
               50           0      1803
              100           0      1803
              150           0      1803
              200           0      1803

sub-010034 ep02
 min_cluster_size  n_clusters   n_noise
                3           2       332
                5           2      1447
                7           2      1597
                8           2      1541
               10           2      1535
               20           2      1621
               30           2      1713
               50           2      1630
              100           0      1874
              150           0      1874
              200           0      1874

sub-010034 ep03
 min_cluster_size  n_clusters   n_noise
                3           2        56
                5           2      1251
                7           2      1804
                8           2      1795
               10           2      1878
               20           2      1841
               30           2      1843
               50           2      1925
              100           0      2070
              150           0      2070
              200           0      2070

sub-010034 ep04
 min_cluster_size  n_clusters   n_noise
                3           4       257
                5           5      1651
                7           4      1683
                8           2      1731
               10           2      1723
               20           2      1703
               30           2      1711
               50           0      1857
              100           0      1857
              150           0      1857
              200           0      1857

sub-010034 ep05
 min_cluster_size  n_clusters   n_noise
                3           3       345
                5           3      1830
                7           2      2066
                8           2      2122
               10           2      2056
               20           2      2167
               30           2      2149
               50           2      2175
              100           0      2381
              150           0      2381
              200           0      2381

sub-010034 ep06
 min_cluster_size  n_clusters   n_noise
                3           2        43
                5           2      1324
                7           2      1331
                8           2      1386
               10           2      1390
               20           2      1429
               30           2      1466
               50           0      1616
              100           0      1616
              150           0      1616
              200           0      1616

sub-010035 ep00
 min_cluster_size  n_clusters   n_noise
                3           3       156
                5           2       831
                7           2      1014
                8           2       921
               10           2      1011
               20           2      1105
               30           2      1075
               50           2      1046
              100           2      1047
              150           0      1405
              200           0      1405

sub-010035 ep01
 min_cluster_size  n_clusters   n_noise
                3           4       167
                5           4       849
                7           2       954
                8           2       956
               10           2       868
               20           2       728
               30           2       805
               50           2       713
              100           2       777
              150           2       774
              200           2       792

sub-010035 ep02
 min_cluster_size  n_clusters   n_noise
                3           2        95
                5           7      1230
                7           4      1221
                8           2      1189
               10           2      1219
               20           2      1212
               30           2      1153
               50           2      1103
              100           2      1133
              150           2      1084
              200           0      1493

sub-010035 ep03
 min_cluster_size  n_clusters   n_noise
                3           2       197
                5           3       686
                7           2       774
                8           2       728
               10           2       784
               20           2       995
               30           2       965
               50           2       876
              100           2      1003
              150           2       981
              200           0      1435

sub-010035 ep04
 min_cluster_size  n_clusters   n_noise
                3           2       170
                5           4       501
                7           4      1303
                8           3      1285
               10           2      1235
               20           2      1268
               30           2      1294
               50           2      1306
              100           0      1497
              150           0      1497
              200           0      1497

sub-010035 ep05
 min_cluster_size  n_clusters   n_noise
                3           2       113
                5           3       926
                7           2      1003
                8           2      1022
               10           2      1074
               20           2      1127
               30           2      1091
               50           2      1124
              100           2      1119
              150           0      1450
              200           0      1450

sub-010035 ep06
 min_cluster_size  n_clusters   n_noise
                3           4       186
                5           2       408
                7           2      1141
                8           2      1141
               10           2      1138
               20           2      1104
               30           2      1162
               50           2      1118
              100           0      1323
              150           0      1323
              200           0      1323

sub-010036 ep00
 min_cluster_size  n_clusters   n_noise
                3           4        68
                5           2       544
                7           4      1708
                8           3      1726
               10           3      1752
               20           0      1821
               30           0      1821
               50           0      1821
              100           0      1821
              150           0      1821
              200           0      1821

sub-010036 ep01
 min_cluster_size  n_clusters   n_noise
                3           2        60
                5           2      1275
                7           2      1362
                8           2      1415
               10           2      1488
               20           2      1504
               30           0      1580
               50           0      1580
              100           0      1580
              150           0      1580
              200           0      1580

sub-010036 ep02
 min_cluster_size  n_clusters   n_noise
                3           2        22
                5           2      1315
                7           3      1517
                8           2      1393
               10           2      1543
               20           0      1661
               30           0      1661
               50           0      1661
              100           0      1661
              150           0      1661
              200           0      1661

sub-010036 ep03
 min_cluster_size  n_clusters   n_noise
                3           2        23
                5           2      1074
                7           2      1477
                8           2      1486
               10           2      1479
               20           2      1520
               30           0      1586
               50           0      1586
              100           0      1586
              150           0      1586
              200           0      1586

sub-010036 ep04
 min_cluster_size  n_clusters   n_noise
                3           2       200
                5          10      1501
                7           5      1556
                8           4      1572
               10           2      1512
               20           2      1606
               30           0      1684
               50           0      1684
              100           0      1684
              150           0      1684
              200           0      1684

sub-010036 ep05
 min_cluster_size  n_clusters   n_noise
                3           2       105
                5           2      1144
                7           4      1445
                8           3      1466
               10           2      1475
               20           0      1607
               30           0      1607
               50           0      1607
              100           0      1607
              150           0      1607
              200           0      1607

sub-010036 ep06
 min_cluster_size  n_clusters   n_noise
                3           2       330
                5          14      1302
                7           2      1156
                8           3      1342
               10           3      1352
               20           2      1306
               30           2      1373
               50           0      1456
              100           0      1456
              150           0      1456
              200           0      1456

sub-010037 ep00
 min_cluster_size  n_clusters   n_noise
                3           2       169
                5           4      1484
                7           2      1450
                8           2      1543
               10           2      1503
               20           0      1559
               30           0      1559
               50           0      1559
              100           0      1559
              150           0      1559
              200           0      1559

sub-010037 ep01
 min_cluster_size  n_clusters   n_noise
                3           2       166
                5           4      1360
                7           3      1399
                8           3      1429
               10           2      1470
               20           0      1543
               30           0      1543
               50           0      1543
              100           0      1543
              150           0      1543
              200           0      1543

sub-010037 ep02
 min_cluster_size  n_clusters   n_noise
                3           2       179
                5           3      1362
                7           2      1466
                8           2      1474
               10           0      1517
               20           0      1517
               30           0      1517
               50           0      1517
              100           0      1517
              150           0      1517
              200           0      1517

sub-010037 ep03
 min_cluster_size  n_clusters   n_noise
                3           3        66
                5           2      1153
                7           3      1461
                8           3      1463
               10           3      1479
               20           2      1465
               30           0      1534
               50           0      1534
              100           0      1534
              150           0      1534
              200           0      1534

sub-010037 ep04
 min_cluster_size  n_clusters   n_noise
                3           3        48
                5           2       955
                7           3      1429
                8           3      1438
               10           2      1433
               20           0      1501
               30           0      1501
               50           0      1501
              100           0      1501
              150           0      1501
              200           0      1501

sub-010037 ep05
 min_cluster_size  n_clusters   n_noise
                3           2       195
                5           5      1297
                7           3      1276
                8           2      1313
               10           2      1347
               20           2      1319
               30           0      1431
               50           0      1431
              100           0      1431
              150           0      1431
              200           0      1431

sub-010037 ep06
 min_cluster_size  n_clusters   n_noise
                3           6       413
                5           4      1177
                7           2      1207
                8           2      1223
               10           2      1225
               20           0      1360
               30           0      1360
               50           0      1360
              100           0      1360
              150           0      1360
              200           0      1360

sub-010038 ep00
 min_cluster_size  n_clusters   n_noise
                3           2        36
                5           2       592
                7           2       760
                8           2      1162
               10           2      1150
               20           2      1177
               30           2      1167
               50           0      1383
              100           0      1383
              150           0      1383
              200           0      1383

sub-010038 ep01
 min_cluster_size  n_clusters   n_noise
                3           2       134
                5           2       730
                7           3      1025
                8           2       992
               10           2      1036
               20           2      1006
               30           2      1002
               50           2       986
              100           2      1020
              150           0      1401
              200           0      1401

sub-010038 ep02
 min_cluster_size  n_clusters   n_noise
                3           2        32
                5           2      1864
                7           3      2440
                8           2      2437
               10           2      2507
               20           2      2563
               30           2      2543
               50           0      2686
              100           0      2686
              150           0      2686
              200           0      2686

sub-010038 ep03
 min_cluster_size  n_clusters   n_noise
                3           2        35
                5           3       693
                7           3      1149
                8           2      1166
               10           2      1132
               20           2      1191
               30           2      1164
               50           0      1308
              100           0      1308
              150           0      1308
              200           0      1308

sub-010038 ep04
 min_cluster_size  n_clusters   n_noise
                3           6       331
                5           6      1174
                7           2      1172
                8           2      1174
               10           2      1234
               20           2      1219
               30           2      1236
               50           0      1316
              100           0      1316
              150           0      1316
              200           0      1316

sub-010038 ep05
 min_cluster_size  n_clusters   n_noise
                3           3        14
                5           2       662
                7           2      1175
                8           2      1183
               10           2      1220
               20           2      1178
               30           2      1133
               50           2      1176
              100           0      1315
              150           0      1315
              200           0      1315

sub-010038 ep06
 min_cluster_size  n_clusters   n_noise
                3           2        51
                5           2       266
                7           2      1010
                8           2      1015
               10           2      1054
               20           2      1053
               30           2      1096
               50           0      1195
              100           0      1195
              150           0      1195
              200           0      1195

sub-010039 ep00
 min_cluster_size  n_clusters   n_noise
                3           3       158
                5           9      1431
                7           7      1468
                8           5      1521
               10           3      1512
               20           0      1605
               30           0      1605
               50           0      1605
              100           0      1605
              150           0      1605
              200           0      1605

sub-010039 ep01
 min_cluster_size  n_clusters   n_noise
                3           7       670
                5           3      1245
                7           4      1549
                8           3      1599
               10           3      1596
               20           0      1665
               30           0      1665
               50           0      1665
              100           0      1665
              150           0      1665
              200           0      1665

sub-010039 ep02
 min_cluster_size  n_clusters   n_noise
                3           2       554
                5           2      1060
                7           3      1535
                8           5      1545
               10           2      1491
               20           2      1565
               30           0      1625
               50           0      1625
              100           0      1625
              150           0      1625
              200           0      1625

sub-010039 ep03
 min_cluster_size  n_clusters   n_noise
                3           3       114
                5           3      1305
                7           2      1339
                8           2      1455
               10           2      1446
               20           0      1572
               30           0      1572
               50           0      1572
              100           0      1572
              150           0      1572
              200           0      1572

sub-010039 ep04
 min_cluster_size  n_clusters   n_noise
                3           4       344
                5           2      1330
                7           2      1266
                8           2      1429
               10           2      1461
               20           0      1532
               30           0      1532
               50           0      1532
              100           0      1532
              150           0      1532
              200           0      1532

sub-010039 ep05
 min_cluster_size  n_clusters   n_noise
                3           6       464
                5           5      1459
                7           2      1467
                8           2      1490
               10           3      1524
               20           2      1550
               30           0      1603
               50           0      1603
              100           0      1603
              150           0      1603
              200           0      1603

sub-010039 ep06
 min_cluster_size  n_clusters   n_noise
                3           7       432
                5           2      1086
                7           2      1072
                8           2      1122
               10           3      1345
               20           0      1423
               30           0      1423
               50           0      1423
              100           0      1423
              150           0      1423
              200           0      1423

sub-010040 ep00
 min_cluster_size  n_clusters   n_noise
                3           5       199
                5           5      1066
                7           2      1029
                8           2      1027
               10           2      1054
               20           2      1135
               30           2      1118
               50           2      1165
              100           0      1342
              150           0      1342
              200           0      1342

sub-010040 ep01
 min_cluster_size  n_clusters   n_noise
                3          16       548
                5           3       403
                7           2       419
                8           2       400
               10           2       479
               20           2       385
               30           2       388
               50           2       412
              100           2       478
              150           2       505
              200           2       588

sub-010040 ep02
 min_cluster_size  n_clusters   n_noise
                3           2        31
                5           3       522
                7           2       481
                8           2       538
               10           2       595
               20           2       604
               30           2       586
               50           2       510
              100           2       475
              150           2       515
              200           2       553

sub-010040 ep03
 min_cluster_size  n_clusters   n_noise
                3           2       165
                5           3       715
                7           3       698
                8           3       780
               10           2       576
               20           2       553
               30           2       493
               50           2       553
              100           2       500
              150           2       595
              200           2       594

sub-010040 ep04
 min_cluster_size  n_clusters   n_noise
                3           2       106
                5           3       705
                7           3       765
                8           2       754
               10           2       785
               20           2       631
               30           2       668
               50           2       644
              100           2       602
              150           2       600
              200           2       649

sub-010040 ep05
 min_cluster_size  n_clusters   n_noise
                3           3       256
                5           2       556
                7           2       604
                8           2       446
               10           2       464
               20           2       520
               30           2       531
               50           2       526
              100           2       530
              150           2       571
              200           2       616

sub-010040 ep06
 min_cluster_size  n_clusters   n_noise
                3           2        64
                5           2       364
                7           2       940
                8           2       960
               10           2      1039
               20           2       929
               30           2       844
               50           2       859
              100           2       773
              150           2       714
              200           0      1239

sub-010041 ep00
 min_cluster_size  n_clusters   n_noise
                3           4       146
                5           6      1492
                7           3      1525
                8           2      1550
               10           2      1577
               20           2      1574
               30           0      1637
               50           0      1637
              100           0      1637
              150           0      1637
              200           0      1637

sub-010041 ep01
 min_cluster_size  n_clusters   n_noise
                3           2       187
                5           6      1568
                7           2      1525
                8           2      1541
               10           2      1539
               20           2      1550
               30           0      1638
               50           0      1638
              100           0      1638
              150           0      1638
              200           0      1638

sub-010041 ep02
 min_cluster_size  n_clusters   n_noise
                3           2       321
                5           2      1561
                7           4      1796
                8           2      1790
               10           2      1782
               20           2      1793
               30           2      1785
               50           0      1855
              100           0      1855
              150           0      1855
              200           0      1855

sub-010041 ep03
 min_cluster_size  n_clusters   n_noise
                3           2       338
                5           2       442
                7           2      1485
                8           3      1575
               10           2      1587
               20           0      1627
               30           0      1627
               50           0      1627
              100           0      1627
              150           0      1627
              200           0      1627

sub-010041 ep04
 min_cluster_size  n_clusters   n_noise
                3           2        88
                5           6      1612
                7           2      1614
                8           2      1649
               10           0      1745
               20           0      1745
               30           0      1745
               50           0      1745
              100           0      1745
              150           0      1745
              200           0      1745

sub-010041 ep05
 min_cluster_size  n_clusters   n_noise
                3           5       292
                5           2       679
                7           2      1481
                8           2      1504
               10           2      1478
               20           0      1542
               30           0      1542
               50           0      1542
              100           0      1542
              150           0      1542
              200           0      1542

sub-010041 ep06
 min_cluster_size  n_clusters   n_noise
                3           2       365
                5           2      1333
                7           2      1366
                8           2      1382
               10           2      1391
               20           2      1416
               30           0      1479
               50           0      1479
              100           0      1479
              150           0      1479
              200           0      1479

sub-010042 ep00
 min_cluster_size  n_clusters   n_noise
                3           2        13
                5           3      1398
                7           2      1493
                8           2      1548
               10           2      1592
               20           2      1435
               30           2      1505
               50           2      1534
              100           0      1825
              150           0      1825
              200           0      1825

sub-010042 ep01
 min_cluster_size  n_clusters   n_noise
                3           4       423
                5           5      1558
                7           2      1461
                8           2      1430
               10           2      1462
               20           2      1542
               30           2      1617
               50           0      1732
              100           0      1732
              150           0      1732
              200           0      1732

sub-010042 ep02
 min_cluster_size  n_clusters   n_noise
                3           5       288
                5           4      1178
                7           2      1338
                8           2      1365
               10           2      1388
               20           2      1437
               30           0      1563
               50           0      1563
              100           0      1563
              150           0      1563
              200           0      1563

sub-010042 ep03
 min_cluster_size  n_clusters   n_noise
                3           2        48
                5           2      1062
                7           2      1358
                8           2      1327
               10           2      1321
               20           2      1392
               30           2      1411
               50           0      1496
              100           0      1496
              150           0      1496
              200           0      1496

sub-010042 ep04
 min_cluster_size  n_clusters   n_noise
                3           6       423
                5           2      1309
                7           4      1425
                8           2      1444
               10           2      1404
               20           2      1386
               30           2      1395
               50           0      1541
              100           0      1541
              150           0      1541
              200           0      1541

sub-010042 ep05
 min_cluster_size  n_clusters   n_noise
                3           5       483
                5           2       915
                7           2      1688
                8           2      1718
               10           2      1703
               20           2      1732
               30           0      1816
               50           0      1816
              100           0      1816
              150           0      1816
              200           0      1816

sub-010042 ep06
 min_cluster_size  n_clusters   n_noise
                3           2       483
                5           5      1280
                7           3      1302
                8           2      1316
               10           2      1340
               20           0      1383
               30           0      1383
               50           0      1383
              100           0      1383
              150           0      1383
              200           0      1383

sub-010044 ep00
 min_cluster_size  n_clusters   n_noise
                3           2       284
                5           4      1629
                7           3      1636
                8           2      1666
               10           2      1657
               20           2      1644
               30           0      1723
               50           0      1723
              100           0      1723
              150           0      1723
              200           0      1723

sub-010044 ep01
 min_cluster_size  n_clusters   n_noise
                3           3       560
                5           3      1500
                7           4      1681
                8           2      1684
               10           0      1765
               20           0      1765
               30           0      1765
               50           0      1765
              100           0      1765
              150           0      1765
              200           0      1765

sub-010044 ep02
 min_cluster_size  n_clusters   n_noise
                3           4       201
                5           5      1593
                7           4      1610
                8           2      1627
               10           2      1580
               20           2      1658
               30           0      1733
               50           0      1733
              100           0      1733
              150           0      1733
              200           0      1733

sub-010044 ep03
 min_cluster_size  n_clusters   n_noise
                3           2       161
                5           2      1456
                7           4      1687
                8           2      1672
               10           2      1687
               20           0      1745
               30           0      1745
               50           0      1745
              100           0      1745
              150           0      1745
              200           0      1745

sub-010044 ep04
 min_cluster_size  n_clusters   n_noise
                3           2       106
                5           2      1793
                7           2      1849
                8           2      1836
               10           2      1894
               20           0      1927
               30           0      1927
               50           0      1927
              100           0      1927
              150           0      1927
              200           0      1927

sub-010044 ep05
 min_cluster_size  n_clusters   n_noise
                3           3       635
                5           3      1528
                7           5      1664
                8           3      1660
               10           2      1670
               20           0      1726
               30           0      1726
               50           0      1726
              100           0      1726
              150           0      1726
              200           0      1726

sub-010044 ep06
 min_cluster_size  n_clusters   n_noise
                3           3       478
                5           5      1578
                7           2      1561
                8           4      1593
               10           3      1601
               20           0      1654
               30           0      1654
               50           0      1654
              100           0      1654
              150           0      1654
              200           0      1654

sub-010045 ep00
 min_cluster_size  n_clusters   n_noise
                3           2        39
                5           2       401
                7           2       348
                8           2       352
               10           3      1521
               20           0      1646
               30           0      1646
               50           0      1646
              100           0      1646
              150           0      1646
              200           0      1646

sub-010045 ep01
 min_cluster_size  n_clusters   n_noise
                3           3       371
                5           2       508
                7           3      1484
                8           3      1509
               10           2      1513
               20           2      1552
               30           2      1541
               50           0      1786
              100           0      1786
              150           0      1786
              200           0      1786

sub-010045 ep02
 min_cluster_size  n_clusters   n_noise
                3           3       252
                5           2       868
                7           2      1554
                8           2      1548
               10           2      1601
               20           0      1671
               30           0      1671
               50           0      1671
              100           0      1671
              150           0      1671
              200           0      1671

sub-010045 ep03
 min_cluster_size  n_clusters   n_noise
                3           2       209
                5           2       662
                7           2      1084
                8           3      1605
               10           2      1617
               20           0      1682
               30           0      1682
               50           0      1682
              100           0      1682
              150           0      1682
              200           0      1682

sub-010045 ep04
 min_cluster_size  n_clusters   n_noise
                3           2       276
                5           2       990
                7           4      1459
                8           5      1431
               10           2      1488
               20           2      1532
               30           0      1704
               50           0      1704
              100           0      1704
              150           0      1704
              200           0      1704

sub-010045 ep05
 min_cluster_size  n_clusters   n_noise
                3           4       350
                5           2       505
                7           4      1593
                8           4      1569
               10           3      1634
               20           2      1619
               30           0      1869
               50           0      1869
              100           0      1869
              150           0      1869
              200           0      1869

sub-010045 ep06
 min_cluster_size  n_clusters   n_noise
                3           2        41
                5           3      1190
                7           2      1217
                8           2      1337
               10           2      1312
               20           2      1403
               30           2      1398
               50           0      1535
              100           0      1535
              150           0      1535
              200           0      1535

sub-010046 ep00
 min_cluster_size  n_clusters   n_noise
                3           3       530
                5           2      1109
                7           3      1426
                8           2      1401
               10           2      1401
               20           2      1429
               30           2      1445
               50           2      1425
              100           0      1551
              150           0      1551
              200           0      1551

sub-010046 ep01
 min_cluster_size  n_clusters   n_noise
                3           4       286
                5           2       980
                7           4      1390
                8           4      1411
               10           3      1420
               20           2      1448
               30           2      1459
               50           0      1541
              100           0      1541
              150           0      1541
              200           0      1541

sub-010046 ep02
 min_cluster_size  n_clusters   n_noise
                3           3       282
                5           2      1235
                7           2      1286
                8           2      1481
               10           2      1492
               20           0      1537
               30           0      1537
               50           0      1537
              100           0      1537
              150           0      1537
              200           0      1537

sub-010046 ep03
 min_cluster_size  n_clusters   n_noise
                3           2       100
                5           2      1232
                7           2      1433
                8           2      1466
               10           2      1449
               20           2      1500
               30           0      1550
               50           0      1550
              100           0      1550
              150           0      1550
              200           0      1550

sub-010046 ep04
 min_cluster_size  n_clusters   n_noise
                3           2        39
                5           2       911
                7           2      1218
                8           2      1264
               10           2      1255
               20           2      1307
               30           2      1294
               50           0      1393
              100           0      1393
              150           0      1393
              200           0      1393

sub-010046 ep05
 min_cluster_size  n_clusters   n_noise
                3           4       349
                5           2      1262
                7           3      1402
                8           2      1392
               10           3      1410
               20           2      1453
               30           0      1515
               50           0      1515
              100           0      1515
              150           0      1515
              200           0      1515

sub-010046 ep06
 min_cluster_size  n_clusters   n_noise
                3           5       341
                5           8      1148
                7           4      1179
                8           3      1190
               10           2      1213
               20           2      1251
               30           0      1306
               50           0      1306
              100           0      1306
              150           0      1306
              200           0      1306

sub-010047 ep00
 min_cluster_size  n_clusters   n_noise
                3           3       219
                5           2       825
                7           2       809
                8           2       821
               10           2       792
               20           2       778
               30           2       781
               50           2       861
              100           2       835
              150           2       877
              200           0      1456

sub-010047 ep01
 min_cluster_size  n_clusters   n_noise
                3           2       111
                5           4       579
                7           2       520
                8           2       571
               10           2       617
               20           2       545
               30           2       567
               50           2       486
              100           2       567
              150           2       568
              200           2       558

sub-010047 ep02
 min_cluster_size  n_clusters   n_noise
                3          22       642
                5           4       538
                7           3       567
                8           2       576
               10           2       538
               20           2       686
               30           2       728
               50           2       736
              100           2       743
              150           2       792
              200           0      1446

sub-010047 ep03
 min_cluster_size  n_clusters   n_noise
                3           2        65
                5           4       764
                7           2       778
                8           2       804
               10           2       775
               20           2       740
               30           2       787
               50           2       752
              100           2       737
              150           2       732
              200           2       729

sub-010047 ep04
 min_cluster_size  n_clusters   n_noise
                3           8       335
                5           2       550
                7           2      1018
                8           2      1055
               10           2      1030
               20           2      1132
               30           2       988
               50           2       978
              100           2       980
              150           0      1483
              200           0      1483

sub-010047 ep05
 min_cluster_size  n_clusters   n_noise
                3           2       238
                5           7       975
                7           3       877
                8           2       893
               10           2       933
               20           2       944
               30           2       901
               50           2       935
              100           2      1000
              150           0      1405
              200           0      1405

sub-010047 ep06
 min_cluster_size  n_clusters   n_noise
                3           6       387
                5           3       849
                7           2       980
                8           2       893
               10           2       853
               20           2       853
               30           2       761
               50           2       897
              100           2       899
              150           2       853
              200           0      1387

sub-010048 ep00
 min_cluster_size  n_clusters   n_noise
                3           2       169
                5           3      1319
                7           6      1636
                8           3      1606
               10           3      1615
               20           2      1673
               30           0      1746
               50           0      1746
              100           0      1746
              150           0      1746
              200           0      1746

sub-010048 ep01
 min_cluster_size  n_clusters   n_noise
                3           7       894
                5          10      1623
                7           3      1676
                8           2      1659
               10           2      1641
               20           0      1737
               30           0      1737
               50           0      1737
              100           0      1737
              150           0      1737
              200           0      1737

sub-010048 ep02
 min_cluster_size  n_clusters   n_noise
                3           3       482
                5           2       743
                7           2      1348
                8           2      1376
               10           2      1652
               20           0      1788
               30           0      1788
               50           0      1788
              100           0      1788
              150           0      1788
              200           0      1788

sub-010048 ep03
 min_cluster_size  n_clusters   n_noise
                3           2       128
                5           8      1683
                7           5      1695
                8           3      1697
               10           2      1703
               20           2      1723
               30           2      1721
               50           0      1796
              100           0      1796
              150           0      1796
              200           0      1796

sub-010048 ep04
 min_cluster_size  n_clusters   n_noise
                3           2       378
                5           2      1406
                7           2      1536
                8           2      1565
               10           2      1581
               20           0      1660
               30           0      1660
               50           0      1660
              100           0      1660
              150           0      1660
              200           0      1660

sub-010048 ep05
 min_cluster_size  n_clusters   n_noise
                3           2       239
                5           3      1462
                7           3      1600
                8           3      1600
               10           3      1628
               20           0      1710
               30           0      1710
               50           0      1710
              100           0      1710
              150           0      1710
              200           0      1710

sub-010048 ep06
 min_cluster_size  n_clusters   n_noise
                3           2       126
                5           8      1413
                7           4      1416
                8           2      1390
               10           3      1455
               20           0      1496
               30           0      1496
               50           0      1496
              100           0      1496
              150           0      1496
              200           0      1496

sub-010049 ep00
 min_cluster_size  n_clusters   n_noise
                3           4       148
                5           2       293
                7           4      1365
                8           3      1374
               10           2      1368
               20           0      1435
               30           0      1435
               50           0      1435
              100           0      1435
              150           0      1435
              200           0      1435

sub-010049 ep01
 min_cluster_size  n_clusters   n_noise
                3           2        99
                5           2       380
                7           4      1368
                8           2      1355
               10           3      1392
               20           0      1448
               30           0      1448
               50           0      1448
              100           0      1448
              150           0      1448
              200           0      1448

sub-010049 ep02
 min_cluster_size  n_clusters   n_noise
                3           3       312
                5           5      1278
                7           2      1317
                8           3      1384
               10           2      1380
               20           2      1399
               30           0      1466
               50           0      1466
              100           0      1466
              150           0      1466
              200           0      1466

sub-010049 ep03
 min_cluster_size  n_clusters   n_noise
                3           3       165
                5           3      1319
                7           2      1521
                8           2      1528
               10           3      1611
               20           0      1653
               30           0      1653
               50           0      1653
              100           0      1653
              150           0      1653
              200           0      1653

sub-010049 ep04
 min_cluster_size  n_clusters   n_noise
                3           3        83
                5           5      1400
                7           4      1440
                8           4      1459
               10           2      1483
               20           2      1479
               30           0      1538
               50           0      1538
              100           0      1538
              150           0      1538
              200           0      1538

sub-010049 ep05
 min_cluster_size  n_clusters   n_noise
                3           4       209
                5           2      1226
                7           5      1412
                8           2      1391
               10           3      1428
               20           2      1423
               30           0      1490
               50           0      1490
              100           0      1490
              150           0      1490
              200           0      1490

sub-010049 ep06
 min_cluster_size  n_clusters   n_noise
                3           7       598
                5           2      1064
                7           2      1187
                8           3      1384
               10           2      1384
               20           0      1443
               30           0      1443
               50           0      1443
              100           0      1443
              150           0      1443
              200           0      1443

sub-010050 ep00
 min_cluster_size  n_clusters   n_noise
                3           2        28
                5           7      2205
                7           2      2211
                8           2      2200
               10           2      2204
               20           2      2231
               30           2      2274
               50           0      2380
              100           0      2380
              150           0      2380
              200           0      2380

sub-010050 ep01
 min_cluster_size  n_clusters   n_noise
                3           3        33
                5           2      1210
                7           2      1634
                8           2      1656
               10           2      1630
               20           2      1649
               30           2      1656
               50           0      1738
              100           0      1738
              150           0      1738
              200           0      1738

sub-010050 ep02
 min_cluster_size  n_clusters   n_noise
                3           7       580
                5           2       975
                7           3      1729
                8           2      1690
               10           2      1661
               20           2      1701
               30           2      1724
               50           0      1809
              100           0      1809
              150           0      1809
              200           0      1809

sub-010050 ep03
 min_cluster_size  n_clusters   n_noise
                3           5       125
                5           2       565
                7           2       518
                8           2       523
               10           3      1739
               20           0      1808
               30           0      1808
               50           0      1808
              100           0      1808
              150           0      1808
              200           0      1808

sub-010050 ep04
 min_cluster_size  n_clusters   n_noise
                3           2        68
                5           2      1423
                7           2      1479
                8           2      1496
               10           2      1625
               20           2      1609
               30           2      1635
               50           0      1716
              100           0      1716
              150           0      1716
              200           0      1716

sub-010050 ep05
 min_cluster_size  n_clusters   n_noise
                3           4       248
                5           4      1525
                7           2      1600
                8           2      1639
               10           0      1710
               20           0      1710
               30           0      1710
               50           0      1710
              100           0      1710
              150           0      1710
              200           0      1710

sub-010050 ep06
 min_cluster_size  n_clusters   n_noise
                3           4       285
                5           2       640
                7           5      1429
                8           5      1431
               10           4      1486
               20           2      1516
               30           0      1597
               50           0      1597
              100           0      1597
              150           0      1597
              200           0      1597

sub-010051 ep00
 min_cluster_size  n_clusters   n_noise
                3           4       170
                5           2        42
                7           2       786
                8           2      1407
               10           2      1425
               20           2      1464
               30           2      1410
               50           0      1539
              100           0      1539
              150           0      1539
              200           0      1539

sub-010051 ep01
 min_cluster_size  n_clusters   n_noise
                3           2         7
                5           7      1356
                7           2      1380
                8           2      1384
               10           2      1401
               20           2      1419
               30           0      1495
               50           0      1495
              100           0      1495
              150           0      1495
              200           0      1495

sub-010051 ep02
 min_cluster_size  n_clusters   n_noise
                3           2        21
                5           2       485
                7           2       584
                8           3      1266
               10           2      1262
               20           2      1268
               30           2      1275
               50           0      1364
              100           0      1364
              150           0      1364
              200           0      1364

sub-010051 ep03
 min_cluster_size  n_clusters   n_noise
                3           7       199
                5           3       219
                7           3       718
                8           2       733
               10           2      1255
               20           2      1247
               30           2      1195
               50           0      1369
              100           0      1369
              150           0      1369
              200           0      1369

sub-010051 ep04
 min_cluster_size  n_clusters   n_noise
                3           2        54
                5           2      1301
                7           2      1499
                8           2      1533
               10           2      1517
               20           2      1482
               30           2      1481
               50           0      1613
              100           0      1613
              150           0      1613
              200           0      1613

sub-010051 ep05
 min_cluster_size  n_clusters   n_noise
                3           3       196
                5           3      1184
                7           2      1219
                8           2      1186
               10           2      1215
               20           2      1264
               30           2      1266
               50           0      1356
              100           0      1356
              150           0      1356
              200           0      1356

sub-010051 ep06
 min_cluster_size  n_clusters   n_noise
                3           5        97
                5           2       759
                7           2      1051
                8           2      1096
               10           2      1088
               20           2      1164
               30           2      1123
               50           0      1256
              100           0      1256
              150           0      1256
              200           0      1256

sub-010052 ep00
 min_cluster_size  n_clusters   n_noise
                3           2        98
                5           5      1202
                7           3      1238
                8           4      1260
               10           3      1279
               20           2      1316
               30           2      1283
               50           0      1368
              100           0      1368
              150           0      1368
              200           0      1368

sub-010052 ep01
 min_cluster_size  n_clusters   n_noise
                3           3        58
                5           2      1007
                7           2      1168
                8           2      1283
               10           0      1378
               20           0      1378
               30           0      1378
               50           0      1378
              100           0      1378
              150           0      1378
              200           0      1378

sub-010052 ep02
 min_cluster_size  n_clusters   n_noise
                3           4       332
                5          10      1250
                7           2      1247
                8           3      1287
               10           2      1304
               20           0      1358
               30           0      1358
               50           0      1358
              100           0      1358
              150           0      1358
              200           0      1358

sub-010052 ep03
 min_cluster_size  n_clusters   n_noise
                3           8       652
                5           2      1981
                7           2      2377
                8           2      2413
               10           2      2490
               20           2      2554
               30           0      2643
               50           0      2643
              100           0      2643
              150           0      2643
              200           0      2643

sub-010052 ep04
 min_cluster_size  n_clusters   n_noise
                3           2        41
                5          12      1342
                7           2      1181
                8           2      1238
               10           2      1364
               20           2      1381
               30           0      1477
               50           0      1477
              100           0      1477
              150           0      1477
              200           0      1477

sub-010052 ep05
 min_cluster_size  n_clusters   n_noise
                3           2       248
                5           2      1365
                7           2      1949
                8           5      2112
               10           4      2199
               20           0      2273
               30           0      2273
               50           0      2273
              100           0      2273
              150           0      2273
              200           0      2273

sub-010052 ep06
 min_cluster_size  n_clusters   n_noise
                3           2       107
                5           2       641
                7           2       918
                8           2       965
               10           2      1132
               20           2      1165
               30           0      1231
               50           0      1231
              100           0      1231
              150           0      1231
              200           0      1231

sub-010053 ep00
 min_cluster_size  n_clusters   n_noise
                3           3       153
                5           2       921
                7           2      1340
                8           2      1338
               10           2      1366
               20           2      1399
               30           0      1441
               50           0      1441
              100           0      1441
              150           0      1441
              200           0      1441

sub-010053 ep01
 min_cluster_size  n_clusters   n_noise
                3           2       167
                5           2      1244
                7           2      1400
                8           2      1411
               10           2      1419
               20           2      1436
               30           0      1508
               50           0      1508
              100           0      1508
              150           0      1508
              200           0      1508

sub-010053 ep02
 min_cluster_size  n_clusters   n_noise
                3           2        62
                5           2      1062
                7           2      1325
                8           2      1336
               10           2      1359
               20           2      1380
               30           0      1475
               50           0      1475
              100           0      1475
              150           0      1475
              200           0      1475

sub-010053 ep03
 min_cluster_size  n_clusters   n_noise
                3           3       139
                5           3      1216
                7           4      1382
                8           4      1411
               10           2      1394
               20           2      1397
               30           0      1467
               50           0      1467
              100           0      1467
              150           0      1467
              200           0      1467

sub-010053 ep04
 min_cluster_size  n_clusters   n_noise
                3           2        87
                5           7      1290
                7           2      1297
                8           2      1334
               10           3      1396
               20           2      1373
               30           0      1452
               50           0      1452
              100           0      1452
              150           0      1452
              200           0      1452

sub-010053 ep05
 min_cluster_size  n_clusters   n_noise
                3           2       154
                5           2      1261
                7           5      1400
                8           2      1390
               10           3      1431
               20           2      1463
               30           0      1519
               50           0      1519
              100           0      1519
              150           0      1519
              200           0      1519

sub-010053 ep06
 min_cluster_size  n_clusters   n_noise
                3           2        41
                5           4      1198
                7           2      1273
                8           2      1252
               10           2      1276
               20           2      1293
               30           0      1362
               50           0      1362
              100           0      1362
              150           0      1362
              200           0      1362

sub-010056 ep00
 min_cluster_size  n_clusters   n_noise
                3           2       122
                5           5      1311
                7           2      1323
                8           2      1343
               10           2      1347
               20           0      1477
               30           0      1477
               50           0      1477
              100           0      1477
              150           0      1477
              200           0      1477

sub-010056 ep01
 min_cluster_size  n_clusters   n_noise
                3           2        45
                5           8      1670
                7           4      1696
                8           3      1709
               10           2      1726
               20           2      1731
               30           0      1817
               50           0      1817
              100           0      1817
              150           0      1817
              200           0      1817

sub-010056 ep02
 min_cluster_size  n_clusters   n_noise
                3           3       204
                5           6      1514
                7           5      1579
                8           3      1601
               10           3      1599
               20           0      1748
               30           0      1748
               50           0      1748
              100           0      1748
              150           0      1748
              200           0      1748

sub-010056 ep03
 min_cluster_size  n_clusters   n_noise
                3           2        72
                5           2       806
                7           2      1257
                8           2      1345
               10           2      1347
               20           0      1452
               30           0      1452
               50           0      1452
              100           0      1452
              150           0      1452
              200           0      1452

sub-010056 ep04
 min_cluster_size  n_clusters   n_noise
                3           2        90
                5           2      1019
                7           3      1526
                8           3      1526
               10           4      1531
               20           0      1636
               30           0      1636
               50           0      1636
              100           0      1636
              150           0      1636
              200           0      1636

sub-010056 ep05
 min_cluster_size  n_clusters   n_noise
                3           2       106
                5           2      1267
                7           2      1309
                8           2      1351
               10           2      1321
               20           2      1338
               30           0      1439
               50           0      1439
              100           0      1439
              150           0      1439
              200           0      1439

sub-010056 ep06
 min_cluster_size  n_clusters   n_noise
                3           2       165
                5           6      1192
                7           2      1220
                8           2      1228
               10           2      1292
               20           2      1318
               30           0      1389
               50           0      1389
              100           0      1389
              150           0      1389
              200           0      1389

sub-010059 ep00
 min_cluster_size  n_clusters   n_noise
                3           4       222
                5           2       190
                7           3      1471
                8           2      1433
               10           2      1453
               20           2      1536
               30           2      1538
               50           0      1638
              100           0      1638
              150           0      1638
              200           0      1638

sub-010059 ep01
 min_cluster_size  n_clusters   n_noise
                3           3        90
                5           2      1326
                7           3      1431
                8           3      1383
               10           2      1361
               20           2      1437
               30           2      1534
               50           2      1517
              100           0      1674
              150           0      1674
              200           0      1674

sub-010059 ep02
 min_cluster_size  n_clusters   n_noise
                3           2        32
                5           2      1284
                7           4      1621
                8           4      1638
               10           2      1621
               20           2      1608
               30           2      1621
               50           0      1726
              100           0      1726
              150           0      1726
              200           0      1726

sub-010059 ep03
 min_cluster_size  n_clusters   n_noise
                3           3        71
                5           2      1291
                7           2      1247
                8           3      1525
               10           2      1498
               20           2      1532
               30           0      1637
               50           0      1637
              100           0      1637
              150           0      1637
              200           0      1637

sub-010059 ep04
 min_cluster_size  n_clusters   n_noise
                3           4        92
                5           3      1229
                7           2      1246
                8           2      1439
               10           2      1465
               20           0      1617
               30           0      1617
               50           0      1617
              100           0      1617
              150           0      1617
              200           0      1617

sub-010059 ep05
 min_cluster_size  n_clusters   n_noise
                3           3        42
                5           2      1352
                7           2      1428
                8           2      1464
               10           2      1507
               20           2      1568
               30           0      1658
               50           0      1658
              100           0      1658
              150           0      1658
              200           0      1658

sub-010059 ep06
 min_cluster_size  n_clusters   n_noise
                3           4        64
                5           2        60
                7           2      1388
                8           2      1367
               10           2      1383
               20           2      1412
               30           2      1423
               50           0      1510
              100           0      1510
              150           0      1510
              200           0      1510

sub-010060 ep00
 min_cluster_size  n_clusters   n_noise
                3          14       398
                5           3       371
                7           2       436
                8           2       466
               10           2       501
               20           2       352
               30           2       375
               50           2       452
              100           2       547
              150           2       578
              200           2       633

sub-010060 ep01
 min_cluster_size  n_clusters   n_noise
                3           2       153
                5           3       618
                7           3       730
                8           2       647
               10           2       670
               20           2       902
               30           2       805
               50           2       907
              100           2       774
              150           2       776
              200           2       752

sub-010060 ep02
 min_cluster_size  n_clusters   n_noise
                3           2        29
                5           2       659
                7           2       917
                8           2       968
               10           2       864
               20           2       798
               30           2       767
               50           2       740
              100           2       860
              150           2       804
              200           2       843

sub-010060 ep03
 min_cluster_size  n_clusters   n_noise
                3           3        89
                5           2       751
                7           3       864
                8           2       871
               10           2       945
               20           2       921
               30           2       880
               50           2       831
              100           2       810
              150           2       791
              200           2       728

sub-010060 ep04
 min_cluster_size  n_clusters   n_noise
                3           4       153
                5           2       618
                7           4      1070
                8           3      1052
               10           2      1174
               20           0      1203
               30           0      1203
               50           0      1203
              100           0      1203
              150           0      1203
              200           0      1203

sub-010060 ep05
 min_cluster_size  n_clusters   n_noise
                3           2       201
                5           2       449
                7           2       417
                8           2       348
               10           2       383
               20           2       434
               30           2       438
               50           2       417
              100           2       483
              150           2       520
              200           2       623

sub-010061 ep00
 min_cluster_size  n_clusters   n_noise
                3           4       239
                5           3      1130
                7           2      1398
                8           2      1447
               10           2      1442
               20           2      1587
               30           0      1664
               50           0      1664
              100           0      1664
              150           0      1664
              200           0      1664

sub-010061 ep01
 min_cluster_size  n_clusters   n_noise
                3           2        68
                5           3      1649
                7           2      1889
                8           2      1944
               10           2      1923
               20           2      2047
               30           2      2002
               50           0      2188
              100           0      2188
              150           0      2188
              200           0      2188

sub-010061 ep02
 min_cluster_size  n_clusters   n_noise
                3           2       289
                5           2       758
                7           4      1462
                8           3      1395
               10           2      1457
               20           0      1562
               30           0      1562
               50           0      1562
              100           0      1562
              150           0      1562
              200           0      1562

sub-010061 ep03
 min_cluster_size  n_clusters   n_noise
                3           2       212
                5           2       988
                7           2      1370
                8           2      1366
               10           2      1591
               20           0      1684
               30           0      1684
               50           0      1684
              100           0      1684
              150           0      1684
              200           0      1684

sub-010061 ep04
 min_cluster_size  n_clusters   n_noise
                3           2       242
                5           2       996
                7           2      1677
                8           2      1651
               10           2      1669
               20           2      1676
               30           0      1730
               50           0      1730
              100           0      1730
              150           0      1730
              200           0      1730

sub-010061 ep05
 min_cluster_size  n_clusters   n_noise
                3           3       131
                5           2      1391
                7           2      1939
                8           3      2039
               10           2      2060
               20           0      2119
               30           0      2119
               50           0      2119
              100           0      2119
              150           0      2119
              200           0      2119

sub-010061 ep06
 min_cluster_size  n_clusters   n_noise
                3           2        29
                5           3       828
                7           2      1394
                8           3      1417
               10           2      1390
               20           0      1480
               30           0      1480
               50           0      1480
              100           0      1480
              150           0      1480
              200           0      1480

sub-010062 ep00
 min_cluster_size  n_clusters   n_noise
                3           2       375
                5           7      1046
                7           2      1135
                8           2      1163
               10           0      1305
               20           0      1305
               30           0      1305
               50           0      1305
              100           0      1305
              150           0      1305
              200           0      1305

sub-010062 ep01
 min_cluster_size  n_clusters   n_noise
                3           4       314
                5           2       504
                7           2      1304
                8           2      1305
               10           2      1314
               20           0      1342
               30           0      1342
               50           0      1342
              100           0      1342
              150           0      1342
              200           0      1342

sub-010062 ep02
 min_cluster_size  n_clusters   n_noise
                3           6       384
                5           2       796
                7           2      1045
                8           2      1055
               10           2      1263
               20           0      1310
               30           0      1310
               50           0      1310
              100           0      1310
              150           0      1310
              200           0      1310

sub-010062 ep03
 min_cluster_size  n_clusters   n_noise
                3           2       203
                5           8      1093
                7           2      1150
                8           4      1205
               10           2      1219
               20           2      1194
               30           2      1209
               50           0      1335
              100           0      1335
              150           0      1335
              200           0      1335

sub-010062 ep04
 min_cluster_size  n_clusters   n_noise
                3           2       337
                5           2       421
                7           3      1193
                8           2      1159
               10           2      1155
               20           0      1275
               30           0      1275
               50           0      1275
              100           0      1275
              150           0      1275
              200           0      1275

sub-010062 ep05
 min_cluster_size  n_clusters   n_noise
                3           2        60
                5           3      1224
                7           2      1234
                8           2      1288
               10           2      1298
               20           0      1589
               30           0      1589
               50           0      1589
              100           0      1589
              150           0      1589
              200           0      1589

sub-010062 ep06
 min_cluster_size  n_clusters   n_noise
                3           3       165
                5           2       270
                7           2      1044
                8           2      1124
               10           3      1133
               20           0      1203
               30           0      1203
               50           0      1203
              100           0      1203
              150           0      1203
              200           0      1203

sub-010063 ep00
 min_cluster_size  n_clusters   n_noise
                3           3        86
                5           2       144
                7           3      1203
                8           2      1355
               10           3      1360
               20           2      1363
               30           0      1480
               50           0      1480
              100           0      1480
              150           0      1480
              200           0      1480

sub-010063 ep01
 min_cluster_size  n_clusters   n_noise
                3           2       168
                5           2       369
                7           2       800
                8           2      1921
               10           2      1936
               20           2      1963
               30           2      1936
               50           0      2086
              100           0      2086
              150           0      2086
              200           0      2086

sub-010063 ep02
 min_cluster_size  n_clusters   n_noise
                3           2        41
                5           2       333
                7           2       437
                8           2       818
               10           2       840
               20           0      1343
               30           0      1343
               50           0      1343
              100           0      1343
              150           0      1343
              200           0      1343

sub-010063 ep03
 min_cluster_size  n_clusters   n_noise
                3           4        81
                5           4       996
                7           3      1230
                8           3      1254
               10           3      1262
               20           0      1341
               30           0      1341
               50           0      1341
              100           0      1341
              150           0      1341
              200           0      1341

sub-010063 ep04
 min_cluster_size  n_clusters   n_noise
                3           3        56
                5           2       434
                7           2       923
                8           2       969
               10           2      1321
               20           0      1401
               30           0      1401
               50           0      1401
              100           0      1401
              150           0      1401
              200           0      1401

sub-010063 ep05
 min_cluster_size  n_clusters   n_noise
                3           2        60
                5           9       811
                7           2       430
                8           2       254
               10           2       791
               20           0      1363
               30           0      1363
               50           0      1363
              100           0      1363
              150           0      1363
              200           0      1363

sub-010064 ep00
 min_cluster_size  n_clusters   n_noise
                3           3        39
                5           2       747
                7           3      1184
                8           3      1166
               10           2      1130
               20           2      1199
               30           2      1193
               50           0      1284
              100           0      1284
              150           0      1284
              200           0      1284

sub-010064 ep01
 min_cluster_size  n_clusters   n_noise
                3           2         4
                5           2      1016
                7           4      1192
                8           4      1214
               10           2      1136
               20           2      1196
               30           2      1208
               50           0      1307
              100           0      1307
              150           0      1307
              200           0      1307

sub-010064 ep02
 min_cluster_size  n_clusters   n_noise
                3           2        41
                5           2      1424
                7           5      1927
                8           2      1949
               10           3      1970
               20           0      2030
               30           0      2030
               50           0      2030
              100           0      2030
              150           0      2030
              200           0      2030

sub-010064 ep03
 min_cluster_size  n_clusters   n_noise
                3           3       190
                5           2       391
                7           3      1561
                8           3      1582
               10           2      1550
               20           2      1595
               30           2      1643
               50           2      1610
              100           0      1722
              150           0      1722
              200           0      1722

sub-010064 ep04
 min_cluster_size  n_clusters   n_noise
                3           4       459
                5           3      1192
                7           2      1270
                8           2      1233
               10           2      1354
               20           0      1479
               30           0      1479
               50           0      1479
              100           0      1479
              150           0      1479
              200           0      1479

sub-010064 ep05
 min_cluster_size  n_clusters   n_noise
                3           3       258
                5           2      1039
                7           6      1486
                8           4      1474
               10           2      1459
               20           2      1502
               30           0      1587
               50           0      1587
              100           0      1587
              150           0      1587
              200           0      1587

sub-010064 ep06
 min_cluster_size  n_clusters   n_noise
                3           2        54
                5           2       847
                7           2      1181
                8           2      1201
               10           2      1042
               20           2      1174
               30           0      1256
               50           0      1256
              100           0      1256
              150           0      1256
              200           0      1256

sub-010065 ep00
 min_cluster_size  n_clusters   n_noise
                3           3       283
                5           2       817
                7           2       906
                8           2       852
               10           2       938
               20           2       872
               30           2       956
               50           2      1005
              100           0      1222
              150           0      1222
              200           0      1222

sub-010065 ep01
 min_cluster_size  n_clusters   n_noise
                3           2       138
                5           6       915
                7           3       991
                8           2       968
               10           2      1011
               20           2      1048
               30           2      1064
               50           2      1042
              100           0      1378
              150           0      1378
              200           0      1378

sub-010065 ep02
 min_cluster_size  n_clusters   n_noise
                3           2        68
                5           4       850
                7           3       944
                8           2       978
               10           2      1007
               20           2      1054
               30           2      1056
               50           2      1080
              100           0      1256
              150           0      1256
              200           0      1256

sub-010065 ep03
 min_cluster_size  n_clusters   n_noise
                3           2        86
                5          11      1051
                7           3       933
                8           4       965
               10           3       959
               20           2       988
               30           2       934
               50           2       938
              100           0      1216
              150           0      1216
              200           0      1216

sub-010065 ep04
 min_cluster_size  n_clusters   n_noise
                3           3       146
                5           3      1024
                7           3      1380
                8           2      1325
               10           2      1263
               20           2      1277
               30           2      1270
               50           2      1285
              100           0      1564
              150           0      1564
              200           0      1564

sub-010065 ep05
 min_cluster_size  n_clusters   n_noise
                3           4       435
                5           5       981
                7           5      1478
                8           3      1454
               10           2      1481
               20           2      1449
               30           0      1607
               50           0      1607
              100           0      1607
              150           0      1607
              200           0      1607

sub-010065 ep06
 min_cluster_size  n_clusters   n_noise
                3           2       189
                5           5       901
                7           2       894
                8           3       993
               10           0      1078
               20           2       953
               30           0      1078
               50           0      1078
              100           0      1078
              150           0      1078
              200           0      1078

sub-010066 ep00
 min_cluster_size  n_clusters   n_noise
                3           3       183
                5           2       975
                7           4      1242
                8           2      1278
               10           2      1252
               20           0      1324
               30           0      1324
               50           0      1324
              100           0      1324
              150           0      1324
              200           0      1324

sub-010066 ep01
 min_cluster_size  n_clusters   n_noise
                3           2        61
                5           2       104
                7           2      1163
                8           2      1208
               10           2      1248
               20           2      1267
               30           2      1246
               50           0      1369
              100           0      1369
              150           0      1369
              200           0      1369

sub-010066 ep02
 min_cluster_size  n_clusters   n_noise
                3           2       138
                5           3       874
                7           2      1149
                8           2      1171
               10           2      1262
               20           2      1268
               30           2      1178
               50           2      1162
              100           0      1372
              150           0      1372
              200           0      1372

sub-010066 ep03
 min_cluster_size  n_clusters   n_noise
                3           3       275
                5           2      1061
                7           3      1321
                8           2      1306
               10           2      1303
               20           2      1386
               30           0      1455
               50           0      1455
              100           0      1455
              150           0      1455
              200           0      1455

sub-010066 ep04
 min_cluster_size  n_clusters   n_noise
                3           3       195
                5          10      1297
                7           4      1312
                8           2      1271
               10           2      1282
               20           2      1307
               30           0      1399
               50           0      1399
              100           0      1399
              150           0      1399
              200           0      1399

sub-010066 ep05
 min_cluster_size  n_clusters   n_noise
                3           2        15
                5           2       405
                7           2      1269
                8           3      1303
               10           2      1332
               20           0      1366
               30           0      1366
               50           0      1366
              100           0      1366
              150           0      1366
              200           0      1366

sub-010066 ep06
 min_cluster_size  n_clusters   n_noise
                3           3       133
                5           2       950
                7           3      1170
                8           3      1191
               10           2      1171
               20           0      1276
               30           0      1276
               50           0      1276
              100           0      1276
              150           0      1276
              200           0      1276

sub-010067 ep00
 min_cluster_size  n_clusters   n_noise
                3           2       146
                5           3       912
                7           2      1055
                8           2      1049
               10           2      1061
               20           2       946
               30           2      1044
               50           2      1025
              100           0      1373
              150           0      1373
              200           0      1373

sub-010067 ep01
 min_cluster_size  n_clusters   n_noise
                3           3       114
                5           4       905
                7           3      1014
                8           2      1057
               10           2      1011
               20           2      1061
               30           2      1124
               50           2      1112
              100           0      1370
              150           0      1370
              200           0      1370

sub-010067 ep02
 min_cluster_size  n_clusters   n_noise
                3           5       233
                5           2       607
                7           2       598
                8           2      1331
               10           2      1354
               20           0      1393
               30           0      1393
               50           0      1393
              100           0      1393
              150           0      1393
              200           0      1393

sub-010067 ep03
 min_cluster_size  n_clusters   n_noise
                3           2       141
                5           3       935
                7           2       924
                8           2      1426
               10           2      1420
               20           2      1429
               30           0      1493
               50           0      1493
              100           0      1493
              150           0      1493
              200           0      1493

sub-010067 ep04
 min_cluster_size  n_clusters   n_noise
                3           7       325
                5           2       422
                7           3      1618
                8           2      1678
               10           2      1727
               20           0      1794
               30           0      1794
               50           0      1794
              100           0      1794
              150           0      1794
              200           0      1794

sub-010067 ep05
 min_cluster_size  n_clusters   n_noise
                3           3       129
                5           2       864
                7           3      1299
                8           2      1287
               10           2      1294
               20           0      1358
               30           0      1358
               50           0      1358
              100           0      1358
              150           0      1358
              200           0      1358

sub-010067 ep06
 min_cluster_size  n_clusters   n_noise
                3           4       155
                5           5      1098
                7           3      1145
                8           2      1125
               10           0      1202
               20           0      1202
               30           0      1202
               50           0      1202
              100           0      1202
              150           0      1202
              200           0      1202

sub-010068 ep00
 min_cluster_size  n_clusters   n_noise
                3           2        25
                5           3       393
                7           3      1218
                8           2      1014
               10           2      1276
               20           2      1276
               30           2      1286
               50           2      1290
              100           0      1424
              150           0      1424
              200           0      1424

sub-010068 ep01
 min_cluster_size  n_clusters   n_noise
                3           3       147
                5           2       501
                7           2      1233
                8           2      1255
               10           2      1243
               20           2      1249
               30           2      1261
               50           2      1218
              100           0      1391
              150           0      1391
              200           0      1391

sub-010068 ep02
 min_cluster_size  n_clusters   n_noise
                3           2        70
                5           2       771
                7           2      1173
                8           2      1162
               10           2      1160
               20           2      1146
               30           2      1225
               50           2      1261
              100           0      1430
              150           0      1430
              200           0      1430

sub-010068 ep03
 min_cluster_size  n_clusters   n_noise
                3           3        99
                5           2       516
                7           6      1930
                8           2      1949
               10           2      1915
               20           2      1933
               30           2      1966
               50           0      2087
              100           0      2087
              150           0      2087
              200           0      2087

sub-010068 ep04
 min_cluster_size  n_clusters   n_noise
                3           2        76
                5           3       602
                7           5      1328
                8           2      1297
               10           3      1350
               20           2      1355
               30           2      1310
               50           0      1449
              100           0      1449
              150           0      1449
              200           0      1449

sub-010068 ep05
 min_cluster_size  n_clusters   n_noise
                3           4       124
                5           2       432
                7           2       844
                8           2      1392
               10           2      1421
               20           0      1500
               30           0      1500
               50           0      1500
              100           0      1500
              150           0      1500
              200           0      1500

sub-010068 ep06
 min_cluster_size  n_clusters   n_noise
                3           5       194
                5           3       752
                7           2       704
                8           3      1267
               10           2      1277
               20           0      1343
               30           0      1343
               50           0      1343
              100           0      1343
              150           0      1343
              200           0      1343

sub-010069 ep00
 min_cluster_size  n_clusters   n_noise
                3           2        67
                5           3       781
                7           2       884
                8           2       908
               10           2       955
               20           2       971
               30           2       997
               50           2       940
              100           0      1171
              150           0      1171
              200           0      1171

sub-010069 ep01
 min_cluster_size  n_clusters   n_noise
                3           3       191
                5           3       904
                7           2       884
                8           2       908
               10           2       915
               20           2       995
               30           2      1014
               50           0      1120
              100           0      1120
              150           0      1120
              200           0      1120

sub-010069 ep02
 min_cluster_size  n_clusters   n_noise
                3           2        37
                5           5       943
                7           0      1135
                8           0      1135
               10           0      1135
               20           0      1135
               30           0      1135
               50           0      1135
              100           0      1135
              150           0      1135
              200           0      1135

sub-010069 ep03
 min_cluster_size  n_clusters   n_noise
                3           3       105
                5           2       739
                7           3       883
                8           2      1275
               10           2      1269
               20           0      1334
               30           0      1334
               50           0      1334
              100           0      1334
              150           0      1334
              200           0      1334

sub-010069 ep04
 min_cluster_size  n_clusters   n_noise
                3           4        63
                5           5      1183
                7           2      1383
                8           2      1378
               10           0      1420
               20           0      1420
               30           0      1420
               50           0      1420
              100           0      1420
              150           0      1420
              200           0      1420

sub-010069 ep05
 min_cluster_size  n_clusters   n_noise
                3          28       808
                5           2       576
                7           0      1226
                8           0      1226
               10           0      1226
               20           0      1226
               30           0      1226
               50           0      1226
              100           0      1226
              150           0      1226
              200           0      1226

sub-010069 ep06
 min_cluster_size  n_clusters   n_noise
                3           2        50
                5           2       478
                7           3       979
                8           2       983
               10           0      1042
               20           0      1042
               30           0      1042
               50           0      1042
              100           0      1042
              150           0      1042
              200           0      1042

sub-010070 ep00
 min_cluster_size  n_clusters   n_noise
                3           3       241
                5           3      1003
                7           3      1063
                8           2      1086
               10           2      1058
               20           2      1128
               30           2      1100
               50           2      1108
              100           0      1277
              150           0      1277
              200           0      1277

sub-010070 ep01
 min_cluster_size  n_clusters   n_noise
                3           2         9
                5           2      1114
                7           3      2059
                8           2      2085
               10           2      2114
               20           2      2131
               30           0      2201
               50           0      2201
              100           0      2201
              150           0      2201
              200           0      2201

sub-010070 ep02
 min_cluster_size  n_clusters   n_noise
                3           2       166
                5           3       980
                7           2      1120
                8           2      1121
               10           2      1214
               20           0      1265
               30           0      1265
               50           0      1265
              100           0      1265
              150           0      1265
              200           0      1265

sub-010070 ep03
 min_cluster_size  n_clusters   n_noise
                3           5       203
                5           2        62
                7           3      1170
                8           3      1159
               10           3      1191
               20           2      1110
               30           2      1150
               50           0      1270
              100           0      1270
              150           0      1270
              200           0      1270

sub-010070 ep04
 min_cluster_size  n_clusters   n_noise
                3           2         7
                5           4      1156
                7           2      1175
                8           3      1155
               10           2      1259
               20           0      1386
               30           0      1386
               50           0      1386
              100           0      1386
              150           0      1386
              200           0      1386

sub-010070 ep05
 min_cluster_size  n_clusters   n_noise
                3           3        40
                5           8      1156
                7           4      1137
                8           2      1142
               10           2      1160
               20           0      1243
               30           0      1243
               50           0      1243
              100           0      1243
              150           0      1243
              200           0      1243

sub-010070 ep06
 min_cluster_size  n_clusters   n_noise
                3           3        21
                5           2       823
                7           4      1102
                8           3      1119
               10           2      1134
               20           0      1169
               30           0      1169
               50           0      1169
              100           0      1169
              150           0      1169
              200           0      1169

sub-010071 ep00
 min_cluster_size  n_clusters   n_noise
                3           3       119
                5           2       804
                7           2       878
                8           2       830
               10           2       921
               20           2       965
               30           2       949
               50           2      1016
              100           2       960
              150           0      1206
              200           0      1206

sub-010071 ep01
 min_cluster_size  n_clusters   n_noise
                3           5       259
                5           6       977
                7           2       963
                8           2       952
               10           3      1020
               20           2       962
               30           2       879
               50           2       911
              100           0      1206
              150           0      1206
              200           0      1206

sub-010071 ep02
 min_cluster_size  n_clusters   n_noise
                3           2        91
                5           9       988
                7           2       951
                8           2       961
               10           3      1022
               20           2      1064
               30           2      1034
               50           2       986
              100           0      1209
              150           0      1209
              200           0      1209

sub-010071 ep03
 min_cluster_size  n_clusters   n_noise
                3           3       217
                5           3       818
                7           2       802
                8           2       989
               10           2      1012
               20           2      1032
               30           2      1001
               50           2      1045
              100           0      1221
              150           0      1221
              200           0      1221

sub-010071 ep04
 min_cluster_size  n_clusters   n_noise
                3           3       168
                5          11       938
                7           4       967
                8           4       995
               10           2      1041
               20           2      1048
               30           2      1064
               50           2      1004
              100           0      1327
              150           0      1327
              200           0      1327

sub-010071 ep05
 min_cluster_size  n_clusters   n_noise
                3           2        22
                5           2      1152
                7           5      1876
                8           3      1802
               10           2      1671
               20           2      1681
               30           2      1770
               50           2      1665
              100           2      1624
              150           2      1608
              200           0      2191

sub-010071 ep06
 min_cluster_size  n_clusters   n_noise
                3           2         7
                5           3       809
                7           2       767
                8           2       753
               10           2       848
               20           2       837
               30           2       796
               50           2       833
              100           0      1154
              150           0      1154
              200           0      1154

sub-010072 ep00
 min_cluster_size  n_clusters   n_noise
                3           2        71
                5           2       568
                7           2       959
                8           2       944
               10           2       920
               20           2       953
               30           2       953
               50           2       878
              100           2       921
              150           0      1356
              200           0      1356

sub-010072 ep01
 min_cluster_size  n_clusters   n_noise
                3           2       131
                5           4       899
                7           2       948
                8           2       950
               10           2       954
               20           2       939
               30           2       909
               50           2       905
              100           2       964
              150           0      1331
              200           0      1331

sub-010072 ep02
 min_cluster_size  n_clusters   n_noise
                3           2        46
                5           5      1012
                7           2      1045
                8           2       971
               10           2       933
               20           2       991
               30           2       941
               50           2       959
              100           0      1366
              150           0      1366
              200           0      1366

sub-010072 ep03
 min_cluster_size  n_clusters   n_noise
                3           5       179
                5           2       774
                7           2      1372
                8           3      1458
               10           2      1435
               20           2      1511
               30           2      1467
               50           2      1416
              100           0      1575
              150           0      1575
              200           0      1575

sub-010072 ep04
 min_cluster_size  n_clusters   n_noise
                3           3       266
                5           3      1100
                7           2      1121
                8           2      1168
               10           2      1220
               20           2      1231
               30           2      1275
               50           0      1393
              100           0      1393
              150           0      1393
              200           0      1393

sub-010072 ep05
 min_cluster_size  n_clusters   n_noise
                3           4       285
                5           2       667
                7           2      1238
                8           2      1226
               10           2      1233
               20           2      1251
               30           0      1370
               50           0      1370
              100           0      1370
              150           0      1370
              200           0      1370

sub-010072 ep06
 min_cluster_size  n_clusters   n_noise
                3           2       305
                5           6       947
                7           4      1007
                8           2       981
               10           3      1017
               20           2      1004
               30           2      1034
               50           2      1046
              100           0      1173
              150           0      1173
              200           0      1173

sub-010073 ep00
 min_cluster_size  n_clusters   n_noise
                3          11       564
                5           3      1157
                7           2      1156
                8           2      1329
               10           2      1335
               20           0      1387
               30           0      1387
               50           0      1387
              100           0      1387
              150           0      1387
              200           0      1387

sub-010073 ep01
 min_cluster_size  n_clusters   n_noise
                3           2       154
                5           5      1165
                7           2      1140
                8           2      1203
               10           2      1227
               20           0      1353
               30           0      1353
               50           0      1353
              100           0      1353
              150           0      1353
              200           0      1353

sub-010073 ep02
 min_cluster_size  n_clusters   n_noise
                3           2        80
                5           2       763
                7           3      1231
                8           2      1262
               10           0      1351
               20           0      1351
               30           0      1351
               50           0      1351
              100           0      1351
              150           0      1351
              200           0      1351

sub-010073 ep03
 min_cluster_size  n_clusters   n_noise
                3           2       165
                5           3      1329
                7           2      1350
                8           2      1346
               10           2      1331
               20           2      1384
               30           2      1389
               50           0      1497
              100           0      1497
              150           0      1497
              200           0      1497

sub-010073 ep04
 min_cluster_size  n_clusters   n_noise
                3           3       478
                5           3       855
                7           3      1238
                8           2      1241
               10           2      1267
               20           0      1372
               30           0      1372
               50           0      1372
              100           0      1372
              150           0      1372
              200           0      1372

sub-010073 ep05
 min_cluster_size  n_clusters   n_noise
                3           2       350
                5           2       956
                7           2      1246
                8           3      1328
               10           3      1350
               20           0      1418
               30           0      1418
               50           0      1418
              100           0      1418
              150           0      1418
              200           0      1418

sub-010073 ep06
 min_cluster_size  n_clusters   n_noise
                3           4       385
                5           5      1137
                7           4      1158
                8           3      1179
               10           0      1299
               20           0      1299
               30           0      1299
               50           0      1299
              100           0      1299
              150           0      1299
              200           0      1299

sub-010074 ep00
 min_cluster_size  n_clusters   n_noise
                3           2       147
                5           7      1396
                7           2      1212
                8           2      1677
               10           2      1591
               20           0      2231
               30           0      2231
               50           0      2231
              100           0      2231
              150           0      2231
              200           0      2231

sub-010074 ep01
 min_cluster_size  n_clusters   n_noise
                3           2        23
                5           3       700
                7           2       838
                8           2      1343
               10           2      1381
               20           0      1530
               30           0      1530
               50           0      1530
              100           0      1530
              150           0      1530
              200           0      1530

sub-010074 ep02
 min_cluster_size  n_clusters   n_noise
                3           2       169
                5           3       597
                7           2       662
                8           2       670
               10           0      1348
               20           0      1348
               30           0      1348
               50           0      1348
              100           0      1348
              150           0      1348
              200           0      1348

sub-010074 ep03
 min_cluster_size  n_clusters   n_noise
                3           4       149
                5           2       446
                7           4       949
                8           2       956
               10           2       947
               20           2      1267
               30           2      1291
               50           0      1359
              100           0      1359
              150           0      1359
              200           0      1359

sub-010074 ep04
 min_cluster_size  n_clusters   n_noise
                3           3       185
                5           5       851
                7           2       769
                8           2      1076
               10           2      1090
               20           0      1355
               30           0      1355
               50           0      1355
              100           0      1355
              150           0      1355
              200           0      1355

sub-010074 ep05
 min_cluster_size  n_clusters   n_noise
                3           4       158
                5           2       550
                7           3      1062
                8           3      1003
               10           2       960
               20           0      1501
               30           0      1501
               50           0      1501
              100           0      1501
              150           0      1501
              200           0      1501

sub-010074 ep06
 min_cluster_size  n_clusters   n_noise
                3           2        29
                5           4       797
                7           3       802
                8           2       836
               10           2       863
               20           2      1176
               30           0      1242
               50           0      1242
              100           0      1242
              150           0      1242
              200           0      1242

sub-010075 ep00
 min_cluster_size  n_clusters   n_noise
                3           6       416
                5           3       845
                7           3      1125
                8           3      1089
               10           3      1077
               20           2      1038
               30           2      1095
               50           2      1017
              100           0      1337
              150           0      1337
              200           0      1337

sub-010075 ep01
 min_cluster_size  n_clusters   n_noise
                3           2        67
                5           6       858
                7           3       881
                8           2       708
               10           0      1320
               20           0      1320
               30           0      1320
               50           0      1320
              100           0      1320
              150           0      1320
              200           0      1320

sub-010075 ep02
 min_cluster_size  n_clusters   n_noise
                3           4       208
                5           2       244
                7           3       719
                8           2       756
               10           2      1222
               20           2      1283
               30           0      1331
               50           0      1331
              100           0      1331
              150           0      1331
              200           0      1331

sub-010075 ep03
 min_cluster_size  n_clusters   n_noise
                3           4       170
                5           6       820
                7           3       883
                8           3       909
               10           3       918
               20           2      1276
               30           0      1330
               50           0      1330
              100           0      1330
              150           0      1330
              200           0      1330

sub-010075 ep04
 min_cluster_size  n_clusters   n_noise
                3           2        83
                5           2       468
                7           2       452
                8           3      1252
               10           2      1239
               20           0      1301
               30           0      1301
               50           0      1301
              100           0      1301
              150           0      1301
              200           0      1301

sub-010075 ep05
 min_cluster_size  n_clusters   n_noise
                3           2        46
                5           4       395
                7           4       408
                8           4       374
               10           2       335
               20           0      1316
               30           0      1316
               50           0      1316
              100           0      1316
              150           0      1316
              200           0      1316

sub-010075 ep06
 min_cluster_size  n_clusters   n_noise
                3          18       417
                5           5       413
                7           3       438
                8           3       415
               10           3       430
               20           2      1108
               30           2      1118
               50           0      1190
              100           0      1190
              150           0      1190
              200           0      1190

sub-010076 ep00
 min_cluster_size  n_clusters   n_noise
                3           7       135
                5           2       705
                7           4      1692
                8           2      1655
               10           2      1690
               20           0      1776
               30           0      1776
               50           0      1776
              100           0      1776
              150           0      1776
              200           0      1776

sub-010076 ep01
 min_cluster_size  n_clusters   n_noise
                3           3        34
                5           3      1084
                7           2      1304
                8           2      1337
               10           2      1396
               20           2      1398
               30           0      1468
               50           0      1468
              100           0      1468
              150           0      1468
              200           0      1468

sub-010076 ep02
 min_cluster_size  n_clusters   n_noise
                3           2        80
                5           2       976
                7           4      1284
                8           3      1296
               10           3      1312
               20           0      1393
               30           0      1393
               50           0      1393
              100           0      1393
              150           0      1393
              200           0      1393

sub-010076 ep03
 min_cluster_size  n_clusters   n_noise
                3           4       154
                5           2       587
                7           2      1257
                8           2      1288
               10           4      1383
               20           0      1450
               30           0      1450
               50           0      1450
              100           0      1450
              150           0      1450
              200           0      1450

sub-010076 ep04
 min_cluster_size  n_clusters   n_noise
                3           5        66
                5           2       987
                7           2      1370
                8           2      1382
               10           2      1362
               20           0      1436
               30           0      1436
               50           0      1436
              100           0      1436
              150           0      1436
              200           0      1436

sub-010076 ep05
 min_cluster_size  n_clusters   n_noise
                3           7       319
                5           3      1412
                7           3      1499
                8           2      1526
               10           2      1545
               20           2      1579
               30           0      1643
               50           0      1643
              100           0      1643
              150           0      1643
              200           0      1643

sub-010076 ep06
 min_cluster_size  n_clusters   n_noise
                3           3       154
                5           5      1077
                7           3      1187
                8           2      1207
               10           2      1221
               20           0      1276
               30           0      1276
               50           0      1276
              100           0      1276
              150           0      1276
              200           0      1276

sub-010079 ep00
 min_cluster_size  n_clusters   n_noise
                3           2       178
                5           2       712
                7           4      1391
                8           3      1395
               10           3      1444
               20           2      1432
               30           2      1440
               50           0      1522
              100           0      1522
              150           0      1522
              200           0      1522

sub-010079 ep01
 min_cluster_size  n_clusters   n_noise
                3           2        35
                5           3      1243
                7           2      1392
                8           2      1477
               10           2      1419
               20           2      1471
               30           2      1450
               50           0      1530
              100           0      1530
              150           0      1530
              200           0      1530

sub-010079 ep02
 min_cluster_size  n_clusters   n_noise
                3           7       443
                5           3      1189
                7           2      1226
                8           2      1470
               10           2      1433
               20           2      1415
               30           0      1517
               50           0      1517
              100           0      1517
              150           0      1517
              200           0      1517

sub-010079 ep03
 min_cluster_size  n_clusters   n_noise
                3           2       113
                5           2      1243
                7           4      1395
                8           5      1407
               10           4      1402
               20           2      1442
               30           0      1522
               50           0      1522
              100           0      1522
              150           0      1522
              200           0      1522

sub-010079 ep04
 min_cluster_size  n_clusters   n_noise
                3           2       143
                5           2       938
                7           3      1438
                8           2      1382
               10           2      1391
               20           2      1428
               30           0      1530
               50           0      1530
              100           0      1530
              150           0      1530
              200           0      1530

sub-010079 ep05
 min_cluster_size  n_clusters   n_noise
                3           3       183
                5           3      1280
                7           2      1282
                8           2      1269
               10           2      1301
               20           2      1441
               30           0      1544
               50           0      1544
              100           0      1544
              150           0      1544
              200           0      1544

sub-010079 ep06
 min_cluster_size  n_clusters   n_noise
                3           2       122
                5           2       829
                7           4      1353
                8           3      1352
               10           2      1329
               20           0      1427
               30           0      1427
               50           0      1427
              100           0      1427
              150           0      1427
              200           0      1427

sub-010080 ep00
 min_cluster_size  n_clusters   n_noise
                3           2        33
                5           3       859
                7           2       948
                8           3      1006
               10           4      1139
               20           2      1109
               30           0      1297
               50           0      1297
              100           0      1297
              150           0      1297
              200           0      1297

sub-010080 ep01
 min_cluster_size  n_clusters   n_noise
                3           7       275
                5           2       793
                7           4      1121
                8           3      1143
               10           2      1241
               20           0      1315
               30           0      1315
               50           0      1315
              100           0      1315
              150           0      1315
              200           0      1315

sub-010080 ep02
 min_cluster_size  n_clusters   n_noise
                3           2       100
                5           3       840
                7           3      1158
                8           4      1205
               10           2      1174
               20           0      1372
               30           0      1372
               50           0      1372
              100           0      1372
              150           0      1372
              200           0      1372

sub-010080 ep03
 min_cluster_size  n_clusters   n_noise
                3           2        17
                5          10       987
                7           4      1067
                8           2       955
               10           2       993
               20           0      1352
               30           2      1099
               50           0      1352
              100           0      1352
              150           0      1352
              200           0      1352

sub-010080 ep04
 min_cluster_size  n_clusters   n_noise
                3           2       212
                5           4       891
                7           2      1267
                8           3      1143
               10           0      1424
               20           0      1424
               30           0      1424
               50           0      1424
              100           0      1424
              150           0      1424
              200           0      1424

sub-010080 ep05
 min_cluster_size  n_clusters   n_noise
                3           2       122
                5           4       737
                7           2       778
                8           3      1248
               10           2      1105
               20           0      1516
               30           0      1516
               50           0      1516
              100           0      1516
              150           0      1516
              200           0      1516

sub-010080 ep06
 min_cluster_size  n_clusters   n_noise
                3           2        12
                5           4       657
                7           2       689
                8           2       718
               10           2       800
               20           2       798
               30           2       816
               50           2       767
              100           2       736
              150           0      1157
              200           0      1157

sub-010081 ep00
 min_cluster_size  n_clusters   n_noise
                3           3        56
                5           2       181
                7           2      1524
                8           2      1563
               10           2      1562
               20           2      1606
               30           0      1696
               50           0      1696
              100           0      1696
              150           0      1696
              200           0      1696

sub-010081 ep01
 min_cluster_size  n_clusters   n_noise
                3           8       218
                5           2       703
                7           2      1444
                8           2      1456
               10           2      1528
               20           0      1618
               30           2      1517
               50           0      1618
              100           0      1618
              150           0      1618
              200           0      1618

sub-010081 ep02
 min_cluster_size  n_clusters   n_noise
                3          11       240
                5           2      1317
                7           2      1399
                8           2      1509
               10           2      1527
               20           2      1536
               30           2      1547
               50           0      1626
              100           0      1626
              150           0      1626
              200           0      1626

sub-010081 ep03
 min_cluster_size  n_clusters   n_noise
                3           2       123
                5           2       590
                7           2      1487
                8           2      1487
               10           2      1495
               20           2      1506
               30           2      1485
               50           0      1584
              100           0      1584
              150           0      1584
              200           0      1584

sub-010081 ep04
 min_cluster_size  n_clusters   n_noise
                3           2        71
                5           2      1341
                7           2      1411
                8           2      1483
               10           2      1500
               20           2      1547
               30           0      1592
               50           0      1592
              100           0      1592
              150           0      1592
              200           0      1592

sub-010081 ep05
 min_cluster_size  n_clusters   n_noise
                3           9       273
                5           2       660
                7           3      1971
                8           3      2003
               10           2      1965
               20           2      2066
               30           2      2075
               50           2      2059
              100           0      2217
              150           0      2217
              200           0      2217

sub-010081 ep06
 min_cluster_size  n_clusters   n_noise
                3          15       457
                5           2       322
                7           2      1271
                8           3      1315
               10           2      1315
               20           2      1340
               30           2      1342
               50           0      1434
              100           0      1434
              150           0      1434
              200           0      1434

sub-010083 ep00
 min_cluster_size  n_clusters   n_noise
                3           2       122
                5           2       937
                7           2      1046
                8           2      1032
               10           3      1256
               20           0      1408
               30           0      1408
               50           0      1408
              100           0      1408
              150           0      1408
              200           0      1408

sub-010083 ep01
 min_cluster_size  n_clusters   n_noise
                3           2        66
                5           2       960
                7           2      1211
                8           2      1127
               10           2      1189
               20           2      1336
               30           2      1274
               50           0      1430
              100           0      1430
              150           0      1430
              200           0      1430

sub-010083 ep02
 min_cluster_size  n_clusters   n_noise
                3          70      1041
                5           3      1044
                7           2      1169
                8           2      1184
               10           2      1334
               20           0      1404
               30           0      1404
               50           0      1404
              100           0      1404
              150           0      1404
              200           0      1404

sub-010083 ep03
 min_cluster_size  n_clusters   n_noise
                3           5       229
                5          13      1211
                7           2      1086
                8           2      1096
               10           3      1332
               20           0      1400
               30           0      1400
               50           0      1400
              100           0      1400
              150           0      1400
              200           0      1400

sub-010083 ep04
 min_cluster_size  n_clusters   n_noise
                3           2       135
                5           5       864
                7           2       957
                8           3      1247
               10           2      1313
               20           2      1304
               30           2      1327
               50           0      1416
              100           0      1416
              150           0      1416
              200           0      1416

sub-010083 ep05
 min_cluster_size  n_clusters   n_noise
                3           2       104
                5           7      1145
                7           3      1054
                8           2      1105
               10           3      1216
               20           2      1177
               30           2      1148
               50           2      1201
              100           0      1431
              150           0      1431
              200           0      1431

sub-010083 ep06
 min_cluster_size  n_clusters   n_noise
                3           3        57
                5           2       792
                7           2      1008
                8           3      1146
               10           3      1158
               20           2      1162
               30           0      1299
               50           0      1299
              100           0      1299
              150           0      1299
              200           0      1299

sub-010084 ep00
 min_cluster_size  n_clusters   n_noise
                3           2       236
                5           3       764
                7           2       672
                8           2      1024
               10           2      1082
               20           2       969
               30           2       962
               50           2       934
              100           2       919
              150           0      1321
              200           0      1321

sub-010084 ep01
 min_cluster_size  n_clusters   n_noise
                3           5       280
                5           7      1053
                7           3      1040
                8           3      1069
               10           2      1092
               20           2      1029
               30           2       971
               50           2      1069
              100           0      1364
              150           0      1364
              200           0      1364

sub-010084 ep02
 min_cluster_size  n_clusters   n_noise
                3           4       177
                5           2      1026
                7           2       973
                8           2      1019
               10           2      1063
               20           2      1055
               30           2      1050
               50           2      1022
              100           0      1434
              150           0      1434
              200           0      1434

sub-010084 ep03
 min_cluster_size  n_clusters   n_noise
                3           3       162
                5           2       864
                7           2       969
                8           2       937
               10           2       913
               20           2       862
               30           2       941
               50           2       938
              100           0      1291
              150           0      1291
              200           0      1291

sub-010084 ep04
 min_cluster_size  n_clusters   n_noise
                3           2       213
                5           4      1236
                7           2      1012
                8           2      1078
               10           2      1177
               20           2      1152
               30           2      1123
               50           2      1150
              100           2      1160
              150           0      1655
              200           0      1655

sub-010084 ep05
 min_cluster_size  n_clusters   n_noise
                3           2       101
                5           6      1426
                7           2      1487
                8           2      1471
               10           2      1463
               20           2      1350
               30           2      1296
               50           2      1350
              100           0      1646
              150           0      1646
              200           0      1646

sub-010085 ep00
 min_cluster_size  n_clusters   n_noise
                3           3        49
                5           2      1449
                7           3      1735
                8           2      1751
               10           2      1763
               20           2      1783
               30           0      1841
               50           0      1841
              100           0      1841
              150           0      1841
              200           0      1841

sub-010085 ep01
 min_cluster_size  n_clusters   n_noise
                3           3       157
                5           2       976
                7           2      1713
                8           2      1720
               10           2      1736
               20           0      1770
               30           0      1770
               50           0      1770
              100           0      1770
              150           0      1770
              200           0      1770

sub-010085 ep02
 min_cluster_size  n_clusters   n_noise
                3           2       173
                5           2      1115
                7           2      1654
                8           2      1663
               10           2      1672
               20           2      1691
               30           0      1754
               50           0      1754
              100           0      1754
              150           0      1754
              200           0      1754

sub-010085 ep03
 min_cluster_size  n_clusters   n_noise
                3           2       107
                5           7      1609
                7           3      1622
                8           3      1638
               10           2      1638
               20           2      1682
               30           0      1744
               50           0      1744
              100           0      1744
              150           0      1744
              200           0      1744

sub-010085 ep04
 min_cluster_size  n_clusters   n_noise
                3           3       267
                5           5      1638
                7           2      1590
                8           3      1725
               10           2      1736
               20           0      1773
               30           0      1773
               50           0      1773
              100           0      1773
              150           0      1773
              200           0      1773

sub-010085 ep05
 min_cluster_size  n_clusters   n_noise
                3           3       259
                5           2      1389
                7           2      1442
                8           2      1458
               10           2      1509
               20           2      1527
               30           0      1593
               50           0      1593
              100           0      1593
              150           0      1593
              200           0      1593

sub-010085 ep06
 min_cluster_size  n_clusters   n_noise
                3           2       374
                5           2      1108
                7           3      1327
                8           2      1341
               10           2      1356
               20           2      1341
               30           0      1412
               50           0      1412
              100           0      1412
              150           0      1412
              200           0      1412

sub-010086 ep00
 min_cluster_size  n_clusters   n_noise
                3           2       119
                5           2       390
                7           2       869
                8           3      1355
               10           2      1384
               20           0      1425
               30           0      1425
               50           0      1425
              100           0      1425
              150           0      1425
              200           0      1425

sub-010086 ep01
 min_cluster_size  n_clusters   n_noise
                3           8       181
                5           3       289
                7           2      1369
                8           3      1478
               10           0      1515
               20           0      1515
               30           0      1515
               50           0      1515
              100           0      1515
              150           0      1515
              200           0      1515

sub-010086 ep02
 min_cluster_size  n_clusters   n_noise
                3           4        84
                5           3      1098
                7           2      1506
                8           2      1479
               10           2      1499
               20           0      1599
               30           0      1599
               50           0      1599
              100           0      1599
              150           0      1599
              200           0      1599

sub-010086 ep03
 min_cluster_size  n_clusters   n_noise
                3           6        89
                5           5      1129
                7           3      1154
                8           2      1149
               10           2      1418
               20           2      1418
               30           0      1485
               50           0      1485
              100           0      1485
              150           0      1485
              200           0      1485

sub-010086 ep04
 min_cluster_size  n_clusters   n_noise
                3           8       305
                5           2       813
                7           2      1135
                8           2      1234
               10           0      1331
               20           0      1331
               30           0      1331
               50           0      1331
              100           0      1331
              150           0      1331
              200           0      1331

sub-010086 ep05
 min_cluster_size  n_clusters   n_noise
                3           2       188
                5           3       808
                7           3      1300
                8           2      1189
               10           2      1278
               20           0      1336
               30           0      1336
               50           0      1336
              100           0      1336
              150           0      1336
              200           0      1336

sub-010086 ep06
 min_cluster_size  n_clusters   n_noise
                3           4        86
                5           7       850
                7           6       940
                8           4       974
               10           3       922
               20           2       982
               30           2       966
               50           2       920
              100           0      1232
              150           0      1232
              200           0      1232

sub-010088 ep00
 min_cluster_size  n_clusters   n_noise
                3          13       682
                5           4      1190
                7           2      1274
                8           2      1279
               10           2      1361
               20           2      1419
               30           2      1415
               50           2      1395
              100           0      1604
              150           0      1604
              200           0      1604

sub-010088 ep01
 min_cluster_size  n_clusters   n_noise
                3           3       197
                5           2      1720
                7           4      1947
                8           3      1977
               10           2      1971
               20           2      2049
               30           2      2063
               50           0      2148
              100           0      2148
              150           0      2148
              200           0      2148

sub-010088 ep02
 min_cluster_size  n_clusters   n_noise
                3           2       107
                5           2       953
                7           2      1517
                8           2      1543
               10           2      1553
               20           2      1514
               30           2      1508
               50           2      1551
              100           0      1783
              150           0      1783
              200           0      1783

sub-010088 ep03
 min_cluster_size  n_clusters   n_noise
                3           3       264
                5           2       408
                7           2      1316
                8           2      1345
               10           2      1366
               20           2      1353
               30           2      1442
               50           2      1451
              100           0      1588
              150           0      1588
              200           0      1588

sub-010088 ep04
 min_cluster_size  n_clusters   n_noise
                3           2        56
                5           2       585
                7           2      1373
                8           2      1301
               10           2      1333
               20           2      1409
               30           2      1464
               50           2      1504
              100           2      1532
              150           0      1775
              200           0      1775

sub-010088 ep05
 min_cluster_size  n_clusters   n_noise
                3           4       493
                5           4      1242
                7           2      1253
                8           2      1316
               10           2      1406
               20           2      1424
               30           2      1418
               50           2      1402
              100           2      1454
              150           0      1739
              200           0      1739

sub-010088 ep06
 min_cluster_size  n_clusters   n_noise
                3           2        60
                5           2       984
                7           2      1056
                8           2      1084
               10           2      1139
               20           2      1139
               30           2      1169
               50           2      1246
              100           0      1448
              150           0      1448
              200           0      1448

sub-010089 ep00
 min_cluster_size  n_clusters   n_noise
                3           2       168
                5           2       840
                7           2      1628
                8           2      1686
               10           0      1709
               20           0      1709
               30           0      1709
               50           0      1709
              100           0      1709
              150           0      1709
              200           0      1709

sub-010089 ep01
 min_cluster_size  n_clusters   n_noise
                3           3        30
                5           2        50
                7           2      1712
                8           2      1711
               10           2      1721
               20           0      1771
               30           0      1771
               50           0      1771
              100           0      1771
              150           0      1771
              200           0      1771

sub-010089 ep02
 min_cluster_size  n_clusters   n_noise
                3           2        59
                5           2      1317
                7           2      1776
                8           2      1763
               10           2      1802
               20           0      1859
               30           0      1859
               50           0      1859
              100           0      1859
              150           0      1859
              200           0      1859

sub-010089 ep03
 min_cluster_size  n_clusters   n_noise
                3           2        20
                5           2       858
                7           2      1824
                8           2      1843
               10           0      1901
               20           0      1901
               30           0      1901
               50           0      1901
              100           0      1901
              150           0      1901
              200           0      1901

sub-010089 ep04
 min_cluster_size  n_clusters   n_noise
                3           2       100
                5           2      1239
                7           2      1314
                8           2      1817
               10           2      1868
               20           0      1911
               30           0      1911
               50           0      1911
              100           0      1911
              150           0      1911
              200           0      1911

sub-010089 ep05
 min_cluster_size  n_clusters   n_noise
                3           2       112
                5           2       945
                7           2       825
                8           3      1728
               10           2      1747
               20           2      1728
               30           0      1798
               50           0      1798
              100           0      1798
              150           0      1798
              200           0      1798

sub-010090 ep00
 min_cluster_size  n_clusters   n_noise
                3           2        42
                5           2       726
                7           3      1419
                8           2      1457
               10           2      1467
               20           0      1543
               30           0      1543
               50           0      1543
              100           0      1543
              150           0      1543
              200           0      1543

sub-010090 ep01
 min_cluster_size  n_clusters   n_noise
                3           2       184
                5           2       957
                7           2      1378
                8           2      1422
               10           3      1428
               20           0      1526
               30           0      1526
               50           0      1526
              100           0      1526
              150           0      1526
              200           0      1526

sub-010090 ep02
 min_cluster_size  n_clusters   n_noise
                3           3       148
                5           2       966
                7           4      1435
                8           4      1444
               10           2      1454
               20           0      1505
               30           0      1505
               50           0      1505
              100           0      1505
              150           0      1505
              200           0      1505

sub-010090 ep03
 min_cluster_size  n_clusters   n_noise
                3           6       360
                5           7      1403
                7           2      1199
                8           2      1534
               10           2      1502
               20           2      1510
               30           0      1612
               50           0      1612
              100           0      1612
              150           0      1612
              200           0      1612

sub-010090 ep04
 min_cluster_size  n_clusters   n_noise
                3           2        98
                5           2       877
                7           6      1376
                8           3      1372
               10           2      1374
               20           2      1394
               30           0      1478
               50           0      1478
              100           0      1478
              150           0      1478
              200           0      1478

sub-010090 ep05
 min_cluster_size  n_clusters   n_noise
                3           3       207
                5           4       952
                7           2      1395
                8           3      1428
               10           2      1431
               20           2      1455
               30           0      1553
               50           0      1553
              100           0      1553
              150           0      1553
              200           0      1553

sub-010090 ep06
 min_cluster_size  n_clusters   n_noise
                3           5       335
                5           2       966
                7           4      1248
                8           2      1232
               10           3      1245
               20           2      1335
               30           0      1381
               50           0      1381
              100           0      1381
              150           0      1381
              200           0      1381

sub-010091 ep00
 min_cluster_size  n_clusters   n_noise
                3           2       145
                5           2       748
                7           4      1054
                8           3      1038
               10           3      1086
               20           2      1108
               30           2      1086
               50           0      1308
              100           0      1308
              150           0      1308
              200           0      1308

sub-010091 ep01
 min_cluster_size  n_clusters   n_noise
                3           2        78
                5           5      1001
                7           2      1089
                8           2      1111
               10           3      1291
               20           2      1275
               30           0      1363
               50           0      1363
              100           0      1363
              150           0      1363
              200           0      1363

sub-010091 ep02
 min_cluster_size  n_clusters   n_noise
                3           2       157
                5           2      1037
                7           3      1327
                8           2      1534
               10           2      1525
               20           0      1583
               30           0      1583
               50           0      1583
              100           0      1583
              150           0      1583
              200           0      1583

sub-010091 ep03
 min_cluster_size  n_clusters   n_noise
                3           2         8
                5           2       687
                7           2      1292
                8           2      1306
               10           2      1439
               20           0      1606
               30           0      1606
               50           0      1606
              100           0      1606
              150           0      1606
              200           0      1606

sub-010091 ep04
 min_cluster_size  n_clusters   n_noise
                3           2       129
                5           2       686
                7           2       659
                8           2       646
               10           2      1466
               20           0      1505
               30           0      1505
               50           0      1505
              100           0      1505
              150           0      1505
              200           0      1505

sub-010091 ep05
 min_cluster_size  n_clusters   n_noise
                3           2        21
                5           5      1007
                7           2      1256
                8           2      1133
               10           2      1330
               20           0      1366
               30           0      1366
               50           0      1366
              100           0      1366
              150           0      1366
              200           0      1366

sub-010091 ep06
 min_cluster_size  n_clusters   n_noise
                3           4        90
                5           2       310
                7           0      1222
                8           0      1222
               10           0      1222
               20           0      1222
               30           0      1222
               50           0      1222
              100           0      1222
              150           0      1222
              200           0      1222

sub-010092 ep00
 min_cluster_size  n_clusters   n_noise
                3           2       143
                5           7      1441
                7           6      1482
                8           4      1484
               10           3      1528
               20           2      1517
               30           0      1579
               50           0      1579
              100           0      1579
              150           0      1579
              200           0      1579

sub-010092 ep01
 min_cluster_size  n_clusters   n_noise
                3          24       705
                5           4       774
                7           2      1383
                8           3      1394
               10           3      1418
               20           0      1473
               30           0      1473
               50           0      1473
              100           0      1473
              150           0      1473
              200           0      1473

sub-010092 ep02
 min_cluster_size  n_clusters   n_noise
                3           2        91
                5           3       971
                7           2      1482
                8           0      1538
               10           2      1513
               20           0      1538
               30           0      1538
               50           0      1538
              100           0      1538
              150           0      1538
              200           0      1538

sub-010092 ep03
 min_cluster_size  n_clusters   n_noise
                3           2       119
                5           3       583
                7           2      1555
                8           0      1601
               10           0      1601
               20           0      1601
               30           0      1601
               50           0      1601
              100           0      1601
              150           0      1601
              200           0      1601

sub-010092 ep04
 min_cluster_size  n_clusters   n_noise
                3           2       150
                5           3       907
                7           2      1434
                8           2      1478
               10           2      1517
               20           0      1558
               30           0      1558
               50           0      1558
              100           0      1558
              150           0      1558
              200           0      1558

sub-010092 ep05
 min_cluster_size  n_clusters   n_noise
                3           4       191
                5           6      1170
                7           4      1431
                8           3      1443
               10           3      1434
               20           2      1471
               30           0      1514
               50           0      1514
              100           0      1514
              150           0      1514
              200           0      1514

sub-010093 ep00
 min_cluster_size  n_clusters   n_noise
                3           2        19
                5           7      1227
                7           3      1234
                8           2      1229
               10           2      1254
               20           0      1309
               30           0      1309
               50           0      1309
              100           0      1309
              150           0      1309
              200           0      1309

sub-010093 ep01
 min_cluster_size  n_clusters   n_noise
                3           2        22
                5           4      1245
                7           2      1243
                8           2      1242
               10           2      1264
               20           0      1310
               30           0      1310
               50           0      1310
              100           0      1310
              150           0      1310
              200           0      1310

sub-010093 ep02
 min_cluster_size  n_clusters   n_noise
                3           2         2
                5           2      1172
                7           2      1200
                8           2      1257
               10           2      1271
               20           0      1304
               30           0      1304
               50           0      1304
              100           0      1304
              150           0      1304
              200           0      1304

sub-010093 ep03
 min_cluster_size  n_clusters   n_noise
                3           2        14
                5           2      1194
                7           2      1016
                8           2      1292
               10           2      1373
               20           0      1412
               30           0      1412
               50           0      1412
              100           0      1412
              150           0      1412
              200           0      1412

sub-010093 ep04
 min_cluster_size  n_clusters   n_noise
                3           2       228
                5           4      1258
                7           2      1257
                8           2      1243
               10           2      1280
               20           0      1340
               30           0      1340
               50           0      1340
              100           0      1340
              150           0      1340
              200           0      1340

sub-010093 ep05
 min_cluster_size  n_clusters   n_noise
                3           4        60
                5           3      1202
                7           3      1242
                8           2      1257
               10           2      1244
               20           2      1254
               30           0      1328
               50           0      1328
              100           0      1328
              150           0      1328
              200           0      1328

sub-010093 ep06
 min_cluster_size  n_clusters   n_noise
                3           6       367
                5           4      1089
                7           2      1169
                8           2      1141
               10           0      1206
               20           0      1206
               30           0      1206
               50           0      1206
              100           0      1206
              150           0      1206
              200           0      1206

sub-010094 ep00
 min_cluster_size  n_clusters   n_noise
                3           2        12
                5           2       418
                7           2      1144
                8           2      1126
               10           2      1126
               20           2      1597
               30           0      1646
               50           0      1646
              100           0      1646
              150           0      1646
              200           0      1646

sub-010094 ep01
 min_cluster_size  n_clusters   n_noise
                3           2        26
                5           3       523
                7           2       330
                8           2       312
               10           2      1521
               20           2      1505
               30           0      1594
               50           0      1594
              100           0      1594
              150           0      1594
              200           0      1594

sub-010094 ep02
 min_cluster_size  n_clusters   n_noise
                3           3       145
                5           2       143
                7           2      1613
                8           2      1615
               10           2      1641
               20           2      1648
               30           0      1725
               50           0      1725
              100           0      1725
              150           0      1725
              200           0      1725

sub-010094 ep03
 min_cluster_size  n_clusters   n_noise
                3           2        46
                5           8      1714
                7           3      1774
                8           3      1761
               10           2      1767
               20           0      1882
               30           0      1882
               50           0      1882
              100           0      1882
              150           0      1882
              200           0      1882

sub-010094 ep04
 min_cluster_size  n_clusters   n_noise
                3           2        13
                5           4      1379
                7           3      1408
                8           2      1413
               10           2      1417
               20           2      1468
               30           0      1542
               50           0      1542
              100           0      1542
              150           0      1542
              200           0      1542

sub-010094 ep05
 min_cluster_size  n_clusters   n_noise
                3           7       140
                5           3      1081
                7           3      1669
                8           2      1657
               10           2      1640
               20           2      1659
               30           0      1731
               50           0      1731
              100           0      1731
              150           0      1731
              200           0      1731

sub-010094 ep06
 min_cluster_size  n_clusters   n_noise
                3           3        92
                5           2       306
                7           2      1198
                8           3      1354
               10           0      1431
               20           0      1431
               30           0      1431
               50           0      1431
              100           0      1431
              150           0      1431
              200           0      1431

sub-010104 ep00
 min_cluster_size  n_clusters   n_noise
                3           2        36
                5           3      1425
                7           5      1687
                8           4      1677
               10           2      1682
               20           2      1713
               30           0      1769
               50           0      1769
              100           0      1769
              150           0      1769
              200           0      1769

sub-010104 ep01
 min_cluster_size  n_clusters   n_noise
                3           3       271
                5           4      1501
                7           4      1597
                8           3      1628
               10           3      1621
               20           2      1659
               30           0      1723
               50           0      1723
              100           0      1723
              150           0      1723
              200           0      1723

sub-010104 ep02
 min_cluster_size  n_clusters   n_noise
                3           2       402
                5           2      1308
                7           2      1521
                8           3      1592
               10           3      1603
               20           2      1629
               30           0      1681
               50           0      1681
              100           0      1681
              150           0      1681
              200           0      1681

sub-010104 ep03
 min_cluster_size  n_clusters   n_noise
                3           2        55
                5           3      1644
                7           3      1750
                8           2      1742
               10           2      1760
               20           0      1806
               30           0      1806
               50           0      1806
              100           0      1806
              150           0      1806
              200           0      1806

sub-010104 ep04
 min_cluster_size  n_clusters   n_noise
                3           3       109
                5           3      1512
                7           3      1579
                8           3      1595
               10           3      1607
               20           0      1714
               30           0      1714
               50           0      1714
              100           0      1714
              150           0      1714
              200           0      1714

sub-010104 ep05
 min_cluster_size  n_clusters   n_noise
                3           2       152
                5           2      1443
                7           2      1512
                8           2      1522
               10           2      1623
               20           0      1658
               30           0      1658
               50           0      1658
              100           0      1658
              150           0      1658
              200           0      1658

sub-010104 ep06
 min_cluster_size  n_clusters   n_noise
                3          10       776
                5           5      1283
                7           5      1321
                8           3      1336
               10           2      1323
               20           2      1348
               30           0      1427
               50           0      1427
              100           0      1427
              150           0      1427
              200           0      1427

sub-010126 ep00
 min_cluster_size  n_clusters   n_noise
                3           4       249
                5           2       774
                7           4      1105
                8           3      1087
               10           3      1125
               20           0      1254
               30           0      1254
               50           0      1254
              100           0      1254
              150           0      1254
              200           0      1254

sub-010126 ep01
 min_cluster_size  n_clusters   n_noise
                3           2        22
                5           2       385
                7           2       903
                8           3      1156
               10           2      1165
               20           0      1233
               30           0      1233
               50           0      1233
              100           0      1233
              150           0      1233
              200           0      1233

sub-010126 ep02
 min_cluster_size  n_clusters   n_noise
                3           4       117
                5           3       825
                7           2       861
                8           2       873
               10           2       965
               20           2       940
               30           2       937
               50           2       989
              100           0      1306
              150           0      1306
              200           0      1306

sub-010126 ep03
 min_cluster_size  n_clusters   n_noise
                3           2       117
                5           4      1057
                7           2      1191
                8           2      1242
               10           2      1145
               20           2      1101
               30           2      1061
               50           2      1111
              100           2      1082
              150           2      1163
              200           0      1632

sub-010126 ep04
 min_cluster_size  n_clusters   n_noise
                3           2        55
                5           6      1289
                7           2      1293
                8           2      1252
               10           2      1360
               20           2      1376
               30           2      1356
               50           2      1435
              100           2      1447
              150           0      1836
              200           0      1836

sub-010126 ep05
 min_cluster_size  n_clusters   n_noise
                3           2       113
                5           2       465
                7           2       943
                8           2       971
               10           2      1054
               20           2      1066
               30           2      1045
               50           2       999
              100           0      1267
              150           0      1267
              200           0      1267

sub-010126 ep06
 min_cluster_size  n_clusters   n_noise
                3           3       201
                5           7       855
                7           4       917
                8           3       975
               10           2      1000
               20           2       953
               30           2       934
               50           2       909
              100           0      1166
              150           0      1166
              200           0      1166

sub-010134 ep00
 min_cluster_size  n_clusters   n_noise
                3           2       110
                5           6      1161
                7           2      1313
                8           2      1350
               10           2      1339
               20           2      1409
               30           2      1380
               50           0      1513
              100           0      1513
              150           0      1513
              200           0      1513

sub-010134 ep01
 min_cluster_size  n_clusters   n_noise
                3           2       217
                5           2       962
                7           2      1240
                8           2      1359
               10           2      1369
               20           2      1440
               30           2      1411
               50           0      1522
              100           0      1522
              150           0      1522
              200           0      1522

sub-010134 ep02
 min_cluster_size  n_clusters   n_noise
                3           3       100
                5           3      1061
                7           4      1331
                8           3      1300
               10           2      1323
               20           2      1301
               30           2      1365
               50           0      1491
              100           0      1491
              150           0      1491
              200           0      1491

sub-010134 ep03
 min_cluster_size  n_clusters   n_noise
                3           3       249
                5           3      1173
                7           2      1319
                8           2      1360
               10           3      1397
               20           2      1423
               30           0      1476
               50           0      1476
              100           0      1476
              150           0      1476
              200           0      1476

sub-010134 ep04
 min_cluster_size  n_clusters   n_noise
                3           2       234
                5           2      1200
                7           3      1418
                8           4      1406
               10           4      1439
               20           2      1478
               30           0      1539
               50           0      1539
              100           0      1539
              150           0      1539
              200           0      1539

sub-010134 ep05
 min_cluster_size  n_clusters   n_noise
                3           7       669
                5           7      1373
                7           3      1319
                8           2      1307
               10           0      1465
               20           0      1465
               30           0      1465
               50           0      1465
              100           0      1465
              150           0      1465
              200           0      1465

sub-010134 ep06
 min_cluster_size  n_clusters   n_noise
                3           2        69
                5           2       929
                7           2      1034
                8           2      1262
               10           2      1311
               20           0      1394
               30           0      1394
               50           0      1394
              100           0      1394
              150           0      1394
              200           0      1394

sub-010136 ep00
 min_cluster_size  n_clusters   n_noise
                3           5       293
                5          10      1260
                7           2      1226
                8           4      1330
               10           2      1365
               20           2      1338
               30           0      1408
               50           0      1408
              100           0      1408
              150           0      1408
              200           0      1408

sub-010136 ep01
 min_cluster_size  n_clusters   n_noise
                3           2        30
                5           2       889
                7           3      1136
                8           0      1389
               10           2      1367
               20           0      1389
               30           0      1389
               50           0      1389
              100           0      1389
              150           0      1389
              200           0      1389

sub-010136 ep02
 min_cluster_size  n_clusters   n_noise
                3           7       232
                5           2       929
                7           2      1379
                8           3      1401
               10           2      1415
               20           2      1393
               30           2      1427
               50           0      1543
              100           0      1543
              150           0      1543
              200           0      1543

sub-010136 ep03
 min_cluster_size  n_clusters   n_noise
                3           2       123
                5           2       400
                7           2      1129
                8           2      1256
               10           3      1286
               20           0      1379
               30           0      1379
               50           0      1379
              100           0      1379
              150           0      1379
              200           0      1379

sub-010136 ep04
 min_cluster_size  n_clusters   n_noise
                3           2         2
                5           2       857
                7           2      1192
                8           3      1442
               10           2      1468
               20           0      1495
               30           0      1495
               50           0      1495
              100           0      1495
              150           0      1495
              200           0      1495

sub-010136 ep05
 min_cluster_size  n_clusters   n_noise
                3           3       148
                5           3       931
                7           3      1365
                8           2      1241
               10           2      1392
               20           2      1368
               30           0      1449
               50           0      1449
              100           0      1449
              150           0      1449
              200           0      1449

sub-010136 ep06
 min_cluster_size  n_clusters   n_noise
                3           4       200
                5           3      1074
                7           3      1134
                8           2      1101
               10           3      1135
               20           2      1188
               30           2      1164
               50           0      1251
              100           0      1251
              150           0      1251
              200           0      1251

sub-010137 ep00
 min_cluster_size  n_clusters   n_noise
                3           2        97
                5           6       832
                7           3       898
                8           2       868
               10           2       850
               20           2       770
               30           2       759
               50           2       760
              100           2       796
              150           2       867
              200           2       948

sub-010137 ep01
 min_cluster_size  n_clusters   n_noise
                3           5       214
                5           8      1528
                7           4      1606
                8           2      1431
               10           2      1416
               20           2      1370
               30           2      1458
               50           2      1328
              100           2      1301
              150           2      1479
              200           2      1538

sub-010137 ep02
 min_cluster_size  n_clusters   n_noise
                3           6       113
                5           9       799
                7           2       690
                8           2       663
               10           2       737
               20           2       698
               30           2       688
               50           2       692
              100           2       759
              150           2       800
              200           0      1263

sub-010137 ep03
 min_cluster_size  n_clusters   n_noise
                3           2        95
                5           3       548
                7           2       569
                8           2       543
               10           2       535
               20           2       532
               30           2       526
               50           2       442
              100           2       534
              150           2       529
              200           2       581

sub-010137 ep04
 min_cluster_size  n_clusters   n_noise
                3           5       258
                5           4       635
                7           2       702
                8           2       725
               10           2       685
               20           2       689
               30           2       722
               50           2       650
              100           2       725
              150           2       739
              200           0      1254

sub-010137 ep05
 min_cluster_size  n_clusters   n_noise
                3           2        22
                5           3       553
                7           3       573
                8           3       573
               10           2       571
               20           2       616
               30           2       594
               50           2       518
              100           2       580
              150           2       715
              200           0      1274

sub-010137 ep06
 min_cluster_size  n_clusters   n_noise
                3           2       188
                5           4       741
                7           2       726
                8           4      1002
               10           2       947
               20           2       943
               30           2       976
               50           2       919
              100           0      1167
              150           0      1167
              200           0      1167

sub-010138 ep00
 min_cluster_size  n_clusters   n_noise
                3           2        71
                5           5       706
                7           2      1448
                8           2      1473
               10           2      1499
               20           0      1570
               30           0      1570
               50           0      1570
              100           0      1570
              150           0      1570
              200           0      1570

sub-010138 ep01
 min_cluster_size  n_clusters   n_noise
                3           7       234
                5           5       976
                7           2       564
                8           3      1514
               10           2      1513
               20           0      1608
               30           0      1608
               50           0      1608
              100           0      1608
              150           0      1608
              200           0      1608

sub-010138 ep02
 min_cluster_size  n_clusters   n_noise
                3           4       145
                5           3      1202
                7           3      1397
                8           2      1398
               10           2      1410
               20           2      1448
               30           0      1545
               50           0      1545
              100           0      1545
              150           0      1545
              200           0      1545

sub-010138 ep03
 min_cluster_size  n_clusters   n_noise
                3          10       292
                5           3      1220
                7           2      1577
                8           2      1568
               10           2      1574
               20           0      1664
               30           0      1664
               50           0      1664
              100           0      1664
              150           0      1664
              200           0      1664

sub-010138 ep04
 min_cluster_size  n_clusters   n_noise
                3           2        23
                5           3       839
                7           3       750
                8           2      1653
               10           2      1641
               20           2      1647
               30           2      1665
               50           0      1739
              100           0      1739
              150           0      1739
              200           0      1739

sub-010138 ep05
 min_cluster_size  n_clusters   n_noise
                3           2       103
                5           3       496
                7           2       423
                8           2      1427
               10           0      1522
               20           0      1522
               30           0      1522
               50           0      1522
              100           0      1522
              150           0      1522
              200           0      1522

sub-010138 ep06
 min_cluster_size  n_clusters   n_noise
                3          16       471
                5           2       352
                7           2      1246
                8           3      1235
               10           2      1219
               20           0      1333
               30           0      1333
               50           0      1333
              100           0      1333
              150           0      1333
              200           0      1333

sub-010141 ep00
 min_cluster_size  n_clusters   n_noise
                3           3       285
                5          15      1947
                7           2      1896
                8           5      1984
               10           2      1950
               20           2      2044
               30           0      2107
               50           0      2107
              100           0      2107
              150           0      2107
              200           0      2107

sub-010141 ep01
 min_cluster_size  n_clusters   n_noise
                3           3       183
                5           2       752
                7           2      1371
                8           2      1278
               10           2      1464
               20           2      1499
               30           2      1522
               50           0      1626
              100           0      1626
              150           0      1626
              200           0      1626

sub-010141 ep02
 min_cluster_size  n_clusters   n_noise
                3           2       295
                5           3      1118
                7           2      1277
                8           2      1474
               10           3      1535
               20           2      1577
               30           2      1555
               50           0      1639
              100           0      1639
              150           0      1639
              200           0      1639

sub-010141 ep03
 min_cluster_size  n_clusters   n_noise
                3           2       163
                5           5      1903
                7           4      2174
                8           3      2162
               10           2      2165
               20           2      2237
               30           0      2282
               50           0      2282
              100           0      2282
              150           0      2282
              200           0      2282

sub-010141 ep04
 min_cluster_size  n_clusters   n_noise
                3           8       424
                5           7      1600
                7           2      1589
                8           2      1613
               10           3      1641
               20           0      1705
               30           0      1705
               50           0      1705
              100           0      1705
              150           0      1705
              200           0      1705

sub-010141 ep05
 min_cluster_size  n_clusters   n_noise
                3           2       108
                5           4      1425
                7           3      1490
                8           3      1497
               10           4      1542
               20           0      1597
               30           0      1597
               50           0      1597
              100           0      1597
              150           0      1597
              200           0      1597

sub-010141 ep06
 min_cluster_size  n_clusters   n_noise
                3           2       165
                5           9      1289
                7           5      1314
                8           3      1332
               10           2      1333
               20           0      1389
               30           0      1389
               50           0      1389
              100           0      1389
              150           0      1389
              200           0      1389

sub-010142 ep00
 min_cluster_size  n_clusters   n_noise
                3           2        27
                5           2       874
                7           3      1201
                8           2      1225
               10           2      1229
               20           2      1313
               30           2      1320
               50           0      1429
              100           0      1429
              150           0      1429
              200           0      1429

sub-010142 ep01
 min_cluster_size  n_clusters   n_noise
                3           3        57
                5           3      1140
                7           3      1379
                8           2      1403
               10           2      1404
               20           2      1406
               30           2      1453
               50           0      1571
              100           0      1571
              150           0      1571
              200           0      1571

sub-010142 ep02
 min_cluster_size  n_clusters   n_noise
                3           2        44
                5           2       573
                7           2      1266
                8           2      1248
               10           2      1223
               20           2      1251
               30           2      1306
               50           2      1305
              100           0      1457
              150           0      1457
              200           0      1457

sub-010142 ep03
 min_cluster_size  n_clusters   n_noise
                3           3       175
                5           2      1050
                7           2      1005
                8           2      1038
               10           2      1369
               20           2      1406
               30           2      1419
               50           0      1542
              100           0      1542
              150           0      1542
              200           0      1542

sub-010142 ep04
 min_cluster_size  n_clusters   n_noise
                3           2         8
                5          10      1273
                7           2      1269
                8           3      1291
               10           2      1298
               20           2      1366
               30           2      1345
               50           0      1424
              100           0      1424
              150           0      1424
              200           0      1424

sub-010142 ep05
 min_cluster_size  n_clusters   n_noise
                3           6       124
                5           5      1246
                7           3      1284
                8           2      1248
               10           2      1303
               20           2      1298
               30           2      1352
               50           2      1354
              100           0      1531
              150           0      1531
              200           0      1531

sub-010142 ep06
 min_cluster_size  n_clusters   n_noise
                3           7       108
                5           2       810
                7           2      1146
                8           2      1152
               10           3      1225
               20           2      1190
               30           2      1222
               50           0      1346
              100           0      1346
              150           0      1346
              200           0      1346

sub-010146 ep00
 min_cluster_size  n_clusters   n_noise
                3           2        20
                5           2       964
                7           2      1526
                8           2      1544
               10           2      1544
               20           2      1566
               30           2      1593
               50           0      1690
              100           0      1690
              150           0      1690
              200           0      1690

sub-010146 ep01
 min_cluster_size  n_clusters   n_noise
                3           2        38
                5           2      1286
                7           3      1564
                8           3      1585
               10           3      1569
               20           2      1579
               30           2      1593
               50           0      1667
              100           0      1667
              150           0      1667
              200           0      1667

sub-010146 ep02
 min_cluster_size  n_clusters   n_noise
                3           2        28
                5           2      1051
                7           3      1805
                8           2      1690
               10           2      1716
               20           2      1837
               30           2      1807
               50           2      1746
              100           0      1926
              150           0      1926
              200           0      1926

sub-010146 ep03
 min_cluster_size  n_clusters   n_noise
                3           3        87
                5           2       480
                7           3      1508
                8           2      1499
               10           2      1511
               20           2      1493
               30           2      1515
               50           0      1636
              100           0      1636
              150           0      1636
              200           0      1636

sub-010146 ep04
 min_cluster_size  n_clusters   n_noise
                3           3       144
                5           2       751
                7           2       805
                8           2      1658
               10           2      1663
               20           2      1707
               30           2      1748
               50           0      1830
              100           0      1830
              150           0      1830
              200           0      1830

sub-010146 ep05
 min_cluster_size  n_clusters   n_noise
                3           2        21
                5           2       866
                7           2      1396
                8           2      1451
               10           2      1512
               20           2      1541
               30           2      1525
               50           2      1469
              100           0      1621
              150           0      1621
              200           0      1621

sub-010146 ep06
 min_cluster_size  n_clusters   n_noise
                3           8       306
                5           2      1309
                7           4      1486
                8           3      1461
               10           2      1465
               20           2      1489
               30           0      1547
               50           0      1547
              100           0      1547
              150           0      1547
              200           0      1547

sub-010148 ep00
 min_cluster_size  n_clusters   n_noise
                3           2        56
                5           2      1012
                7           3      1287
                8           3      1294
               10           3      1311
               20           2      1278
               30           0      1365
               50           0      1365
              100           0      1365
              150           0      1365
              200           0      1365

sub-010148 ep01
 min_cluster_size  n_clusters   n_noise
                3           2        42
                5           2      1334
                7           2      1351
                8           2      1361
               10           2      1374
               20           0      1429
               30           0      1429
               50           0      1429
              100           0      1429
              150           0      1429
              200           0      1429

sub-010148 ep02
 min_cluster_size  n_clusters   n_noise
                3           2       146
                5           2       941
                7           5      1392
                8           2      1406
               10           2      1363
               20           2      1460
               30           0      1521
               50           0      1521
              100           0      1521
              150           0      1521
              200           0      1521

sub-010148 ep03
 min_cluster_size  n_clusters   n_noise
                3           2        38
                5           3      1363
                7           4      1690
                8           3      1726
               10           0      1841
               20           0      1841
               30           0      1841
               50           0      1841
              100           0      1841
              150           0      1841
              200           0      1841

sub-010148 ep04
 min_cluster_size  n_clusters   n_noise
                3           7       742
                5           2      1125
                7           3      1296
                8           2      1321
               10           2      1324
               20           0      1367
               30           0      1367
               50           0      1367
              100           0      1367
              150           0      1367
              200           0      1367

sub-010148 ep05
 min_cluster_size  n_clusters   n_noise
                3           3       368
                5           3      1077
                7           2      1296
                8           2      1287
               10           2      1271
               20           2      1297
               30           0      1404
               50           0      1404
              100           0      1404
              150           0      1404
              200           0      1404

sub-010148 ep06
 min_cluster_size  n_clusters   n_noise
                3           2       203
                5           6      1199
                7           5      1270
                8           2      1292
               10           2      1254
               20           2      1290
               30           0      1340
               50           0      1340
              100           0      1340
              150           0      1340
              200           0      1340

sub-010150 ep00
 min_cluster_size  n_clusters   n_noise
                3           2       186
                5           3      1093
                7           3      1522
                8           2      1518
               10           2      1520
               20           0      1567
               30           0      1567
               50           0      1567
              100           0      1567
              150           0      1567
              200           0      1567

sub-010150 ep01
 min_cluster_size  n_clusters   n_noise
                3           6       394
                5           2      1149
                7           2      1484
                8           2      1484
               10           2      1536
               20           2      1549
               30           2      1510
               50           0      1632
              100           0      1632
              150           0      1632
              200           0      1632

sub-010150 ep02
 min_cluster_size  n_clusters   n_noise
                3           2       107
                5           2       189
                7           2      1415
                8           3      1457
               10           2      1461
               20           0      1575
               30           0      1575
               50           0      1575
              100           0      1575
              150           0      1575
              200           0      1575

sub-010150 ep03
 min_cluster_size  n_clusters   n_noise
                3           4       276
                5           2      1316
                7           2      1409
                8           3      1432
               10           3      1480
               20           2      1527
               30           2      1541
               50           0      1623
              100           0      1623
              150           0      1623
              200           0      1623

sub-010150 ep04
 min_cluster_size  n_clusters   n_noise
                3           4       159
                5           2      1096
                7           2      1327
                8           2      1312
               10           2      1326
               20           2      1372
               30           2      1394
               50           2      1398
              100           0      1574
              150           0      1574
              200           0      1574

sub-010150 ep05
 min_cluster_size  n_clusters   n_noise
                3           2       358
                5           3      1487
                7           4      1575
                8           2      1557
               10           2      1593
               20           2      1602
               30           0      1686
               50           0      1686
              100           0      1686
              150           0      1686
              200           0      1686

sub-010150 ep06
 min_cluster_size  n_clusters   n_noise
                3           2       303
                5           6      1270
                7           5      1374
                8           3      1324
               10           4      1372
               20           2      1360
               30           0      1469
               50           0      1469
              100           0      1469
              150           0      1469
              200           0      1469

sub-010152 ep00
 min_cluster_size  n_clusters   n_noise
                3           2        79
                5           8       988
                7           4      1007
                8           3      1016
               10           2       994
               20           2      1080
               30           2      1131
               50           2      1064
              100           0      1397
              150           0      1397
              200           0      1397

sub-010152 ep01
 min_cluster_size  n_clusters   n_noise
                3           3       135
                5           2       155
                7           3      1045
                8           2      1042
               10           2       992
               20           2      1089
               30           2      1095
               50           2       979
              100           2       957
              150           0      1376
              200           0      1376

sub-010152 ep02
 min_cluster_size  n_clusters   n_noise
                3           4       363
                5           6      1378
                7           2      1119
                8           2      1163
               10           2      1209
               20           2      1064
               30           2      1230
               50           2      1118
              100           2      1052
              150           2       905
              200           2      1028

sub-010152 ep03
 min_cluster_size  n_clusters   n_noise
                3          20       591
                5           3       629
                7           4       659
                8           3       703
               10           3       676
               20           2       711
               30           2       630
               50           2       652
              100           2       618
              150           2       688
              200           2       730

sub-010152 ep04
 min_cluster_size  n_clusters   n_noise
                3           2       139
                5           3       811
                7           3       817
                8           3       850
               10           3       826
               20           2       854
               30           2       787
               50           2       826
              100           2       710
              150           2       713
              200           2       754

sub-010152 ep05
 min_cluster_size  n_clusters   n_noise
                3           2       185
                5           4       755
                7           2       634
                8           3       684
               10           3       704
               20           2       723
               30           2       746
               50           2       770
              100           2       762
              150           2       691
              200           2       698

sub-010152 ep06
 min_cluster_size  n_clusters   n_noise
                3           2       163
                5           7       742
                7           5       779
                8           3       788
               10           3       806
               20           2       820
               30           2       802
               50           2       774
              100           2       782
              150           0      1229
              200           0      1229

sub-010155 ep00
 min_cluster_size  n_clusters   n_noise
                3           2       171
                5           9      1250
                7           4      1306
                8           2      1291
               10           2      1271
               20           0      1361
               30           0      1361
               50           0      1361
              100           0      1361
              150           0      1361
              200           0      1361

sub-010155 ep01
 min_cluster_size  n_clusters   n_noise
                3           6       510
                5           5      1211
                7           3      1124
                8           2      1141
               10           2      1199
               20           0      1455
               30           0      1455
               50           0      1455
              100           0      1455
              150           0      1455
              200           0      1455

sub-010155 ep02
 min_cluster_size  n_clusters   n_noise
                3           2       114
                5           2       874
                7           2      1065
                8           3      1300
               10           2      1311
               20           0      1349
               30           0      1349
               50           0      1349
              100           0      1349
              150           0      1349
              200           0      1349

sub-010155 ep03
 min_cluster_size  n_clusters   n_noise
                3           2        26
                5           2      1145
                7           2      1180
                8           3      1317
               10           2      1305
               20           0      1358
               30           0      1358
               50           0      1358
              100           0      1358
              150           0      1358
              200           0      1358

sub-010155 ep04
 min_cluster_size  n_clusters   n_noise
                3           2       172
                5           3       701
                7           3      1304
                8           3      1397
               10           0      1461
               20           0      1461
               30           0      1461
               50           0      1461
              100           0      1461
              150           0      1461
              200           0      1461

sub-010155 ep05
 min_cluster_size  n_clusters   n_noise
                3           2       147
                5           3      1026
                7           2      1235
                8           3      1264
               10           2      1248
               20           2      1246
               30           0      1404
               50           0      1404
              100           0      1404
              150           0      1404
              200           0      1404

sub-010157 ep00
 min_cluster_size  n_clusters   n_noise
                3           2       193
                5           2       875
                7           2      1118
                8           2      1141
               10           2      1182
               20           2      1289
               30           0      1440
               50           0      1440
              100           0      1440
              150           0      1440
              200           0      1440

sub-010157 ep01
 min_cluster_size  n_clusters   n_noise
                3           6       505
                5           2      1088
                7           3      1753
                8           3      1782
               10           3      1814
               20           2      1820
               30           0      2029
               50           0      2029
              100           0      2029
              150           0      2029
              200           0      2029

sub-010157 ep02
 min_cluster_size  n_clusters   n_noise
                3           4       228
                5           2       849
                7           4      1150
                8           2      1174
               10           2      1161
               20           2      1163
               30           0      1425
               50           0      1425
              100           0      1425
              150           0      1425
              200           0      1425

sub-010157 ep03
 min_cluster_size  n_clusters   n_noise
                3           2        96
                5           2       701
                7           2      1134
                8           3      1224
               10           3      1265
               20           0      1510
               30           0      1510
               50           0      1510
              100           0      1510
              150           0      1510
              200           0      1510

sub-010157 ep04
 min_cluster_size  n_clusters   n_noise
                3           2        61
                5           6      1437
                7           3      1382
                8           2      1446
               10           2      1432
               20           2      1446
               30           2      1392
               50           0      1690
              100           0      1690
              150           0      1690
              200           0      1690

sub-010157 ep05
 min_cluster_size  n_clusters   n_noise
                3           2       195
                5           6      1117
                7           2      1141
                8           2      1060
               10           2      1135
               20           2      1151
               30           2      1198
               50           0      1470
              100           0      1470
              150           0      1470
              200           0      1470

sub-010162 ep00
 min_cluster_size  n_clusters   n_noise
                3           4        64
                5           3       620
                7           3      1132
                8           3      1156
               10           2      1169
               20           0      1222
               30           0      1222
               50           0      1222
              100           0      1222
              150           0      1222
              200           0      1222

sub-010162 ep01
 min_cluster_size  n_clusters   n_noise
                3           2        42
                5           3       333
                7           2      1132
                8           2      1151
               10           2      1167
               20           2      1185
               30           0      1243
               50           0      1243
              100           0      1243
              150           0      1243
              200           0      1243

sub-010162 ep02
 min_cluster_size  n_clusters   n_noise
                3           2        31
                5           2       578
                7           2       990
                8           2      1133
               10           2      1121
               20           0      1164
               30           0      1164
               50           0      1164
              100           0      1164
              150           0      1164
              200           0      1164

sub-010162 ep03
 min_cluster_size  n_clusters   n_noise
                3           2       126
                5           2       702
                7           2       873
                8           2       899
               10           2      1106
               20           2      1084
               30           0      1192
               50           0      1192
              100           0      1192
              150           0      1192
              200           0      1192

sub-010162 ep04
 min_cluster_size  n_clusters   n_noise
                3           2        37
                5           2       345
                7           2      1138
                8           2      1129
               10           2      1251
               20           0      1276
               30           0      1276
               50           0      1276
              100           0      1276
              150           0      1276
              200           0      1276

sub-010162 ep05
 min_cluster_size  n_clusters   n_noise
                3           2        67
                5           3       946
                7           2       966
                8           2      1030
               10           2      1250
               20           0      1380
               30           0      1380
               50           0      1380
              100           0      1380
              150           0      1380
              200           0      1380

sub-010162 ep06
 min_cluster_size  n_clusters   n_noise
                3           7       278
                5           2       614
                7           3      1046
                8           3      1053
               10           2      1053
               20           0      1144
               30           0      1144
               50           0      1144
              100           0      1144
              150           0      1144
              200           0      1144

sub-010163 ep00
 min_cluster_size  n_clusters   n_noise
                3           4       322
                5           2      1038
                7           3      1352
                8           2      1039
               10           2      1365
               20           2      1424
               30           0      1580
               50           0      1580
              100           0      1580
              150           0      1580
              200           0      1580

sub-010163 ep01
 min_cluster_size  n_clusters   n_noise
                3           3       351
                5           2       857
                7           2      1188
                8           3      1385
               10           3      1421
               20           0      1563
               30           0      1563
               50           0      1563
              100           0      1563
              150           0      1563
              200           0      1563

sub-010163 ep02
 min_cluster_size  n_clusters   n_noise
                3           2        38
                5           2       638
                7           2      1281
                8           2      1276
               10           3      1435
               20           0      1487
               30           0      1487
               50           0      1487
              100           0      1487
              150           0      1487
              200           0      1487

sub-010163 ep03
 min_cluster_size  n_clusters   n_noise
                3           2        25
                5           2       713
                7           3      1417
                8           3      1414
               10           2      1398
               20           2      1461
               30           0      1522
               50           0      1522
              100           0      1522
              150           0      1522
              200           0      1522

sub-010163 ep04
 min_cluster_size  n_clusters   n_noise
                3           3        45
                5           2      1212
                7           2      1375
                8           2      1403
               10           3      1412
               20           0      1488
               30           0      1488
               50           0      1488
              100           0      1488
              150           0      1488
              200           0      1488

sub-010163 ep05
 min_cluster_size  n_clusters   n_noise
                3           2       156
                5           2       718
                7           2      1462
                8           2      1471
               10           2      1484
               20           0      1571
               30           0      1571
               50           0      1571
              100           0      1571
              150           0      1571
              200           0      1571

sub-010163 ep06
 min_cluster_size  n_clusters   n_noise
                3           6       266
                5           2       671
                7           2       995
                8           2      1167
               10           2      1186
               20           0      1307
               30           0      1307
               50           0      1307
              100           0      1307
              150           0      1307
              200           0      1307

sub-010164 ep00
 min_cluster_size  n_clusters   n_noise
                3           2        47
                5           2        76
                7           3      1389
                8           2      1349
               10           2      1357
               20           2      1436
               30           0      1515
               50           0      1515
              100           0      1515
              150           0      1515
              200           0      1515

sub-010164 ep01
 min_cluster_size  n_clusters   n_noise
                3           3        76
                5           3       516
                7           2      1211
                8           2      1446
               10           0      1494
               20           0      1494
               30           0      1494
               50           0      1494
              100           0      1494
              150           0      1494
              200           0      1494

sub-010164 ep02
 min_cluster_size  n_clusters   n_noise
                3           2        38
                5           2       408
                7           3      1437
                8           2      1454
               10           2      1432
               20           2      1482
               30           0      1581
               50           0      1581
              100           0      1581
              150           0      1581
              200           0      1581

sub-010164 ep03
 min_cluster_size  n_clusters   n_noise
                3           3       188
                5           2       674
                7           3      1338
                8           2      1309
               10           2      1337
               20           2      1349
               30           2      1368
               50           0      1461
              100           0      1461
              150           0      1461
              200           0      1461

sub-010164 ep04
 min_cluster_size  n_clusters   n_noise
                3           3        51
                5           2       548
                7           2      1490
                8           2      1531
               10           2      1538
               20           0      1649
               30           0      1649
               50           0      1649
              100           0      1649
              150           0      1649
              200           0      1649

sub-010164 ep05
 min_cluster_size  n_clusters   n_noise
                3           3        10
                5           2       138
                7           4      1358
                8           2      1371
               10           2      1380
               20           0      1454
               30           0      1454
               50           0      1454
              100           0      1454
              150           0      1454
              200           0      1454

sub-010165 ep00
 min_cluster_size  n_clusters   n_noise
                3           2       118
                5           2       858
                7           2      1178
                8           0      1226
               10           2      1137
               20           0      1226
               30           0      1226
               50           0      1226
              100           0      1226
              150           0      1226
              200           0      1226

sub-010165 ep01
 min_cluster_size  n_clusters   n_noise
                3           5       328
                5           3      1184
                7           3      1214
                8           2      1207
               10           2      1195
               20           2      1184
               30           0      1281
               50           0      1281
              100           0      1281
              150           0      1281
              200           0      1281

sub-010165 ep02
 min_cluster_size  n_clusters   n_noise
                3           3       288
                5           5      1073
                7           2      1140
                8           2      1148
               10           2      1153
               20           2      1149
               30           0      1267
               50           0      1267
              100           0      1267
              150           0      1267
              200           0      1267

sub-010165 ep03
 min_cluster_size  n_clusters   n_noise
                3           2       105
                5           4      1008
                7           2      1208
                8           2      1200
               10           2      1226
               20           2      1217
               30           0      1287
               50           0      1287
              100           0      1287
              150           0      1287
              200           0      1287

sub-010165 ep04
 min_cluster_size  n_clusters   n_noise
                3           2       168
                5           5      1129
                7           2      1170
                8           3      1188
               10           2      1199
               20           0      1296
               30           0      1296
               50           0      1296
              100           0      1296
              150           0      1296
              200           0      1296

sub-010165 ep05
 min_cluster_size  n_clusters   n_noise
                3           2        92
                5           4      1220
                7           2      1192
                8           2      1185
               10           2      1207
               20           2      1232
               30           0      1287
               50           0      1287
              100           0      1287
              150           0      1287
              200           0      1287

sub-010165 ep06
 min_cluster_size  n_clusters   n_noise
                3           8       437
                5           3      1071
                7           2      1100
                8           2      1086
               10           2      1086
               20           2      1144
               30           0      1204
               50           0      1204
              100           0      1204
              150           0      1204
              200           0      1204

sub-010166 ep00
 min_cluster_size  n_clusters   n_noise
                3           2       146
                5           2      1019
                7           3      1280
                8           2      1306
               10           2      1290
               20           2      1311
               30           0      1383
               50           0      1383
              100           0      1383
              150           0      1383
              200           0      1383

sub-010166 ep01
 min_cluster_size  n_clusters   n_noise
                3           2        10
                5           3      1181
                7           2      1181
                8           3      1361
               10           2      1345
               20           2      1371
               30           0      1454
               50           0      1454
              100           0      1454
              150           0      1454
              200           0      1454

sub-010166 ep02
 min_cluster_size  n_clusters   n_noise
                3           3       337
                5           2      1204
                7           2      1342
                8           2      1354
               10           2      1377
               20           2      1442
               30           2      1446
               50           2      1414
              100           0      1544
              150           0      1544
              200           0      1544

sub-010166 ep03
 min_cluster_size  n_clusters   n_noise
                3           2       217
                5           6      1204
                7           2      1192
                8           2      1247
               10           2      1260
               20           2      1207
               30           2      1255
               50           2      1271
              100           0      1382
              150           0      1382
              200           0      1382

sub-010166 ep04
 min_cluster_size  n_clusters   n_noise
                3           2        51
                5          10      1167
                7           2      1135
                8           3      1256
               10           2      1309
               20           2      1317
               30           0      1372
               50           0      1372
              100           0      1372
              150           0      1372
              200           0      1372

sub-010166 ep05
 min_cluster_size  n_clusters   n_noise
                3           5       274
                5           3      1093
                7           2      1155
                8           2      1176
               10           2      1169
               20           2      1219
               30           2      1224
               50           0      1362
              100           0      1362
              150           0      1362
              200           0      1362

sub-010166 ep06
 min_cluster_size  n_clusters   n_noise
                3           3       414
                5           3      1087
                7           2      1100
                8           2      1089
               10           2      1125
               20           2      1144
               30           0      1222
               50           0      1222
              100           0      1222
              150           0      1222
              200           0      1222

sub-010168 ep00
 min_cluster_size  n_clusters   n_noise
                3           3       130
                5           2       998
                7           2      1227
                8           3      1269
               10           2      1288
               20           2      1315
               30           0      1389
               50           0      1389
              100           0      1389
              150           0      1389
              200           0      1389

sub-010168 ep01
 min_cluster_size  n_clusters   n_noise
                3           3       340
                5           2      1001
                7           3      1256
                8           2      1215
               10           3      1282
               20           2      1271
               30           2      1301
               50           0      1389
              100           0      1389
              150           0      1389
              200           0      1389

sub-010168 ep02
 min_cluster_size  n_clusters   n_noise
                3           3       107
                5           2       633
                7           2       728
                8           2      1222
               10           2      1232
               20           2      1263
               30           0      1368
               50           0      1368
              100           0      1368
              150           0      1368
              200           0      1368

sub-010168 ep03
 min_cluster_size  n_clusters   n_noise
                3           2       103
                5           2       915
                7           2      1252
                8           3      1282
               10           3      1303
               20           2      1308
               30           2      1305
               50           0      1384
              100           0      1384
              150           0      1384
              200           0      1384

sub-010168 ep04
 min_cluster_size  n_clusters   n_noise
                3          12       452
                5           4      1103
                7           2      1066
                8           2      1171
               10           2      1193
               20           0      1312
               30           0      1312
               50           0      1312
              100           0      1312
              150           0      1312
              200           0      1312

sub-010168 ep05
 min_cluster_size  n_clusters   n_noise
                3           2        26
                5           3      1095
                7           2      1232
                8           2      1286
               10           2      1313
               20           2      1298
               30           2      1267
               50           0      1394
              100           0      1394
              150           0      1394
              200           0      1394

sub-010168 ep06
 min_cluster_size  n_clusters   n_noise
                3           2        57
                5           2       802
                7           2      1169
                8           4      1183
               10           2      1176
               20           0      1257
               30           0      1257
               50           0      1257
              100           0      1257
              150           0      1257
              200           0      1257

sub-010170 ep00
 min_cluster_size  n_clusters   n_noise
                3           3       122
                5           2       421
                7           2      1392
                8           2      1374
               10           2      1413
               20           2      1418
               30           2      1389
               50           0      1507
              100           0      1507
              150           0      1507
              200           0      1507

sub-010170 ep01
 min_cluster_size  n_clusters   n_noise
                3           6       308
                5           5      1224
                7           2      1215
                8           2      1251
               10           2      1214
               20           2      1257
               30           0      1351
               50           0      1351
              100           0      1351
              150           0      1351
              200           0      1351

sub-010170 ep02
 min_cluster_size  n_clusters   n_noise
                3           5       322
                5           2       568
                7           3      1295
                8           3      1286
               10           3      1295
               20           2      1345
               30           0      1415
               50           0      1415
              100           0      1415
              150           0      1415
              200           0      1415

sub-010170 ep03
 min_cluster_size  n_clusters   n_noise
                3           4       109
                5           2       783
                7           2      1239
                8           2      1238
               10           2      1226
               20           2      1280
               30           0      1349
               50           0      1349
              100           0      1349
              150           0      1349
              200           0      1349

sub-010170 ep04
 min_cluster_size  n_clusters   n_noise
                3           2        58
                5           3      1527
                7           3      1793
                8           3      1775
               10           3      1837
               20           2      1857
               30           2      1896
               50           2      1891
              100           0      1994
              150           0      1994
              200           0      1994

sub-010170 ep05
 min_cluster_size  n_clusters   n_noise
                3           3        71
                5           3      1143
                7           2      1272
                8           2      1268
               10           2      1295
               20           0      1360
               30           0      1360
               50           0      1360
              100           0      1360
              150           0      1360
              200           0      1360

sub-010170 ep06
 min_cluster_size  n_clusters   n_noise
                3           6       280
                5           7      1105
                7           4      1118
                8           3      1138
               10           2      1164
               20           0      1249
               30           0      1249
               50           0      1249
              100           0      1249
              150           0      1249
              200           0      1249

sub-010176 ep00
 min_cluster_size  n_clusters   n_noise
                3           3       170
                5           3      1283
                7           2      1342
                8           2      1339
               10           2      1320
               20           2      1380
               30           2      1354
               50           0      1445
              100           0      1445
              150           0      1445
              200           0      1445

sub-010176 ep01
 min_cluster_size  n_clusters   n_noise
                3           4       356
                5           3      1192
                7           2      1319
                8           2      1243
               10           2      1306
               20           2      1328
               30           0      1382
               50           0      1382
              100           0      1382
              150           0      1382
              200           0      1382

sub-010176 ep02
 min_cluster_size  n_clusters   n_noise
                3           3        79
                5           4      1298
                7           2      1307
                8           2      1314
               10           2      1332
               20           2      1339
               30           2      1342
               50           0      1411
              100           0      1411
              150           0      1411
              200           0      1411

sub-010176 ep03
 min_cluster_size  n_clusters   n_noise
                3           2       115
                5           2       914
                7           3      1396
                8           3      1396
               10           2      1425
               20           0      1474
               30           0      1474
               50           0      1474
              100           0      1474
              150           0      1474
              200           0      1474

sub-010176 ep04
 min_cluster_size  n_clusters   n_noise
                3           5       119
                5           3       508
                7           2      1211
                8           2      1190
               10           2      1222
               20           2      1330
               30           0      1397
               50           0      1397
              100           0      1397
              150           0      1397
              200           0      1397

sub-010176 ep05
 min_cluster_size  n_clusters   n_noise
                3           3        68
                5           6      1295
                7           4      1348
                8           3      1354
               10           2      1375
               20           2      1364
               30           2      1341
               50           0      1428
              100           0      1428
              150           0      1428
              200           0      1428

sub-010176 ep06
 min_cluster_size  n_clusters   n_noise
                3           2        66
                5           5      1227
                7           2      1204
                8           2      1229
               10           2      1229
               20           2      1268
               30           2      1288
               50           0      1364
              100           0      1364
              150           0      1364
              200           0      1364

sub-010183 ep00
 min_cluster_size  n_clusters   n_noise
                3           6       140
                5           2       159
                7           2      1429
                8           2      1437
               10           2      1475
               20           2      1467
               30           0      1534
               50           0      1534
              100           0      1534
              150           0      1534
              200           0      1534

sub-010183 ep01
 min_cluster_size  n_clusters   n_noise
                3          10       156
                5           3       798
                7           2      1402
                8           3      1409
               10           2      1405
               20           2      1430
               30           2      1416
               50           0      1501
              100           0      1501
              150           0      1501
              200           0      1501

sub-010183 ep02
 min_cluster_size  n_clusters   n_noise
                3           2       282
                5           3      1240
                7           2      1317
                8           2      1275
               10           2      1294
               20           2      1315
               30           2      1367
               50           0      1487
              100           0      1487
              150           0      1487
              200           0      1487

sub-010183 ep03
 min_cluster_size  n_clusters   n_noise
                3           3        50
                5           2      1027
                7           3      1473
                8           3      1438
               10           3      1437
               20           2      1444
               30           0      1624
               50           0      1624
              100           0      1624
              150           0      1624
              200           0      1624

sub-010183 ep04
 min_cluster_size  n_clusters   n_noise
                3           4       130
                5           3       114
                7           2      1328
                8           3      1326
               10           2      1357
               20           0      1464
               30           0      1464
               50           0      1464
              100           0      1464
              150           0      1464
              200           0      1464

sub-010183 ep05
 min_cluster_size  n_clusters   n_noise
                3           2        13
                5           4      1148
                7           2      1159
                8           2      1191
               10           2      1222
               20           2      1262
               30           0      1361
               50           0      1361
              100           0      1361
              150           0      1361
              200           0      1361

sub-010183 ep06
 min_cluster_size  n_clusters   n_noise
                3           5       198
                5           4      1171
                7           2      1192
                8           2      1213
               10           2      1228
               20           2      1260
               30           2      1269
               50           0      1336
              100           0      1336
              150           0      1336
              200           0      1336

sub-010191 ep00
 min_cluster_size  n_clusters   n_noise
                3           4       468
                5           9      1091
                7           2      1132
                8           3      1180
               10           2      1141
               20           2      1107
               30           2      1179
               50           2      1241
              100           0      1443
              150           0      1443
              200           0      1443

sub-010191 ep01
 min_cluster_size  n_clusters   n_noise
                3           2        32
                5           5      1015
                7           6      1231
                8           4      1170
               10           4      1246
               20           2      1122
               30           2      1175
               50           2      1211
              100           0      1442
              150           0      1442
              200           0      1442

sub-010191 ep02
 min_cluster_size  n_clusters   n_noise
                3           2       306
                5           2       576
                7           4      1646
                8           3      1738
               10           3      1776
               20           2      1844
               30           2      1750
               50           2      1753
              100           2      1687
              150           0      2139
              200           0      2139

sub-010191 ep03
 min_cluster_size  n_clusters   n_noise
                3           2       107
                5           2       638
                7           2       976
                8           2      1025
               10           2      1037
               20           2      1066
               30           2      1068
               50           2      1062
              100           0      1379
              150           0      1379
              200           0      1379

sub-010191 ep04
 min_cluster_size  n_clusters   n_noise
                3           5       170
                5           4      1047
                7           2      1158
                8           2      1113
               10           2      1110
               20           2      1239
               30           2      1202
               50           2      1293
              100           0      1637
              150           0      1637
              200           0      1637

sub-010191 ep05
 min_cluster_size  n_clusters   n_noise
                3           6       261
                5           2       698
                7           2       736
                8           2       668
               10           2       687
               20           2       776
               30           2       729
               50           2       752
              100           2       817
              150           0      1343
              200           0      1343

sub-010191 ep06
 min_cluster_size  n_clusters   n_noise
                3           2       109
                5           2       667
                7           2       723
                8           2       704
               10           2       792
               20           2       902
               30           2       927
               50           2       840
              100           0      1225
              150           0      1225
              200           0      1225

sub-010192 ep00
 min_cluster_size  n_clusters   n_noise
                3           2       306
                5           2       655
                7           2      1289
                8           2      1256
               10           2      1308
               20           2      1404
               30           2      1420
               50           0      1493
              100           0      1493
              150           0      1493
              200           0      1493

sub-010192 ep01
 min_cluster_size  n_clusters   n_noise
                3           7       286
                5           2      1002
                7           2      1244
                8           2      1275
               10           2      1270
               20           2      1292
               30           2      1315
               50           2      1301
              100           0      1511
              150           0      1511
              200           0      1511

sub-010192 ep02
 min_cluster_size  n_clusters   n_noise
                3           3       110
                5           2       857
                7           3      1162
                8           2      1216
               10           2      1205
               20           2      1234
               30           2      1251
               50           2      1274
              100           0      1522
              150           0      1522
              200           0      1522

sub-010192 ep03
 min_cluster_size  n_clusters   n_noise
                3           2       114
                5           2      1440
                7           2      1931
                8           2      1939
               10           2      1903
               20           2      1976
               30           2      1962
               50           0      2045
              100           0      2045
              150           0      2045
              200           0      2045

sub-010192 ep04
 min_cluster_size  n_clusters   n_noise
                3           2       281
                5           4      1110
                7           3      1360
                8           3      1377
               10           4      1404
               20           2      1424
               30           0      1492
               50           0      1492
              100           0      1492
              150           0      1492
              200           0      1492

sub-010192 ep05
 min_cluster_size  n_clusters   n_noise
                3           4       267
                5           3       970
                7           3      1442
                8           2      1450
               10           2      1447
               20           2      1489
               30           2      1487
               50           0      1627
              100           0      1627
              150           0      1627
              200           0      1627

sub-010192 ep06
 min_cluster_size  n_clusters   n_noise
                3           2       398
                5           3      1100
                7           5      1265
                8           2      1184
               10           2      1242
               20           2      1254
               30           2      1299
               50           0      1424
              100           0      1424
              150           0      1424
              200           0      1424

sub-010194 ep00
 min_cluster_size  n_clusters   n_noise
                3           5       212
                5           2       640
                7           2       697
                8           2       706
               10           2       707
               20           2       799
               30           2       844
               50           2       828
              100           2       786
              150           2       834
              200           0      1402

sub-010194 ep01
 min_cluster_size  n_clusters   n_noise
                3           2       236
                5           5      1464
                7           2      1461
                8           2      1424
               10           2      1475
               20           2      1370
               30           2      1411
               50           2      1447
              100           2      1489
              150           2      1430
              200           0      2006

sub-010194 ep02
 min_cluster_size  n_clusters   n_noise
                3           2       327
                5           2       973
                7           2      1175
                8           2      1541
               10           2      1616
               20           2      1674
               30           2      1716
               50           0      1852
              100           0      1852
              150           0      1852
              200           0      1852

sub-010194 ep03
 min_cluster_size  n_clusters   n_noise
                3           2       267
                5           2       556
                7           2      1329
                8           2      1368
               10           2      1290
               20           2      1335
               30           2      1347
               50           0      1521
              100           0      1521
              150           0      1521
              200           0      1521

sub-010194 ep04
 min_cluster_size  n_clusters   n_noise
                3           4       272
                5           4      1248
                7           2      1009
                8           2      1092
               10           2      1500
               20           2      1513
               30           2      1592
               50           0      1733
              100           0      1733
              150           0      1733
              200           0      1733

sub-010194 ep05
 min_cluster_size  n_clusters   n_noise
                3           3       268
                5           7      1238
                7           4      1366
                8           3      1351
               10           3      1372
               20           2      1320
               30           2      1376
               50           2      1344
              100           0      1526
              150           0      1526
              200           0      1526

sub-010194 ep06
 min_cluster_size  n_clusters   n_noise
                3           3       365
                5           2       867
                7           3      1118
                8           2      1150
               10           2      1144
               20           2      1162
               30           2      1149
               50           2      1080
              100           0      1300
              150           0      1300
              200           0      1300

sub-010195 ep00
 min_cluster_size  n_clusters   n_noise
                3           5       341
                5           3      1002
                7           2      1296
                8           3      1324
               10           2      1329
               20           0      1448
               30           0      1448
               50           0      1448
              100           0      1448
              150           0      1448
              200           0      1448

sub-010195 ep01
 min_cluster_size  n_clusters   n_noise
                3           3       165
                5           3       852
                7           3      1318
                8           3      1321
               10           2      1349
               20           2      1364
               30           2      1382
               50           0      1464
              100           0      1464
              150           0      1464
              200           0      1464

sub-010195 ep02
 min_cluster_size  n_clusters   n_noise
                3           2        95
                5           7      1318
                7           4      1275
                8           4      1309
               10           4      1336
               20           2      1391
               30           2      1365
               50           0      1475
              100           0      1475
              150           0      1475
              200           0      1475

sub-010195 ep03
 min_cluster_size  n_clusters   n_noise
                3           5       110
                5           2       993
                7           5      1269
                8           4      1284
               10           3      1272
               20           2      1310
               30           2      1315
               50           0      1403
              100           0      1403
              150           0      1403
              200           0      1403

sub-010195 ep04
 min_cluster_size  n_clusters   n_noise
                3           5       215
                5           2      1134
                7           3      1412
                8           4      1449
               10           2      1443
               20           2      1447
               30           0      1509
               50           0      1509
              100           0      1509
              150           0      1509
              200           0      1509

sub-010195 ep05
 min_cluster_size  n_clusters   n_noise
                3           2        15
                5           2      1143
                7           2      1429
                8           3      1546
               10           2      1539
               20           2      1550
               30           0      1620
               50           0      1620
              100           0      1620
              150           0      1620
              200           0      1620

sub-010195 ep06
 min_cluster_size  n_clusters   n_noise
                3           3        99
                5           6      1197
                7           2      1248
                8           2      1222
               10           2      1240
               20           2      1255
               30           0      1338
               50           0      1338
              100           0      1338
              150           0      1338
              200           0      1338

sub-010196 ep00
 min_cluster_size  n_clusters   n_noise
                3           2        51
                5           2       641
                7           3      1114
                8           2      1116
               10           0      1258
               20           0      1258
               30           0      1258
               50           0      1258
              100           0      1258
              150           0      1258
              200           0      1258

sub-010196 ep01
 min_cluster_size  n_clusters   n_noise
                3           3       100
                5           4       910
                7           3      1007
                8           2      1150
               10           2       924
               20           2      1166
               30           0      1287
               50           0      1287
              100           0      1287
              150           0      1287
              200           0      1287

sub-010196 ep02
 min_cluster_size  n_clusters   n_noise
                3           2       220
                5           4      1841
                7           3      1879
                8           2      1880
               10           2      2056
               20           2      2099
               30           2      2072
               50           2      2123
              100           0      2253
              150           0      2253
              200           0      2253

sub-010196 ep03
 min_cluster_size  n_clusters   n_noise
                3           2       171
                5           2       244
                7           2      1185
                8           2      1203
               10           2      1168
               20           2      1178
               30           2      1173
               50           0      1275
              100           0      1275
              150           0      1275
              200           0      1275

sub-010196 ep04
 min_cluster_size  n_clusters   n_noise
                3           2        75
                5           3      1095
                7           2      1140
                8           2      1157
               10           2      1131
               20           2      1176
               30           2      1161
               50           0      1274
              100           0      1274
              150           0      1274
              200           0      1274

sub-010196 ep05
 min_cluster_size  n_clusters   n_noise
                3           3        76
                5           7      1130
                7           2      1052
                8           3      1177
               10           2      1183
               20           0      1251
               30           0      1251
               50           0      1251
              100           0      1251
              150           0      1251
              200           0      1251

sub-010196 ep06
 min_cluster_size  n_clusters   n_noise
                3           2        97
                5           4       949
                7           2      1032
                8           2      1047
               10           2      1100
               20           0      1143
               30           0      1143
               50           0      1143
              100           0      1143
              150           0      1143
              200           0      1143

sub-010197 ep00
 min_cluster_size  n_clusters   n_noise
                3           2       150
                5           4       983
                7           3      1034
                8           2      1038
               10           2      1066
               20           2      1088
               30           0      1212
               50           0      1212
              100           0      1212
              150           0      1212
              200           0      1212

sub-010197 ep01
 min_cluster_size  n_clusters   n_noise
                3           2        95
                5           2      1043
                7           2      1053
                8           2      1057
               10           2      1090
               20           2      1096
               30           2      1103
               50           0      1212
              100           0      1212
              150           0      1212
              200           0      1212

sub-010197 ep02
 min_cluster_size  n_clusters   n_noise
                3           3       172
                5           6      1009
                7           3      1043
                8           2      1093
               10           2      1094
               20           2      1092
               30           2      1106
               50           0      1192
              100           0      1192
              150           0      1192
              200           0      1192

sub-010197 ep03
 min_cluster_size  n_clusters   n_noise
                3          39       934
                5           2       781
                7           4      1105
                8           2      1075
               10           3      1113
               20           2      1119
               30           2      1140
               50           0      1206
              100           0      1206
              150           0      1206
              200           0      1206

sub-010197 ep04
 min_cluster_size  n_clusters   n_noise
                3           2        89
                5           4      1077
                7           4      1091
                8           3      1105
               10           3      1110
               20           2      1100
               30           2      1109
               50           0      1212
              100           0      1212
              150           0      1212
              200           0      1212

sub-010197 ep05
 min_cluster_size  n_clusters   n_noise
                3           2       235
                5           5      1012
                7           3      1042
                8           2      1055
               10           2      1137
               20           0      1215
               30           0      1215
               50           0      1215
              100           0      1215
              150           0      1215
              200           0      1215

sub-010197 ep06
 min_cluster_size  n_clusters   n_noise
                3           2        55
                5           4       953
                7           2       975
                8           2       999
               10           2      1019
               20           2      1046
               30           0      1143
               50           0      1143
              100           0      1143
              150           0      1143
              200           0      1143

sub-010199 ep00
 min_cluster_size  n_clusters   n_noise
                3           2        74
                5           2        99
                7           2      1411
                8           3      1417
               10           2      1434
               20           0      1512
               30           0      1512
               50           0      1512
              100           0      1512
              150           0      1512
              200           0      1512

sub-010199 ep01
 min_cluster_size  n_clusters   n_noise
                3           2        62
                5           3      1102
                7           4      1412
                8           2      1427
               10           2      1449
               20           0      1483
               30           0      1483
               50           0      1483
              100           0      1483
              150           0      1483
              200           0      1483

sub-010199 ep02
 min_cluster_size  n_clusters   n_noise
                3           2       142
                5           2       613
                7           3      1358
                8           3      1368
               10           0      1420
               20           0      1420
               30           0      1420
               50           0      1420
              100           0      1420
              150           0      1420
              200           0      1420

sub-010199 ep03
 min_cluster_size  n_clusters   n_noise
                3           8       389
                5           2      1125
                7           5      1436
                8           4      1454
               10           4      1478
               20           0      1540
               30           0      1540
               50           0      1540
              100           0      1540
              150           0      1540
              200           0      1540

sub-010199 ep04
 min_cluster_size  n_clusters   n_noise
                3           6       155
                5           2       721
                7           4      1346
                8           2      1318
               10           0      1459
               20           0      1459
               30           0      1459
               50           0      1459
              100           0      1459
              150           0      1459
              200           0      1459

sub-010199 ep05
 min_cluster_size  n_clusters   n_noise
                3           5       167
                5           2       468
                7           3      1317
                8           3      1348
               10           2      1384
               20           0      1432
               30           0      1432
               50           0      1432
              100           0      1432
              150           0      1432
              200           0      1432

sub-010199 ep06
 min_cluster_size  n_clusters   n_noise
                3           3       219
                5           2       733
                7           2      1117
                8           2      1154
               10           2      1199
               20           2      1192
               30           2      1228
               50           0      1303
              100           0      1303
              150           0      1303
              200           0      1303

sub-010200 ep00
 min_cluster_size  n_clusters   n_noise
                3           2       251
                5           2       809
                7           2      1017
                8           2      1052
               10           2      1076
               20           0      1365
               30           0      1365
               50           0      1365
              100           0      1365
              150           0      1365
              200           0      1365

sub-010200 ep01
 min_cluster_size  n_clusters   n_noise
                3           6       200
                5           5       701
                7           2       688
                8           2       697
               10           2       704
               20           2       638
               30           2       740
               50           2       785
              100           2       746
              150           0      1377
              200           0      1377

sub-010200 ep02
 min_cluster_size  n_clusters   n_noise
                3           2        79
                5           6      1484
                7           2      1502
                8           2      1554
               10           4      1968
               20           2      1826
               30           2      1899
               50           2      1793
              100           2      1784
              150           0      2659
              200           0      2659

sub-010200 ep03
 min_cluster_size  n_clusters   n_noise
                3           3       190
                5           9       947
                7           2       909
                8           3       966
               10           2      1087
               20           2       977
               30           2      1008
               50           2       985
              100           0      1539
              150           0      1539
              200           0      1539

sub-010200 ep04
 min_cluster_size  n_clusters   n_noise
                3           3       156
                5           7       844
                7           3       757
                8           2       807
               10           2       822
               20           2       843
               30           2       852
               50           2       787
              100           0      1352
              150           0      1352
              200           0      1352

sub-010200 ep05
 min_cluster_size  n_clusters   n_noise
                3           3        52
                5           5       868
                7           3       774
                8           2       760
               10           2       721
               20           2       823
               30           2       808
               50           2       798
              100           2       837
              150           0      1460
              200           0      1460

sub-010201 ep00
 min_cluster_size  n_clusters   n_noise
                3           2       178
                5           2       534
                7           2      1146
                8           2      1171
               10           2      1201
               20           2      1223
               30           0      1282
               50           0      1282
              100           0      1282
              150           0      1282
              200           0      1282

sub-010201 ep01
 min_cluster_size  n_clusters   n_noise
                3           3       389
                5           2      1031
                7           3      1236
                8           3      1256
               10           2      1281
               20           2      1306
               30           0      1365
               50           0      1365
              100           0      1365
              150           0      1365
              200           0      1365

sub-010201 ep02
 min_cluster_size  n_clusters   n_noise
                3           2       178
                5           2      1022
                7           5      1420
                8           2      1416
               10           2      1333
               20           0      1495
               30           0      1495
               50           0      1495
              100           0      1495
              150           0      1495
              200           0      1495

sub-010201 ep03
 min_cluster_size  n_clusters   n_noise
                3           8       461
                5           2      1041
                7           2      1194
                8           2      1136
               10           2      1196
               20           2      1269
               30           0      1340
               50           0      1340
              100           0      1340
              150           0      1340
              200           0      1340

sub-010201 ep04
 min_cluster_size  n_clusters   n_noise
                3           3       302
                5           2       948
                7           0      1502
                8           2      1450
               10           0      1502
               20           0      1502
               30           0      1502
               50           0      1502
              100           0      1502
              150           0      1502
              200           0      1502

sub-010201 ep05
 min_cluster_size  n_clusters   n_noise
                3           2        30
                5           5      1258
                7           3      1314
                8           3      1324
               10           2      1289
               20           0      1418
               30           0      1418
               50           0      1418
              100           0      1418
              150           0      1418
              200           0      1418

sub-010202 ep00
 min_cluster_size  n_clusters   n_noise
                3           2        37
                5           8      1165
                7           2      1265
                8           2      1243
               10           2      1262
               20           2      1266
               30           2      1278
               50           0      1396
              100           0      1396
              150           0      1396
              200           0      1396

sub-010202 ep01
 min_cluster_size  n_clusters   n_noise
                3           3        47
                5           4      1163
                7           2      1249
                8           2      1206
               10           2      1286
               20           2      1329
               30           2      1343
               50           0      1475
              100           0      1475
              150           0      1475
              200           0      1475

sub-010202 ep02
 min_cluster_size  n_clusters   n_noise
                3           2        22
                5           5      1317
                7           3      1376
                8           2      1357
               10           3      1408
               20           2      1459
               30           2      1465
               50           0      1603
              100           0      1603
              150           0      1603
              200           0      1603

sub-010202 ep03
 min_cluster_size  n_clusters   n_noise
                3           2        37
                5           2      1138
                7           5      1408
                8           5      1415
               10           3      1475
               20           2      1548
               30           0      1631
               50           0      1631
              100           0      1631
              150           0      1631
              200           0      1631

sub-010202 ep04
 min_cluster_size  n_clusters   n_noise
                3           5       153
                5           5      1232
                7           3      1202
                8           3      1215
               10           2      1282
               20           2      1304
               30           0      1437
               50           0      1437
              100           0      1437
              150           0      1437
              200           0      1437

sub-010202 ep05
 min_cluster_size  n_clusters   n_noise
                3           2        41
                5           5      1135
                7           2      1204
                8           2      1175
               10           2      1175
               20           2      1228
               30           2      1286
               50           0      1417
              100           0      1417
              150           0      1417
              200           0      1417

sub-010202 ep06
 min_cluster_size  n_clusters   n_noise
                3           2        63
                5           2       881
                7           5      1107
                8           4      1151
               10           3      1110
               20           2      1145
               30           2      1196
               50           2      1207
              100           0      1324
              150           0      1324
              200           0      1324

sub-010204 ep00
 min_cluster_size  n_clusters   n_noise
                3           3       150
                5           2       881
                7           2      1099
                8           2      1120
               10           2      1128
               20           2      1221
               30           2      1307
               50           2      1230
              100           0      1441
              150           0      1441
              200           0      1441

sub-010204 ep01
 min_cluster_size  n_clusters   n_noise
                3           3        32
                5           3      1291
                7           2      1336
                8           2      1377
               10           2      1436
               20           2      1430
               30           0      1569
               50           0      1569
              100           0      1569
              150           0      1569
              200           0      1569

sub-010204 ep02
 min_cluster_size  n_clusters   n_noise
                3           4       274
                5           4       991
                7           2      1637
                8           2      1642
               10           3      1655
               20           0      1696
               30           0      1696
               50           0      1696
              100           0      1696
              150           0      1696
              200           0      1696

sub-010204 ep03
 min_cluster_size  n_clusters   n_noise
                3           4       321
                5           2      1942
                7           2      2146
                8           2      2189
               10           2      2193
               20           2      2198
               30           0      2273
               50           0      2273
              100           0      2273
              150           0      2273
              200           0      2273

sub-010204 ep04
 min_cluster_size  n_clusters   n_noise
                3           2        90
                5           2       416
                7           2      1479
                8           2      1512
               10           2      1546
               20           2      1536
               30           0      1636
               50           0      1636
              100           0      1636
              150           0      1636
              200           0      1636

sub-010204 ep05
 min_cluster_size  n_clusters   n_noise
                3           3        96
                5           4      1062
                7           2      1221
                8           2      1225
               10           2      1218
               20           2      1284
               30           0      1378
               50           0      1378
              100           0      1378
              150           0      1378
              200           0      1378

sub-010204 ep06
 min_cluster_size  n_clusters   n_noise
                3          10       489
                5           4       991
                7           2      1022
                8           2      1240
               10           2      1230
               20           2      1279
               30           0      1320
               50           0      1320
              100           0      1320
              150           0      1320
              200           0      1320

sub-010207 ep00
 min_cluster_size  n_clusters   n_noise
                3           3       455
                5           2       535
                7           2      1153
                8           3      1218
               10           3      1232
               20           2      1272
               30           0      1341
               50           0      1341
              100           0      1341
              150           0      1341
              200           0      1341

sub-010207 ep01
 min_cluster_size  n_clusters   n_noise
                3           7       350
                5           2       353
                7           2      1124
                8           2      1159
               10           2      1157
               20           2      1186
               30           2      1206
               50           0      1315
              100           0      1315
              150           0      1315
              200           0      1315

sub-010207 ep02
 min_cluster_size  n_clusters   n_noise
                3           2       239
                5           2       496
                7           3      1121
                8           3      1178
               10           2      1214
               20           2      1197
               30           0      1318
               50           0      1318
              100           0      1318
              150           0      1318
              200           0      1318

sub-010207 ep03
 min_cluster_size  n_clusters   n_noise
                3           3       284
                5           2       984
                7           2       899
                8           3      1250
               10           2      1218
               20           2      1185
               30           0      1286
               50           0      1286
              100           0      1286
              150           0      1286
              200           0      1286

sub-010207 ep04
 min_cluster_size  n_clusters   n_noise
                3           2       133
                5           6      1119
                7           4      1151
                8           2      1166
               10           2      1178
               20           2      1201
               30           0      1271
               50           0      1271
              100           0      1271
              150           0      1271
              200           0      1271

sub-010207 ep05
 min_cluster_size  n_clusters   n_noise
                3           2        25
                5           3      1112
                7           2      1224
                8           2      1220
               10           2      1296
               20           0      1372
               30           0      1372
               50           0      1372
              100           0      1372
              150           0      1372
              200           0      1372

sub-010207 ep06
 min_cluster_size  n_clusters   n_noise
                3           3       261
                5           3       876
                7           2      1106
                8           2      1004
               10           2      1107
               20           2      1161
               30           0      1243
               50           0      1243
              100           0      1243
              150           0      1243
              200           0      1243

sub-010210 ep00
 min_cluster_size  n_clusters   n_noise
                3           3        54
                5           2       671
                7           4      1335
                8           4      1345
               10           2      1324
               20           2      1336
               30           0      1408
               50           0      1408
              100           0      1408
              150           0      1408
              200           0      1408

sub-010210 ep01
 min_cluster_size  n_clusters   n_noise
                3           8       234
                5           2       975
                7           3      1526
                8           2      1469
               10           2      1450
               20           2      1551
               30           2      1572
               50           0      1639
              100           0      1639
              150           0      1639
              200           0      1639

sub-010210 ep02
 min_cluster_size  n_clusters   n_noise
                3           4       187
                5           2      1115
                7           3      1641
                8           3      1637
               10           2      1635
               20           2      1645
               30           0      1712
               50           0      1712
              100           0      1712
              150           0      1712
              200           0      1712

sub-010210 ep03
 min_cluster_size  n_clusters   n_noise
                3           9       202
                5           2      1009
                7           3      1334
                8           2      1323
               10           2      1333
               20           2      1320
               30           0      1408
               50           0      1408
              100           0      1408
              150           0      1408
              200           0      1408

sub-010210 ep04
 min_cluster_size  n_clusters   n_noise
                3           2        12
                5           2       423
                7           2      1202
                8           0      1406
               10           0      1406
               20           0      1406
               30           0      1406
               50           0      1406
              100           0      1406
              150           0      1406
              200           0      1406

sub-010210 ep05
 min_cluster_size  n_clusters   n_noise
                3           3        59
                5           2        73
                7           3      1678
                8           2      1520
               10           2      1754
               20           2      1740
               30           2      1823
               50           0      1933
              100           0      1933
              150           0      1933
              200           0      1933

sub-010210 ep06
 min_cluster_size  n_clusters   n_noise
                3           3       133
                5           5      1124
                7           3      1221
                8           3      1217
               10           2      1228
               20           2      1278
               30           2      1284
               50           0      1372
              100           0      1372
              150           0      1372
              200           0      1372

sub-010213 ep00
 min_cluster_size  n_clusters   n_noise
                3           2        58
                5           2       649
                7           2       593
                8           2       616
               10           2      1246
               20           2      1277
               30           0      1337
               50           0      1337
              100           0      1337
              150           0      1337
              200           0      1337

sub-010213 ep01
 min_cluster_size  n_clusters   n_noise
                3           2       272
                5           6      1653
                7           2      1504
                8           2      1626
               10           2      1609
               20           2      1687
               30           2      1661
               50           0      1893
              100           0      1893
              150           0      1893
              200           0      1893

sub-010213 ep02
 min_cluster_size  n_clusters   n_noise
                3           2       170
                5           2       852
                7           3      1256
                8           2      1106
               10           2      1270
               20           2      1248
               30           0      1372
               50           0      1372
              100           0      1372
              150           0      1372
              200           0      1372

sub-010213 ep03
 min_cluster_size  n_clusters   n_noise
                3           2       113
                5           3       718
                7           2      1267
                8           2      1297
               10           2      1353
               20           2      1337
               30           0      1410
               50           0      1410
              100           0      1410
              150           0      1410
              200           0      1410

sub-010213 ep04
 min_cluster_size  n_clusters   n_noise
                3           2        31
                5           2       940
                7           2      1246
                8           2      1260
               10           2      1289
               20           0      1452
               30           0      1452
               50           0      1452
              100           0      1452
              150           0      1452
              200           0      1452

sub-010213 ep05
 min_cluster_size  n_clusters   n_noise
                3           2       244
                5           3       787
                7           4      1132
                8           4      1172
               10           3      1213
               20           0      1368
               30           0      1368
               50           0      1368
              100           0      1368
              150           0      1368
              200           0      1368

sub-010213 ep06
 min_cluster_size  n_clusters   n_noise
                3           2       175
                5           3       843
                7           3      1173
                8           2      1163
               10           0      1234
               20           0      1234
               30           0      1234
               50           0      1234
              100           0      1234
              150           0      1234
              200           0      1234

sub-010214 ep00
 min_cluster_size  n_clusters   n_noise
                3           2       206
                5           5      1222
                7           2      1300
                8           2      1321
               10           2      1412
               20           0      1458
               30           0      1458
               50           0      1458
              100           0      1458
              150           0      1458
              200           0      1458

sub-010214 ep01
 min_cluster_size  n_clusters   n_noise
                3           5       469
                5           9      1374
                7           3      1451
                8           2      1443
               10           2      1422
               20           2      1458
               30           0      1564
               50           0      1564
              100           0      1564
              150           0      1564
              200           0      1564

sub-010214 ep02
 min_cluster_size  n_clusters   n_noise
                3           2        89
                5           6      1593
                7           3      1607
                8           3      1633
               10           3      1665
               20           2      1688
               30           0      1759
               50           0      1759
              100           0      1759
              150           0      1759
              200           0      1759

sub-010214 ep03
 min_cluster_size  n_clusters   n_noise
                3           2        76
                5           2      1379
                7           2      1568
                8           3      1583
               10           2      1569
               20           2      1548
               30           0      1696
               50           2      1591
              100           0      1696
              150           0      1696
              200           0      1696

sub-010214 ep04
 min_cluster_size  n_clusters   n_noise
                3           2       347
                5           2      1236
                7           2      1329
                8           2      1358
               10           2      1409
               20           2      1449
               30           2      1467
               50           0      1535
              100           0      1535
              150           0      1535
              200           0      1535

sub-010214 ep05
 min_cluster_size  n_clusters   n_noise
                3           5       289
                5           2      1069
                7           2      1285
                8           2      1468
               10           2      1442
               20           2      1450
               30           2      1462
               50           0      1556
              100           0      1556
              150           0      1556
              200           0      1556

sub-010214 ep06
 min_cluster_size  n_clusters   n_noise
                3           2       121
                5           3       902
                7           2      1264
                8           2      1274
               10           2      1251
               20           2      1289
               30           0      1350
               50           0      1350
              100           0      1350
              150           0      1350
              200           0      1350

sub-010215 ep00
 min_cluster_size  n_clusters   n_noise
                3           3        53
                5           3      1463
                7           2      1507
                8           2      1677
               10           2      1682
               20           0      1763
               30           0      1763
               50           0      1763
              100           0      1763
              150           0      1763
              200           0      1763

sub-010215 ep01
 min_cluster_size  n_clusters   n_noise
                3           8       499
                5           3      1407
                7           2      1490
                8           2      1613
               10           2      1598
               20           2      1607
               30           2      1614
               50           0      1693
              100           0      1693
              150           0      1693
              200           0      1693

sub-010215 ep02
 min_cluster_size  n_clusters   n_noise
                3           3       161
                5           2      1090
                7           3      1580
                8           2      1605
               10           3      1618
               20           0      1704
               30           0      1704
               50           0      1704
              100           0      1704
              150           0      1704
              200           0      1704

sub-010215 ep03
 min_cluster_size  n_clusters   n_noise
                3           2       304
                5           2      1296
                7           2      1812
                8           2      1809
               10           2      1878
               20           2      1912
               30           2      1874
               50           0      2010
              100           0      2010
              150           0      2010
              200           0      2010

sub-010215 ep04
 min_cluster_size  n_clusters   n_noise
                3           2       127
                5           2      1777
                7           3      2299
                8           2      2271
               10           3      2328
               20           2      2346
               30           0      2422
               50           0      2422
              100           0      2422
              150           0      2422
              200           0      2422

sub-010215 ep05
 min_cluster_size  n_clusters   n_noise
                3           2        50
                5           2      1699
                7           3      2242
                8           2      2266
               10           2      2273
               20           2      2294
               30           0      2346
               50           0      2346
              100           0      2346
              150           0      2346
              200           0      2346

sub-010218 ep00
 min_cluster_size  n_clusters   n_noise
                3           2       245
                5           2       953
                7           2      1017
                8           2      1014
               10           2      1000
               20           2      1101
               30           2      1056
               50           2      1192
              100           0      1500
              150           0      1500
              200           0      1500

sub-010218 ep01
 min_cluster_size  n_clusters   n_noise
                3           2       162
                5           5      1169
                7           2      1142
                8           2      1096
               10           2      1176
               20           2      1125
               30           2      1146
               50           2      1161
              100           2      1233
              150           0      1588
              200           0      1588

sub-010218 ep02
 min_cluster_size  n_clusters   n_noise
                3           2        24
                5           5       991
                7           3      1111
                8           2      1131
               10           2      1008
               20           2      1110
               30           2      1050
               50           2      1132
              100           2      1204
              150           0      1661
              200           0      1661

sub-010218 ep03
 min_cluster_size  n_clusters   n_noise
                3           4       198
                5           4       947
                7           2      1046
                8           2      1033
               10           2       974
               20           2      1043
               30           2      1025
               50           2      1130
              100           2      1153
              150           0      1475
              200           0      1475

sub-010218 ep04
 min_cluster_size  n_clusters   n_noise
                3           3       236
                5           2       732
                7           2       886
                8           2       894
               10           2      1004
               20           2       949
               30           2       935
               50           2       906
              100           2      1090
              150           0      1552
              200           0      1552

sub-010218 ep05
 min_cluster_size  n_clusters   n_noise
                3           3       233
                5           4       917
                7           4      1116
                8           2      1068
               10           2      1134
               20           2      1081
               30           2      1151
               50           0      1392
              100           0      1392
              150           0      1392
              200           0      1392

sub-010218 ep06
 min_cluster_size  n_clusters   n_noise
                3           4       310
                5           2       722
                7           2      1048
                8           2      1094
               10           2      1145
               20           2      1121
               30           2      1141
               50           2      1130
              100           0      1342
              150           0      1342
              200           0      1342

sub-010219 ep00
 min_cluster_size  n_clusters   n_noise
                3           2       537
                5           2       587
                7           3      1470
                8           3      1497
               10           2      1502
               20           0      1578
               30           0      1578
               50           0      1578
              100           0      1578
              150           0      1578
              200           0      1578

sub-010219 ep01
 min_cluster_size  n_clusters   n_noise
                3           2       132
                5           2      1555
                7           5      1836
                8           3      1856
               10           2      1879
               20           2      1901
               30           0      1965
               50           0      1965
              100           0      1965
              150           0      1965
              200           0      1965

sub-010219 ep02
 min_cluster_size  n_clusters   n_noise
                3           3       623
                5           4      1594
                7           3      1615
                8           3      1622
               10           3      1658
               20           0      1705
               30           0      1705
               50           0      1705
              100           0      1705
              150           0      1705
              200           0      1705

sub-010219 ep03
 min_cluster_size  n_clusters   n_noise
                3           2        57
                5           6      1569
                7           3      1579
                8           3      1601
               10           3      1599
               20           0      1717
               30           0      1717
               50           0      1717
              100           0      1717
              150           0      1717
              200           0      1717

sub-010219 ep04
 min_cluster_size  n_clusters   n_noise
                3           3       385
                5           2      1650
                7           5      1798
                8           5      1821
               10           3      1813
               20           0      1903
               30           0      1903
               50           0      1903
              100           0      1903
              150           0      1903
              200           0      1903

sub-010219 ep05
 min_cluster_size  n_clusters   n_noise
                3           5       694
                5           2      1080
                7           4      1579
                8           2      1601
               10           2      1608
               20           0      1650
               30           0      1650
               50           0      1650
              100           0      1650
              150           0      1650
              200           0      1650

sub-010219 ep06
 min_cluster_size  n_clusters   n_noise
                3           3        48
                5           2       951
                7           3      1378
                8           2      1383
               10           2      1401
               20           0      1495
               30           0      1495
               50           0      1495
              100           0      1495
              150           0      1495
              200           0      1495

sub-010220 ep00
 min_cluster_size  n_clusters   n_noise
                3           7       389
                5           2       569
                7           3      1019
                8           2       946
               10           2       975
               20           2       969
               30           2      1005
               50           2       949
              100           2       928
              150           0      1437
              200           0      1437

sub-010220 ep01
 min_cluster_size  n_clusters   n_noise
                3           2        44
                5          10       987
                7           2      1092
                8           2      1136
               10           2      1190
               20           0      1334
               30           0      1334
               50           0      1334
              100           0      1334
              150           0      1334
              200           0      1334

sub-010220 ep02
 min_cluster_size  n_clusters   n_noise
                3           9       237
                5           3       599
                7           3       664
                8           2       722
               10           2      1180
               20           0      1305
               30           0      1305
               50           0      1305
              100           0      1305
              150           0      1305
              200           0      1305

sub-010220 ep03
 min_cluster_size  n_clusters   n_noise
                3           2        19
                5           7      1018
                7           3      1057
                8           2       928
               10           2       872
               20           2       817
               30           2       842
               50           2       834
              100           0      1284
              150           0      1284
              200           0      1284

sub-010220 ep04
 min_cluster_size  n_clusters   n_noise
                3           3       101
                5           2       152
                7           2      1136
                8           2      1179
               10           2      1157
               20           2      1106
               30           2      1065
               50           2      1136
              100           2      1192
              150           0      1741
              200           0      1741

sub-010220 ep05
 min_cluster_size  n_clusters   n_noise
                3           4       207
                5           3       598
                7           4      1081
                8           3      1059
               10           3      1101
               20           0      1279
               30           0      1279
               50           0      1279
              100           0      1279
              150           0      1279
              200           0      1279

sub-010220 ep06
 min_cluster_size  n_clusters   n_noise
                3           2        47
                5           6       770
                7           2       825
                8           2       821
               10           2       866
               20           2       888
               30           2       953
               50           2       884
              100           0      1168
              150           0      1168
              200           0      1168

sub-010222 ep00
 min_cluster_size  n_clusters   n_noise
                3           2       159
                5           3      1931
                7           4      2098
                8           3      2119
               10           2      2109
               20           2      2129
               30           0      2269
               50           0      2269
              100           0      2269
              150           0      2269
              200           0      2269

sub-010222 ep01
 min_cluster_size  n_clusters   n_noise
                3          11       624
                5           3       845
                7           3      1653
                8           2      1596
               10           2      1594
               20           2      1688
               30           2      1720
               50           0      1825
              100           0      1825
              150           0      1825
              200           0      1825

sub-010222 ep02
 min_cluster_size  n_clusters   n_noise
                3           3       409
                5           2      1232
                7           2      1921
                8           2      1924
               10           2      1974
               20           2      1972
               30           0      2040
               50           0      2040
              100           0      2040
              150           0      2040
              200           0      2040

sub-010222 ep03
 min_cluster_size  n_clusters   n_noise
                3           5       235
                5           2      1179
                7           2      1532
                8           2      1542
               10           2      1624
               20           0      1806
               30           2      1700
               50           0      1806
              100           0      1806
              150           0      1806
              200           0      1806

sub-010222 ep04
 min_cluster_size  n_clusters   n_noise
                3           2        27
                5           2       292
                7           6      1702
                8           3      1709
               10           2      1744
               20           3      1750
               30           0      1820
               50           0      1820
              100           0      1820
              150           0      1820
              200           0      1820

sub-010222 ep05
 min_cluster_size  n_clusters   n_noise
                3           2       162
                5           2       972
                7           2      1692
                8           3      1814
               10           3      1840
               20           0      1890
               30           0      1890
               50           0      1890
              100           0      1890
              150           0      1890
              200           0      1890

sub-010222 ep06
 min_cluster_size  n_clusters   n_noise
                3           2       127
                5           2      1223
                7           2      1494
                8           2      1520
               10           2      1546
               20           2      1538
               30           2      1605
               50           0      1687
              100           0      1687
              150           0      1687
              200           0      1687

sub-010223 ep00
 min_cluster_size  n_clusters   n_noise
                3           3       362
                5           2       733
                7           2       852
                8           3      1500
               10           2      1643
               20           2      1658
               30           0      1735
               50           0      1735
              100           0      1735
              150           0      1735
              200           0      1735

sub-010223 ep01
 min_cluster_size  n_clusters   n_noise
                3           2       103
                5           4      1521
                7           3      1656
                8           2      1571
               10           2      1579
               20           2      1611
               30           2      1658
               50           2      1714
              100           0      1833
              150           0      1833
              200           0      1833

sub-010223 ep02
 min_cluster_size  n_clusters   n_noise
                3           2       311
                5           2       913
                7           2      1483
                8           2      1515
               10           2      1550
               20           2      1555
               30           2      1678
               50           2      1621
              100           0      1774
              150           0      1774
              200           0      1774

sub-010223 ep03
 min_cluster_size  n_clusters   n_noise
                3           2       169
                5           2      1071
                7           4      1671
                8           3      1676
               10           2      1661
               20           2      1726
               30           0      1802
               50           0      1802
              100           0      1802
              150           0      1802
              200           0      1802

sub-010223 ep04
 min_cluster_size  n_clusters   n_noise
                3           2       269
                5           3      1360
                7           2      1701
                8           2      1737
               10           2      1846
               20           2      1779
               30           2      1749
               50           2      1751
              100           0      1910
              150           0      1910
              200           0      1910

sub-010223 ep05
 min_cluster_size  n_clusters   n_noise
                3          13       965
                5           7      1608
                7           4      1635
                8           2      1617
               10           2      1689
               20           2      1771
               30           2      1782
               50           0      1873
              100           0      1873
              150           0      1873
              200           0      1873

sub-010223 ep06
 min_cluster_size  n_clusters   n_noise
                3           4       258
                5           2      1406
                7           5      1630
                8           4      1625
               10           2      1599
               20           2      1666
               30           0      1711
               50           0      1711
              100           0      1711
              150           0      1711
              200           0      1711

sub-010224 ep00
 min_cluster_size  n_clusters   n_noise
                3           2       143
                5           2       454
                7           3      1146
                8           3      1194
               10           2      1243
               20           2      1253
               30           0      1325
               50           0      1325
              100           0      1325
              150           0      1325
              200           0      1325

sub-010224 ep01
 min_cluster_size  n_clusters   n_noise
                3           2       253
                5           2       726
                7           2      1117
                8           5      1239
               10           2      1237
               20           0      1337
               30           0      1337
               50           0      1337
              100           0      1337
              150           0      1337
              200           0      1337

sub-010224 ep02
 min_cluster_size  n_clusters   n_noise
                3           2       169
                5           3      1238
                7           3      1423
                8           3      1407
               10           3      1420
               20           2      1361
               30           2      1382
               50           0      1487
              100           0      1487
              150           0      1487
              200           0      1487

sub-010224 ep03
 min_cluster_size  n_clusters   n_noise
                3           2       127
                5           8      1200
                7           2      1225
                8           2      1258
               10           2      1253
               20           2      1328
               30           0      1378
               50           0      1378
              100           0      1378
              150           0      1378
              200           0      1378

sub-010224 ep04
 min_cluster_size  n_clusters   n_noise
                3           2       395
                5           8      1288
                7           3      1328
                8           2      1335
               10           2      1330
               20           2      1415
               30           0      1474
               50           0      1474
              100           0      1474
              150           0      1474
              200           0      1474

sub-010224 ep05
 min_cluster_size  n_clusters   n_noise
                3           2       211
                5           2      1195
                7           2      1136
                8           2      1403
               10           2      1419
               20           2      1572
               30           0      1633
               50           0      1633
              100           0      1633
              150           0      1633
              200           0      1633

sub-010224 ep06
 min_cluster_size  n_clusters   n_noise
                3           2       112
                5           4      1011
                7           3      1034
                8           4      1061
               10           3      1097
               20           0      1160
               30           0      1160
               50           0      1160
              100           0      1160
              150           0      1160
              200           0      1160

sub-010226 ep00
 min_cluster_size  n_clusters   n_noise
                3           2        44
                5           3      1049
                7           2       849
                8           2       904
               10           2      1438
               20           2      1470
               30           0      1553
               50           0      1553
              100           0      1553
              150           0      1553
              200           0      1553

sub-010226 ep01
 min_cluster_size  n_clusters   n_noise
                3           2       112
                5           4       960
                7           2       900
                8           2       912
               10           2      1422
               20           2      1419
               30           2      1427
               50           0      1524
              100           0      1524
              150           0      1524
              200           0      1524

sub-010226 ep02
 min_cluster_size  n_clusters   n_noise
                3          12       572
                5           2       389
                7           2       348
                8           2       386
               10           2      1458
               20           2      1459
               30           0      1569
               50           0      1569
              100           0      1569
              150           0      1569
              200           0      1569

sub-010226 ep03
 min_cluster_size  n_clusters   n_noise
                3           2       151
                5           2       876
                7           2      1340
                8           2      1356
               10           2      1352
               20           2      1405
               30           0      1491
               50           0      1491
              100           0      1491
              150           0      1491
              200           0      1491

sub-010226 ep04
 min_cluster_size  n_clusters   n_noise
                3           4       100
                5           2       475
                7           2      1419
                8           3      1418
               10           3      1453
               20           2      1436
               30           2      1422
               50           0      1532
              100           0      1532
              150           0      1532
              200           0      1532

sub-010226 ep05
 min_cluster_size  n_clusters   n_noise
                3           3        48
                5           3      1042
                7           3      1089
                8           3      1076
               10           3      1092
               20           0      1510
               30           0      1510
               50           0      1510
              100           0      1510
              150           0      1510
              200           0      1510

sub-010227 ep00
 min_cluster_size  n_clusters   n_noise
                3           2        39
                5           2       249
                7           2      1883
                8           3      1917
               10           2      1836
               20           0      2002
               30           0      2002
               50           0      2002
              100           0      2002
              150           0      2002
              200           0      2002

sub-010227 ep01
 min_cluster_size  n_clusters   n_noise
                3           3       141
                5           2       369
                7           2       866
                8           2      1389
               10           2      1395
               20           2      1389
               30           0      1472
               50           0      1472
              100           0      1472
              150           0      1472
              200           0      1472

sub-010227 ep02
 min_cluster_size  n_clusters   n_noise
                3           8       210
                5           2       514
                7           2      1039
                8           3      1291
               10           3      1336
               20           2      1384
               30           0      1438
               50           0      1438
              100           0      1438
              150           0      1438
              200           0      1438

sub-010227 ep03
 min_cluster_size  n_clusters   n_noise
                3           2         8
                5           2       849
                7           2      1164
                8           2      1278
               10           2      1317
               20           0      1340
               30           0      1340
               50           0      1340
              100           0      1340
              150           0      1340
              200           0      1340

sub-010227 ep04
 min_cluster_size  n_clusters   n_noise
                3           2        23
                5           2       121
                7           2      1378
                8           2      1396
               10           2      1382
               20           0      1501
               30           0      1501
               50           0      1501
              100           0      1501
              150           0      1501
              200           0      1501

sub-010227 ep05
 min_cluster_size  n_clusters   n_noise
                3           5        67
                5           2      1010
                7           2      1378
                8           3      1378
               10           0      1433
               20           0      1433
               30           0      1433
               50           0      1433
              100           0      1433
              150           0      1433
              200           0      1433

sub-010227 ep06
 min_cluster_size  n_clusters   n_noise
                3           4        57
                5           4       715
                7           2      1235
                8           2      1253
               10           2      1312
               20           0      1355
               30           0      1355
               50           0      1355
              100           0      1355
              150           0      1355
              200           0      1355

sub-010228 ep00
 min_cluster_size  n_clusters   n_noise
                3           5       521
                5           3      1321
                7           3      1447
                8           2      1474
               10           2      1489
               20           2      1526
               30           0      1617
               50           0      1617
              100           0      1617
              150           0      1617
              200           0      1617

sub-010228 ep01
 min_cluster_size  n_clusters   n_noise
                3           2       195
                5           4      1113
                7           4      1226
                8           2      1221
               10           2      1230
               20           0      1322
               30           0      1322
               50           0      1322
              100           0      1322
              150           0      1322
              200           0      1322

sub-010228 ep02
 min_cluster_size  n_clusters   n_noise
                3           2       382
                5           2      1321
                7           5      1717
                8           3      1681
               10           3      1705
               20           2      1722
               30           0      1800
               50           0      1800
              100           0      1800
              150           0      1800
              200           0      1800

sub-010228 ep03
 min_cluster_size  n_clusters   n_noise
                3           2        39
                5           9      1266
                7           3      1320
                8           4      1344
               10           3      1319
               20           0      1401
               30           0      1401
               50           0      1401
              100           0      1401
              150           0      1401
              200           0      1401

sub-010228 ep04
 min_cluster_size  n_clusters   n_noise
                3           3       385
                5           2      1213
                7           2      1295
                8           3      1299
               10           2      1353
               20           2      1338
               30           0      1400
               50           0      1400
              100           0      1400
              150           0      1400
              200           0      1400

sub-010228 ep05
 min_cluster_size  n_clusters   n_noise
                3           2       214
                5           2       975
                7           3      1209
                8           3      1166
               10           3      1223
               20           0      1319
               30           0      1319
               50           0      1319
              100           0      1319
              150           0      1319
              200           0      1319

sub-010228 ep06
 min_cluster_size  n_clusters   n_noise
                3          46       959
                5           2       916
                7           3      1081
                8           3      1091
               10           3      1134
               20           0      1217
               30           0      1217
               50           0      1217
              100           0      1217
              150           0      1217
              200           0      1217

sub-010229 ep00
 min_cluster_size  n_clusters   n_noise
                3           2        66
                5           2       588
                7           3       872
                8           3       883
               10           2       920
               20           2       804
               30           2       844
               50           2       886
              100           0      1337
              150           0      1337
              200           0      1337

sub-010229 ep01
 min_cluster_size  n_clusters   n_noise
                3          10       316
                5           3       389
                7           2       767
                8           2       809
               10           2      1195
               20           0      1252
               30           0      1252
               50           0      1252
              100           0      1252
              150           0      1252
              200           0      1252

sub-010229 ep02
 min_cluster_size  n_clusters   n_noise
                3           2       127
                5           4       836
                7           4       983
                8           2       882
               10           2       933
               20           2       867
               30           2       926
               50           2       873
              100           0      1236
              150           0      1236
              200           0      1236

sub-010229 ep03
 min_cluster_size  n_clusters   n_noise
                3           3       165
                5           2       170
                7           3       969
                8           3       969
               10           2      1008
               20           2      1025
               30           2      1023
               50           2       941
              100           0      1296
              150           0      1296
              200           0      1296

sub-010229 ep04
 min_cluster_size  n_clusters   n_noise
                3           3       190
                5           3      1038
                7           2      1193
                8           2      1187
               10           2      1210
               20           0      1255
               30           0      1255
               50           0      1255
              100           0      1255
              150           0      1255
              200           0      1255

sub-010229 ep05
 min_cluster_size  n_clusters   n_noise
                3           2       103
                5           2       635
                7           3       895
                8           2       925
               10           2      1004
               20           2       990
               30           2      1013
               50           0      1245
              100           0      1245
              150           0      1245
              200           0      1245

sub-010229 ep06
 min_cluster_size  n_clusters   n_noise
                3           3       128
                5           2       586
                7           2       573
                8           2       578
               10           2      1012
               20           2      1063
               30           0      1129
               50           0      1129
              100           0      1129
              150           0      1129
              200           0      1129

sub-010230 ep00
 min_cluster_size  n_clusters   n_noise
                3           2       335
                5           2       725
                7           3      1057
                8           3      1050
               10           2      1079
               20           2      1078
               30           2      1101
               50           0      1310
              100           0      1310
              150           0      1310
              200           0      1310

sub-010230 ep01
 min_cluster_size  n_clusters   n_noise
                3           2        31
                5           8      1060
                7           4      1136
                8           3      1159
               10           3      1172
               20           2      1149
               30           2      1117
               50           2      1159
              100           0      1339
              150           0      1339
              200           0      1339

sub-010230 ep02
 min_cluster_size  n_clusters   n_noise
                3           2       125
                5           2       825
                7           4      1230
                8           3      1261
               10           2      1252
               20           2      1239
               30           0      1327
               50           0      1327
              100           0      1327
              150           0      1327
              200           0      1327

sub-010230 ep03
 min_cluster_size  n_clusters   n_noise
                3           4       208
                5           2      1124
                7           2      1450
                8           2      1460
               10           2      1483
               20           0      1557
               30           0      1557
               50           0      1557
              100           0      1557
              150           0      1557
              200           0      1557

sub-010230 ep04
 min_cluster_size  n_clusters   n_noise
                3           4       196
                5           2      1380
                7           2      2395
                8           2      2849
               10           2      2845
               20           0      2898
               30           0      2898
               50           0      2898
              100           0      2898
              150           0      2898
              200           0      2898

sub-010230 ep05
 min_cluster_size  n_clusters   n_noise
                3           2        74
                5           7      1057
                7           5      1105
                8           3      1113
               10           2      1092
               20           2      1156
               30           0      1311
               50           0      1311
              100           0      1311
              150           0      1311
              200           0      1311

sub-010230 ep06
 min_cluster_size  n_clusters   n_noise
                3           2       272
                5           2       926
                7           2      1125
                8           2      1134
               10           2      1139
               20           0      1222
               30           0      1222
               50           0      1222
              100           0      1222
              150           0      1222
              200           0      1222

sub-010231 ep00
 min_cluster_size  n_clusters   n_noise
                3           2         9
                5           2       917
                7           3      1222
                8           2      1180
               10           2      1232
               20           0      1354
               30           0      1354
               50           0      1354
              100           0      1354
              150           0      1354
              200           0      1354

sub-010231 ep01
 min_cluster_size  n_clusters   n_noise
                3          10       379
                5           2      1604
                7           3      1809
                8           3      1815
               10           2      1807
               20           2      1839
               30           2      1860
               50           0      1964
              100           0      1964
              150           0      1964
              200           0      1964

sub-010231 ep02
 min_cluster_size  n_clusters   n_noise
                3           2         4
                5           2       911
                7           2       988
                8           2      1024
               10           2      1720
               20           2      1705
               30           0      1796
               50           0      1796
              100           0      1796
              150           0      1796
              200           0      1796

sub-010231 ep03
 min_cluster_size  n_clusters   n_noise
                3           2       121
                5           2       811
                7           2      1082
                8           2      1332
               10           2      1361
               20           2      1367
               30           0      1424
               50           0      1424
              100           0      1424
              150           0      1424
              200           0      1424

sub-010231 ep04
 min_cluster_size  n_clusters   n_noise
                3           2        36
                5           2       551
                7           2       548
                8           4      1564
               10           2      1565
               20           2      1630
               30           0      1679
               50           0      1679
              100           0      1679
              150           0      1679
              200           0      1679

sub-010231 ep05
 min_cluster_size  n_clusters   n_noise
                3           6       278
                5           2       356
                7           5      1214
                8           2      1203
               10           2      1228
               20           2      1252
               30           0      1325
               50           0      1325
              100           0      1325
              150           0      1325
              200           0      1325

sub-010231 ep06
 min_cluster_size  n_clusters   n_noise
                3           2        43
                5           5      1080
                7           5      1122
                8           3      1111
               10           3      1134
               20           0      1227
               30           0      1227
               50           0      1227
              100           0      1227
              150           0      1227
              200           0      1227

sub-010232 ep00
 min_cluster_size  n_clusters   n_noise
                3           3       137
                5           4      1241
                7           3      1279
                8           0      1385
               10           0      1385
               20           0      1385
               30           0      1385
               50           0      1385
              100           0      1385
              150           0      1385
              200           0      1385

sub-010232 ep01
 min_cluster_size  n_clusters   n_noise
                3           2       130
                5           4       377
                7           2      1232
                8           2      1282
               10           2      1298
               20           0      1323
               30           0      1323
               50           0      1323
              100           0      1323
              150           0      1323
              200           0      1323

sub-010232 ep02
 min_cluster_size  n_clusters   n_noise
                3           3        45
                5           2       228
                7           2      1182
                8           2      1210
               10           2      1238
               20           0      1318
               30           0      1318
               50           0      1318
              100           0      1318
              150           0      1318
              200           0      1318

sub-010232 ep03
 min_cluster_size  n_clusters   n_noise
                3           3       118
                5           4       381
                7           2      1854
                8           3      1956
               10           2      1998
               20           0      2059
               30           0      2059
               50           0      2059
              100           0      2059
              150           0      2059
              200           0      2059

sub-010232 ep04
 min_cluster_size  n_clusters   n_noise
                3           5        75
                5           2      1132
                7           2      1429
                8           2      1402
               10           2      1414
               20           0      1527
               30           0      1527
               50           0      1527
              100           0      1527
              150           0      1527
              200           0      1527

sub-010232 ep05
 min_cluster_size  n_clusters   n_noise
                3           4       116
                5           3      1420
                7           2      1590
                8           2      1605
               10           3      1618
               20           2      1610
               30           0      1688
               50           0      1688
              100           0      1688
              150           0      1688
              200           0      1688

sub-010232 ep06
 min_cluster_size  n_clusters   n_noise
                3           2        55
                5           2       967
                7           2      1113
                8           3      1135
               10           2      1140
               20           2      1164
               30           0      1224
               50           0      1224
              100           0      1224
              150           0      1224
              200           0      1224

sub-010233 ep00
 min_cluster_size  n_clusters   n_noise
                3           3        82
                5           2       970
                7           3      1238
                8           2      1274
               10           2      1294
               20           0      1429
               30           0      1429
               50           0      1429
              100           0      1429
              150           0      1429
              200           0      1429

sub-010233 ep01
 min_cluster_size  n_clusters   n_noise
                3           2       154
                5           2      1017
                7           2      1231
                8           2      1254
               10           2      1302
               20           0      1396
               30           2      1307
               50           0      1396
              100           0      1396
              150           0      1396
              200           0      1396

sub-010233 ep02
 min_cluster_size  n_clusters   n_noise
                3           4       134
                5           4      1238
                7           3      1410
                8           4      1535
               10           2      1538
               20           0      1685
               30           0      1685
               50           0      1685
              100           0      1685
              150           0      1685
              200           0      1685

sub-010233 ep03
 min_cluster_size  n_clusters   n_noise
                3           2        18
                5           2       605
                7           2      1335
                8           0      1364
               10           0      1364
               20           0      1364
               30           0      1364
               50           0      1364
              100           0      1364
              150           0      1364
              200           0      1364

sub-010233 ep04
 min_cluster_size  n_clusters   n_noise
                3           2         2
                5           2       871
                7           2      1250
                8           2      1268
               10           2      1264
               20           0      1345
               30           0      1345
               50           0      1345
              100           0      1345
              150           0      1345
              200           0      1345

sub-010233 ep05
 min_cluster_size  n_clusters   n_noise
                3           2       182
                5           2       813
                7           2      1538
                8           2      1575
               10           2      1594
               20           0      1713
               30           0      1713
               50           0      1713
              100           0      1713
              150           0      1713
              200           0      1713

sub-010233 ep06
 min_cluster_size  n_clusters   n_noise
                3           4       126
                5           5       945
                7           3       983
                8           2       844
               10           2      1083
               20           0      1251
               30           0      1251
               50           0      1251
              100           0      1251
              150           0      1251
              200           0      1251

sub-010234 ep00
 min_cluster_size  n_clusters   n_noise
                3           3       379
                5           2      1076
                7           6      1675
                8           4      1704
               10           3      1670
               20           2      1747
               30           0      1796
               50           0      1796
              100           0      1796
              150           0      1796
              200           0      1796

sub-010234 ep01
 min_cluster_size  n_clusters   n_noise
                3           5       327
                5           4      1525
                7           5      1678
                8           3      1704
               10           2      1662
               20           0      1755
               30           0      1755
               50           0      1755
              100           0      1755
              150           0      1755
              200           0      1755

sub-010234 ep02
 min_cluster_size  n_clusters   n_noise
                3           9       293
                5           3      1411
                7           4      1587
                8           3      1594
               10           2      1611
               20           2      1658
               30           0      1723
               50           0      1723
              100           0      1723
              150           0      1723
              200           0      1723

sub-010234 ep03
 min_cluster_size  n_clusters   n_noise
                3           3       126
                5           2      1611
                7           4      1910
                8           3      1932
               10           2      1914
               20           0      1984
               30           0      1984
               50           0      1984
              100           0      1984
              150           0      1984
              200           0      1984

sub-010234 ep04
 min_cluster_size  n_clusters   n_noise
                3           3       283
                5           2       305
                7           3      1594
                8           2      1548
               10           2      1620
               20           0      1652
               30           0      1652
               50           0      1652
              100           0      1652
              150           0      1652
              200           0      1652

sub-010234 ep05
 min_cluster_size  n_clusters   n_noise
                3           2       139
                5           2      1031
                7           2       986
                8           2      1587
               10           2      1635
               20           0      1672
               30           0      1672
               50           0      1672
              100           0      1672
              150           0      1672
              200           0      1672

sub-010234 ep06
 min_cluster_size  n_clusters   n_noise
                3           3       201
                5           3      1199
                7           4      1355
                8           3      1362
               10           2      1404
               20           2      1398
               30           0      1513
               50           0      1513
              100           0      1513
              150           0      1513
              200           0      1513

sub-010236 ep00
 min_cluster_size  n_clusters   n_noise
                3           2        76
                5           2       948
                7           4      1261
                8           4      1253
               10           2      1255
               20           2      1264
               30           2      1315
               50           0      1408
              100           0      1408
              150           0      1408
              200           0      1408

sub-010236 ep01
 min_cluster_size  n_clusters   n_noise
                3           2        81
                5           7      1034
                7           3      1135
                8           2      1095
               10           2      1120
               20           2      1173
               30           2      1203
               50           2      1159
              100           0      1398
              150           0      1398
              200           0      1398

sub-010236 ep02
 min_cluster_size  n_clusters   n_noise
                3           3       310
                5           2       531
                7           3      1226
                8           2      1286
               10           2      1284
               20           2      1297
               30           2      1334
               50           0      1484
              100           0      1484
              150           0      1484
              200           0      1484

sub-010236 ep03
 min_cluster_size  n_clusters   n_noise
                3           2        89
                5           3      1168
                7           3      1461
                8           2      1489
               10           2      1498
               20           2      1562
               30           2      1558
               50           2      1532
              100           0      1730
              150           0      1730
              200           0      1730

sub-010236 ep04
 min_cluster_size  n_clusters   n_noise
                3           2        99
                5           5       845
                7           2       924
                8           2      1230
               10           2      1225
               20           2      1185
               30           2      1264
               50           0      1428
              100           0      1428
              150           0      1428
              200           0      1428

sub-010236 ep05
 min_cluster_size  n_clusters   n_noise
                3           6       193
                5           2       804
                7           3      1431
                8           2      1583
               10           3      1640
               20           2      1684
               30           0      1911
               50           0      1911
              100           0      1911
              150           0      1911
              200           0      1911

sub-010236 ep06
 min_cluster_size  n_clusters   n_noise
                3           2       112
                5           2       419
                7           3      1022
                8           2       998
               10           2      1163
               20           0      1287
               30           0      1287
               50           0      1287
              100           0      1287
              150           0      1287
              200           0      1287

sub-010238 ep00
 min_cluster_size  n_clusters   n_noise
                3           2       136
                5           2       604
                7           2      1430
                8           2      1413
               10           2      1404
               20           2      1408
               30           0      1513
               50           0      1513
              100           0      1513
              150           0      1513
              200           0      1513

sub-010238 ep01
 min_cluster_size  n_clusters   n_noise
                3          19       781
                5           2       840
                7           2      1261
                8           2      1318
               10           2      1370
               20           2      1475
               30           2      1458
               50           0      1594
              100           0      1594
              150           0      1594
              200           0      1594

sub-010238 ep02
 min_cluster_size  n_clusters   n_noise
                3           4       305
                5           2       584
                7           2       905
                8           2       910
               10           2       971
               20           2      1006
               30           2      1018
               50           2      1033
              100           0      1319
              150           0      1319
              200           0      1319

sub-010238 ep03
 min_cluster_size  n_clusters   n_noise
                3           4       394
                5           3       942
                7           2       980
                8           2      1012
               10           2       960
               20           2      1059
               30           2      1060
               50           2      1074
              100           0      1344
              150           0      1344
              200           0      1344

sub-010238 ep04
 min_cluster_size  n_clusters   n_noise
                3           2       182
                5           3      1099
                7           2       953
                8           2       998
               10           2      1019
               20           2      1126
               30           2      1129
               50           2      1112
              100           0      1554
              150           0      1554
              200           0      1554

sub-010238 ep05
 min_cluster_size  n_clusters   n_noise
                3           2        26
                5           2      1270
                7           3      1754
                8           2      1710
               10           3      1792
               20           2      1693
               30           2      1725
               50           2      1713
              100           0      1936
              150           0      1936
              200           0      1936

sub-010239 ep00
 min_cluster_size  n_clusters   n_noise
                3           2       242
                5           2       839
                7           3      1277
                8           2      1315
               10           2      1314
               20           0      1365
               30           0      1365
               50           0      1365
              100           0      1365
              150           0      1365
              200           0      1365

sub-010239 ep01
 min_cluster_size  n_clusters   n_noise
                3           3        71
                5           2       965
                7           5      1284
                8           4      1315
               10           2      1335
               20           2      1342
               30           2      1345
               50           0      1419
              100           0      1419
              150           0      1419
              200           0      1419

sub-010239 ep02
 min_cluster_size  n_clusters   n_noise
                3           9       384
                5           7      1146
                7           2      1104
                8           3      1183
               10           3      1256
               20           2      1259
               30           2      1248
               50           0      1369
              100           0      1369
              150           0      1369
              200           0      1369

sub-010239 ep03
 min_cluster_size  n_clusters   n_noise
                3           2       119
                5           2       799
                7           2      1042
                8           3      1106
               10           2      1060
               20           2      1072
               30           2      1119
               50           2      1118
              100           0      1335
              150           0      1335
              200           0      1335

sub-010239 ep04
 min_cluster_size  n_clusters   n_noise
                3           3       264
                5           9      1712
                7           2      1798
                8           4      1823
               10           2      1802
               20           2      1835
               30           2      1867
               50           0      1976
              100           0      1976
              150           0      1976
              200           0      1976

sub-010239 ep05
 min_cluster_size  n_clusters   n_noise
                3           2        38
                5           2      1209
                7           2      1360
                8           3      1430
               10           3      1439
               20           2      1307
               30           2      1271
               50           2      1445
              100           0      1620
              150           0      1620
              200           0      1620

sub-010240 ep00
 min_cluster_size  n_clusters   n_noise
                3           2        17
                5           2       728
                7           5      1154
                8           3      1157
               10           0      1320
               20           0      1320
               30           0      1320
               50           0      1320
              100           0      1320
              150           0      1320
              200           0      1320

sub-010240 ep01
 min_cluster_size  n_clusters   n_noise
                3           8       332
                5           2      1089
                7           4      1214
                8           4      1208
               10           3      1199
               20           2      1233
               30           2      1233
               50           0      1367
              100           0      1367
              150           0      1367
              200           0      1367

sub-010240 ep02
 min_cluster_size  n_clusters   n_noise
                3           3        73
                5           2       716
                7           2       994
                8           2       987
               10           2      1266
               20           0      1335
               30           0      1335
               50           0      1335
              100           0      1335
              150           0      1335
              200           0      1335

sub-010240 ep03
 min_cluster_size  n_clusters   n_noise
                3           5       190
                5           4      1831
                7           2      1596
                8           2      2067
               10           2      2102
               20           2      2132
               30           0      2254
               50           0      2254
              100           0      2254
              150           0      2254
              200           0      2254

sub-010240 ep04
 min_cluster_size  n_clusters   n_noise
                3           4       361
                5           2       953
                7           2      1220
                8           3      1398
               10           2      1405
               20           0      1522
               30           0      1522
               50           0      1522
              100           0      1522
              150           0      1522
              200           0      1522

sub-010240 ep05
 min_cluster_size  n_clusters   n_noise
                3           5       161
                5           7      1135
                7           4      1168
                8           3      1124
               10           3      1132
               20           0      1254
               30           0      1254
               50           0      1254
              100           0      1254
              150           0      1254
              200           0      1254

sub-010240 ep06
 min_cluster_size  n_clusters   n_noise
                3           2        81
                5           2      1000
                7           2      1147
                8           2      1162
               10           3      1149
               20           0      1308
               30           0      1308
               50           0      1308
              100           0      1308
              150           0      1308
              200           0      1308

sub-010241 ep00
 min_cluster_size  n_clusters   n_noise
                3           4       240
                5           2      1138
                7           2      1307
                8           3      1407
               10           2      1422
               20           0      1492
               30           0      1492
               50           0      1492
              100           0      1492
              150           0      1492
              200           0      1492

sub-010241 ep01
 min_cluster_size  n_clusters   n_noise
                3           4       264
                5           2      1121
                7           4      1366
                8           4      1317
               10           2      1312
               20           2      1320
               30           2      1372
               50           0      1450
              100           0      1450
              150           0      1450
              200           0      1450

sub-010241 ep02
 min_cluster_size  n_clusters   n_noise
                3           4       308
                5           3       994
                7           3      1409
                8           3      1429
               10           3      1399
               20           2      1430
               30           2      1449
               50           0      1513
              100           0      1513
              150           0      1513
              200           0      1513

sub-010241 ep03
 min_cluster_size  n_clusters   n_noise
                3           6       375
                5           2       858
                7           4      1305
                8           5      1348
               10           4      1355
               20           2      1412
               30           0      1455
               50           0      1455
              100           0      1455
              150           0      1455
              200           0      1455

sub-010241 ep04
 min_cluster_size  n_clusters   n_noise
                3           5       190
                5           2      1093
                7           4      1349
                8           2      1290
               10           2      1397
               20           2      1389
               30           0      1442
               50           0      1442
              100           0      1442
              150           0      1442
              200           0      1442

sub-010241 ep05
 min_cluster_size  n_clusters   n_noise
                3           2        32
                5           3      1277
                7           3      1537
                8           3      1582
               10           2      1597
               20           2      1612
               30           0      1708
               50           0      1708
              100           0      1708
              150           0      1708
              200           0      1708

sub-010241 ep06
 min_cluster_size  n_clusters   n_noise
                3           2       323
                5          11      1182
                7           2      1065
                8           2      1096
               10           3      1251
               20           2      1274
               30           0      1363
               50           0      1363
              100           0      1363
              150           0      1363
              200           0      1363

sub-010242 ep00
 min_cluster_size  n_clusters   n_noise
                3           2        32
                5           2       813
                7           4      1356
                8           3      1368
               10           2      1335
               20           2      1344
               30           0      1439
               50           0      1439
              100           0      1439
              150           0      1439
              200           0      1439

sub-010242 ep01
 min_cluster_size  n_clusters   n_noise
                3           3       131
                5           2      1448
                7           5      1766
                8           4      1799
               10           2      1750
               20           0      1890
               30           0      1890
               50           0      1890
              100           0      1890
              150           0      1890
              200           0      1890

sub-010242 ep02
 min_cluster_size  n_clusters   n_noise
                3           2       147
                5           4       938
                7           5      1352
                8           5      1362
               10           2      1319
               20           0      1435
               30           0      1435
               50           0      1435
              100           0      1435
              150           0      1435
              200           0      1435

sub-010242 ep03
 min_cluster_size  n_clusters   n_noise
                3           2       127
                5           2      1198
                7           3      1481
                8           3      1509
               10           3      1515
               20           0      1600
               30           0      1600
               50           0      1600
              100           0      1600
              150           0      1600
              200           0      1600

sub-010242 ep04
 min_cluster_size  n_clusters   n_noise
                3           3       154
                5           2      1392
                7           4      1591
                8           2      1563
               10           2      1614
               20           2      1661
               30           0      1716
               50           0      1716
              100           0      1716
              150           0      1716
              200           0      1716

sub-010242 ep05
 min_cluster_size  n_clusters   n_noise
                3           2       399
                5           9      1339
                7           4      1336
                8           3      1376
               10           2      1388
               20           2      1466
               30           2      1446
               50           0      1516
              100           0      1516
              150           0      1516
              200           0      1516

sub-010243 ep00
 min_cluster_size  n_clusters   n_noise
                3           2       187
                5           3       995
                7           2       921
                8           3      1300
               10           2      1368
               20           0      1467
               30           0      1467
               50           0      1467
              100           0      1467
              150           0      1467
              200           0      1467

sub-010243 ep01
 min_cluster_size  n_clusters   n_noise
                3           3       127
                5           2       950
                7           2      1257
                8           2      1207
               10           2      1407
               20           2      1456
               30           0      1500
               50           0      1500
              100           0      1500
              150           0      1500
              200           0      1500

sub-010243 ep02
 min_cluster_size  n_clusters   n_noise
                3           2        57
                5           3      1540
                7           2      1675
                8           2      1874
               10           2      1920
               20           2      1932
               30           0      2010
               50           0      2010
              100           0      2010
              150           0      2010
              200           0      2010

sub-010243 ep03
 min_cluster_size  n_clusters   n_noise
                3           2        48
                5           2       949
                7           4      1562
                8           5      1547
               10           2      1521
               20           2      1632
               30           0      1711
               50           0      1711
              100           0      1711
              150           0      1711
              200           0      1711

sub-010243 ep04
 min_cluster_size  n_clusters   n_noise
                3           2       201
                5           2       910
                7           4      1493
                8           4      1518
               10           3      1559
               20           2      1562
               30           0      1648
               50           0      1648
              100           0      1648
              150           0      1648
              200           0      1648

sub-010243 ep05
 min_cluster_size  n_clusters   n_noise
                3           2        47
                5          10      1435
                7           4      1401
                8           2      1273
               10           2      1469
               20           2      1412
               30           0      1572
               50           0      1572
              100           0      1572
              150           0      1572
              200           0      1572

sub-010243 ep06
 min_cluster_size  n_clusters   n_noise
                3           3        65
                5           2       891
                7           2      1073
                8           3      1180
               10           2      1120
               20           2      1196
               30           2      1212
               50           0      1326
              100           0      1326
              150           0      1326
              200           0      1326

sub-010244 ep00
 min_cluster_size  n_clusters   n_noise
                3           3        92
                5           2      1076
                7           3      1655
                8           2      1625
               10           2      1657
               20           0      1710
               30           0      1710
               50           0      1710
              100           0      1710
              150           0      1710
              200           0      1710

sub-010244 ep01
 min_cluster_size  n_clusters   n_noise
                3           2       111
                5           5      1509
                7           2      1535
                8           2      1560
               10           2      1575
               20           0      1663
               30           0      1663
               50           0      1663
              100           0      1663
              150           0      1663
              200           0      1663

sub-010244 ep02
 min_cluster_size  n_clusters   n_noise
                3           3       365
                5           2      1882
                7           2      1942
                8           2      1995
               10           2      2028
               20           0      2109
               30           0      2109
               50           0      2109
              100           0      2109
              150           0      2109
              200           0      2109

sub-010244 ep03
 min_cluster_size  n_clusters   n_noise
                3           3       651
                5           7      1694
                7           4      1728
                8           3      1756
               10           2      1698
               20           0      1806
               30           0      1806
               50           0      1806
              100           0      1806
              150           0      1806
              200           0      1806

sub-010244 ep04
 min_cluster_size  n_clusters   n_noise
                3           4       195
                5           5      1731
                7           3      1774
                8           2      1783
               10           2      1796
               20           0      1843
               30           0      1843
               50           0      1843
              100           0      1843
              150           0      1843
              200           0      1843

sub-010244 ep05
 min_cluster_size  n_clusters   n_noise
                3           3        83
                5           2      1587
                7           3      1810
                8           2      1834
               10           3      1918
               20           0      1968
               30           0      1968
               50           0      1968
              100           0      1968
              150           0      1968
              200           0      1968

sub-010244 ep06
 min_cluster_size  n_clusters   n_noise
                3           2       394
                5           2       744
                7           3      1371
                8           4      1391
               10           2      1413
               20           0      1456
               30           0      1456
               50           0      1456
              100           0      1456
              150           0      1456
              200           0      1456

sub-010245 ep00
 min_cluster_size  n_clusters   n_noise
                3           7       344
                5           3       818
                7           2      1053
                8           2      1091
               10           2      1250
               20           2      1186
               30           2      1165
               50           0      1414
              100           0      1414
              150           0      1414
              200           0      1414

sub-010245 ep01
 min_cluster_size  n_clusters   n_noise
                3           4       286
                5           2       659
                7           3      1171
                8           5      1225
               10           3      1143
               20           2      1230
               30           2      1207
               50           0      1486
              100           0      1486
              150           0      1486
              200           0      1486

sub-010245 ep02
 min_cluster_size  n_clusters   n_noise
                3           2         2
                5           2       473
                7           2       905
                8           2      1134
               10           2      1120
               20           2      1135
               30           2      1060
               50           2      1053
              100           0      1286
              150           0      1286
              200           0      1286

sub-010245 ep03
 min_cluster_size  n_clusters   n_noise
                3           4       128
                5           2       922
                7           2       925
                8           2      1106
               10           3      1180
               20           2      1175
               30           2      1187
               50           0      1298
              100           0      1298
              150           0      1298
              200           0      1298

sub-010245 ep04
 min_cluster_size  n_clusters   n_noise
                3           2        46
                5           2       628
                7           2      1129
                8           2      1139
               10           2      1130
               20           2      1142
               30           2      1204
               50           0      1337
              100           0      1337
              150           0      1337
              200           0      1337

sub-010245 ep05
 min_cluster_size  n_clusters   n_noise
                3           3        62
                5           2       915
                7           2      1524
                8           3      1618
               10           2      1639
               20           0      1698
               30           0      1698
               50           0      1698
              100           0      1698
              150           0      1698
              200           0      1698

sub-010245 ep06
 min_cluster_size  n_clusters   n_noise
                3           2        77
                5           2       309
                7           3       942
                8           2       546
               10           2      1002
               20           2       977
               30           2      1031
               50           0      1167
              100           0      1167
              150           0      1167
              200           0      1167

sub-010246 ep00
 min_cluster_size  n_clusters   n_noise
                3           2        48
                5           3       659
                7           4      1105
                8           2      1068
               10           2      1252
               20           2      1298
               30           2      1265
               50           0      1390
              100           0      1390
              150           0      1390
              200           0      1390

sub-010246 ep01
 min_cluster_size  n_clusters   n_noise
                3          73       968
                5           5       947
                7           2       994
                8           2      1071
               10           3      1136
               20           2      1297
               30           0      1428
               50           0      1428
              100           0      1428
              150           0      1428
              200           0      1428

sub-010246 ep02
 min_cluster_size  n_clusters   n_noise
                3           3       274
                5          13      1247
                7           2      1160
                8           2      1143
               10           2      1301
               20           2      1379
               30           0      1453
               50           0      1453
              100           0      1453
              150           0      1453
              200           0      1453

sub-010246 ep03
 min_cluster_size  n_clusters   n_noise
                3           3        87
                5           3       848
                7           3       992
                8           4      1322
               10           3      1323
               20           2      1353
               30           0      1413
               50           0      1413
              100           0      1413
              150           0      1413
              200           0      1413

sub-010246 ep04
 min_cluster_size  n_clusters   n_noise
                3           3        90
                5           6       939
                7           4      1032
                8           3      1101
               10           2      1028
               20           2      1110
               30           2      1096
               50           2      1095
              100           0      1392
              150           0      1392
              200           0      1392

sub-010246 ep05
 min_cluster_size  n_clusters   n_noise
                3           3        77
                5           2       874
                7           2       817
                8           3      1185
               10           2      1141
               20           2      1332
               30           0      1439
               50           0      1439
              100           0      1439
              150           0      1439
              200           0      1439

sub-010246 ep06
 min_cluster_size  n_clusters   n_noise
                3           2        59
                5           2       517
                7           3      1026
                8           3      1069
               10           2      1093
               20           2      1018
               30           0      1294
               50           2      1033
              100           0      1294
              150           0      1294
              200           0      1294

sub-010247 ep00
 min_cluster_size  n_clusters   n_noise
                3           3       160
                5           2       472
                7           3       965
                8           3       989
               10           2       956
               20           2       963
               30           2       887
               50           2       921
              100           0      1338
              150           0      1338
              200           0      1338

sub-010247 ep01
 min_cluster_size  n_clusters   n_noise
                3           2        32
                5           6       755
                7           2       754
                8           2       688
               10           2       768
               20           2       778
               30           2       869
               50           2       984
              100           2       988
              150           0      1327
              200           0      1327

sub-010247 ep02
 min_cluster_size  n_clusters   n_noise
                3           2        11
                5           6       849
                7           2       792
                8           2       787
               10           2       816
               20           2       824
               30           2       812
               50           2       784
              100           2       893
              150           0      1314
              200           0      1314

sub-010247 ep03
 min_cluster_size  n_clusters   n_noise
                3           2        41
                5           3       777
                7           2       692
                8           2       712
               10           2       700
               20           2       839
               30           2       813
               50           2       760
              100           2       818
              150           2       826
              200           0      1342

sub-010247 ep04
 min_cluster_size  n_clusters   n_noise
                3           4       119
                5           5      1179
                7           2      1167
                8           2      1225
               10           2      1226
               20           2      1109
               30           2      1091
               50           2      1068
              100           2      1207
              150           2      1312
              200           0      1831

sub-010247 ep05
 min_cluster_size  n_clusters   n_noise
                3           2       108
                5           5       829
                7           2       883
                8           2       895
               10           2       940
               20           2       934
               30           2       910
               50           2       858
              100           2       927
              150           0      1399
              200           0      1399

sub-010247 ep06
 min_cluster_size  n_clusters   n_noise
                3          15       463
                5           2       632
                7           2       643
                8           2       661
               10           2      1013
               20           2      1003
               30           2       974
               50           2      1015
              100           0      1215
              150           0      1215
              200           0      1215

sub-010248 ep00
 min_cluster_size  n_clusters   n_noise
                3           4       222
                5           2      1153
                7           3      1467
                8           2      1453
               10           2      1485
               20           0      1530
               30           0      1530
               50           0      1530
              100           0      1530
              150           0      1530
              200           0      1530

sub-010248 ep01
 min_cluster_size  n_clusters   n_noise
                3           5       285
                5           3      1348
                7           2      1502
                8           3      1509
               10           2      1515
               20           2      1525
               30           0      1619
               50           0      1619
              100           0      1619
              150           0      1619
              200           0      1619

sub-010248 ep02
 min_cluster_size  n_clusters   n_noise
                3           2        82
                5           2      1463
                7           5      1582
                8           2      1561
               10           3      1578
               20           0      1654
               30           0      1654
               50           0      1654
              100           0      1654
              150           0      1654
              200           0      1654

sub-010248 ep03
 min_cluster_size  n_clusters   n_noise
                3           2       322
                5           4      2468
                7           3      2506
                8           3      2508
               10           3      2502
               20           0      2577
               30           0      2577
               50           0      2577
              100           0      2577
              150           0      2577
              200           0      2577

sub-010248 ep04
 min_cluster_size  n_clusters   n_noise
                3           4       405
                5           2      1390
                7           2      1425
                8           3      1437
               10           2      1476
               20           0      1503
               30           0      1503
               50           0      1503
              100           0      1503
              150           0      1503
              200           0      1503

sub-010248 ep05
 min_cluster_size  n_clusters   n_noise
                3           5       452
                5           3      1354
                7           2      1345
                8           0      1434
               10           0      1434
               20           0      1434
               30           0      1434
               50           0      1434
              100           0      1434
              150           0      1434
              200           0      1434

sub-010248 ep06
 min_cluster_size  n_clusters   n_noise
                3           4       387
                5           3      1288
                7           2      1231
                8           2      1291
               10           0      1339
               20           0      1339
               30           0      1339
               50           0      1339
              100           0      1339
              150           0      1339
              200           0      1339

sub-010249 ep00
 min_cluster_size  n_clusters   n_noise
                3           3        92
                5           2      1036
                7           4      1306
                8           2      1287
               10           2      1301
               20           0      1421
               30           0      1421
               50           0      1421
              100           0      1421
              150           0      1421
              200           0      1421

sub-010249 ep01
 min_cluster_size  n_clusters   n_noise
                3           2        94
                5           3      1162
                7           3      1463
                8           2      1441
               10           2      1463
               20           2      1445
               30           0      1515
               50           0      1515
              100           0      1515
              150           0      1515
              200           0      1515

sub-010249 ep02
 min_cluster_size  n_clusters   n_noise
                3           2       292
                5           2       886
                7           2      1164
                8           2      1206
               10           2      1209
               20           2      1296
               30           0      1371
               50           0      1371
              100           0      1371
              150           0      1371
              200           0      1371

sub-010249 ep03
 min_cluster_size  n_clusters   n_noise
                3           4       381
                5           3      1063
                7           2      1212
                8           2      1159
               10           2      1155
               20           2      1170
               30           2      1222
               50           2      1176
              100           2      1121
              150           0      1433
              200           0      1433

sub-010249 ep04
 min_cluster_size  n_clusters   n_noise
                3           2       335
                5           2       952
                7           2      1217
                8           2      1207
               10           2      1192
               20           2      1203
               30           2      1214
               50           0      1344
              100           0      1344
              150           0      1344
              200           0      1344

sub-010249 ep05
 min_cluster_size  n_clusters   n_noise
                3           2       112
                5           3      1319
                7           2      1341
                8           2      1343
               10           2      1357
               20           2      1382
               30           2      1337
               50           2      1355
              100           0      1478
              150           0      1478
              200           0      1478

sub-010249 ep06
 min_cluster_size  n_clusters   n_noise
                3           3       202
                5           2       669
                7           2      1044
                8           2      1076
               10           2      1039
               20           2      1038
               30           2       996
               50           2      1039
              100           0      1206
              150           0      1206
              200           0      1206

sub-010250 ep00
 min_cluster_size  n_clusters   n_noise
                3           2       110
                5           3      1296
                7           2      1347
                8           2      1384
               10           2      1406
               20           2      1377
               30           2      1420
               50           2      1442
              100           0      1560
              150           0      1560
              200           0      1560

sub-010250 ep01
 min_cluster_size  n_clusters   n_noise
                3           2        72
                5           6       546
                7           3      1416
                8           3      1427
               10           2      1466
               20           0      1502
               30           0      1502
               50           0      1502
              100           0      1502
              150           0      1502
              200           0      1502

sub-010250 ep02
 min_cluster_size  n_clusters   n_noise
                3           2        31
                5           2       357
                7           2      1428
                8           2      1414
               10           2      1410
               20           2      1422
               30           0      1506
               50           0      1506
              100           0      1506
              150           0      1506
              200           0      1506

sub-010250 ep03
 min_cluster_size  n_clusters   n_noise
                3           8       131
                5           2        75
                7           2      1413
                8           3      1436
               10           2      1407
               20           2      1471
               30           0      1526
               50           0      1526
              100           0      1526
              150           0      1526
              200           0      1526

sub-010250 ep04
 min_cluster_size  n_clusters   n_noise
                3          13       247
                5           3       977
                7           3      1569
                8           3      1574
               10           2      1610
               20           2      1625
               30           2      1602
               50           0      1698
              100           0      1698
              150           0      1698
              200           0      1698

sub-010250 ep05
 min_cluster_size  n_clusters   n_noise
                3           8       206
                5           4       735
                7           2       643
                8           2       643
               10           2      1365
               20           2      1402
               30           2      1379
               50           0      1497
              100           0      1497
              150           0      1497
              200           0      1497

sub-010251 ep00
 min_cluster_size  n_clusters   n_noise
                3           3         6
                5           2      1144
                7           3      1386
                8           2      1397
               10           2      1400
               20           0      1468
               30           0      1468
               50           0      1468
              100           0      1468
              150           0      1468
              200           0      1468

sub-010251 ep01
 min_cluster_size  n_clusters   n_noise
                3           2         1
                5           5      1326
                7           3      1372
                8           2      1389
               10           2      1425
               20           2      1440
               30           0      1503
               50           0      1503
              100           0      1503
              150           0      1503
              200           0      1503

sub-010251 ep02
 min_cluster_size  n_clusters   n_noise
                3           4        76
                5           2      1375
                7           2      1589
                8           2      1633
               10           2      1641
               20           2      1682
               30           0      1754
               50           0      1754
              100           0      1754
              150           0      1754
              200           0      1754

sub-010251 ep03
 min_cluster_size  n_clusters   n_noise
                3           4        76
                5           2      1342
                7           2      1387
                8           2      1361
               10           2      1352
               20           0      1444
               30           0      1444
               50           0      1444
              100           0      1444
              150           0      1444
              200           0      1444

sub-010251 ep04
 min_cluster_size  n_clusters   n_noise
                3           2       103
                5           2       969
                7           2      1345
                8           2      1429
               10           2      1417
               20           2      1502
               30           0      1569
               50           0      1569
              100           0      1569
              150           0      1569
              200           0      1569

sub-010251 ep05
 min_cluster_size  n_clusters   n_noise
                3           2         3
                5           2       520
                7           4      1456
                8           2      1468
               10           2      1482
               20           2      1487
               30           0      1578
               50           0      1578
              100           0      1578
              150           0      1578
              200           0      1578

sub-010251 ep06
 min_cluster_size  n_clusters   n_noise
                3           2         8
                5           3      1078
                7           3      1365
                8           2      1363
               10           3      1377
               20           0      1442
               30           0      1442
               50           0      1442
              100           0      1442
              150           0      1442
              200           0      1442

sub-010252 ep00
 min_cluster_size  n_clusters   n_noise
                3           4       199
                5           2       554
                7           2      1327
                8           2      1317
               10           2      1341
               20           0      1401
               30           0      1401
               50           0      1401
              100           0      1401
              150           0      1401
              200           0      1401

sub-010252 ep01
 min_cluster_size  n_clusters   n_noise
                3           2        40
                5           3       924
                7           2      1011
                8           2      1048
               10           2       983
               20           2      1113
               30           2      1093
               50           2      1096
              100           0      1328
              150           0      1328
              200           0      1328

sub-010252 ep02
 min_cluster_size  n_clusters   n_noise
                3           2       141
                5           2      1092
                7           2      1153
                8           3      1295
               10           2      1303
               20           0      1350
               30           0      1350
               50           0      1350
              100           0      1350
              150           0      1350
              200           0      1350

sub-010252 ep03
 min_cluster_size  n_clusters   n_noise
                3           6       233
                5           2      1038
                7           3      1166
                8           3      1189
               10           3      1245
               20           0      1342
               30           0      1342
               50           0      1342
              100           0      1342
              150           0      1342
              200           0      1342

sub-010252 ep04
 min_cluster_size  n_clusters   n_noise
                3           2        14
                5           2      1217
                7           2      1274
                8           2      1280
               10           2      1304
               20           0      1377
               30           0      1377
               50           0      1377
              100           0      1377
              150           0      1377
              200           0      1377

sub-010252 ep05
 min_cluster_size  n_clusters   n_noise
                3           2       197
                5           2      1032
                7           3      1358
                8           0      1451
               10           2      1412
               20           0      1451
               30           0      1451
               50           0      1451
              100           0      1451
              150           0      1451
              200           0      1451

sub-010252 ep06
 min_cluster_size  n_clusters   n_noise
                3           2       124
                5           2       496
                7           3      1217
                8           0      1258
               10           2      1222
               20           0      1258
               30           0      1258
               50           0      1258
              100           0      1258
              150           0      1258
              200           0      1258

sub-010254 ep00
 min_cluster_size  n_clusters   n_noise
                3           5       153
                5           6      1350
                7           4      1432
                8           3      1457
               10           2      1438
               20           2      1497
               30           0      1558
               50           0      1558
              100           0      1558
              150           0      1558
              200           0      1558

sub-010254 ep01
 min_cluster_size  n_clusters   n_noise
                3           2       183
                5           3      1494
                7           3      2098
                8           3      2136
               10           3      2140
               20           2      2196
               30           2      2168
               50           0      2314
              100           0      2314
              150           0      2314
              200           0      2314

sub-010254 ep02
 min_cluster_size  n_clusters   n_noise
                3           2        31
                5           3       892
                7           2      1202
                8           2      1302
               10           3      1376
               20           0      1437
               30           0      1437
               50           0      1437
              100           0      1437
              150           0      1437
              200           0      1437

sub-010254 ep03
 min_cluster_size  n_clusters   n_noise
                3           2        90
                5           2       945
                7           2      1381
                8           2      1325
               10           2      1373
               20           2      1382
               30           2      1412
               50           0      1477
              100           0      1477
              150           0      1477
              200           0      1477

sub-010254 ep04
 min_cluster_size  n_clusters   n_noise
                3           4       118
                5           2      1130
                7           2      1351
                8           4      1375
               10           2      1365
               20           2      1389
               30           0      1453
               50           0      1453
              100           0      1453
              150           0      1453
              200           0      1453

sub-010254 ep05
 min_cluster_size  n_clusters   n_noise
                3           8       319
                5           3       575
                7           0      1480
                8           2      1452
               10           0      1480
               20           0      1480
               30           0      1480
               50           0      1480
              100           0      1480
              150           0      1480
              200           0      1480

sub-010254 ep06
 min_cluster_size  n_clusters   n_noise
                3           2        34
                5           2       974
                7           5      1171
                8           3      1169
               10           3      1184
               20           0      1317
               30           0      1317
               50           0      1317
              100           0      1317
              150           0      1317
              200           0      1317

sub-010255 ep00
 min_cluster_size  n_clusters   n_noise
                3           2        60
                5           4      1180
                7           8      1490
                8           4      1486
               10           2      1498
               20           2      1507
               30           0      1610
               50           0      1610
              100           0      1610
              150           0      1610
              200           0      1610

sub-010255 ep01
 min_cluster_size  n_clusters   n_noise
                3           2       234
                5           2      1162
                7           2      1321
                8           2      1432
               10           2      1376
               20           0      1497
               30           0      1497
               50           0      1497
              100           0      1497
              150           0      1497
              200           0      1497

sub-010255 ep02
 min_cluster_size  n_clusters   n_noise
                3           2       120
                5           2      1223
                7           3      1675
                8           2      1667
               10           0      1927
               20           0      1927
               30           0      1927
               50           0      1927
              100           0      1927
              150           0      1927
              200           0      1927

sub-010255 ep03
 min_cluster_size  n_clusters   n_noise
                3           2       346
                5           2      1032
                7           6      1379
                8           4      1385
               10           3      1420
               20           0      1492
               30           0      1492
               50           0      1492
              100           0      1492
              150           0      1492
              200           0      1492

sub-010255 ep04
 min_cluster_size  n_clusters   n_noise
                3           2        21
                5           2      1093
                7           3      1355
                8           3      1320
               10           3      1352
               20           2      1365
               30           0      1453
               50           0      1453
              100           0      1453
              150           0      1453
              200           0      1453

sub-010255 ep05
 min_cluster_size  n_clusters   n_noise
                3           7       501
                5           7      1244
                7           2      1158
                8           3      1338
               10           2      1310
               20           2      1387
               30           0      1441
               50           0      1441
              100           0      1441
              150           0      1441
              200           0      1441

sub-010255 ep06
 min_cluster_size  n_clusters   n_noise
                3           2       321
                5           5      1240
                7           2      1289
                8           3      1318
               10           2      1373
               20           2      1383
               30           0      1436
               50           0      1436
              100           0      1436
              150           0      1436
              200           0      1436

sub-010256 ep00
 min_cluster_size  n_clusters   n_noise
                3           4       323
                5           3      1123
                7           2      1481
                8           2      1496
               10           2      1511
               20           2      1529
               30           0      1582
               50           0      1582
              100           0      1582
              150           0      1582
              200           0      1582

sub-010256 ep01
 min_cluster_size  n_clusters   n_noise
                3           2        58
                5           3      1529
                7           2      1671
                8           3      1684
               10           3      1710
               20           2      1733
               30           2      1731
               50           0      1831
              100           0      1831
              150           0      1831
              200           0      1831

sub-010256 ep02
 min_cluster_size  n_clusters   n_noise
                3           2        30
                5           8      1412
                7           4      1450
                8           2      1450
               10           2      1463
               20           2      1491
               30           2      1496
               50           0      1593
              100           0      1593
              150           0      1593
              200           0      1593

sub-010256 ep03
 min_cluster_size  n_clusters   n_noise
                3           6       580
                5           2      1897
                7           2      3439
                8           3      3441
               10           2      3496
               20           2      3572
               30           2      3532
               50           2      3484
              100           0      3700
              150           0      3700
              200           0      3700

sub-010256 ep04
 min_cluster_size  n_clusters   n_noise
                3           2         3
                5           2      1419
                7           2      1362
                8           2      1517
               10           3      1555
               20           2      1570
               30           0      1654
               50           0      1654
              100           0      1654
              150           0      1654
              200           0      1654

sub-010256 ep05
 min_cluster_size  n_clusters   n_noise
                3           2        51
                5           2      1498
                7           3      1736
                8           2      1649
               10           2      1688
               20           2      1706
               30           2      1793
               50           2      1765
              100           0      1874
              150           0      1874
              200           0      1874

sub-010256 ep06
 min_cluster_size  n_clusters   n_noise
                3           3       170
                5           5      1278
                7           2      1253
                8           2      1286
               10           2      1287
               20           0      1397
               30           0      1397
               50           0      1397
              100           0      1397
              150           0      1397
              200           0      1397

sub-010257 ep00
 min_cluster_size  n_clusters   n_noise
                3           2       143
                5           4      1329
                7           2      1313
                8           3      1347
               10           2      1378
               20           0      1495
               30           0      1495
               50           0      1495
              100           0      1495
              150           0      1495
              200           0      1495

sub-010257 ep01
 min_cluster_size  n_clusters   n_noise
                3           2       203
                5           3      1509
                7           2      1673
                8           2      1704
               10           2      1717
               20           0      1750
               30           0      1750
               50           0      1750
              100           0      1750
              150           0      1750
              200           0      1750

sub-010257 ep02
 min_cluster_size  n_clusters   n_noise
                3           2       290
                5           2      1243
                7           5      1553
                8           2      1552
               10           2      1563
               20           0      1615
               30           0      1615
               50           0      1615
              100           0      1615
              150           0      1615
              200           0      1615

sub-010257 ep03
 min_cluster_size  n_clusters   n_noise
                3           2       551
                5           8      1609
                7           3      1514
                8           2      1621
               10           2      1635
               20           0      1689
               30           0      1689
               50           0      1689
              100           0      1689
              150           0      1689
              200           0      1689

sub-010257 ep04
 min_cluster_size  n_clusters   n_noise
                3           3       346
                5           4      1381
                7           6      1463
                8           4      1482
               10           2      1421
               20           0      1564
               30           0      1564
               50           0      1564
              100           0      1564
              150           0      1564
              200           0      1564

sub-010257 ep05
 min_cluster_size  n_clusters   n_noise
                3           5       636
                5           3      1544
                7           2      1624
                8           2      1780
               10           2      1789
               20           0      1825
               30           0      1825
               50           0      1825
              100           0      1825
              150           0      1825
              200           0      1825

sub-010257 ep06
 min_cluster_size  n_clusters   n_noise
                3           4       253
                5           3      1125
                7           2      1169
                8           2      1181
               10           2      1297
               20           0      1371
               30           0      1371
               50           0      1371
              100           0      1371
              150           0      1371
              200           0      1371

sub-010258 ep00
 min_cluster_size  n_clusters   n_noise
                3           2       153
                5           3      1951
                7           4      2067
                8           3      2088
               10           2      2047
               20           0      2193
               30           0      2193
               50           0      2193
              100           0      2193
              150           0      2193
              200           0      2193

sub-010258 ep01
 min_cluster_size  n_clusters   n_noise
                3           2       502
                5           4      2140
                7           3      2276
                8           2      2277
               10           3      2387
               20           2      2418
               30           0      2478
               50           0      2478
              100           0      2478
              150           0      2478
              200           0      2478

sub-010258 ep02
 min_cluster_size  n_clusters   n_noise
                3           2       236
                5           2       973
                7           2      1511
                8           2      1516
               10           3      1557
               20           2      1581
               30           0      1640
               50           0      1640
              100           0      1640
              150           0      1640
              200           0      1640

sub-010258 ep03
 min_cluster_size  n_clusters   n_noise
                3           2        91
                5           6      1520
                7           3      1533
                8           3      1560
               10           3      1570
               20           0      1664
               30           0      1664
               50           0      1664
              100           0      1664
              150           0      1664
              200           0      1664

sub-010258 ep04
 min_cluster_size  n_clusters   n_noise
                3           5       518
                5           2      1224
                7           3      1458
                8           2      1485
               10           3      1508
               20           0      1566
               30           0      1566
               50           0      1566
              100           0      1566
              150           0      1566
              200           0      1566

sub-010258 ep05
 min_cluster_size  n_clusters   n_noise
                3           8       661
                5           3      1470
                7           4      1566
                8           3      1583
               10           3      1576
               20           0      1638
               30           0      1638
               50           0      1638
              100           0      1638
              150           0      1638
              200           0      1638

sub-010258 ep06
 min_cluster_size  n_clusters   n_noise
                3           3       291
                5           5      1333
                7           2      1381
                8           0      1499
               10           0      1499
               20           0      1499
               30           0      1499
               50           0      1499
              100           0      1499
              150           0      1499
              200           0      1499

sub-010260 ep00
 min_cluster_size  n_clusters   n_noise
                3           2        40
                5           6       784
                7           2      1311
                8           2      1323
               10           2      1348
               20           2      1351
               30           0      1433
               50           0      1433
              100           0      1433
              150           0      1433
              200           0      1433

sub-010260 ep01
 min_cluster_size  n_clusters   n_noise
                3           2        68
                5           5       778
                7           2       796
                8           3      1452
               10           2      1441
               20           0      1500
               30           0      1500
               50           0      1500
              100           0      1500
              150           0      1500
              200           0      1500

sub-010260 ep02
 min_cluster_size  n_clusters   n_noise
                3           4        53
                5           2       325
                7           2      1235
                8           3      1261
               10           3      1274
               20           0      1345
               30           0      1345
               50           0      1345
              100           0      1345
              150           0      1345
              200           0      1345

sub-010260 ep03
 min_cluster_size  n_clusters   n_noise
                3           2        30
                5           2       215
                7           2      1272
                8           2      1296
               10           2      1269
               20           2      1298
               30           0      1389
               50           0      1389
              100           0      1389
              150           0      1389
              200           0      1389

sub-010260 ep04
 min_cluster_size  n_clusters   n_noise
                3           2       128
                5           4       594
                7           4      1297
                8           4      1309
               10           2      1319
               20           2      1337
               30           0      1389
               50           0      1389
              100           0      1389
              150           0      1389
              200           0      1389

sub-010260 ep05
 min_cluster_size  n_clusters   n_noise
                3          11       240
                5           2       249
                7           4      1266
                8           3      1225
               10           3      1258
               20           2      1273
               30           0      1354
               50           0      1354
              100           0      1354
              150           0      1354
              200           0      1354

sub-010260 ep06
 min_cluster_size  n_clusters   n_noise
                3           4       118
                5           2       337
                7           2      1109
                8           2      1120
               10           2      1135
               20           2      1150
               30           0      1224
               50           0      1224
              100           0      1224
              150           0      1224
              200           0      1224

sub-010261 ep00
 min_cluster_size  n_clusters   n_noise
                3           2       311
                5           6      1152
                7           3      1211
                8           3      1259
               10           3      1316
               20           0      1399
               30           0      1399
               50           0      1399
              100           0      1399
              150           0      1399
              200           0      1399

sub-010261 ep01
 min_cluster_size  n_clusters   n_noise
                3           2       329
                5           2       932
                7           2      1111
                8           2      1267
               10           2      1252
               20           0      1355
               30           0      1355
               50           0      1355
              100           0      1355
              150           0      1355
              200           0      1355

sub-010261 ep02
 min_cluster_size  n_clusters   n_noise
                3           4       369
                5           2      1004
                7           2      1183
                8           3      1272
               10           2      1305
               20           2      1303
               30           0      1396
               50           0      1396
              100           0      1396
              150           0      1396
              200           0      1396

sub-010261 ep03
 min_cluster_size  n_clusters   n_noise
                3           2       201
                5           2       875
                7           3      1244
                8           2      1210
               10           2      1207
               20           0      1411
               30           0      1411
               50           0      1411
              100           0      1411
              150           0      1411
              200           0      1411

sub-010261 ep04
 min_cluster_size  n_clusters   n_noise
                3           3       175
                5           3      1126
                7           2      1135
                8           2      1177
               10           2      1205
               20           0      1292
               30           0      1292
               50           0      1292
              100           0      1292
              150           0      1292
              200           0      1292

sub-010261 ep05
 min_cluster_size  n_clusters   n_noise
                3           2        92
                5           2      1090
                7           2      1158
                8           3      1197
               10           2      1219
               20           0      1281
               30           0      1281
               50           0      1281
              100           0      1281
              150           0      1281
              200           0      1281

sub-010262 ep00
 min_cluster_size  n_clusters   n_noise
                3           2       112
                5           4      1013
                7           2      1057
                8           2      1095
               10           2      1055
               20           2      1145
               30           2      1092
               50           2      1073
              100           2      1147
              150           2      1163
              200           2      1167

sub-010262 ep01
 min_cluster_size  n_clusters   n_noise
                3           7       231
                5           2       771
                7           3       999
                8           3      1036
               10           2       999
               20           2       996
               30           2      1049
               50           2      1040
              100           2      1068
              150           0      1426
              200           0      1426

sub-010262 ep02
 min_cluster_size  n_clusters   n_noise
                3           3        79
                5           3       570
                7           2       885
                8           2       940
               10           2       828
               20           2       851
               30           2       747
               50           2       780
              100           2       804
              150           0      1283
              200           0      1283

sub-010262 ep03
 min_cluster_size  n_clusters   n_noise
                3           3       185
                5           3      1165
                7           3      1872
                8           3      1886
               10           3      1922
               20           2      1935
               30           0      1987
               50           0      1987
              100           0      1987
              150           0      1987
              200           0      1987

sub-010262 ep04
 min_cluster_size  n_clusters   n_noise
                3           4       104
                5           2       559
                7           2      1233
                8           2      1220
               10           2      1273
               20           0      1353
               30           0      1353
               50           0      1353
              100           0      1353
              150           0      1353
              200           0      1353

sub-010262 ep05
 min_cluster_size  n_clusters   n_noise
                3           6       245
                5           4      1069
                7           3      1250
                8           2      1178
               10           3      1334
               20           0      1451
               30           0      1451
               50           0      1451
              100           0      1451
              150           0      1451
              200           0      1451

sub-010262 ep06
 min_cluster_size  n_clusters   n_noise
                3           6       307
                5           2       574
                7           2       950
                8           2       991
               10           2       963
               20           2      1003
               30           2      1064
               50           0      1206
              100           0      1206
              150           0      1206
              200           0      1206

sub-010263 ep00
 min_cluster_size  n_clusters   n_noise
                3          29       498
                5           2       468
                7           2       480
                8           2       492
               10           2       530
               20           2       367
               30           2       372
               50           2       378
              100           2       470
              150           2       543
              200           2       601

sub-010263 ep01
 min_cluster_size  n_clusters   n_noise
                3           2        40
                5           2       605
                7           2       516
                8           2       546
               10           2       571
               20           2       584
               30           2       556
               50           2       578
              100           2       614
              150           2       637
              200           0      1300

sub-010263 ep02
 min_cluster_size  n_clusters   n_noise
                3          36       705
                5           5       786
                7           3       864
                8           3       862
               10           3       876
               20           2       842
               30           2       870
               50           2       864
              100           0      1332
              150           0      1332
              200           0      1332

sub-010263 ep03
 min_cluster_size  n_clusters   n_noise
                3          14       353
                5           6       865
                7           3       764
                8           2       817
               10           2       857
               20           2       821
               30           2       829
               50           2       839
              100           0      1247
              150           0      1247
              200           0      1247

sub-010263 ep04
 min_cluster_size  n_clusters   n_noise
                3           4        55
                5           2       365
                7           2       624
                8           2       560
               10           2       969
               20           2       936
               30           2       883
               50           2       901
              100           0      1237
              150           0      1237
              200           0      1237

sub-010263 ep05
 min_cluster_size  n_clusters   n_noise
                3           9       222
                5           2       436
                7           2       858
                8           2       898
               10           3      1027
               20           2       972
               30           2       975
               50           0      1245
              100           0      1245
              150           0      1245
              200           0      1245

sub-010263 ep06
 min_cluster_size  n_clusters   n_noise
                3           3        68
                5           3       123
                7           2        79
                8           2      1049
               10           2      1105
               20           0      1162
               30           0      1162
               50           0      1162
              100           0      1162
              150           0      1162
              200           0      1162

sub-010264 ep00
 min_cluster_size  n_clusters   n_noise
                3           8       251
                5           4      1200
                7           2      1575
                8           2      1576
               10           2      1597
               20           2      1591
               30           2      1605
               50           0      1702
              100           0      1702
              150           0      1702
              200           0      1702

sub-010264 ep01
 min_cluster_size  n_clusters   n_noise
                3           2        98
                5           3       634
                7           2      1533
                8           2      1568
               10           3      1625
               20           2      1590
               30           2      1551
               50           0      1691
              100           0      1691
              150           0      1691
              200           0      1691

sub-010264 ep02
 min_cluster_size  n_clusters   n_noise
                3           2       157
                5           3      1439
                7           2      1434
                8           2      1457
               10           2      1474
               20           2      1751
               30           0      1844
               50           0      1844
              100           0      1844
              150           0      1844
              200           0      1844

sub-010264 ep03
 min_cluster_size  n_clusters   n_noise
                3           2       214
                5           2       414
                7           2      1643
                8           2      1650
               10           2      1692
               20           2      1714
               30           2      1710
               50           0      1789
              100           0      1789
              150           0      1789
              200           0      1789

sub-010264 ep04
 min_cluster_size  n_clusters   n_noise
                3           8       245
                5           3       962
                7           2      1476
                8           2      1449
               10           2      1476
               20           2      1511
               30           0      1607
               50           0      1607
              100           0      1607
              150           0      1607
              200           0      1607

sub-010264 ep05
 min_cluster_size  n_clusters   n_noise
                3           2        48
                5           6      1340
                7           2      1422
                8           3      1460
               10           2      1457
               20           0      1523
               30           2      1420
               50           0      1523
              100           0      1523
              150           0      1523
              200           0      1523

sub-010264 ep06
 min_cluster_size  n_clusters   n_noise
                3           3        78
                5           2       871
                7           3      1237
                8           3      1263
               10           2      1293
               20           2      1280
               30           0      1359
               50           0      1359
              100           0      1359
              150           0      1359
              200           0      1359

sub-010265 ep00
 min_cluster_size  n_clusters   n_noise
                3           6       414
                5           2       914
                7           2      1480
                8           2      1484
               10           2      1502
               20           2      1531
               30           0      1572
               50           0      1572
              100           0      1572
              150           0      1572
              200           0      1572

sub-010265 ep01
 min_cluster_size  n_clusters   n_noise
                3          19       614
                5           2       360
                7           2      1024
                8           3      1486
               10           2      1424
               20           0      1548
               30           0      1548
               50           0      1548
              100           0      1548
              150           0      1548
              200           0      1548

sub-010265 ep02
 min_cluster_size  n_clusters   n_noise
                3           2        43
                5           4       840
                7           3      1478
                8           3      1486
               10           2      1485
               20           2      1483
               30           0      1552
               50           0      1552
              100           0      1552
              150           0      1552
              200           0      1552

sub-010265 ep03
 min_cluster_size  n_clusters   n_noise
                3           2       149
                5           5      1222
                7           5      1442
                8           4      1426
               10           2      1429
               20           2      1447
               30           2      1462
               50           0      1562
              100           0      1562
              150           0      1562
              200           0      1562

sub-010265 ep04
 min_cluster_size  n_clusters   n_noise
                3           2       108
                5           2       870
                7           2       910
                8           2      1396
               10           2      1421
               20           2      1434
               30           2      1412
               50           0      1496
              100           0      1496
              150           0      1496
              200           0      1496

sub-010265 ep05
 min_cluster_size  n_clusters   n_noise
                3           3       147
                5           2       796
                7           2      1178
                8           2      1430
               10           2      1465
               20           0      1498
               30           0      1498
               50           0      1498
              100           0      1498
              150           0      1498
              200           0      1498

sub-010265 ep06
 min_cluster_size  n_clusters   n_noise
                3           3       176
                5           4       675
                7           3      1241
                8           2      1276
               10           2      1319
               20           2      1331
               30           0      1388
               50           0      1388
              100           0      1388
              150           0      1388
              200           0      1388

sub-010266 ep00
 min_cluster_size  n_clusters   n_noise
                3           3       180
                5           2      1026
                7           2      1224
                8           2      1265
               10           2      1284
               20           0      1385
               30           0      1385
               50           0      1385
              100           0      1385
              150           0      1385
              200           0      1385

sub-010266 ep01
 min_cluster_size  n_clusters   n_noise
                3           3       194
                5           2       431
                7           3      1386
                8           3      1403
               10           2      1358
               20           2      1402
               30           0      1457
               50           0      1457
              100           0      1457
              150           0      1457
              200           0      1457

sub-010266 ep02
 min_cluster_size  n_clusters   n_noise
                3           3       316
                5           4      1330
                7           2      1282
                8           3      1320
               10           2      1313
               20           2      1334
               30           0      1432
               50           0      1432
              100           0      1432
              150           0      1432
              200           0      1432

sub-010266 ep03
 min_cluster_size  n_clusters   n_noise
                3           2       102
                5           6      1264
                7           2      1223
                8           2      1194
               10           2      1376
               20           0      1438
               30           0      1438
               50           0      1438
              100           0      1438
              150           0      1438
              200           0      1438

sub-010266 ep04
 min_cluster_size  n_clusters   n_noise
                3           2       167
                5           2      1209
                7           3      1284
                8           2      1289
               10           2      1316
               20           2      1353
               30           0      1419
               50           0      1419
              100           0      1419
              150           0      1419
              200           0      1419

sub-010266 ep05
 min_cluster_size  n_clusters   n_noise
                3           4       260
                5           2      1301
                7           2      1392
                8           2      1388
               10           2      1407
               20           0      1458
               30           0      1458
               50           0      1458
              100           0      1458
              150           0      1458
              200           0      1458

sub-010267 ep00
 min_cluster_size  n_clusters   n_noise
                3           2         7
                5           4      1214
                7           3      1231
                8           2      1241
               10           2      1235
               20           0      1313
               30           0      1313
               50           0      1313
              100           0      1313
              150           0      1313
              200           0      1313

sub-010267 ep01
 min_cluster_size  n_clusters   n_noise
                3           2         6
                5           2       746
                7           4      1250
                8           2      1253
               10           2      1264
               20           2      1268
               30           2      1259
               50           2      1277
              100           0      1412
              150           0      1412
              200           0      1412

sub-010267 ep02
 min_cluster_size  n_clusters   n_noise
                3           4       343
                5           2      1008
                7           2      1064
                8           2      1010
               10           2      1047
               20           2      1092
               30           2      1068
               50           0      1183
              100           0      1183
              150           0      1183
              200           0      1183

sub-010267 ep03
 min_cluster_size  n_clusters   n_noise
                3           3        73
                5           2       560
                7           2      1188
                8           3      1204
               10           0      1273
               20           0      1273
               30           0      1273
               50           0      1273
              100           0      1273
              150           0      1273
              200           0      1273

sub-010267 ep04
 min_cluster_size  n_clusters   n_noise
                3           2        97
                5           2       815
                7           2      1176
                8           2      1169
               10           2      1184
               20           0      1211
               30           0      1211
               50           0      1211
              100           0      1211
              150           0      1211
              200           0      1211

sub-010267 ep05
 min_cluster_size  n_clusters   n_noise
                3           6       232
                5           3       466
                7           3      1139
                8           2      1142
               10           2      1151
               20           0      1236
               30           0      1236
               50           0      1236
              100           0      1236
              150           0      1236
              200           0      1236

sub-010267 ep06
 min_cluster_size  n_clusters   n_noise
                3           2       125
                5           5       801
                7           2      1093
                8           2      1100
               10           2      1108
               20           0      1143
               30           0      1143
               50           0      1143
              100           0      1143
              150           0      1143
              200           0      1143

sub-010268 ep00
 min_cluster_size  n_clusters   n_noise
                3           2        26
                5           2       966
                7           3      1317
                8           4      1354
               10           2      1335
               20           2      1384
               30           2      1349
               50           2      1281
              100           0      1488
              150           0      1488
              200           0      1488

sub-010268 ep01
 min_cluster_size  n_clusters   n_noise
                3           3        79
                5           2      1079
                7           3      1482
                8           3      1507
               10           3      1513
               20           0      1575
               30           0      1575
               50           0      1575
              100           0      1575
              150           0      1575
              200           0      1575

sub-010268 ep02
 min_cluster_size  n_clusters   n_noise
                3           4       316
                5           2      1344
                7           2      1475
                8           2      1482
               10           2      1631
               20           0      1705
               30           0      1705
               50           0      1705
              100           0      1705
              150           0      1705
              200           0      1705

sub-010268 ep03
 min_cluster_size  n_clusters   n_noise
                3           3        67
                5           8      1545
                7           3      1564
                8           3      1588
               10           2      1562
               20           2      1553
               30           2      1533
               50           0      1647
              100           0      1647
              150           0      1647
              200           0      1647

sub-010268 ep04
 min_cluster_size  n_clusters   n_noise
                3           2        99
                5           2      1223
                7           2      1527
                8           2      1514
               10           2      1521
               20           2      1484
               30           2      1507
               50           0      1596
              100           0      1596
              150           0      1596
              200           0      1596

sub-010268 ep05
 min_cluster_size  n_clusters   n_noise
                3           2       119
                5           2       185
                7           2      1495
                8           3      1568
               10           2      1530
               20           0      1632
               30           0      1632
               50           0      1632
              100           0      1632
              150           0      1632
              200           0      1632

sub-010268 ep06
 min_cluster_size  n_clusters   n_noise
                3           2        89
                5           2      1051
                7           2      1128
                8           2      1437
               10           2      1431
               20           0      1460
               30           0      1460
               50           0      1460
              100           0      1460
              150           0      1460
              200           0      1460

sub-010269 ep00
 min_cluster_size  n_clusters   n_noise
                3           3        81
                5           2      1046
                7           4      1294
                8           2      1302
               10           2      1337
               20           2      1372
               30           2      1355
               50           0      1464
              100           0      1464
              150           0      1464
              200           0      1464

sub-010269 ep01
 min_cluster_size  n_clusters   n_noise
                3           3       202
                5           2      1072
                7           2      1210
                8           2      1194
               10           2      1216
               20           2      1292
               30           2      1300
               50           0      1397
              100           0      1397
              150           0      1397
              200           0      1397

sub-010269 ep02
 min_cluster_size  n_clusters   n_noise
                3           3       148
                5           3       902
                7           2      1285
                8           2      1331
               10           2      1340
               20           0      1377
               30           0      1377
               50           0      1377
              100           0      1377
              150           0      1377
              200           0      1377

sub-010269 ep03
 min_cluster_size  n_clusters   n_noise
                3           5       251
                5           3       300
                7           3      1294
                8           2      1293
               10           2      1305
               20           2      1306
               30           0      1380
               50           0      1380
              100           0      1380
              150           0      1380
              200           0      1380

sub-010269 ep04
 min_cluster_size  n_clusters   n_noise
                3           2        68
                5           6      1266
                7           3      1267
                8           2      1270
               10           2      1258
               20           2      1316
               30           2      1305
               50           0      1385
              100           0      1385
              150           0      1385
              200           0      1385

sub-010269 ep05
 min_cluster_size  n_clusters   n_noise
                3           4        63
                5           2      1245
                7           3      1303
                8           2      1347
               10           3      1312
               20           0      1400
               30           0      1400
               50           0      1400
              100           0      1400
              150           0      1400
              200           0      1400

sub-010269 ep06
 min_cluster_size  n_clusters   n_noise
                3           3       153
                5           2       815
                7           2      1150
                8           2      1192
               10           2      1173
               20           2      1196
               30           0      1251
               50           0      1251
              100           0      1251
              150           0      1251
              200           0      1251

sub-010270 ep00
 min_cluster_size  n_clusters   n_noise
                3           2       190
                5           2      1324
                7           2      1463
                8           2      1477
               10           2      1446
               20           0      1502
               30           0      1502
               50           0      1502
              100           0      1502
              150           0      1502
              200           0      1502

sub-010270 ep01
 min_cluster_size  n_clusters   n_noise
                3           2        56
                5           9      1420
                7           2      1407
                8           3      1456
               10           2      1491
               20           0      1523
               30           0      1523
               50           0      1523
              100           0      1523
              150           0      1523
              200           0      1523

sub-010270 ep02
 min_cluster_size  n_clusters   n_noise
                3           4       285
                5           2      1051
                7           2      1311
                8           2      1413
               10           0      1446
               20           0      1446
               30           0      1446
               50           0      1446
              100           0      1446
              150           0      1446
              200           0      1446

sub-010270 ep03
 min_cluster_size  n_clusters   n_noise
                3           5       221
                5           2      1395
                7           2      1525
                8           2      1530
               10           0      1583
               20           0      1583
               30           0      1583
               50           0      1583
              100           0      1583
              150           0      1583
              200           0      1583

sub-010270 ep04
 min_cluster_size  n_clusters   n_noise
                3           3       192
                5           2      1371
                7           2      1510
                8           2      1513
               10           2      1538
               20           0      1579
               30           0      1579
               50           0      1579
              100           0      1579
              150           0      1579
              200           0      1579

sub-010270 ep05
 min_cluster_size  n_clusters   n_noise
                3           4       355
                5           2       364
                7           2      1406
                8           2      1393
               10           2      1421
               20           0      1484
               30           0      1484
               50           0      1484
              100           0      1484
              150           0      1484
              200           0      1484

sub-010270 ep06
 min_cluster_size  n_clusters   n_noise
                3           2        91
                5           2       841
                7           4      1345
                8           2      1361
               10           2      1355
               20           2      1343
               30           0      1412
               50           0      1412
              100           0      1412
              150           0      1412
              200           0      1412

sub-010271 ep00
 min_cluster_size  n_clusters   n_noise
                3           2        18
                5           5       625
                7           2      2446
                8           2      2471
               10           2      2519
               20           0      2705
               30           0      2705
               50           0      2705
              100           0      2705
              150           0      2705
              200           0      2705

sub-010271 ep01
 min_cluster_size  n_clusters   n_noise
                3          20       258
                5           5      1173
                7           3      1191
                8           2      1182
               10           3      1197
               20           0      1291
               30           0      1291
               50           0      1291
              100           0      1291
              150           0      1291
              200           0      1291

sub-010271 ep02
 min_cluster_size  n_clusters   n_noise
                3           2         0
                5           2       118
                7           3      1461
                8           3      1467
               10           3      1465
               20           0      1536
               30           0      1536
               50           0      1536
              100           0      1536
              150           0      1536
              200           0      1536

sub-010271 ep03
 min_cluster_size  n_clusters   n_noise
                3           8       243
                5           2      1070
                7           2      1104
                8           2      1205
               10           2      1234
               20           2      1251
               30           0      1329
               50           0      1329
              100           0      1329
              150           0      1329
              200           0      1329

sub-010271 ep04
 min_cluster_size  n_clusters   n_noise
                3           4        75
                5           3       302
                7           2      1135
                8           2      1165
               10           2      1162
               20           2      1216
               30           2      1224
               50           0      1298
              100           0      1298
              150           0      1298
              200           0      1298

sub-010271 ep05
 min_cluster_size  n_clusters   n_noise
                3           2        18
                5           4       330
                7           2        91
                8           2      1418
               10           2      1386
               20           0      1485
               30           0      1485
               50           0      1485
              100           0      1485
              150           0      1485
              200           0      1485

sub-010271 ep06
 min_cluster_size  n_clusters   n_noise
                3           3        47
                5           2       208
                7           3      1154
                8           2      1173
               10           2      1202
               20           0      1257
               30           0      1257
               50           0      1257
              100           0      1257
              150           0      1257
              200           0      1257

sub-010272 ep00
 min_cluster_size  n_clusters   n_noise
                3           5       205
                5           2       813
                7           2      1314
                8           2      1342
               10           3      1372
               20           0      1483
               30           0      1483
               50           0      1483
              100           0      1483
              150           0      1483
              200           0      1483

sub-010272 ep01
 min_cluster_size  n_clusters   n_noise
                3           3       241
                5           2      1170
                7           2      1499
                8           2      1508
               10           2      1534
               20           2      1601
               30           0      1712
               50           0      1712
              100           0      1712
              150           0      1712
              200           0      1712

sub-010272 ep02
 min_cluster_size  n_clusters   n_noise
                3           7       659
                5           2       599
                7           2       639
                8           3      1594
               10           2      1577
               20           0      1667
               30           0      1667
               50           0      1667
              100           0      1667
              150           0      1667
              200           0      1667

sub-010272 ep03
 min_cluster_size  n_clusters   n_noise
                3           3       343
                5           2      1318
                7           4      1498
                8           2      1517
               10           2      1500
               20           0      1559
               30           0      1559
               50           0      1559
              100           0      1559
              150           0      1559
              200           0      1559

sub-010272 ep04
 min_cluster_size  n_clusters   n_noise
                3           3       276
                5           2      1446
                7           2      1488
                8           2      1499
               10           2      1516
               20           0      1551
               30           0      1551
               50           0      1551
              100           0      1551
              150           0      1551
              200           0      1551

sub-010272 ep05
 min_cluster_size  n_clusters   n_noise
                3           4       258
                5           2      1474
                7           2      1686
                8           2      1679
               10           2      1693
               20           0      1746
               30           0      1746
               50           0      1746
              100           0      1746
              150           0      1746
              200           0      1746

sub-010272 ep06
 min_cluster_size  n_clusters   n_noise
                3           2       217
                5           2       965
                7           5      1162
                8           4      1174
               10           3      1173
               20           2      1199
               30           0      1269
               50           0      1269
              100           0      1269
              150           0      1269
              200           0      1269

sub-010273 ep00
 min_cluster_size  n_clusters   n_noise
                3           4       205
                5           2       256
                7           2      1181
                8           2      1184
               10           2      1171
               20           2      1214
               30           2      1191
               50           2      1176
              100           0      1373
              150           0      1373
              200           0      1373

sub-010273 ep01
 min_cluster_size  n_clusters   n_noise
                3           2        74
                5           3       846
                7           2       898
                8           2      1129
               10           2      1245
               20           2      1252
               30           2      1297
               50           2      1277
              100           0      1446
              150           0      1446
              200           0      1446

sub-010273 ep02
 min_cluster_size  n_clusters   n_noise
                3           2        32
                5           4       563
                7           2      1173
                8           2      1233
               10           2      1311
               20           2      1320
               30           2      1387
               50           2      1340
              100           0      1506
              150           0      1506
              200           0      1506

sub-010273 ep03
 min_cluster_size  n_clusters   n_noise
                3           2       174
                5           3      1108
                7           4      1145
                8           3      1152
               10           2      1188
               20           2      1209
               30           2      1238
               50           2      1234
              100           0      1466
              150           0      1466
              200           0      1466

sub-010273 ep04
 min_cluster_size  n_clusters   n_noise
                3           2       104
                5           2       970
                7           3      1117
                8           2      1198
               10           2      1300
               20           2      1362
               30           0      1459
               50           0      1459
              100           0      1459
              150           0      1459
              200           0      1459

sub-010273 ep05
 min_cluster_size  n_clusters   n_noise
                3           2        44
                5           8      1071
                7           3      1205
                8           2      1223
               10           2      1208
               20           2      1225
               30           2      1247
               50           0      1434
              100           0      1434
              150           0      1434
              200           0      1434

sub-010273 ep06
 min_cluster_size  n_clusters   n_noise
                3           7       396
                5           2       821
                7           2       923
                8           2       935
               10           2      1026
               20           2       906
               30           2      1047
               50           2      1034
              100           0      1264
              150           0      1264
              200           0      1264

sub-010274 ep00
 min_cluster_size  n_clusters   n_noise
                3           8       161
                5           2        46
                7           4      1581
                8           3      1617
               10           2      1624
               20           0      1718
               30           0      1718
               50           0      1718
              100           0      1718
              150           0      1718
              200           0      1718

sub-010274 ep01
 min_cluster_size  n_clusters   n_noise
                3           2         7
                5           2       193
                7           3       451
                8           2      1554
               10           2      1589
               20           0      1633
               30           0      1633
               50           0      1633
              100           0      1633
              150           0      1633
              200           0      1633

sub-010274 ep02
 min_cluster_size  n_clusters   n_noise
                3           2        58
                5           2       392
                7           2      1406
                8           2      1418
               10           2      1417
               20           2      1459
               30           2      1480
               50           0      1576
              100           0      1576
              150           0      1576
              200           0      1576

sub-010274 ep03
 min_cluster_size  n_clusters   n_noise
                3           2        30
                5           2      1024
                7           2      1442
                8           3      1495
               10           3      1517
               20           0      1600
               30           0      1600
               50           0      1600
              100           0      1600
              150           0      1600
              200           0      1600

sub-010274 ep04
 min_cluster_size  n_clusters   n_noise
                3           4       290
                5           2       305
                7           3      1486
                8           3      1472
               10           2      1486
               20           2      1531
               30           0      1582
               50           0      1582
              100           0      1582
              150           0      1582
              200           0      1582

sub-010274 ep05
 min_cluster_size  n_clusters   n_noise
                3           2        67
                5          10      1476
                7           5      1548
                8           2      1549
               10           2      1601
               20           0      1647
               30           0      1647
               50           0      1647
              100           0      1647
              150           0      1647
              200           0      1647

sub-010274 ep06
 min_cluster_size  n_clusters   n_noise
                3           2       125
                5           2       254
                7           2       233
                8           2       187
               10           2      1429
               20           0      1462
               30           0      1462
               50           0      1462
              100           0      1462
              150           0      1462
              200           0      1462

sub-010275 ep00
 min_cluster_size  n_clusters   n_noise
                3           2        77
                5           2      1091
                7           4      1702
                8           2      1665
               10           3      1714
               20           0      1806
               30           2      1741
               50           0      1806
              100           0      1806
              150           0      1806
              200           0      1806

sub-010275 ep01
 min_cluster_size  n_clusters   n_noise
                3           3        90
                5           5      1479
                7           3      1546
                8           3      1598
               10           2      1581
               20           0      1671
               30           0      1671
               50           0      1671
              100           0      1671
              150           0      1671
              200           0      1671

sub-010275 ep02
 min_cluster_size  n_clusters   n_noise
                3           3       250
                5           3      1419
                7           5      1561
                8           2      1521
               10           3      1579
               20           0      1647
               30           0      1647
               50           0      1647
              100           0      1647
              150           0      1647
              200           0      1647

sub-010275 ep03
 min_cluster_size  n_clusters   n_noise
                3           2       160
                5           3      1265
                7           2      1479
                8           2      1500
               10           0      1616
               20           0      1616
               30           0      1616
               50           0      1616
              100           0      1616
              150           0      1616
              200           0      1616

sub-010275 ep04
 min_cluster_size  n_clusters   n_noise
                3           2       132
                5           3      1256
                7           2      1403
                8           2      1361
               10           2      1528
               20           0      1606
               30           0      1606
               50           0      1606
              100           0      1606
              150           0      1606
              200           0      1606

sub-010275 ep05
 min_cluster_size  n_clusters   n_noise
                3           2       350
                5           4      1370
                7           4      1575
                8           2      1419
               10           3      1590
               20           2      1610
               30           0      1723
               50           0      1723
              100           0      1723
              150           0      1723
              200           0      1723

sub-010275 ep06
 min_cluster_size  n_clusters   n_noise
                3           3       405
                5           2      1189
                7           3      1397
                8           4      1428
               10           0      1535
               20           0      1535
               30           0      1535
               50           0      1535
              100           0      1535
              150           0      1535
              200           0      1535

sub-010283 ep00
 min_cluster_size  n_clusters   n_noise
                3           5       307
                5           2       885
                7           5      1247
                8           5      1253
               10           2      1236
               20           2      1284
               30           2      1292
               50           0      1364
              100           0      1364
              150           0      1364
              200           0      1364

sub-010283 ep01
 min_cluster_size  n_clusters   n_noise
                3           3       127
                5           2      1139
                7           6      1609
                8           3      1626
               10           3      1629
               20           2      1666
               30           2      1671
               50           2      1660
              100           0      1768
              150           0      1768
              200           0      1768

sub-010283 ep02
 min_cluster_size  n_clusters   n_noise
                3           2       106
                5           2       922
                7           4      1403
                8           2      1259
               10           2      1490
               20           2      1495
               30           0      1538
               50           0      1538
              100           0      1538
              150           0      1538
              200           0      1538

sub-010283 ep03
 min_cluster_size  n_clusters   n_noise
                3           5       134
                5           3      1010
                7           4      1280
                8           5      1315
               10           3      1349
               20           2      1368
               30           0      1434
               50           0      1434
              100           0      1434
              150           0      1434
              200           0      1434

sub-010283 ep04
 min_cluster_size  n_clusters   n_noise
                3           2       125
                5           8      1236
                7           2      1238
                8           5      1346
               10           4      1360
               20           0      1449
               30           0      1449
               50           0      1449
              100           0      1449
              150           0      1449
              200           0      1449

sub-010283 ep05
 min_cluster_size  n_clusters   n_noise
                3           3       324
                5          10      1147
                7           4      1183
                8           4      1223
               10           2      1238
               20           2      1313
               30           0      1379
               50           0      1379
              100           0      1379
              150           0      1379
              200           0      1379

sub-010284 ep00
 min_cluster_size  n_clusters   n_noise
                3           2       350
                5          10      1475
                7           6      1525
                8           5      1546
               10           2      1545
               20           2      1599
               30           0      1660
               50           0      1660
              100           0      1660
              150           0      1660
              200           0      1660

sub-010284 ep01
 min_cluster_size  n_clusters   n_noise
                3           2       153
                5           5      1539
                7           4      1674
                8           2      1646
               10           2      1708
               20           2      1733
               30           0      1821
               50           0      1821
              100           0      1821
              150           0      1821
              200           0      1821

sub-010284 ep02
 min_cluster_size  n_clusters   n_noise
                3           2       118
                5           2       985
                7           6      1399
                8           3      1419
               10           3      1408
               20           0      1493
               30           0      1493
               50           0      1493
              100           0      1493
              150           0      1493
              200           0      1493

sub-010284 ep03
 min_cluster_size  n_clusters   n_noise
                3           2       100
                5           9      1485
                7           2      1497
                8           2      1491
               10           2      1474
               20           2      1572
               30           2      1520
               50           0      1645
              100           0      1645
              150           0      1645
              200           0      1645

sub-010284 ep04
 min_cluster_size  n_clusters   n_noise
                3           3        57
                5           2      1227
                7           4      2026
                8           2      2013
               10           3      2038
               20           2      2103
               30           0      2166
               50           0      2166
              100           0      2166
              150           0      2166
              200           0      2166

sub-010284 ep05
 min_cluster_size  n_clusters   n_noise
                3           2        56
                5           3      1195
                7           5      1397
                8           3      1415
               10           3      1420
               20           0      1491
               30           0      1491
               50           0      1491
              100           0      1491
              150           0      1491
              200           0      1491

sub-010284 ep06
 min_cluster_size  n_clusters   n_noise
                3           2        58
                5           2       795
                7           5      1315
                8           3      1304
               10           2      1333
               20           0      1399
               30           0      1399
               50           0      1399
              100           0      1399
              150           0      1399
              200           0      1399

sub-010286 ep00
 min_cluster_size  n_clusters   n_noise
                3           6       218
                5           2       273
                7           2      1041
                8           2      1078
               10           0      1403
               20           0      1403
               30           0      1403
               50           0      1403
              100           0      1403
              150           0      1403
              200           0      1403

sub-010286 ep01
 min_cluster_size  n_clusters   n_noise
                3          20       647
                5           2       685
                7           2       418
                8           2      1303
               10           2      1312
               20           0      1442
               30           0      1442
               50           0      1442
              100           0      1442
              150           0      1442
              200           0      1442

sub-010286 ep02
 min_cluster_size  n_clusters   n_noise
                3           3       133
                5           2      2912
                7           2      3017
                8           3      3054
               10           3      3084
               20           2      3086
               30           0      3188
               50           0      3188
              100           0      3188
              150           0      3188
              200           0      3188

sub-010286 ep03
 min_cluster_size  n_clusters   n_noise
                3           2        30
                5           2      1199
                7           2      1322
                8           2      1276
               10           2      1300
               20           2      1423
               30           0      1490
               50           0      1490
              100           0      1490
              150           0      1490
              200           0      1490

sub-010286 ep04
 min_cluster_size  n_clusters   n_noise
                3           2        67
                5           3      1209
                7           2      1961
                8           2      1990
               10           2      1970
               20           0      2015
               30           0      2015
               50           0      2015
              100           0      2015
              150           0      2015
              200           0      2015

sub-010286 ep05
 min_cluster_size  n_clusters   n_noise
                3           7       319
                5           2       675
                7           3      1956
                8           3      1965
               10           2      1979
               20           0      2015
               30           0      2015
               50           0      2015
              100           0      2015
              150           0      2015
              200           0      2015

sub-010286 ep06
 min_cluster_size  n_clusters   n_noise
                3           4       196
                5           3      1249
                7           2      1336
                8           2      1348
               10           2      1356
               20           0      1410
               30           0      1410
               50           0      1410
              100           0      1410
              150           0      1410
              200           0      1410

sub-010287 ep00
 min_cluster_size  n_clusters   n_noise
                3           6       190
                5           2       632
                7           2      1385
                8           3      1401
               10           2      1397
               20           2      1411
               30           0      1451
               50           0      1451
              100           0      1451
              150           0      1451
              200           0      1451

sub-010287 ep01
 min_cluster_size  n_clusters   n_noise
                3           4       166
                5           2      1169
                7           2      1271
                8           2      1306
               10           2      1324
               20           0      1417
               30           0      1417
               50           0      1417
              100           0      1417
              150           0      1417
              200           0      1417

sub-010287 ep02
 min_cluster_size  n_clusters   n_noise
                3           3       180
                5           2      1241
                7           2      1329
                8           2      1309
               10           0      1361
               20           0      1361
               30           0      1361
               50           0      1361
              100           0      1361
              150           0      1361
              200           0      1361

sub-010287 ep03
 min_cluster_size  n_clusters   n_noise
                3          11       556
                5           2       259
                7           2      1143
                8           2      1239
               10           2      1294
               20           0      1343
               30           0      1343
               50           0      1343
              100           0      1343
              150           0      1343
              200           0      1343

sub-010287 ep04
 min_cluster_size  n_clusters   n_noise
                3           2       428
                5           2      1100
                7           3      1245
                8           2      1278
               10           0      1376
               20           0      1376
               30           0      1376
               50           0      1376
              100           0      1376
              150           0      1376
              200           0      1376

sub-010287 ep05
 min_cluster_size  n_clusters   n_noise
                3           3       105
                5           2      1072
                7           2      1259
                8           2      1240
               10           2      1316
               20           0      1351
               30           0      1351
               50           0      1351
              100           0      1351
              150           0      1351
              200           0      1351

sub-010287 ep06
 min_cluster_size  n_clusters   n_noise
                3           4       215
                5           2       860
                7           5      1110
                8           3      1086
               10           2      1138
               20           2      1175
               30           0      1222
               50           0      1222
              100           0      1222
              150           0      1222
              200           0      1222

sub-010288 ep00
 min_cluster_size  n_clusters   n_noise
                3           5       231
                5           2      1141
                7           3      1515
                8           3      1507
               10           2      1530
               20           2      1566
               30           0      1621
               50           0      1621
              100           0      1621
              150           0      1621
              200           0      1621

sub-010288 ep01
 min_cluster_size  n_clusters   n_noise
                3           2       159
                5           8      1457
                7           3      1495
                8           2      1499
               10           2      1528
               20           0      1617
               30           0      1617
               50           0      1617
              100           0      1617
              150           0      1617
              200           0      1617

sub-010288 ep02
 min_cluster_size  n_clusters   n_noise
                3           4       414
                5           2      1035
                7           2      1618
                8           3      1653
               10           2      1709
               20           2      1690
               30           2      1714
               50           0      1792
              100           0      1792
              150           0      1792
              200           0      1792

sub-010288 ep03
 min_cluster_size  n_clusters   n_noise
                3           2        30
                5           2      1329
                7           2      1376
                8           4      1482
               10           3      1485
               20           0      1559
               30           0      1559
               50           0      1559
              100           0      1559
              150           0      1559
              200           0      1559

sub-010288 ep04
 min_cluster_size  n_clusters   n_noise
                3           3       245
                5           2      1186
                7           2      1491
                8           2      1462
               10           2      1524
               20           2      1560
               30           2      1562
               50           0      1679
              100           0      1679
              150           0      1679
              200           0      1679

sub-010288 ep05
 min_cluster_size  n_clusters   n_noise
                3           2       106
                5           3      1317
                7           3      1555
                8           2      1545
               10           2      1546
               20           2      1605
               30           0      1731
               50           0      1731
              100           0      1731
              150           0      1731
              200           0      1731

sub-010288 ep06
 min_cluster_size  n_clusters   n_noise
                3           3       220
                5           2      1273
                7           3      1405
                8           3      1415
               10           3      1451
               20           0      1519
               30           0      1519
               50           0      1519
              100           0      1519
              150           0      1519
              200           0      1519

sub-010289 ep00
 min_cluster_size  n_clusters   n_noise
                3           4       141
                5           4       801
                7           2      1108
                8           2      1542
               10           2      1509
               20           0      1627
               30           0      1627
               50           0      1627
              100           0      1627
              150           0      1627
              200           0      1627

sub-010289 ep01
 min_cluster_size  n_clusters   n_noise
                3           4       166
                5           2       418
                7           2      1739
                8           2      1767
               10           2      1788
               20           2      1768
               30           0      1877
               50           0      1877
              100           0      1877
              150           0      1877
              200           0      1877

sub-010289 ep02
 min_cluster_size  n_clusters   n_noise
                3           8       293
                5           2       250
                7           2      1860
                8           2      1856
               10           2      1864
               20           2      1921
               30           2      1891
               50           2      1930
              100           0      2116
              150           0      2116
              200           0      2116

sub-010289 ep03
 min_cluster_size  n_clusters   n_noise
                3           3       199
                5           2       531
                7           2      1887
                8           2      1936
               10           2      2011
               20           2      1957
               30           2      1945
               50           2      1941
              100           0      2190
              150           0      2190
              200           0      2190

sub-010289 ep04
 min_cluster_size  n_clusters   n_noise
                3           4        98
                5           2       489
                7           3      1099
                8           2      1037
               10           2      1052
               20           2      1137
               30           2      1167
               50           0      1327
              100           0      1327
              150           0      1327
              200           0      1327

sub-010289 ep05
 min_cluster_size  n_clusters   n_noise
                3           4        88
                5           2       108
                7           3      1419
                8           2      1464
               10           2      1465
               20           2      1426
               30           2      1417
               50           0      1595
              100           0      1595
              150           0      1595
              200           0      1595

sub-010289 ep06
 min_cluster_size  n_clusters   n_noise
                3           4       167
                5           2       387
                7           2      1071
                8           2      1100
               10           2      1131
               20           2      1121
               30           0      1188
               50           0      1188
              100           0      1188
              150           0      1188
              200           0      1188

sub-010290 ep00
 min_cluster_size  n_clusters   n_noise
                3          13       602
                5           4      1595
                7           2      1585
                8           2      1619
               10           2      1655
               20           0      1857
               30           0      1857
               50           0      1857
              100           0      1857
              150           0      1857
              200           0      1857

sub-010290 ep01
 min_cluster_size  n_clusters   n_noise
                3           3       324
                5           6      1330
                7           2      1352
                8           2      1325
               10           2      1373
               20           2      1355
               30           0      1429
               50           0      1429
              100           0      1429
              150           0      1429
              200           0      1429

sub-010290 ep02
 min_cluster_size  n_clusters   n_noise
                3           3       147
                5           2       486
                7           2      1291
                8           2      1289
               10           2      1296
               20           2      1323
               30           0      1369
               50           0      1369
              100           0      1369
              150           0      1369
              200           0      1369

sub-010290 ep03
 min_cluster_size  n_clusters   n_noise
                3           3        75
                5           6      1309
                7           3      1312
                8           2      1327
               10           2      1334
               20           2      1373
               30           0      1425
               50           0      1425
              100           0      1425
              150           0      1425
              200           0      1425

sub-010290 ep04
 min_cluster_size  n_clusters   n_noise
                3           2        62
                5           3      1136
                7           2      1321
                8           2      1342
               10           2      1385
               20           2      1391
               30           0      1442
               50           0      1442
              100           0      1442
              150           0      1442
              200           0      1442

sub-010290 ep05
 min_cluster_size  n_clusters   n_noise
                3           2       109
                5           2       513
                7           2      1321
                8           2      1339
               10           2      1329
               20           0      1374
               30           0      1374
               50           0      1374
              100           0      1374
              150           0      1374
              200           0      1374

sub-010290 ep06
 min_cluster_size  n_clusters   n_noise
                3          21       744
                5           2      1137
                7           2      1275
                8           2      1314
               10           0      1345
               20           0      1345
               30           0      1345
               50           0      1345
              100           0      1345
              150           0      1345
              200           0      1345

sub-010291 ep00
 min_cluster_size  n_clusters   n_noise
                3           2       141
                5           4      1281
                7           4      1479
                8           3      1453
               10           2      1508
               20           0      1591
               30           0      1591
               50           0      1591
              100           0      1591
              150           0      1591
              200           0      1591

sub-010291 ep01
 min_cluster_size  n_clusters   n_noise
                3           2        58
                5           7      1313
                7           3      1302
                8           3      1340
               10           2      1372
               20           2      1412
               30           0      1490
               50           0      1490
              100           0      1490
              150           0      1490
              200           0      1490

sub-010291 ep02
 min_cluster_size  n_clusters   n_noise
                3           3       388
                5          10      1779
                7           5      1819
                8           6      1854
               10           2      1885
               20           0      1970
               30           0      1970
               50           0      1970
              100           0      1970
              150           0      1970
              200           0      1970

sub-010291 ep03
 min_cluster_size  n_clusters   n_noise
                3           2       220
                5           5      1318
                7           3      1466
                8           2      1465
               10           3      1492
               20           0      1582
               30           0      1582
               50           0      1582
              100           0      1582
              150           0      1582
              200           0      1582

sub-010291 ep04
 min_cluster_size  n_clusters   n_noise
                3           2       113
                5           2      1199
                7           4      1404
                8           4      1421
               10           2      1472
               20           0      1507
               30           0      1507
               50           0      1507
              100           0      1507
              150           0      1507
              200           0      1507

sub-010291 ep05
 min_cluster_size  n_clusters   n_noise
                3           2       459
                5           2       713
                7           4      1489
                8           4      1481
               10           2      1423
               20           0      1598
               30           0      1598
               50           0      1598
              100           0      1598
              150           0      1598
              200           0      1598

sub-010291 ep06
 min_cluster_size  n_clusters   n_noise
                3           4        69
                5           2       685
                7           2      1077
                8           2      1301
               10           2      1346
               20           2      1289
               30           0      1399
               50           0      1399
              100           0      1399
              150           0      1399
              200           0      1399

sub-010292 ep00
 min_cluster_size  n_clusters   n_noise
                3           6        90
                5           2      1013
                7           2      1204
                8           2      1249
               10           2      1273
               20           2      1328
               30           0      1397
               50           0      1397
              100           0      1397
              150           0      1397
              200           0      1397

sub-010292 ep01
 min_cluster_size  n_clusters   n_noise
                3           2        80
                5           2       598
                7           2      1131
                8           3      1251
               10           2      1209
               20           2      1288
               30           0      1339
               50           0      1339
              100           0      1339
              150           0      1339
              200           0      1339

sub-010292 ep02
 min_cluster_size  n_clusters   n_noise
                3           2       125
                5           2       198
                7           5      2020
                8           3      1967
               10           3      2016
               20           0      2107
               30           0      2107
               50           0      2107
              100           0      2107
              150           0      2107
              200           0      2107

sub-010292 ep03
 min_cluster_size  n_clusters   n_noise
                3           4       129
                5           2       219
                7           3      1270
                8           3      1269
               10           3      1298
               20           2      1294
               30           2      1301
               50           0      1390
              100           0      1390
              150           0      1390
              200           0      1390

sub-010292 ep04
 min_cluster_size  n_clusters   n_noise
                3           2        26
                5           2      1073
                7           3      1409
                8           2      1407
               10           2      1425
               20           2      1449
               30           0      1555
               50           0      1555
              100           0      1555
              150           0      1555
              200           0      1555

sub-010292 ep05
 min_cluster_size  n_clusters   n_noise
                3           2         3
                5           2      1177
                7           3      1244
                8           3      1234
               10           2      1267
               20           2      1271
               30           0      1337
               50           0      1337
              100           0      1337
              150           0      1337
              200           0      1337

sub-010292 ep06
 min_cluster_size  n_clusters   n_noise
                3           6       328
                5           2       930
                7           3      1163
                8           2      1051
               10           2      1095
               20           2      1160
               30           2      1150
               50           0      1283
              100           0      1283
              150           0      1283
              200           0      1283

sub-010294 ep00
 min_cluster_size  n_clusters   n_noise
                3           4       217
                5           6      1107
                7           3      1078
                8           3      1079
               10           3      1120
               20           2      1178
               30           2      1191
               50           2      1066
              100           0      1454
              150           0      1454
              200           0      1454

sub-010294 ep01
 min_cluster_size  n_clusters   n_noise
                3           2        39
                5           2       336
                7           3       741
                8           2      1301
               10           2      1335
               20           2      1356
               30           0      1456
               50           0      1456
              100           0      1456
              150           0      1456
              200           0      1456

sub-010294 ep02
 min_cluster_size  n_clusters   n_noise
                3           4       165
                5           2       692
                7           2      1039
                8           2      1068
               10           3      1167
               20           2      1235
               30           2      1243
               50           0      1406
              100           0      1406
              150           0      1406
              200           0      1406

sub-010294 ep03
 min_cluster_size  n_clusters   n_noise
                3           3        68
                5           2       467
                7           2      1061
                8           2      1065
               10           2      1492
               20           2      1492
               30           0      1619
               50           0      1619
              100           0      1619
              150           0      1619
              200           0      1619

sub-010294 ep04
 min_cluster_size  n_clusters   n_noise
                3           5       114
                5           2       587
                7           2      1338
                8           2      1321
               10           2      1346
               20           2      1376
               30           0      1472
               50           0      1472
              100           0      1472
              150           0      1472
              200           0      1472

sub-010294 ep05
 min_cluster_size  n_clusters   n_noise
                3          10       371
                5           2       360
                7           3      1524
                8           2      1544
               10           2      1526
               20           2      1528
               30           0      1689
               50           0      1689
              100           0      1689
              150           0      1689
              200           0      1689

sub-010294 ep06
 min_cluster_size  n_clusters   n_noise
                3           7       170
                5           3      1151
                7           2      1178
                8           2      1201
               10           2      1213
               20           0      1276
               30           0      1276
               50           0      1276
              100           0      1276
              150           0      1276
              200           0      1276

sub-010295 ep00
 min_cluster_size  n_clusters   n_noise
                3           2         8
                5           2       942
                7           2      1236
                8           2      1245
               10           2      1255
               20           2      1276
               30           0      1357
               50           0      1357
              100           0      1357
              150           0      1357
              200           0      1357

sub-010295 ep01
 min_cluster_size  n_clusters   n_noise
                3           3       192
                5           2       745
                7           5      1276
                8           3      1300
               10           3      1290
               20           0      1366
               30           0      1366
               50           0      1366
              100           0      1366
              150           0      1366
              200           0      1366

sub-010295 ep02
 min_cluster_size  n_clusters   n_noise
                3           4       220
                5           3       793
                7           2      1232
                8           2      1238
               10           2      1385
               20           0      1429
               30           0      1429
               50           0      1429
              100           0      1429
              150           0      1429
              200           0      1429

sub-010295 ep03
 min_cluster_size  n_clusters   n_noise
                3           4       197
                5           2      1218
                7           4      1582
                8           3      1567
               10           2      1576
               20           2      1586
               30           2      1580
               50           0      1666
              100           0      1666
              150           0      1666
              200           0      1666

sub-010295 ep04
 min_cluster_size  n_clusters   n_noise
                3           2       222
                5           2       909
                7           6      1272
                8           3      1205
               10           2      1279
               20           2      1294
               30           2      1284
               50           0      1424
              100           0      1424
              150           0      1424
              200           0      1424

sub-010295 ep05
 min_cluster_size  n_clusters   n_noise
                3           2        93
                5           2      1085
                7           2      1153
                8           2      1357
               10           2      1391
               20           2      1380
               30           2      1362
               50           2      1246
              100           0      1562
              150           0      1562
              200           0      1562

sub-010295 ep06
 min_cluster_size  n_clusters   n_noise
                3           5       162
                5           2       349
                7           3       960
                8           3       986
               10           2      1022
               20           2      1031
               30           2      1029
               50           0      1202
              100           0      1202
              150           0      1202
              200           0      1202

sub-010296 ep00
 min_cluster_size  n_clusters   n_noise
                3           2       219
                5           9      1235
                7           4      1324
                8           2      1337
               10           2      1350
               20           0      1410
               30           0      1410
               50           0      1410
              100           0      1410
              150           0      1410
              200           0      1410

sub-010296 ep01
 min_cluster_size  n_clusters   n_noise
                3           3        90
                5           5      1159
                7           2      1043
                8           2      1813
               10           2      1816
               20           0      1872
               30           0      1872
               50           0      1872
              100           0      1872
              150           0      1872
              200           0      1872

sub-010296 ep02
 min_cluster_size  n_clusters   n_noise
                3          32       833
                5           5       880
                7           2       812
                8           2      1886
               10           2      1937
               20           0      2037
               30           0      2037
               50           0      2037
              100           0      2037
              150           0      2037
              200           0      2037

sub-010296 ep03
 min_cluster_size  n_clusters   n_noise
                3           2        81
                5           4      1610
                7           3      1644
                8           2      1642
               10           2      1682
               20           2      1709
               30           0      1761
               50           0      1761
              100           0      1761
              150           0      1761
              200           0      1761

sub-010296 ep04
 min_cluster_size  n_clusters   n_noise
                3           2        20
                5           2      1284
                7           4      1402
                8           2      1402
               10           4      1426
               20           0      1497
               30           0      1497
               50           0      1497
              100           0      1497
              150           0      1497
              200           0      1497

sub-010296 ep05
 min_cluster_size  n_clusters   n_noise
                3           2        83
                5           3       944
                7           3      1611
                8           3      1642
               10           2      1675
               20           0      1743
               30           0      1743
               50           0      1743
              100           0      1743
              150           0      1743
              200           0      1743

sub-010296 ep06
 min_cluster_size  n_clusters   n_noise
                3           3       170
                5           2       607
                7           2      1354
                8           2      1273
               10           0      1369
               20           0      1369
               30           0      1369
               50           0      1369
              100           0      1369
              150           0      1369
              200           0      1369

sub-010297 ep00
 min_cluster_size  n_clusters   n_noise
                3           3       239
                5           5      1075
                7           2      1180
                8           2      1212
               10           2      1204
               20           2      1224
               30           2      1259
               50           2      1211
              100           0      1348
              150           0      1348
              200           0      1348

sub-010297 ep01
 min_cluster_size  n_clusters   n_noise
                3           3       162
                5           2      1032
                7           2      1161
                8           2      1145
               10           2      1210
               20           2      1250
               30           2      1200
               50           2      1193
              100           0      1349
              150           0      1349
              200           0      1349

sub-010297 ep02
 min_cluster_size  n_clusters   n_noise
                3           3       207
                5           5      1105
                7           2      1110
                8           2      1155
               10           2      1210
               20           2      1239
               30           0      1317
               50           0      1317
              100           0      1317
              150           0      1317
              200           0      1317

sub-010297 ep03
 min_cluster_size  n_clusters   n_noise
                3           2        89
                5           4      1016
                7           2      1250
                8           2      1268
               10           2      1200
               20           0      1307
               30           0      1307
               50           0      1307
              100           0      1307
              150           0      1307
              200           0      1307

sub-010297 ep04
 min_cluster_size  n_clusters   n_noise
                3           2        44
                5           2       990
                7           2      1195
                8           2      1199
               10           2      1184
               20           2      1205
               30           0      1254
               50           0      1254
              100           0      1254
              150           0      1254
              200           0      1254

sub-010297 ep05
 min_cluster_size  n_clusters   n_noise
                3           2       331
                5           3       995
                7           3      1079
                8           2      1044
               10           2      1103
               20           2      1128
               30           2      1149
               50           0      1248
              100           0      1248
              150           0      1248
              200           0      1248

sub-010297 ep06
 min_cluster_size  n_clusters   n_noise
                3           2         0
                5           8      1067
                7           2      1029
                8           2      1049
               10           2      1115
               20           2      1072
               30           2      1113
               50           0      1182
              100           0      1182
              150           0      1182
              200           0      1182

sub-010298 ep00
 min_cluster_size  n_clusters   n_noise
                3           2       138
                5           4      1040
                7           2      1071
                8           2      1080
               10           2      1089
               20           2      1118
               30           2      1087
               50           0      1212
              100           0      1212
              150           0      1212
              200           0      1212

sub-010298 ep01
 min_cluster_size  n_clusters   n_noise
                3           2        50
                5           6      1018
                7           3      1012
                8           3      1026
               10           2      1124
               20           2      1128
               30           0      1170
               50           0      1170
              100           0      1170
              150           0      1170
              200           0      1170

sub-010298 ep02
 min_cluster_size  n_clusters   n_noise
                3           2       206
                5           8      1084
                7           4      1096
                8           4      1118
               10           3      1152
               20           0      1215
               30           0      1215
               50           0      1215
              100           0      1215
              150           0      1215
              200           0      1215

sub-010298 ep03
 min_cluster_size  n_clusters   n_noise
                3           3       237
                5           2      1004
                7           2      1080
                8           2      1109
               10           2      1127
               20           2      1150
               30           0      1227
               50           0      1227
              100           0      1227
              150           0      1227
              200           0      1227

sub-010298 ep04
 min_cluster_size  n_clusters   n_noise
                3           2       237
                5           2      1248
                7           3      1510
                8           2      1388
               10           2      1482
               20           2      1518
               30           0      1627
               50           0      1627
              100           0      1627
              150           0      1627
              200           0      1627

sub-010298 ep05
 min_cluster_size  n_clusters   n_noise
                3           2       107
                5           2       413
                7           2      1101
                8           2      1151
               10           2      1172
               20           2      1202
               30           0      1312
               50           0      1312
              100           0      1312
              150           0      1312
              200           0      1312

sub-010298 ep06
 min_cluster_size  n_clusters   n_noise
                3           2       184
                5           2       740
                7           3      1042
                8           2      1062
               10           2      1088
               20           0      1122
               30           0      1122
               50           0      1122
              100           0      1122
              150           0      1122
              200           0      1122

sub-010299 ep00
 min_cluster_size  n_clusters   n_noise
                3          11       555
                5           7      1133
                7           2      1192
                8           2      1180
               10           2      1182
               20           2      1207
               30           2      1229
               50           0      1413
              100           0      1413
              150           0      1413
              200           0      1413

sub-010299 ep01
 min_cluster_size  n_clusters   n_noise
                3          13       583
                5           3       598
                7           2      1300
                8           2      1257
               10           0      1420
               20           0      1420
               30           0      1420
               50           0      1420
              100           0      1420
              150           0      1420
              200           0      1420

sub-010299 ep02
 min_cluster_size  n_clusters   n_noise
                3           2        96
                5           2      1793
                7           3      1948
                8           2      1945
               10           2      1961
               20           0      2023
               30           0      2023
               50           0      2023
              100           0      2023
              150           0      2023
              200           0      2023

sub-010299 ep03
 min_cluster_size  n_clusters   n_noise
                3           3       169
                5           2      1350
                7           2      1509
                8           2      1520
               10           0      1585
               20           0      1585
               30           0      1585
               50           0      1585
              100           0      1585
              150           0      1585
              200           0      1585

sub-010299 ep04
 min_cluster_size  n_clusters   n_noise
                3           2        85
                5           2      1239
                7           3      1293
                8           3      1318
               10           2      1321
               20           0      1405
               30           0      1405
               50           0      1405
              100           0      1405
              150           0      1405
              200           0      1405

sub-010299 ep05
 min_cluster_size  n_clusters   n_noise
                3           2       228
                5           2      1081
                7           2      1363
                8           2      1348
               10           2      1375
               20           2      1398
               30           0      1473
               50           0      1473
              100           0      1473
              150           0      1473
              200           0      1473

sub-010299 ep06
 min_cluster_size  n_clusters   n_noise
                3           2        13
                5           3      1113
                7           2      1167
                8           2      1161
               10           2      1160
               20           2      1202
               30           2      1167
               50           0      1320
              100           0      1320
              150           0      1320
              200           0      1320

sub-010300 ep00
 min_cluster_size  n_clusters   n_noise
                3           2       149
                5           2       407
                7           2      1013
                8           2      1007
               10           2      1028
               20           2      1078
               30           2      1080
               50           2      1087
              100           0      1351
              150           0      1351
              200           0      1351

sub-010300 ep01
 min_cluster_size  n_clusters   n_noise
                3          11       460
                5           3       974
                7           3      1193
                8           3      1209
               10           2      1248
               20           2      1259
               30           0      1414
               50           0      1414
              100           0      1414
              150           0      1414
              200           0      1414

sub-010300 ep02
 min_cluster_size  n_clusters   n_noise
                3           2       147
                5           2       579
                7           3      1339
                8           2      1350
               10           2      1362
               20           0      1396
               30           0      1396
               50           0      1396
              100           0      1396
              150           0      1396
              200           0      1396

sub-010300 ep03
 min_cluster_size  n_clusters   n_noise
                3           2        83
                5           3       380
                7           3      1347
                8           3      1369
               10           2      1352
               20           0      1417
               30           0      1417
               50           0      1417
              100           0      1417
              150           0      1417
              200           0      1417

sub-010300 ep04
 min_cluster_size  n_clusters   n_noise
                3           2        58
                5           2       622
                7           3      1435
                8           2      1431
               10           2      1441
               20           2      1483
               30           0      1532
               50           0      1532
              100           0      1532
              150           0      1532
              200           0      1532

sub-010300 ep05
 min_cluster_size  n_clusters   n_noise
                3           5       203
                5           4       882
                7           2      1548
                8           2      1540
               10           2      1551
               20           0      1618
               30           0      1618
               50           0      1618
              100           0      1618
              150           0      1618
              200           0      1618

sub-010300 ep06
 min_cluster_size  n_clusters   n_noise
                3           4       136
                5           3       464
                7           2      1055
                8           2      1194
               10           2      1218
               20           0      1250
               30           0      1250
               50           0      1250
              100           0      1250
              150           0      1250
              200           0      1250

sub-010301 ep00
 min_cluster_size  n_clusters   n_noise
                3           8       356
                5           3       960
                7           3      1105
                8           2      1084
               10           2      1154
               20           2      1166
               30           2      1240
               50           2      1202
              100           0      1393
              150           0      1393
              200           0      1393

sub-010301 ep01
 min_cluster_size  n_clusters   n_noise
                3           2         2
                5           2       819
                7           2       694
                8           2       744
               10           2       749
               20           2       676
               30           2       713
               50           2       701
              100           2       722
              150           2       732
              200           2       806

sub-010301 ep02
 min_cluster_size  n_clusters   n_noise
                3          41       641
                5           6       750
                7           2       795
                8           2       766
               10           2       685
               20           2       682
               30           2       637
               50           2       734
              100           2       771
              150           2       797
              200           0      1296

sub-010301 ep03
 min_cluster_size  n_clusters   n_noise
                3           2       111
                5           2      1026
                7           2      1019
                8           2      1004
               10           2      1026
               20           2       955
               30           2       946
               50           2       911
              100           2       917
              150           0      1309
              200           0      1309

sub-010301 ep04
 min_cluster_size  n_clusters   n_noise
                3           2        94
                5           2       359
                7           2      1005
                8           2      1025
               10           2       969
               20           2       949
               30           2       927
               50           2       869
              100           2       909
              150           0      1299
              200           0      1299

sub-010301 ep05
 min_cluster_size  n_clusters   n_noise
                3          10       455
                5           3       906
                7           2       637
                8           2       663
               10           2       708
               20           2       710
               30           2       625
               50           2       556
              100           2       526
              150           2       548
              200           2       608

sub-010301 ep06
 min_cluster_size  n_clusters   n_noise
                3           3       135
                5           3       591
                7           2       722
                8           2       679
               10           2       761
               20           2       650
               30           2       670
               50           2       697
              100           2       711
              150           2       710
              200           0      1231

sub-010302 ep00
 min_cluster_size  n_clusters   n_noise
                3           5       217
                5           3      1411
                7           3      1551
                8           3      1598
               10           2      1534
               20           2      1624
               30           0      1695
               50           0      1695
              100           0      1695
              150           0      1695
              200           0      1695

sub-010302 ep01
 min_cluster_size  n_clusters   n_noise
                3           2       461
                5           6      2016
                7           2      1998
                8           3      2049
               10           2      2039
               20           2      2064
               30           0      2125
               50           0      2125
              100           0      2125
              150           0      2125
              200           0      2125

sub-010302 ep02
 min_cluster_size  n_clusters   n_noise
                3           3       122
                5           3      1442
                7           2      1545
                8           2      1582
               10           2      1608
               20           2      1581
               30           2      1600
               50           2      1542
              100           0      1704
              150           0      1704
              200           0      1704

sub-010302 ep03
 min_cluster_size  n_clusters   n_noise
                3           2       198
                5           2      1057
                7           2      1665
                8           2      1604
               10           2      1663
               20           2      1671
               30           2      1705
               50           0      1801
              100           0      1801
              150           0      1801
              200           0      1801

sub-010302 ep04
 min_cluster_size  n_clusters   n_noise
                3           3       191
                5           7      1822
                7           2      1790
                8           2      1807
               10           2      1857
               20           2      1850
               30           2      1853
               50           2      1794
              100           2      1860
              150           0      2116
              200           0      2116

sub-010302 ep05
 min_cluster_size  n_clusters   n_noise
                3           9       384
                5           2       337
                7           2      1698
                8           2      1732
               10           2      1764
               20           2      1733
               30           2      1796
               50           2      1832
              100           2      1747
              150           0      2076
              200           0      2076

sub-010303 ep00
 min_cluster_size  n_clusters   n_noise
                3           2        57
                5           3      1098
                7           4      1368
                8           2      1377
               10           2      1350
               20           2      1396
               30           2      1360
               50           0      1456
              100           0      1456
              150           0      1456
              200           0      1456

sub-010303 ep01
 min_cluster_size  n_clusters   n_noise
                3           4       345
                5           4      1474
                7           3      1594
                8           2      1553
               10           2      1568
               20           2      1657
               30           2      1673
               50           2      1683
              100           0      1799
              150           0      1799
              200           0      1799

sub-010303 ep02
 min_cluster_size  n_clusters   n_noise
                3           2       181
                5           5      1350
                7           2      1489
                8           3      1467
               10           2      1474
               20           0      1512
               30           0      1512
               50           0      1512
              100           0      1512
              150           0      1512
              200           0      1512

sub-010303 ep03
 min_cluster_size  n_clusters   n_noise
                3           3       376
                5           3      1045
                7           4      1533
                8           3      1602
               10           2      1592
               20           2      1616
               30           2      1611
               50           0      1679
              100           0      1679
              150           0      1679
              200           0      1679

sub-010303 ep04
 min_cluster_size  n_clusters   n_noise
                3           2       104
                5           2      1341
                7           2      1450
                8           2      1432
               10           2      1445
               20           0      1529
               30           0      1529
               50           0      1529
              100           0      1529
              150           0      1529
              200           0      1529

sub-010303 ep05
 min_cluster_size  n_clusters   n_noise
                3           3       454
                5           2      1333
                7           4      1417
                8           2      1428
               10           2      1456
               20           2      1495
               30           0      1566
               50           0      1566
              100           0      1566
              150           0      1566
              200           0      1566

sub-010303 ep06
 min_cluster_size  n_clusters   n_noise
                3           3       345
                5           2       868
                7           3      1305
                8           2      1251
               10           2      1297
               20           0      1419
               30           0      1419
               50           0      1419
              100           0      1419
              150           0      1419
              200           0      1419

sub-010304 ep00
 min_cluster_size  n_clusters   n_noise
                3           3        95
                5           2       442
                7           2      1047
                8           2      1205
               10           2      1202
               20           0      1278
               30           0      1278
               50           0      1278
              100           0      1278
              150           0      1278
              200           0      1278

sub-010304 ep01
 min_cluster_size  n_clusters   n_noise
                3           4       269
                5           2       297
                7           2       969
                8           2       834
               10           2       925
               20           2       897
               30           2       926
               50           2       957
              100           2       979
              150           0      1349
              200           0      1349

sub-010304 ep02
 min_cluster_size  n_clusters   n_noise
                3           2       117
                5           2       534
                7           2       829
                8           2       850
               10           2       765
               20           2       843
               30           2       829
               50           2       903
              100           2       897
              150           0      1271
              200           0      1271

sub-010304 ep03
 min_cluster_size  n_clusters   n_noise
                3           2        70
                5           3       955
                7           2      1030
                8           2      1029
               10           2      1048
               20           2      1045
               30           2       997
               50           2      1026
              100           2       948
              150           2      1067
              200           0      1576

sub-010304 ep04
 min_cluster_size  n_clusters   n_noise
                3           2        38
                5           2       801
                7           2       767
                8           5      1663
               10           3      1626
               20           2      1622
               30           2      1655
               50           0      2067
              100           0      2067
              150           0      2067
              200           0      2067

sub-010304 ep05
 min_cluster_size  n_clusters   n_noise
                3           4       310
                5           2       401
                7           3       901
                8           2       886
               10           2       879
               20           2       943
               30           2       930
               50           2       953
              100           0      1441
              150           0      1441
              200           0      1441

sub-010304 ep06
 min_cluster_size  n_clusters   n_noise
                3           2        72
                5           5       611
                7           2       664
                8           2       728
               10           2       758
               20           2       715
               30           2       687
               50           2       678
              100           2       726
              150           0      1147
              200           0      1147

sub-010305 ep00
 min_cluster_size  n_clusters   n_noise
                3           2        85
                5           4       961
                7           4      1072
                8           3      1093
               10           2      1104
               20           2      1069
               30           2      1068
               50           0      1322
              100           0      1322
              150           0      1322
              200           0      1322

sub-010305 ep01
 min_cluster_size  n_clusters   n_noise
                3           3       111
                5           3       242
                7           2      1279
                8           2      1283
               10           2      1255
               20           0      1311
               30           0      1311
               50           0      1311
              100           0      1311
              150           0      1311
              200           0      1311

sub-010305 ep02
 min_cluster_size  n_clusters   n_noise
                3           3       126
                5           6      1197
                7           2      1269
                8           2      1267
               10           2      1278
               20           0      1313
               30           0      1313
               50           0      1313
              100           0      1313
              150           0      1313
              200           0      1313

sub-010305 ep03
 min_cluster_size  n_clusters   n_noise
                3           4        86
                5           2       857
                7           2      1176
                8           3      1179
               10           0      1300
               20           0      1300
               30           0      1300
               50           0      1300
              100           0      1300
              150           0      1300
              200           0      1300

sub-010305 ep04
 min_cluster_size  n_clusters   n_noise
                3          11       306
                5           2       891
                7           3      1230
                8           2      1246
               10           2      1263
               20           0      1300
               30           0      1300
               50           0      1300
              100           0      1300
              150           0      1300
              200           0      1300

sub-010305 ep05
 min_cluster_size  n_clusters   n_noise
                3          14       532
                5           2       276
                7           3      1412
                8           2      1395
               10           2      1396
               20           0      1454
               30           0      1454
               50           0      1454
              100           0      1454
              150           0      1454
              200           0      1454

sub-010305 ep06
 min_cluster_size  n_clusters   n_noise
                3           5       139
                5           2       736
                7           4      1086
                8           4      1114
               10           2      1139
               20           0      1207
               30           0      1207
               50           0      1207
              100           0      1207
              150           0      1207
              200           0      1207

sub-010306 ep00
 min_cluster_size  n_clusters   n_noise
                3           2       192
                5           2       723
                7           3      1150
                8           3      1172
               10           3      1206
               20           2      1249
               30           0      1330
               50           0      1330
              100           0      1330
              150           0      1330
              200           0      1330

sub-010306 ep01
 min_cluster_size  n_clusters   n_noise
                3           2        89
                5           6      1155
                7           5      1243
                8           4      1278
               10           3      1297
               20           2      1311
               30           0      1379
               50           0      1379
              100           0      1379
              150           0      1379
              200           0      1379

sub-010306 ep02
 min_cluster_size  n_clusters   n_noise
                3           7       393
                5           2       953
                7           2      1036
                8           3      1110
               10           2      1165
               20           0      1268
               30           0      1268
               50           0      1268
              100           0      1268
              150           0      1268
              200           0      1268

sub-010306 ep03
 min_cluster_size  n_clusters   n_noise
                3           4       229
                5          12      1156
                7           4      1147
                8           6      1181
               10           3      1220
               20           0      1310
               30           0      1310
               50           0      1310
              100           0      1310
              150           0      1310
              200           0      1310

sub-010306 ep04
 min_cluster_size  n_clusters   n_noise
                3           4       358
                5           2       962
                7           2      1110
                8           5      1188
               10           2      1192
               20           2      1267
               30           0      1321
               50           0      1321
              100           0      1321
              150           0      1321
              200           0      1321

sub-010306 ep05
 min_cluster_size  n_clusters   n_noise
                3           5       365
                5           2       974
                7           2      1128
                8           2      1132
               10           2      1167
               20           2      1207
               30           0      1335
               50           0      1335
              100           0      1335
              150           0      1335
              200           0      1335

sub-010306 ep06
 min_cluster_size  n_clusters   n_noise
                3           2       314
                5           2       770
                7           2       954
                8           2      1076
               10           2      1115
               20           0      1144
               30           0      1144
               50           0      1144
              100           0      1144
              150           0      1144
              200           0      1144

sub-010307 ep00
 min_cluster_size  n_clusters   n_noise
                3           2       220
                5           4      1367
                7           2      1216
                8           3      1443
               10           2      1479
               20           2      1434
               30           2      1399
               50           2      1491
              100           2      1477
              150           0      1716
              200           0      1716

sub-010307 ep01
 min_cluster_size  n_clusters   n_noise
                3           2        81
                5           3      1409
                7           3      1495
                8           2      1468
               10           2      1454
               20           2      1506
               30           2      1506
               50           2      1558
              100           0      1674
              150           0      1674
              200           0      1674

sub-010307 ep02
 min_cluster_size  n_clusters   n_noise
                3           3        90
                5           2      1312
                7           4      1877
                8           2      1857
               10           3      1885
               20           2      1893
               30           2      1874
               50           0      1988
              100           0      1988
              150           0      1988
              200           0      1988

sub-010307 ep03
 min_cluster_size  n_clusters   n_noise
                3           5       230
                5           4      1425
                7           3      1458
                8           2      1398
               10           2      1352
               20           2      1482
               30           2      1476
               50           2      1494
              100           0      1635
              150           0      1635
              200           0      1635

sub-010307 ep04
 min_cluster_size  n_clusters   n_noise
                3           8       484
                5           6      1140
                7           2      1495
                8           2      1508
               10           2      1525
               20           2      1543
               30           2      1577
               50           0      1680
              100           0      1680
              150           0      1680
              200           0      1680

sub-010307 ep05
 min_cluster_size  n_clusters   n_noise
                3           9       425
                5           5      1313
                7           2      1094
                8           2      1355
               10           2      1361
               20           2      1443
               30           2      1478
               50           2      1459
              100           0      1594
              150           0      1594
              200           0      1594

sub-010307 ep06
 min_cluster_size  n_clusters   n_noise
                3           2        16
                5           3      1220
                7           2      1294
                8           2      1290
               10           2      1315
               20           2      1316
               30           2      1292
               50           0      1442
              100           0      1442
              150           0      1442
              200           0      1442

sub-010308 ep00
 min_cluster_size  n_clusters   n_noise
                3           2        96
                5           2      1003
                7           3      1270
                8           2      1277
               10           2      1304
               20           2      1339
               30           0      1415
               50           0      1415
              100           0      1415
              150           0      1415
              200           0      1415

sub-010308 ep01
 min_cluster_size  n_clusters   n_noise
                3           6       559
                5           2      1362
                7           2      1448
                8           6      1650
               10           3      1698
               20           0      1742
               30           0      1742
               50           0      1742
              100           0      1742
              150           0      1742
              200           0      1742

sub-010308 ep02
 min_cluster_size  n_clusters   n_noise
                3           3       163
                5           2       791
                7           2      1121
                8           2      1138
               10           2      1161
               20           2      1210
               30           0      1313
               50           0      1313
              100           0      1313
              150           0      1313
              200           0      1313

sub-010308 ep03
 min_cluster_size  n_clusters   n_noise
                3           3        58
                5           2      1287
                7           2      1524
                8           2      1519
               10           2      1567
               20           2      1638
               30           2      1630
               50           0      1726
              100           0      1726
              150           0      1726
              200           0      1726

sub-010308 ep04
 min_cluster_size  n_clusters   n_noise
                3           2        24
                5           2      1339
                7           5      1624
                8           2      1546
               10           3      1593
               20           0      1690
               30           0      1690
               50           0      1690
              100           0      1690
              150           0      1690
              200           0      1690

sub-010308 ep05
 min_cluster_size  n_clusters   n_noise
                3           2        97
                5           2      1264
                7           3      1571
                8           2      1491
               10           2      1522
               20           2      1574
               30           0      1620
               50           0      1620
              100           0      1620
              150           0      1620
              200           0      1620

sub-010308 ep06
 min_cluster_size  n_clusters   n_noise
                3           2       227
                5           2       969
                7           3      1161
                8           2      1167
               10           2      1184
               20           2      1185
               30           0      1279
               50           0      1279
              100           0      1279
              150           0      1279
              200           0      1279

sub-010309 ep00
 min_cluster_size  n_clusters   n_noise
                3           2       102
                5           2       394
                7           4       768
                8           3       763
               10           2       672
               20           2       778
               30           2       779
               50           2       795
              100           2       802
              150           0      1355
              200           0      1355

sub-010309 ep01
 min_cluster_size  n_clusters   n_noise
                3           2        47
                5           4       798
                7           2       606
                8           2       616
               10           3      1366
               20           0      1668
               30           0      1668
               50           0      1668
              100           0      1668
              150           0      1668
              200           0      1668

sub-010309 ep02
 min_cluster_size  n_clusters   n_noise
                3           2        15
                5           7       891
                7           4       927
                8           2       914
               10           2       912
               20           2       996
               30           2      1000
               50           2      1025
              100           0      1559
              150           0      1559
              200           0      1559

sub-010309 ep03
 min_cluster_size  n_clusters   n_noise
                3           2        17
                5           5       894
                7           2      1100
                8           2      1118
               10           2      1199
               20           2      1178
               30           2      1186
               50           0      1359
              100           0      1359
              150           0      1359
              200           0      1359

sub-010309 ep04
 min_cluster_size  n_clusters   n_noise
                3           5       213
                5           2       308
                7           2      1446
                8           4      1479
               10           2      1493
               20           2      1557
               30           2      1544
               50           0      1943
              100           0      1943
              150           0      1943
              200           0      1943

sub-010309 ep05
 min_cluster_size  n_clusters   n_noise
                3           2         7
                5           2       551
                7           3      1083
                8           4      1091
               10           2      1063
               20           0      1764
               30           0      1764
               50           0      1764
              100           0      1764
              150           0      1764
              200           0      1764

sub-010309 ep06
 min_cluster_size  n_clusters   n_noise
                3           2        34
                5           5       403
                7           3       534
                8           2       318
               10           3      1210
               20           0      1273
               30           0      1273
               50           0      1273
              100           0      1273
              150           0      1273
              200           0      1273

sub-010310 ep00
 min_cluster_size  n_clusters   n_noise
                3           7       333
                5           2       947
                7           2       865
                8           3      1473
               10           2      1524
               20           0      1561
               30           0      1561
               50           0      1561
              100           0      1561
              150           0      1561
              200           0      1561

sub-010310 ep01
 min_cluster_size  n_clusters   n_noise
                3           5       372
                5           4      1225
                7           2      1559
                8           2      1629
               10           2      1658
               20           0      1725
               30           0      1725
               50           0      1725
              100           0      1725
              150           0      1725
              200           0      1725

sub-010310 ep02
 min_cluster_size  n_clusters   n_noise
                3           2        48
                5           2       720
                7           3      1399
                8           2      1389
               10           2      1382
               20           2      1422
               30           2      1443
               50           0      1514
              100           0      1514
              150           0      1514
              200           0      1514

sub-010310 ep03
 min_cluster_size  n_clusters   n_noise
                3           5       100
                5           3      1212
                7           2      1550
                8           2      1579
               10           2      1581
               20           2      1591
               30           0      1679
               50           0      1679
              100           0      1679
              150           0      1679
              200           0      1679

sub-010310 ep04
 min_cluster_size  n_clusters   n_noise
                3           2        16
                5           3      1014
                7           2      1096
                8           2      1292
               10           2      1291
               20           2      1327
               30           0      1418
               50           0      1418
              100           0      1418
              150           0      1418
              200           0      1418

sub-010310 ep05
 min_cluster_size  n_clusters   n_noise
                3           8       444
                5           2       912
                7           2      1537
                8           2      1576
               10           2      1565
               20           2      1576
               30           0      1656
               50           0      1656
              100           0      1656
              150           0      1656
              200           0      1656

sub-010310 ep06
 min_cluster_size  n_clusters   n_noise
                3           3       223
                5           2       651
                7           3      1235
                8           3      1259
               10           3      1272
               20           0      1324
               30           0      1324
               50           0      1324
              100           0      1324
              150           0      1324
              200           0      1324

sub-010311 ep00
 min_cluster_size  n_clusters   n_noise
                3           3       179
                5           2       152
                7           2      1184
                8           2      1239
               10           2      1219
               20           2      1316
               30           2      1297
               50           2      1323
              100           0      1486
              150           0      1486
              200           0      1486

sub-010311 ep01
 min_cluster_size  n_clusters   n_noise
                3           4       282
                5           2       753
                7           4      1365
                8           4      1463
               10           2      1446
               20           2      1397
               30           2      1410
               50           2      1383
              100           0      1697
              150           0      1697
              200           0      1697

sub-010311 ep02
 min_cluster_size  n_clusters   n_noise
                3           2       324
                5           2       747
                7           2      1187
                8           2      1240
               10           2      1129
               20           2      1137
               30           2      1183
               50           2      1177
              100           0      1386
              150           0      1386
              200           0      1386

sub-010311 ep03
 min_cluster_size  n_clusters   n_noise
                3           2       104
                5           3      1052
                7           2      1076
                8           2      1127
               10           2      1119
               20           2      1160
               30           2      1199
               50           2      1193
              100           0      1360
              150           0      1360
              200           0      1360

sub-010311 ep04
 min_cluster_size  n_clusters   n_noise
                3           2       230
                5           2      1001
                7           2      1146
                8           2      1199
               10           2      1181
               20           2      1072
               30           2      1142
               50           2      1176
              100           0      1399
              150           0      1399
              200           0      1399

sub-010311 ep05
 min_cluster_size  n_clusters   n_noise
                3           2       190
                5           3       984
                7           2      1021
                8           2      1052
               10           2      1073
               20           2      1172
               30           2      1093
               50           2      1123
              100           2      1148
              150           0      1362
              200           0      1362

sub-010314 ep00
 min_cluster_size  n_clusters   n_noise
                3           5       162
                5           2       980
                7           2      1348
                8           2      1363
               10           2      1404
               20           0      1446
               30           0      1446
               50           0      1446
              100           0      1446
              150           0      1446
              200           0      1446

sub-010314 ep01
 min_cluster_size  n_clusters   n_noise
                3           3       235
                5           7      1417
                7           3      1436
                8           2      1449
               10           2      1427
               20           2      1427
               30           2      1409
               50           0      1549
              100           0      1549
              150           0      1549
              200           0      1549

sub-010314 ep02
 min_cluster_size  n_clusters   n_noise
                3           2        24
                5           3       948
                7           2      1955
                8           2      2058
               10           2      2043
               20           2      2102
               30           2      2108
               50           0      2209
              100           0      2209
              150           0      2209
              200           0      2209

sub-010314 ep03
 min_cluster_size  n_clusters   n_noise
                3           2        40
                5           2       861
                7           2       842
                8           2      1405
               10           2      1462
               20           2      1418
               30           0      1501
               50           0      1501
              100           0      1501
              150           0      1501
              200           0      1501

sub-010314 ep04
 min_cluster_size  n_clusters   n_noise
                3           2        35
                5           2       435
                7           2      1353
                8           2      1387
               10           2      1349
               20           2      1367
               30           2      1410
               50           0      1487
              100           0      1487
              150           0      1487
              200           0      1487

sub-010314 ep05
 min_cluster_size  n_clusters   n_noise
                3          10       517
                5           2       993
                7           3      1389
                8           3      1398
               10           2      1358
               20           2      1382
               30           2      1403
               50           2      1385
              100           0      1529
              150           0      1529
              200           0      1529

sub-010314 ep06
 min_cluster_size  n_clusters   n_noise
                3           9       432
                5           2      1127
                7           2      1210
                8           2      1266
               10           2      1237
               20           2      1270
               30           2      1272
               50           0      1383
              100           0      1383
              150           0      1383
              200           0      1383

sub-010315 ep00
 min_cluster_size  n_clusters   n_noise
                3           8       406
                5           2       512
                7           2      1384
                8           2      1400
               10           2      1382
               20           2      1389
               30           2      1429
               50           2      1450
              100           0      1560
              150           0      1560
              200           0      1560

sub-010315 ep01
 min_cluster_size  n_clusters   n_noise
                3           3       344
                5           2      1278
                7           3      1572
                8           3      1603
               10           2      1622
               20           2      1567
               30           0      1687
               50           0      1687
              100           0      1687
              150           0      1687
              200           0      1687

sub-010315 ep02
 min_cluster_size  n_clusters   n_noise
                3           2       207
                5           2      1413
                7           3      1757
                8           3      1852
               10           2      1800
               20           2      1890
               30           2      1885
               50           0      1963
              100           0      1963
              150           0      1963
              200           0      1963

sub-010315 ep03
 min_cluster_size  n_clusters   n_noise
                3           3       207
                5           2       977
                7           3      1432
                8           3      1436
               10           3      1440
               20           0      1538
               30           0      1538
               50           0      1538
              100           0      1538
              150           0      1538
              200           0      1538

sub-010315 ep04
 min_cluster_size  n_clusters   n_noise
                3           3       141
                5           5      1259
                7           2      1157
                8           2      1229
               10           2      1473
               20           2      1473
               30           2      1479
               50           0      1566
              100           0      1566
              150           0      1566
              200           0      1566

sub-010315 ep05
 min_cluster_size  n_clusters   n_noise
                3           9       631
                5           2      1275
                7           3      1946
                8           3      1913
               10           2      1935
               20           2      1909
               30           0      2070
               50           0      2070
              100           0      2070
              150           0      2070
              200           0      2070

sub-010315 ep06
 min_cluster_size  n_clusters   n_noise
                3           2       195
                5           7      1310
                7           5      1343
                8           2      1316
               10           3      1351
               20           2      1351
               30           2      1350
               50           0      1420
              100           0      1420
              150           0      1420
              200           0      1420

sub-010316 ep00
 min_cluster_size  n_clusters   n_noise
                3           8       328
                5           3       619
                7           2       969
                8           2       937
               10           2      1231
               20           0      1311
               30           0      1311
               50           0      1311
              100           0      1311
              150           0      1311
              200           0      1311

sub-010316 ep01
 min_cluster_size  n_clusters   n_noise
                3           3       138
                5           3       823
                7           3      1046
                8           4      1118
               10           2      1095
               20           0      1328
               30           0      1328
               50           0      1328
              100           0      1328
              150           0      1328
              200           0      1328

sub-010316 ep02
 min_cluster_size  n_clusters   n_noise
                3           2        90
                5           3       996
                7           2      1771
                8           3      1779
               10           2      1766
               20           2      1841
               30           0      1951
               50           0      1951
              100           0      1951
              150           0      1951
              200           0      1951

sub-010316 ep03
 min_cluster_size  n_clusters   n_noise
                3           2        67
                5           3       908
                7           3      1283
                8           2      1191
               10           2      1420
               20           0      1530
               30           0      1530
               50           0      1530
              100           0      1530
              150           0      1530
              200           0      1530

sub-010316 ep04
 min_cluster_size  n_clusters   n_noise
                3           3       242
                5           2       772
                7           3      1320
                8           3      1366
               10           2      1429
               20           2      1670
               30           0      1732
               50           0      1732
              100           0      1732
              150           0      1732
              200           0      1732

sub-010316 ep05
 min_cluster_size  n_clusters   n_noise
                3           3       184
                5           5      1167
                7           2      1646
                8           2      1660
               10           2      1618
               20           2      1677
               30           0      1752
               50           0      1752
              100           0      1752
              150           0      1752
              200           0      1752

sub-010316 ep06
 min_cluster_size  n_clusters   n_noise
                3           2       154
                5           2       205
                7           4      1012
                8           3      1047
               10           2      1028
               20           2      1080
               30           2      1108
               50           0      1189
              100           0      1189
              150           0      1189
              200           0      1189

sub-010317 ep00
 min_cluster_size  n_clusters   n_noise
                3           3       129
                5           2       205
                7           2      1175
                8           2      1221
               10           2      1246
               20           0      1354
               30           0      1354
               50           0      1354
              100           0      1354
              150           0      1354
              200           0      1354

sub-010317 ep01
 min_cluster_size  n_clusters   n_noise
                3           8       205
                5           2      1137
                7           4      1781
                8           3      1763
               10           2      1765
               20           2      1782
               30           0      1855
               50           0      1855
              100           0      1855
              150           0      1855
              200           0      1855

sub-010317 ep02
 min_cluster_size  n_clusters   n_noise
                3           3       248
                5           3      1115
                7           2      1234
                8           2      1228
               10           2      1187
               20           2      1226
               30           2      1205
               50           2      1226
              100           0      1334
              150           0      1334
              200           0      1334

sub-010317 ep03
 min_cluster_size  n_clusters   n_noise
                3           2       109
                5           2       953
                7           2      1058
                8           4      1136
               10           2      1129
               20           0      1354
               30           0      1354
               50           0      1354
              100           0      1354
              150           0      1354
              200           0      1354

sub-010317 ep04
 min_cluster_size  n_clusters   n_noise
                3           2       113
                5           5      1523
                7           3      1553
                8           2      1620
               10           2      1619
               20           2      1629
               30           2      1619
               50           2      1609
              100           0      1838
              150           0      1838
              200           0      1838

sub-010317 ep05
 min_cluster_size  n_clusters   n_noise
                3           3       181
                5           2      1013
                7           3      1224
                8           3      1174
               10           3      1213
               20           2      1203
               30           2      1191
               50           2      1217
              100           0      1404
              150           0      1404
              200           0      1404

sub-010317 ep06
 min_cluster_size  n_clusters   n_noise
                3           3        53
                5           5       960
                7           2      1037
                8           2      1024
               10           2      1010
               20           2      1050
               30           2      1060
               50           2      1017
              100           0      1226
              150           0      1226
              200           0      1226

sub-010318 ep00
 min_cluster_size  n_clusters   n_noise
                3           2       114
                5           4       655
                7           2       413
                8           2      1410
               10           2      1378
               20           0      1527
               30           0      1527
               50           0      1527
              100           0      1527
              150           0      1527
              200           0      1527

sub-010318 ep01
 min_cluster_size  n_clusters   n_noise
                3           2       124
                5           2      1009
                7           2      1079
                8           2      1347
               10           2      1346
               20           2      1405
               30           2      1417
               50           0      1503
              100           0      1503
              150           0      1503
              200           0      1503

sub-010318 ep02
 min_cluster_size  n_clusters   n_noise
                3           2        39
                5           2      1084
                7           2      1702
                8           2      1683
               10           2      1705
               20           2      1696
               30           2      1700
               50           0      1762
              100           0      1762
              150           0      1762
              200           0      1762

sub-010318 ep03
 min_cluster_size  n_clusters   n_noise
                3          14       303
                5           2      1279
                7           4      1685
                8           2      1656
               10           2      1673
               20           2      1676
               30           0      1752
               50           0      1752
              100           0      1752
              150           0      1752
              200           0      1752

sub-010318 ep04
 min_cluster_size  n_clusters   n_noise
                3           2        13
                5           9      1262
                7           3      1305
                8           3      1319
               10           2      1289
               20           2      1285
               30           2      1312
               50           0      1388
              100           0      1388
              150           0      1388
              200           0      1388

sub-010318 ep05
 min_cluster_size  n_clusters   n_noise
                3           3        80
                5           3      1218
                7           4      1442
                8           2      1381
               10           2      1424
               20           2      1458
               30           0      1547
               50           0      1547
              100           0      1547
              150           0      1547
              200           0      1547

sub-010318 ep06
 min_cluster_size  n_clusters   n_noise
                3           7       157
                5           2       988
                7           2      1221
                8           2      1229
               10           2      1206
               20           2      1211
               30           2      1216
               50           0      1287
              100           0      1287
              150           0      1287
              200           0      1287

sub-010319 ep00
 min_cluster_size  n_clusters   n_noise
                3          11       477
                5           7      1039
                7           2      1100
                8           3      1106
               10           3      1143
               20           2      1204
               30           2      1188
               50           0      1295
              100           0      1295
              150           0      1295
              200           0      1295

sub-010319 ep01
 min_cluster_size  n_clusters   n_noise
                3           2       155
                5           2       698
                7           2       794
                8           3      1173
               10           2      1177
               20           2      1136
               30           2      1197
               50           2      1155
              100           0      1335
              150           0      1335
              200           0      1335

sub-010319 ep02
 min_cluster_size  n_clusters   n_noise
                3           2       183
                5           2       438
                7           2      1077
                8           3      1113
               10           2      1108
               20           2      1137
               30           2      1139
               50           0      1306
              100           0      1306
              150           0      1306
              200           0      1306

sub-010319 ep03
 min_cluster_size  n_clusters   n_noise
                3           2        57
                5           3       936
                7           4      1269
                8           3      1313
               10           3      1232
               20           2      1312
               30           2      1278
               50           0      1450
              100           0      1450
              150           0      1450
              200           0      1450

sub-010319 ep04
 min_cluster_size  n_clusters   n_noise
                3           4       296
                5           3      1185
                7           2      1356
                8           2      1365
               10           2      1380
               20           2      1401
               30           0      1470
               50           0      1470
              100           0      1470
              150           0      1470
              200           0      1470

sub-010319 ep05
 min_cluster_size  n_clusters   n_noise
                3           2        47
                5           2       672
                7           5      1229
                8           3      1209
               10           2      1192
               20           2      1248
               30           0      1338
               50           0      1338
              100           0      1338
              150           0      1338
              200           0      1338

sub-010319 ep06
 min_cluster_size  n_clusters   n_noise
                3           2        98
                5           2       671
                7           3      1179
                8           2      1193
               10           0      1224
               20           0      1224
               30           0      1224
               50           0      1224
              100           0      1224
              150           0      1224
              200           0      1224

sub-010321 ep00
 min_cluster_size  n_clusters   n_noise
                3           2        64
                5           6       913
                7           3       983
                8           2       971
               10           3       958
               20           2       923
               30           2      1003
               50           2       980
              100           0      1332
              150           0      1332
              200           0      1332

sub-010321 ep01
 min_cluster_size  n_clusters   n_noise
                3          33       767
                5           7       885
                7           2       747
                8           2       762
               10           2       827
               20           2       895
               30           2       794
               50           2       885
              100           2       912
              150           0      1323
              200           0      1323

sub-010321 ep02
 min_cluster_size  n_clusters   n_noise
                3           2        71
                5           4       601
                7           2       677
                8           2       636
               10           2       663
               20           2       706
               30           2       816
               50           2       856
              100           2       913
              150           0      1339
              200           0      1339

sub-010321 ep03
 min_cluster_size  n_clusters   n_noise
                3           6       208
                5           2       820
                7           2       843
                8           2       903
               10           2      1675
               20           0      1714
               30           0      1714
               50           0      1714
              100           0      1714
              150           0      1714
              200           0      1714

sub-010321 ep04
 min_cluster_size  n_clusters   n_noise
                3           3       170
                5           7      1131
                7           3      1025
                8           2       906
               10           2       930
               20           0      1390
               30           0      1390
               50           0      1390
              100           0      1390
              150           0      1390
              200           0      1390

sub-010321 ep05
 min_cluster_size  n_clusters   n_noise
                3           2        40
                5           2       250
                7           2       838
                8           2      1273
               10           2      1280
               20           0      1315
               30           0      1315
               50           0      1315
              100           0      1315
              150           0      1315
              200           0      1315

sub-010321 ep06
 min_cluster_size  n_clusters   n_noise
                3           2        73
                5           2       557
                7           2       971
                8           2      1195
               10           0      1237
               20           0      1237
               30           0      1237
               50           0      1237
              100           0      1237
              150           0      1237
              200           0      1237
