subject,epoch,min_cluster_size,n_clusters,n_noise
sub-010002,ep00,3,2,179
sub-010002,ep00,5,7,1530
sub-010002,ep00,7,4,1615
sub-010002,ep00,8,3,1623
sub-010002,ep00,10,2,1679
sub-010002,ep00,20,2,1656
sub-010002,ep00,30,0,1772
sub-010002,ep00,50,0,1772
sub-010002,ep00,100,0,1772
sub-010002,ep00,150,0,1772
sub-010002,ep00,200,0,1772
sub-010002,ep01,3,3,128
sub-010002,ep01,5,2,1555
sub-010002,ep01,7,2,1607
sub-010002,ep01,8,3,1669
sub-010002,ep01,10,3,1714
sub-010002,ep01,20,0,1767
sub-010002,ep01,30,0,1767
sub-010002,ep01,50,0,1767
sub-010002,ep01,100,0,1767
sub-010002,ep01,150,0,1767
sub-010002,ep01,200,0,1767
sub-010002,ep02,3,2,118
sub-010002,ep02,5,2,1325
sub-010002,ep02,7,2,1333
sub-010002,ep02,8,2,1647
sub-010002,ep02,10,2,1727
sub-010002,ep02,20,0,1787
sub-010002,ep02,30,0,1787
sub-010002,ep02,50,0,1787
sub-010002,ep02,100,0,1787
sub-010002,ep02,150,0,1787
sub-010002,ep02,200,0,1787
sub-010002,ep03,3,2,64
sub-010002,ep03,5,10,1677
sub-010002,ep03,7,6,1714
sub-010002,ep03,8,6,1723
sub-010002,ep03,10,2,1705
sub-010002,ep03,20,0,1815
sub-010002,ep03,30,0,1815
sub-010002,ep03,50,0,1815
sub-010002,ep03,100,0,1815
sub-010002,ep03,150,0,1815
sub-010002,ep03,200,0,1815
sub-010002,ep04,3,4,126
sub-010002,ep04,5,2,1377
sub-010002,ep04,7,2,1640
sub-010002,ep04,8,2,1664
sub-010002,ep04,10,2,1704
sub-010002,ep04,20,0,1780
sub-010002,ep04,30,0,1780
sub-010002,ep04,50,0,1780
sub-010002,ep04,100,0,1780
sub-010002,ep04,150,0,1780
sub-010002,ep04,200,0,1780
sub-010002,ep05,3,4,514
sub-010002,ep05,5,2,1171
sub-010002,ep05,7,2,1647
sub-010002,ep05,8,4,1684
sub-010002,ep05,10,2,1653
sub-010002,ep05,20,0,1755
sub-010002,ep05,30,0,1755
sub-010002,ep05,50,0,1755
sub-010002,ep05,100,0,1755
sub-010002,ep05,150,0,1755
sub-010002,ep05,200,0,1755
sub-010002,ep06,3,3,497
sub-010002,ep06,5,2,1471
sub-010002,ep06,7,2,1586
sub-010002,ep06,8,3,1601
sub-010002,ep06,10,3,1606
sub-010002,ep06,20,0,1657
sub-010002,ep06,30,0,1657
sub-010002,ep06,50,0,1657
sub-010002,ep06,100,0,1657
sub-010002,ep06,150,0,1657
sub-010002,ep06,200,0,1657
sub-010003,ep00,3,6,48
sub-010003,ep00,5,3,1093
sub-010003,ep00,7,2,1118
sub-010003,ep00,8,2,1115
sub-010003,ep00,10,2,1099
sub-010003,ep00,20,2,1096
sub-010003,ep00,30,2,1105
sub-010003,ep00,50,0,1247
sub-010003,ep00,100,0,1247
sub-010003,ep00,150,0,1247
sub-010003,ep00,200,0,1247
sub-010003,ep01,3,2,74
sub-010003,ep01,5,2,986
sub-010003,ep01,7,2,1095
sub-010003,ep01,8,2,1086
sub-010003,ep01,10,2,1081
sub-010003,ep01,20,2,1102
sub-010003,ep01,30,2,1099
sub-010003,ep01,50,2,1107
sub-010003,ep01,100,0,1241
sub-010003,ep01,150,0,1241
sub-010003,ep01,200,0,1241
sub-010003,ep02,3,4,298
sub-010003,ep02,5,3,998
sub-010003,ep02,7,2,1059
sub-010003,ep02,8,2,1076
sub-010003,ep02,10,2,1112
sub-010003,ep02,20,2,1071
sub-010003,ep02,30,2,1089
sub-010003,ep02,50,0,1241
sub-010003,ep02,100,0,1241
sub-010003,ep02,150,0,1241
sub-010003,ep02,200,0,1241
sub-010003,ep03,3,3,30
sub-010003,ep03,5,3,1065
sub-010003,ep03,7,2,1139
sub-010003,ep03,8,2,1130
sub-010003,ep03,10,2,1137
sub-010003,ep03,20,2,1154
sub-010003,ep03,30,0,1218
sub-010003,ep03,50,0,1218
sub-010003,ep03,100,0,1218
sub-010003,ep03,150,0,1218
sub-010003,ep03,200,0,1218
sub-010003,ep04,3,2,49
sub-010003,ep04,5,3,1112
sub-010003,ep04,7,2,1086
sub-010003,ep04,8,2,1097
sub-010003,ep04,10,2,1119
sub-010003,ep04,20,2,1120
sub-010003,ep04,30,2,1123
sub-010003,ep04,50,0,1236
sub-010003,ep04,100,0,1236
sub-010003,ep04,150,0,1236
sub-010003,ep04,200,0,1236
sub-010003,ep05,3,3,176
sub-010003,ep05,5,3,1022
sub-010003,ep05,7,2,1075
sub-010003,ep05,8,2,1094
sub-010003,ep05,10,2,1180
sub-010003,ep05,20,2,1183
sub-010003,ep05,30,2,1189
sub-010003,ep05,50,0,1288
sub-010003,ep05,100,0,1288
sub-010003,ep05,150,0,1288
sub-010003,ep05,200,0,1288
sub-010003,ep06,3,4,455
sub-010003,ep06,5,2,780
sub-010003,ep06,7,2,1038
sub-010003,ep06,8,3,1121
sub-010003,ep06,10,2,1121
sub-010003,ep06,20,2,1086
sub-010003,ep06,30,2,1074
sub-010003,ep06,50,0,1182
sub-010003,ep06,100,0,1182
sub-010003,ep06,150,0,1182
sub-010003,ep06,200,0,1182
sub-010004,ep00,3,2,377
sub-010004,ep00,5,2,1053
sub-010004,ep00,7,2,1481
sub-010004,ep00,8,3,1514
sub-010004,ep00,10,2,1510
sub-010004,ep00,20,0,1584
sub-010004,ep00,30,0,1584
sub-010004,ep00,50,0,1584
sub-010004,ep00,100,0,1584
sub-010004,ep00,150,0,1584
sub-010004,ep00,200,0,1584
sub-010004,ep01,3,4,228
sub-010004,ep01,5,2,593
sub-010004,ep01,7,2,1268
sub-010004,ep01,8,2,1288
sub-010004,ep01,10,2,1316
sub-010004,ep01,20,2,1344
sub-010004,ep01,30,2,1349
sub-010004,ep01,50,0,1424
sub-010004,ep01,100,0,1424
sub-010004,ep01,150,0,1424
sub-010004,ep01,200,0,1424
sub-010004,ep02,3,2,76
sub-010004,ep02,5,9,1246
sub-010004,ep02,7,2,1303
sub-010004,ep02,8,3,1333
sub-010004,ep02,10,2,1286
sub-010004,ep02,20,2,1347
sub-010004,ep02,30,0,1401
sub-010004,ep02,50,0,1401
sub-010004,ep02,100,0,1401
sub-010004,ep02,150,0,1401
sub-010004,ep02,200,0,1401
sub-010004,ep03,3,6,265
sub-010004,ep03,5,4,1163
sub-010004,ep03,7,3,1271
sub-010004,ep03,8,2,1259
sub-010004,ep03,10,2,1365
sub-010004,ep03,20,0,1414
sub-010004,ep03,30,0,1414
sub-010004,ep03,50,0,1414
sub-010004,ep03,100,0,1414
sub-010004,ep03,150,0,1414
sub-010004,ep03,200,0,1414
sub-010004,ep04,3,3,71
sub-010004,ep04,5,2,767
sub-010004,ep04,7,2,1363
sub-010004,ep04,8,2,1410
sub-010004,ep04,10,2,1429
sub-010004,ep04,20,0,1567
sub-010004,ep04,30,0,1567
sub-010004,ep04,50,0,1567
sub-010004,ep04,100,0,1567
sub-010004,ep04,150,0,1567
sub-010004,ep04,200,0,1567
sub-010004,ep05,3,2,34
sub-010004,ep05,5,2,1223
sub-010004,ep05,7,4,1373
sub-010004,ep05,8,2,1375
sub-010004,ep05,10,2,1387
sub-010004,ep05,20,0,1436
sub-010004,ep05,30,0,1436
sub-010004,ep05,50,0,1436
sub-010004,ep05,100,0,1436
sub-010004,ep05,150,0,1436
sub-010004,ep05,200,0,1436
sub-010004,ep06,3,3,40
sub-010004,ep06,5,5,1131
sub-010004,ep06,7,3,1155
sub-010004,ep06,8,3,1188
sub-010004,ep06,10,3,1225
sub-010004,ep06,20,2,1217
sub-010004,ep06,30,2,1206
sub-010004,ep06,50,0,1283
sub-010004,ep06,100,0,1283
sub-010004,ep06,150,0,1283
sub-010004,ep06,200,0,1283
sub-010005,ep00,3,2,52
sub-010005,ep00,5,3,853
sub-010005,ep00,7,3,879
sub-010005,ep00,8,2,893
sub-010005,ep00,10,2,898
sub-010005,ep00,20,2,982
sub-010005,ep00,30,2,945
sub-010005,ep00,50,2,1011
sub-010005,ep00,100,0,1228
sub-010005,ep00,150,0,1228
sub-010005,ep00,200,0,1228
sub-010005,ep01,3,3,378
sub-010005,ep01,5,4,1205
sub-010005,ep01,7,2,1243
sub-010005,ep01,8,2,1227
sub-010005,ep01,10,2,1283
sub-010005,ep01,20,2,1365
sub-010005,ep01,30,2,1335
sub-010005,ep01,50,2,1308
sub-010005,ep01,100,0,1462
sub-010005,ep01,150,0,1462
sub-010005,ep01,200,0,1462
sub-010005,ep02,3,4,205
sub-010005,ep02,5,4,1056
sub-010005,ep02,7,2,1147
sub-010005,ep02,8,2,1180
sub-010005,ep02,10,2,1214
sub-010005,ep02,20,2,1181
sub-010005,ep02,30,2,1204
sub-010005,ep02,50,0,1329
sub-010005,ep02,100,0,1329
sub-010005,ep02,150,0,1329
sub-010005,ep02,200,0,1329
sub-010005,ep03,3,6,252
sub-010005,ep03,5,2,709
sub-010005,ep03,7,2,1561
sub-010005,ep03,8,2,1583
sub-010005,ep03,10,2,1631
sub-010005,ep03,20,2,1654
sub-010005,ep03,30,2,1668
sub-010005,ep03,50,2,1699
sub-010005,ep03,100,0,1865
sub-010005,ep03,150,0,1865
sub-010005,ep03,200,0,1865
sub-010005,ep04,3,6,259
sub-010005,ep04,5,2,577
sub-010005,ep04,7,2,1238
sub-010005,ep04,8,2,1253
sub-010005,ep04,10,2,1168
sub-010005,ep04,20,2,1251
sub-010005,ep04,30,2,1259
sub-010005,ep04,50,0,1352
sub-010005,ep04,100,0,1352
sub-010005,ep04,150,0,1352
sub-010005,ep04,200,0,1352
sub-010005,ep05,3,2,192
sub-010005,ep05,5,2,903
sub-010005,ep05,7,3,1706
sub-010005,ep05,8,2,1690
sub-010005,ep05,10,2,1683
sub-010005,ep05,20,2,1743
sub-010005,ep05,30,2,1777
sub-010005,ep05,50,0,1879
sub-010005,ep05,100,0,1879
sub-010005,ep05,150,0,1879
sub-010005,ep05,200,0,1879
sub-010005,ep06,3,2,46
sub-010005,ep06,5,3,847
sub-010005,ep06,7,2,1051
sub-010005,ep06,8,2,1083
sub-010005,ep06,10,2,1078
sub-010005,ep06,20,2,1117
sub-010005,ep06,30,0,1188
sub-010005,ep06,50,0,1188
sub-010005,ep06,100,0,1188
sub-010005,ep06,150,0,1188
sub-010005,ep06,200,0,1188
sub-010006,ep00,3,3,90
sub-010006,ep00,5,3,769
sub-010006,ep00,7,4,1452
sub-010006,ep00,8,4,1449
sub-010006,ep00,10,0,1517
sub-010006,ep00,20,0,1517
sub-010006,ep00,30,0,1517
sub-010006,ep00,50,0,1517
sub-010006,ep00,100,0,1517
sub-010006,ep00,150,0,1517
sub-010006,ep00,200,0,1517
sub-010006,ep01,3,2,75
sub-010006,ep01,5,3,529
sub-010006,ep01,7,2,1394
sub-010006,ep01,8,2,1379
sub-010006,ep01,10,2,1384
sub-010006,ep01,20,0,1452
sub-010006,ep01,30,0,1452
sub-010006,ep01,50,0,1452
sub-010006,ep01,100,0,1452
sub-010006,ep01,150,0,1452
sub-010006,ep01,200,0,1452
sub-010006,ep02,3,7,215
sub-010006,ep02,5,2,1352
sub-010006,ep02,7,2,1367
sub-010006,ep02,8,2,1386
sub-010006,ep02,10,2,1410
sub-010006,ep02,20,0,1469
sub-010006,ep02,30,0,1469
sub-010006,ep02,50,0,1469
sub-010006,ep02,100,0,1469
sub-010006,ep02,150,0,1469
sub-010006,ep02,200,0,1469
sub-010006,ep03,3,2,150
sub-010006,ep03,5,3,641
sub-010006,ep03,7,5,1680
sub-010006,ep03,8,4,1674
sub-010006,ep03,10,2,1708
sub-010006,ep03,20,0,1764
sub-010006,ep03,30,0,1764
sub-010006,ep03,50,0,1764
sub-010006,ep03,100,0,1764
sub-010006,ep03,150,0,1764
sub-010006,ep03,200,0,1764
sub-010006,ep04,3,3,203
sub-010006,ep04,5,3,945
sub-010006,ep04,7,2,1308
sub-010006,ep04,8,2,1339
sub-010006,ep04,10,2,1405
sub-010006,ep04,20,0,1453
sub-010006,ep04,30,0,1453
sub-010006,ep04,50,0,1453
sub-010006,ep04,100,0,1453
sub-010006,ep04,150,0,1453
sub-010006,ep04,200,0,1453
sub-010006,ep05,3,2,39
sub-010006,ep05,5,2,552
sub-010006,ep05,7,2,1500
sub-010006,ep05,8,3,1532
sub-010006,ep05,10,2,1548
sub-010006,ep05,20,0,1575
sub-010006,ep05,30,0,1575
sub-010006,ep05,50,0,1575
sub-010006,ep05,100,0,1575
sub-010006,ep05,150,0,1575
sub-010006,ep05,200,0,1575
sub-010006,ep06,3,2,77
sub-010006,ep06,5,3,1098
sub-010006,ep06,7,4,1226
sub-010006,ep06,8,2,1218
sub-010006,ep06,10,2,1206
sub-010006,ep06,20,0,1290
sub-010006,ep06,30,0,1290
sub-010006,ep06,50,0,1290
sub-010006,ep06,100,0,1290
sub-010006,ep06,150,0,1290
sub-010006,ep06,200,0,1290
sub-010007,ep00,3,2,24
sub-010007,ep00,5,3,611
sub-010007,ep00,7,2,594
sub-010007,ep00,8,2,1410
sub-010007,ep00,10,2,1358
sub-010007,ep00,20,0,1548
sub-010007,ep00,30,0,1548
sub-010007,ep00,50,0,1548
sub-010007,ep00,100,0,1548
sub-010007,ep00,150,0,1548
sub-010007,ep00,200,0,1548
sub-010007,ep01,3,5,117
sub-010007,ep01,5,3,291
sub-010007,ep01,7,2,1213
sub-010007,ep01,8,2,1257
sub-010007,ep01,10,2,1272
sub-010007,ep01,20,2,1211
sub-010007,ep01,30,0,1504
sub-010007,ep01,50,0,1504
sub-010007,ep01,100,0,1504
sub-010007,ep01,150,0,1504
sub-010007,ep01,200,0,1504
sub-010007,ep02,3,2,18
sub-010007,ep02,5,2,184
sub-010007,ep02,7,3,1317
sub-010007,ep02,8,3,1273
sub-010007,ep02,10,3,1268
sub-010007,ep02,20,2,1263
sub-010007,ep02,30,2,1285
sub-010007,ep02,50,2,1293
sub-010007,ep02,100,0,1644
sub-010007,ep02,150,0,1644
sub-010007,ep02,200,0,1644
sub-010007,ep03,3,3,43
sub-010007,ep03,5,2,580
sub-010007,ep03,7,2,984
sub-010007,ep03,8,2,725
sub-010007,ep03,10,2,1445
sub-010007,ep03,20,0,1622
sub-010007,ep03,30,0,1622
sub-010007,ep03,50,0,1622
sub-010007,ep03,100,0,1622
sub-010007,ep03,150,0,1622
sub-010007,ep03,200,0,1622
sub-010007,ep04,3,3,27
sub-010007,ep04,5,8,1052
sub-010007,ep04,7,4,1099
sub-010007,ep04,8,4,1103
sub-010007,ep04,10,4,1169
sub-010007,ep04,20,2,1055
sub-010007,ep04,30,2,1031
sub-010007,ep04,50,0,1482
sub-010007,ep04,100,0,1482
sub-010007,ep04,150,0,1482
sub-010007,ep04,200,0,1482
sub-010007,ep05,3,91,1061
sub-010007,ep05,5,3,410
sub-010007,ep05,7,5,1169
sub-010007,ep05,8,3,1193
sub-010007,ep05,10,3,1212
sub-010007,ep05,20,2,1164
sub-010007,ep05,30,2,1147
sub-010007,ep05,50,0,1582
sub-010007,ep05,100,0,1582
sub-010007,ep05,150,0,1582
sub-010007,ep05,200,0,1582
sub-010007,ep06,3,6,141
sub-010007,ep06,5,2,631
sub-010007,ep06,7,5,915
sub-010007,ep06,8,3,923
sub-010007,ep06,10,2,945
sub-010007,ep06,20,2,975
sub-010007,ep06,30,2,959
sub-010007,ep06,50,2,943
sub-010007,ep06,100,0,1365
sub-010007,ep06,150,0,1365
sub-010007,ep06,200,0,1365
sub-010010,ep00,3,2,23
sub-010010,ep00,5,2,571
sub-010010,ep00,7,2,1249
sub-010010,ep00,8,2,1258
sub-010010,ep00,10,2,1317
sub-010010,ep00,20,0,1347
sub-010010,ep00,30,0,1347
sub-010010,ep00,50,0,1347
sub-010010,ep00,100,0,1347
sub-010010,ep00,150,0,1347
sub-010010,ep00,200,0,1347
sub-010010,ep01,3,4,163
sub-010010,ep01,5,6,1130
sub-010010,ep01,7,2,1203
sub-010010,ep01,8,2,1266
sub-010010,ep01,10,2,1286
sub-010010,ep01,20,0,1375
sub-010010,ep01,30,0,1375
sub-010010,ep01,50,0,1375
sub-010010,ep01,100,0,1375
sub-010010,ep01,150,0,1375
sub-010010,ep01,200,0,1375
sub-010010,ep02,3,3,108
sub-010010,ep02,5,3,1347
sub-010010,ep02,7,2,1395
sub-010010,ep02,8,2,1384
sub-010010,ep02,10,2,1370
sub-010010,ep02,20,0,1425
sub-010010,ep02,30,0,1425
sub-010010,ep02,50,0,1425
sub-010010,ep02,100,0,1425
sub-010010,ep02,150,0,1425
sub-010010,ep02,200,0,1425
sub-010010,ep03,3,9,227
sub-010010,ep03,5,2,572
sub-010010,ep03,7,5,1394
sub-010010,ep03,8,2,1402
sub-010010,ep03,10,2,1415
sub-010010,ep03,20,0,1476
sub-010010,ep03,30,0,1476
sub-010010,ep03,50,0,1476
sub-010010,ep03,100,0,1476
sub-010010,ep03,150,0,1476
sub-010010,ep03,200,0,1476
sub-010010,ep04,3,2,104
sub-010010,ep04,5,2,518
sub-010010,ep04,7,5,1146
sub-010010,ep04,8,2,1124
sub-010010,ep04,10,2,1136
sub-010010,ep04,20,2,1181
sub-010010,ep04,30,2,1216
sub-010010,ep04,50,2,1185
sub-010010,ep04,100,0,1359
sub-010010,ep04,150,0,1359
sub-010010,ep04,200,0,1359
sub-010010,ep05,3,2,144
sub-010010,ep05,5,2,497
sub-010010,ep05,7,3,1284
sub-010010,ep05,8,3,1306
sub-010010,ep05,10,2,1330
sub-010010,ep05,20,2,1355
sub-010010,ep05,30,0,1412
sub-010010,ep05,50,0,1412
sub-010010,ep05,100,0,1412
sub-010010,ep05,150,0,1412
sub-010010,ep05,200,0,1412
sub-010010,ep06,3,3,32
sub-010010,ep06,5,5,1089
sub-010010,ep06,7,4,1148
sub-010010,ep06,8,3,1139
sub-010010,ep06,10,2,1146
sub-010010,ep06,20,2,1187
sub-010010,ep06,30,0,1268
sub-010010,ep06,50,0,1268
sub-010010,ep06,100,0,1268
sub-010010,ep06,150,0,1268
sub-010010,ep06,200,0,1268
sub-010012,ep00,3,2,71
sub-010012,ep00,5,2,1022
sub-010012,ep00,7,2,1175
sub-010012,ep00,8,3,1308
sub-010012,ep00,10,2,1445
sub-010012,ep00,20,0,1596
sub-010012,ep00,30,0,1596
sub-010012,ep00,50,0,1596
sub-010012,ep00,100,0,1596
sub-010012,ep00,150,0,1596
sub-010012,ep00,200,0,1596
sub-010012,ep01,3,2,187
sub-010012,ep01,5,2,1024
sub-010012,ep01,7,2,1303
sub-010012,ep01,8,3,1346
sub-010012,ep01,10,2,1392
sub-010012,ep01,20,0,1873
sub-010012,ep01,30,0,1873
sub-010012,ep01,50,0,1873
sub-010012,ep01,100,0,1873
sub-010012,ep01,150,0,1873
sub-010012,ep01,200,0,1873
sub-010012,ep02,3,44,1006
sub-010012,ep02,5,4,1139
sub-010012,ep02,7,4,1227
sub-010012,ep02,8,4,1228
sub-010012,ep02,10,2,953
sub-010012,ep02,20,0,1667
sub-010012,ep02,30,0,1667
sub-010012,ep02,50,0,1667
sub-010012,ep02,100,0,1667
sub-010012,ep02,150,0,1667
sub-010012,ep02,200,0,1667
sub-010012,ep03,3,31,878
sub-010012,ep03,5,2,552
sub-010012,ep03,7,2,974
sub-010012,ep03,8,2,943
sub-010012,ep03,10,2,939
sub-010012,ep03,20,2,1424
sub-010012,ep03,30,2,1452
sub-010012,ep03,50,0,1611
sub-010012,ep03,100,0,1611
sub-010012,ep03,150,0,1611
sub-010012,ep03,200,0,1611
sub-010012,ep04,3,5,239
sub-010012,ep04,5,2,735
sub-010012,ep04,7,2,1027
sub-010012,ep04,8,2,1044
sub-010012,ep04,10,2,1341
sub-010012,ep04,20,0,1634
sub-010012,ep04,30,0,1634
sub-010012,ep04,50,0,1634
sub-010012,ep04,100,0,1634
sub-010012,ep04,150,0,1634
sub-010012,ep04,200,0,1634
sub-010012,ep05,3,3,234
sub-010012,ep05,5,3,1435
sub-010012,ep05,7,4,1483
sub-010012,ep05,8,3,1483
sub-010012,ep05,10,3,1491
sub-010012,ep05,20,2,1499
sub-010012,ep05,30,2,1496
sub-010012,ep05,50,0,1785
sub-010012,ep05,100,0,1785
sub-010012,ep05,150,0,1785
sub-010012,ep05,200,0,1785
sub-010012,ep06,3,2,136
sub-010012,ep06,5,7,1161
sub-010012,ep06,7,3,1125
sub-010012,ep06,8,3,1160
sub-010012,ep06,10,3,1169
sub-010012,ep06,20,2,1216
sub-010012,ep06,30,2,1194
sub-010012,ep06,50,2,1151
sub-010012,ep06,100,0,1465
sub-010012,ep06,150,0,1465
sub-010012,ep06,200,0,1465
sub-010016,ep00,3,2,125
sub-010016,ep00,5,2,1204
sub-010016,ep00,7,3,1369
sub-010016,ep00,8,2,1340
sub-010016,ep00,10,2,1281
sub-010016,ep00,20,2,1343
sub-010016,ep00,30,2,1359
sub-010016,ep00,50,0,1474
sub-010016,ep00,100,0,1474
sub-010016,ep00,150,0,1474
sub-010016,ep00,200,0,1474
sub-010016,ep01,3,3,24
sub-010016,ep01,5,3,1238
sub-010016,ep01,7,3,1371
sub-010016,ep01,8,2,1363
sub-010016,ep01,10,3,1339
sub-010016,ep01,20,2,1388
sub-010016,ep01,30,2,1414
sub-010016,ep01,50,0,1502
sub-010016,ep01,100,0,1502
sub-010016,ep01,150,0,1502
sub-010016,ep01,200,0,1502
sub-010016,ep02,3,3,55
sub-010016,ep02,5,2,1182
sub-010016,ep02,7,3,1390
sub-010016,ep02,8,3,1417
sub-010016,ep02,10,2,1418
sub-010016,ep02,20,2,1447
sub-010016,ep02,30,2,1451
sub-010016,ep02,50,0,1512
sub-010016,ep02,100,0,1512
sub-010016,ep02,150,0,1512
sub-010016,ep02,200,0,1512
sub-010016,ep03,3,5,661
sub-010016,ep03,5,3,1052
sub-010016,ep03,7,2,1216
sub-010016,ep03,8,2,1246
sub-010016,ep03,10,3,1347
sub-010016,ep03,20,2,1369
sub-010016,ep03,30,0,1442
sub-010016,ep03,50,0,1442
sub-010016,ep03,100,0,1442
sub-010016,ep03,150,0,1442
sub-010016,ep03,200,0,1442
sub-010016,ep04,3,3,55
sub-010016,ep04,5,2,1155
sub-010016,ep04,7,2,1150
sub-010016,ep04,8,2,1381
sub-010016,ep04,10,2,1389
sub-010016,ep04,20,2,1399
sub-010016,ep04,30,2,1395
sub-010016,ep04,50,0,1475
sub-010016,ep04,100,0,1475
sub-010016,ep04,150,0,1475
sub-010016,ep04,200,0,1475
sub-010016,ep05,3,4,91
sub-010016,ep05,5,2,1197
sub-010016,ep05,7,2,1303
sub-010016,ep05,8,2,1344
sub-010016,ep05,10,3,1376
sub-010016,ep05,20,2,1391
sub-010016,ep05,30,2,1426
sub-010016,ep05,50,0,1518
sub-010016,ep05,100,0,1518
sub-010016,ep05,150,0,1518
sub-010016,ep05,200,0,1518
sub-010016,ep06,3,2,29
sub-010016,ep06,5,2,948
sub-010016,ep06,7,2,1281
sub-010016,ep06,8,3,1295
sub-010016,ep06,10,2,1287
sub-010016,ep06,20,2,1339
sub-010016,ep06,30,0,1386
sub-010016,ep06,50,0,1386
sub-010016,ep06,100,0,1386
sub-010016,ep06,150,0,1386
sub-010016,ep06,200,0,1386
sub-010017,ep00,3,2,226
sub-010017,ep00,5,2,1136
sub-010017,ep00,7,2,1145
sub-010017,ep00,8,2,1192
sub-010017,ep00,10,2,1183
sub-010017,ep00,20,2,1261
sub-010017,ep00,30,0,1395
sub-010017,ep00,50,0,1395
sub-010017,ep00,100,0,1395
sub-010017,ep00,150,0,1395
sub-010017,ep00,200,0,1395
sub-010017,ep01,3,2,24
sub-010017,ep01,5,5,1199
sub-010017,ep01,7,5,1257
sub-010017,ep01,8,2,1255
sub-010017,ep01,10,2,1291
sub-010017,ep01,20,0,1409
sub-010017,ep01,30,0,1409
sub-010017,ep01,50,0,1409
sub-010017,ep01,100,0,1409
sub-010017,ep01,150,0,1409
sub-010017,ep01,200,0,1409
sub-010017,ep02,3,4,282
sub-010017,ep02,5,2,1039
sub-010017,ep02,7,3,1319
sub-010017,ep02,8,3,1329
sub-010017,ep02,10,2,1311
sub-010017,ep02,20,2,1334
sub-010017,ep02,30,0,1424
sub-010017,ep02,50,0,1424
sub-010017,ep02,100,0,1424
sub-010017,ep02,150,0,1424
sub-010017,ep02,200,0,1424
sub-010017,ep03,3,9,556
sub-010017,ep03,5,2,1120
sub-010017,ep03,7,2,1396
sub-010017,ep03,8,0,1433
sub-010017,ep03,10,2,1389
sub-010017,ep03,20,0,1433
sub-010017,ep03,30,0,1433
sub-010017,ep03,50,0,1433
sub-010017,ep03,100,0,1433
sub-010017,ep03,150,0,1433
sub-010017,ep03,200,0,1433
sub-010017,ep04,3,2,32
sub-010017,ep04,5,4,1239
sub-010017,ep04,7,2,1236
sub-010017,ep04,8,2,1424
sub-010017,ep04,10,2,1395
sub-010017,ep04,20,2,1508
sub-010017,ep04,30,0,1566
sub-010017,ep04,50,0,1566
sub-010017,ep04,100,0,1566
sub-010017,ep04,150,0,1566
sub-010017,ep04,200,0,1566
sub-010017,ep05,3,5,438
sub-010017,ep05,5,2,914
sub-010017,ep05,7,2,1193
sub-010017,ep05,8,2,1219
sub-010017,ep05,10,2,1283
sub-010017,ep05,20,2,1320
sub-010017,ep05,30,2,1345
sub-010017,ep05,50,0,1408
sub-010017,ep05,100,0,1408
sub-010017,ep05,150,0,1408
sub-010017,ep05,200,0,1408
sub-010017,ep06,3,2,267
sub-010017,ep06,5,5,1165
sub-010017,ep06,7,2,1209
sub-010017,ep06,8,2,1224
sub-010017,ep06,10,2,1240
sub-010017,ep06,20,0,1316
sub-010017,ep06,30,0,1316
sub-010017,ep06,50,0,1316
sub-010017,ep06,100,0,1316
sub-010017,ep06,150,0,1316
sub-010017,ep06,200,0,1316
sub-010019,ep00,3,3,330
sub-010019,ep00,5,2,792
sub-010019,ep00,7,2,1194
sub-010019,ep00,8,2,1207
sub-010019,ep00,10,2,1200
sub-010019,ep00,20,2,1252
sub-010019,ep00,30,2,1326
sub-010019,ep00,50,2,1264
sub-010019,ep00,100,0,1490
sub-010019,ep00,150,0,1490
sub-010019,ep00,200,0,1490
sub-010019,ep01,3,2,74
sub-010019,ep01,5,2,407
sub-010019,ep01,7,2,471
sub-010019,ep01,8,3,1296
sub-010019,ep01,10,2,1233
sub-010019,ep01,20,2,1339
sub-010019,ep01,30,2,1329
sub-010019,ep01,50,0,1482
sub-010019,ep01,100,0,1482
sub-010019,ep01,150,0,1482
sub-010019,ep01,200,0,1482
sub-010019,ep02,3,2,221
sub-010019,ep02,5,2,885
sub-010019,ep02,7,2,1309
sub-010019,ep02,8,3,1373
sub-010019,ep02,10,2,1368
sub-010019,ep02,20,2,1290
sub-010019,ep02,30,2,1269
sub-010019,ep02,50,2,1250
sub-010019,ep02,100,0,1483
sub-010019,ep02,150,0,1483
sub-010019,ep02,200,0,1483
sub-010019,ep03,3,2,178
sub-010019,ep03,5,3,987
sub-010019,ep03,7,2,1252
sub-010019,ep03,8,2,1263
sub-010019,ep03,10,2,1389
sub-010019,ep03,20,2,1393
sub-010019,ep03,30,0,1467
sub-010019,ep03,50,0,1467
sub-010019,ep03,100,0,1467
sub-010019,ep03,150,0,1467
sub-010019,ep03,200,0,1467
sub-010019,ep04,3,2,185
sub-010019,ep04,5,2,482
sub-010019,ep04,7,2,517
sub-010019,ep04,8,4,1289
sub-010019,ep04,10,2,1299
sub-010019,ep04,20,2,1342
sub-010019,ep04,30,0,1416
sub-010019,ep04,50,0,1416
sub-010019,ep04,100,0,1416
sub-010019,ep04,150,0,1416
sub-010019,ep04,200,0,1416
sub-010019,ep05,3,3,178
sub-010019,ep05,5,2,1275
sub-010019,ep05,7,5,2063
sub-010019,ep05,8,2,1975
sub-010019,ep05,10,2,1993
sub-010019,ep05,20,2,2101
sub-010019,ep05,30,2,2084
sub-010019,ep05,50,2,2094
sub-010019,ep05,100,0,2301
sub-010019,ep05,150,0,2301
sub-010019,ep05,200,0,2301
sub-010019,ep06,3,3,116
sub-010019,ep06,5,3,806
sub-010019,ep06,7,3,1064
sub-010019,ep06,8,3,1093
sub-010019,ep06,10,3,1106
sub-010019,ep06,20,2,1206
sub-010019,ep06,30,2,1171
sub-010019,ep06,50,2,1139
sub-010019,ep06,100,0,1342
sub-010019,ep06,150,0,1342
sub-010019,ep06,200,0,1342
sub-010020,ep00,3,3,187
sub-010020,ep00,5,7,1084
sub-010020,ep00,7,2,1002
sub-010020,ep00,8,3,1170
sub-010020,ep00,10,3,1141
sub-010020,ep00,20,2,1204
sub-010020,ep00,30,0,1285
sub-010020,ep00,50,0,1285
sub-010020,ep00,100,0,1285
sub-010020,ep00,150,0,1285
sub-010020,ep00,200,0,1285
sub-010020,ep01,3,2,175
sub-010020,ep01,5,5,1304
sub-010020,ep01,7,2,1283
sub-010020,ep01,8,2,1357
sub-010020,ep01,10,3,1571
sub-010020,ep01,20,2,1577
sub-010020,ep01,30,0,1670
sub-010020,ep01,50,0,1670
sub-010020,ep01,100,0,1670
sub-010020,ep01,150,0,1670
sub-010020,ep01,200,0,1670
sub-010020,ep02,3,2,35
sub-010020,ep02,5,2,1002
sub-010020,ep02,7,4,1209
sub-010020,ep02,8,2,1055
sub-010020,ep02,10,2,1224
sub-010020,ep02,20,0,1292
sub-010020,ep02,30,0,1292
sub-010020,ep02,50,0,1292
sub-010020,ep02,100,0,1292
sub-010020,ep02,150,0,1292
sub-010020,ep02,200,0,1292
sub-010020,ep03,3,2,68
sub-010020,ep03,5,6,1072
sub-010020,ep03,7,2,1118
sub-010020,ep03,8,2,1131
sub-010020,ep03,10,2,1152
sub-010020,ep03,20,0,1270
sub-010020,ep03,30,0,1270
sub-010020,ep03,50,0,1270
sub-010020,ep03,100,0,1270
sub-010020,ep03,150,0,1270
sub-010020,ep03,200,0,1270
sub-010020,ep04,3,2,85
sub-010020,ep04,5,2,551
sub-010020,ep04,7,2,1198
sub-010020,ep04,8,2,1170
sub-010020,ep04,10,2,1158
sub-010020,ep04,20,2,1199
sub-010020,ep04,30,2,1166
sub-010020,ep04,50,0,1261
sub-010020,ep04,100,0,1261
sub-010020,ep04,150,0,1261
sub-010020,ep04,200,0,1261
sub-010020,ep05,3,3,138
sub-010020,ep05,5,6,1100
sub-010020,ep05,7,5,1189
sub-010020,ep05,8,3,1147
sub-010020,ep05,10,3,1165
sub-010020,ep05,20,2,1114
sub-010020,ep05,30,2,1127
sub-010020,ep05,50,0,1301
sub-010020,ep05,100,0,1301
sub-010020,ep05,150,0,1301
sub-010020,ep05,200,0,1301
sub-010021,ep00,3,4,93
sub-010021,ep00,5,5,1103
sub-010021,ep00,7,2,1137
sub-010021,ep00,8,3,1207
sub-010021,ep00,10,2,1240
sub-010021,ep00,20,2,1246
sub-010021,ep00,30,0,1325
sub-010021,ep00,50,0,1325
sub-010021,ep00,100,0,1325
sub-010021,ep00,150,0,1325
sub-010021,ep00,200,0,1325
sub-010021,ep01,3,3,134
sub-010021,ep01,5,4,779
sub-010021,ep01,7,2,1019
sub-010021,ep01,8,2,968
sub-010021,ep01,10,2,982
sub-010021,ep01,20,2,1038
sub-010021,ep01,30,2,1079
sub-010021,ep01,50,2,1163
sub-010021,ep01,100,0,1337
sub-010021,ep01,150,0,1337
sub-010021,ep01,200,0,1337
sub-010021,ep02,3,2,177
sub-010021,ep02,5,2,528
sub-010021,ep02,7,2,1130
sub-010021,ep02,8,3,1199
sub-010021,ep02,10,2,1197
sub-010021,ep02,20,2,1247
sub-010021,ep02,30,2,1234
sub-010021,ep02,50,0,1312
sub-010021,ep02,100,0,1312
sub-010021,ep02,150,0,1312
sub-010021,ep02,200,0,1312
sub-010021,ep03,3,5,199
sub-010021,ep03,5,2,302
sub-010021,ep03,7,2,1165
sub-010021,ep03,8,2,1180
sub-010021,ep03,10,2,1197
sub-010021,ep03,20,2,1235
sub-010021,ep03,30,2,1214
sub-010021,ep03,50,0,1337
sub-010021,ep03,100,0,1337
sub-010021,ep03,150,0,1337
sub-010021,ep03,200,0,1337
sub-010021,ep04,3,2,182
sub-010021,ep04,5,2,1004
sub-010021,ep04,7,2,1296
sub-010021,ep04,8,2,1301
sub-010021,ep04,10,2,1301
sub-010021,ep04,20,0,1378
sub-010021,ep04,30,0,1378
sub-010021,ep04,50,0,1378
sub-010021,ep04,100,0,1378
sub-010021,ep04,150,0,1378
sub-010021,ep04,200,0,1378
sub-010021,ep05,3,2,86
sub-010021,ep05,5,2,1003
sub-010021,ep05,7,2,1038
sub-010021,ep05,8,3,1313
sub-010021,ep05,10,2,1305
sub-010021,ep05,20,0,1394
sub-010021,ep05,30,0,1394
sub-010021,ep05,50,0,1394
sub-010021,ep05,100,0,1394
sub-010021,ep05,150,0,1394
sub-010021,ep05,200,0,1394
sub-010021,ep06,3,3,167
sub-010021,ep06,5,2,1042
sub-010021,ep06,7,2,1215
sub-010021,ep06,8,2,1221
sub-010021,ep06,10,0,1282
sub-010021,ep06,20,0,1282
sub-010021,ep06,30,0,1282
sub-010021,ep06,50,0,1282
sub-010021,ep06,100,0,1282
sub-010021,ep06,150,0,1282
sub-010021,ep06,200,0,1282
sub-010022,ep00,3,2,158
sub-010022,ep00,5,2,719
sub-010022,ep00,7,3,1197
sub-010022,ep00,8,2,1178
sub-010022,ep00,10,2,1210
sub-010022,ep00,20,2,1268
sub-010022,ep00,30,0,1364
sub-010022,ep00,50,0,1364
sub-010022,ep00,100,0,1364
sub-010022,ep00,150,0,1364
sub-010022,ep00,200,0,1364
sub-010022,ep01,3,3,160
sub-010022,ep01,5,2,1061
sub-010022,ep01,7,2,1109
sub-010022,ep01,8,2,1135
sub-010022,ep01,10,2,1204
sub-010022,ep01,20,2,1207
sub-010022,ep01,30,2,1222
sub-010022,ep01,50,0,1298
sub-010022,ep01,100,0,1298
sub-010022,ep01,150,0,1298
sub-010022,ep01,200,0,1298
sub-010022,ep02,3,2,85
sub-010022,ep02,5,2,1091
sub-010022,ep02,7,2,1076
sub-010022,ep02,8,2,1111
sub-010022,ep02,10,2,1100
sub-010022,ep02,20,2,1214
sub-010022,ep02,30,2,1202
sub-010022,ep02,50,0,1286
sub-010022,ep02,100,0,1286
sub-010022,ep02,150,0,1286
sub-010022,ep02,200,0,1286
sub-010022,ep03,3,7,190
sub-010022,ep03,5,2,874
sub-010022,ep03,7,3,1150
sub-010022,ep03,8,2,1193
sub-010022,ep03,10,2,1224
sub-010022,ep03,20,2,1240
sub-010022,ep03,30,2,1254
sub-010022,ep03,50,0,1326
sub-010022,ep03,100,0,1326
sub-010022,ep03,150,0,1326
sub-010022,ep03,200,0,1326
sub-010022,ep04,3,3,268
sub-010022,ep04,5,2,708
sub-010022,ep04,7,3,1270
sub-010022,ep04,8,2,1269
sub-010022,ep04,10,2,1288
sub-010022,ep04,20,0,1328
sub-010022,ep04,30,0,1328
sub-010022,ep04,50,0,1328
sub-010022,ep04,100,0,1328
sub-010022,ep04,150,0,1328
sub-010022,ep04,200,0,1328
sub-010022,ep05,3,2,148
sub-010022,ep05,5,2,1049
sub-010022,ep05,7,2,1144
sub-010022,ep05,8,2,1225
sub-010022,ep05,10,0,1363
sub-010022,ep05,20,0,1363
sub-010022,ep05,30,0,1363
sub-010022,ep05,50,0,1363
sub-010022,ep05,100,0,1363
sub-010022,ep05,150,0,1363
sub-010022,ep05,200,0,1363
sub-010023,ep00,3,2,38
sub-010023,ep00,5,2,985
sub-010023,ep00,7,3,1240
sub-010023,ep00,8,4,1269
sub-010023,ep00,10,2,1286
sub-010023,ep00,20,2,1287
sub-010023,ep00,30,0,1351
sub-010023,ep00,50,0,1351
sub-010023,ep00,100,0,1351
sub-010023,ep00,150,0,1351
sub-010023,ep00,200,0,1351
sub-010023,ep01,3,3,13
sub-010023,ep01,5,2,879
sub-010023,ep01,7,3,1141
sub-010023,ep01,8,3,1177
sub-010023,ep01,10,2,1235
sub-010023,ep01,20,0,1332
sub-010023,ep01,30,0,1332
sub-010023,ep01,50,0,1332
sub-010023,ep01,100,0,1332
sub-010023,ep01,150,0,1332
sub-010023,ep01,200,0,1332
sub-010023,ep02,3,4,279
sub-010023,ep02,5,2,285
sub-010023,ep02,7,2,1202
sub-010023,ep02,8,2,1243
sub-010023,ep02,10,2,1308
sub-010023,ep02,20,0,1334
sub-010023,ep02,30,0,1334
sub-010023,ep02,50,0,1334
sub-010023,ep02,100,0,1334
sub-010023,ep02,150,0,1334
sub-010023,ep02,200,0,1334
sub-010023,ep03,3,3,78
sub-010023,ep03,5,2,1130
sub-010023,ep03,7,3,1218
sub-010023,ep03,8,3,1220
sub-010023,ep03,10,2,1259
sub-010023,ep03,20,0,1319
sub-010023,ep03,30,0,1319
sub-010023,ep03,50,0,1319
sub-010023,ep03,100,0,1319
sub-010023,ep03,150,0,1319
sub-010023,ep03,200,0,1319
sub-010023,ep04,3,5,275
sub-010023,ep04,5,2,571
sub-010023,ep04,7,2,1200
sub-010023,ep04,8,2,1198
sub-010023,ep04,10,2,1251
sub-010023,ep04,20,2,1285
sub-010023,ep04,30,2,1277
sub-010023,ep04,50,0,1413
sub-010023,ep04,100,0,1413
sub-010023,ep04,150,0,1413
sub-010023,ep04,200,0,1413
sub-010023,ep05,3,2,100
sub-010023,ep05,5,3,989
sub-010023,ep05,7,4,1247
sub-010023,ep05,8,2,1215
sub-010023,ep05,10,2,1225
sub-010023,ep05,20,0,1367
sub-010023,ep05,30,0,1367
sub-010023,ep05,50,0,1367
sub-010023,ep05,100,0,1367
sub-010023,ep05,150,0,1367
sub-010023,ep05,200,0,1367
sub-010023,ep06,3,4,118
sub-010023,ep06,5,2,859
sub-010023,ep06,7,2,1141
sub-010023,ep06,8,2,1122
sub-010023,ep06,10,2,1144
sub-010023,ep06,20,0,1236
sub-010023,ep06,30,0,1236
sub-010023,ep06,50,0,1236
sub-010023,ep06,100,0,1236
sub-010023,ep06,150,0,1236
sub-010023,ep06,200,0,1236
sub-010024,ep00,3,4,90
sub-010024,ep00,5,3,124
sub-010024,ep00,7,2,48
sub-010024,ep00,8,2,60
sub-010024,ep00,10,2,50
sub-010024,ep00,20,2,61
sub-010024,ep00,30,2,73
sub-010024,ep00,50,2,84
sub-010024,ep00,100,2,131
sub-010024,ep00,150,2,134
sub-010024,ep00,200,2,153
sub-010024,ep01,3,2,46
sub-010024,ep01,5,4,226
sub-010024,ep01,7,2,197
sub-010024,ep01,8,2,209
sub-010024,ep01,10,2,193
sub-010024,ep01,20,2,197
sub-010024,ep01,30,2,152
sub-010024,ep01,50,2,168
sub-010024,ep01,100,2,211
sub-010024,ep01,150,2,224
sub-010024,ep01,200,2,280
sub-010024,ep02,3,8,187
sub-010024,ep02,5,5,371
sub-010024,ep02,7,3,379
sub-010024,ep02,8,2,338
sub-010024,ep02,10,2,373
sub-010024,ep02,20,2,331
sub-010024,ep02,30,2,361
sub-010024,ep02,50,2,410
sub-010024,ep02,100,2,409
sub-010024,ep02,150,2,440
sub-010024,ep02,200,2,498
sub-010024,ep03,3,5,96
sub-010024,ep03,5,9,945
sub-010024,ep03,7,4,1050
sub-010024,ep03,8,3,953
sub-010024,ep03,10,3,1032
sub-010024,ep03,20,2,1008
sub-010024,ep03,30,2,1017
sub-010024,ep03,50,2,907
sub-010024,ep03,100,0,1244
sub-010024,ep03,150,0,1244
sub-010024,ep03,200,0,1244
sub-010024,ep04,3,8,285
sub-010024,ep04,5,2,232
sub-010024,ep04,7,2,675
sub-010024,ep04,8,2,694
sub-010024,ep04,10,2,707
sub-010024,ep04,20,2,694
sub-010024,ep04,30,0,1325
sub-010024,ep04,50,0,1325
sub-010024,ep04,100,0,1325
sub-010024,ep04,150,0,1325
sub-010024,ep04,200,0,1325
sub-010024,ep05,3,2,87
sub-010024,ep05,5,2,342
sub-010024,ep05,7,2,585
sub-010024,ep05,8,2,614
sub-010024,ep05,10,2,604
sub-010024,ep05,20,2,641
sub-010024,ep05,30,0,1257
sub-010024,ep05,50,0,1257
sub-010024,ep05,100,0,1257
sub-010024,ep05,150,0,1257
sub-010024,ep05,200,0,1257
sub-010026,ep00,3,2,154
sub-010026,ep00,5,3,398
sub-010026,ep00,7,2,1251
sub-010026,ep00,8,2,1263
sub-010026,ep00,10,2,1261
sub-010026,ep00,20,0,1333
sub-010026,ep00,30,0,1333
sub-010026,ep00,50,0,1333
sub-010026,ep00,100,0,1333
sub-010026,ep00,150,0,1333
sub-010026,ep00,200,0,1333
sub-010026,ep01,3,8,317
sub-010026,ep01,5,3,833
sub-010026,ep01,7,2,667
sub-010026,ep01,8,2,724
sub-010026,ep01,10,2,745
sub-010026,ep01,20,2,1342
sub-010026,ep01,30,0,1428
sub-010026,ep01,50,0,1428
sub-010026,ep01,100,0,1428
sub-010026,ep01,150,0,1428
sub-010026,ep01,200,0,1428
sub-010026,ep02,3,2,132
sub-010026,ep02,5,8,1137
sub-010026,ep02,7,2,1019
sub-010026,ep02,8,2,1057
sub-010026,ep02,10,2,1657
sub-010026,ep02,20,2,1631
sub-010026,ep02,30,0,1685
sub-010026,ep02,50,0,1685
sub-010026,ep02,100,0,1685
sub-010026,ep02,150,0,1685
sub-010026,ep02,200,0,1685
sub-010026,ep03,3,2,148
sub-010026,ep03,5,4,800
sub-010026,ep03,7,3,647
sub-010026,ep03,8,2,634
sub-010026,ep03,10,2,1289
sub-010026,ep03,20,0,1340
sub-010026,ep03,30,0,1340
sub-010026,ep03,50,0,1340
sub-010026,ep03,100,0,1340
sub-010026,ep03,150,0,1340
sub-010026,ep03,200,0,1340
sub-010026,ep04,3,2,127
sub-010026,ep04,5,8,961
sub-010026,ep04,7,2,1004
sub-010026,ep04,8,2,1031
sub-010026,ep04,10,2,1067
sub-010026,ep04,20,0,1448
sub-010026,ep04,30,0,1448
sub-010026,ep04,50,0,1448
sub-010026,ep04,100,0,1448
sub-010026,ep04,150,0,1448
sub-010026,ep04,200,0,1448
sub-010026,ep05,3,3,91
sub-010026,ep05,5,2,709
sub-010026,ep05,7,3,1193
sub-010026,ep05,8,2,1196
sub-010026,ep05,10,2,1214
sub-010026,ep05,20,2,1206
sub-010026,ep05,30,0,1335
sub-010026,ep05,50,0,1335
sub-010026,ep05,100,0,1335
sub-010026,ep05,150,0,1335
sub-010026,ep05,200,0,1335
sub-010026,ep06,3,3,245
sub-010026,ep06,5,2,335
sub-010026,ep06,7,3,826
sub-010026,ep06,8,2,721
sub-010026,ep06,10,2,727
sub-010026,ep06,20,2,853
sub-010026,ep06,30,2,789
sub-010026,ep06,50,2,721
sub-010026,ep06,100,2,776
sub-010026,ep06,150,0,1199
sub-010026,ep06,200,0,1199
sub-010027,ep00,3,2,49
sub-010027,ep00,5,2,857
sub-010027,ep00,7,3,1045
sub-010027,ep00,8,2,1066
sub-010027,ep00,10,2,1119
sub-010027,ep00,20,2,1127
sub-010027,ep00,30,2,1132
sub-010027,ep00,50,0,1255
sub-010027,ep00,100,0,1255
sub-010027,ep00,150,0,1255
sub-010027,ep00,200,0,1255
sub-010027,ep01,3,5,447
sub-010027,ep01,5,5,918
sub-010027,ep01,7,3,990
sub-010027,ep01,8,2,974
sub-010027,ep01,10,2,990
sub-010027,ep01,20,2,975
sub-010027,ep01,30,2,956
sub-010027,ep01,50,2,988
sub-010027,ep01,100,0,1233
sub-010027,ep01,150,0,1233
sub-010027,ep01,200,0,1233
sub-010027,ep02,3,2,123
sub-010027,ep02,5,2,935
sub-010027,ep02,7,2,1030
sub-010027,ep02,8,2,1065
sub-010027,ep02,10,2,1128
sub-010027,ep02,20,2,1178
sub-010027,ep02,30,0,1242
sub-010027,ep02,50,0,1242
sub-010027,ep02,100,0,1242
sub-010027,ep02,150,0,1242
sub-010027,ep02,200,0,1242
sub-010027,ep03,3,8,468
sub-010027,ep03,5,2,698
sub-010027,ep03,7,3,1118
sub-010027,ep03,8,2,1146
sub-010027,ep03,10,2,1127
sub-010027,ep03,20,2,1165
sub-010027,ep03,30,2,1137
sub-010027,ep03,50,0,1247
sub-010027,ep03,100,0,1247
sub-010027,ep03,150,0,1247
sub-010027,ep03,200,0,1247
sub-010027,ep04,3,2,76
sub-010027,ep04,5,2,779
sub-010027,ep04,7,2,879
sub-010027,ep04,8,2,922
sub-010027,ep04,10,2,890
sub-010027,ep04,20,2,954
sub-010027,ep04,30,2,1008
sub-010027,ep04,50,2,997
sub-010027,ep04,100,0,1257
sub-010027,ep04,150,0,1257
sub-010027,ep04,200,0,1257
sub-010027,ep05,3,2,151
sub-010027,ep05,5,5,1103
sub-010027,ep05,7,2,1121
sub-010027,ep05,8,2,1130
sub-010027,ep05,10,2,1087
sub-010027,ep05,20,2,1069
sub-010027,ep05,30,2,1075
sub-010027,ep05,50,0,1269
sub-010027,ep05,100,0,1269
sub-010027,ep05,150,0,1269
sub-010027,ep05,200,0,1269
sub-010027,ep06,3,2,75
sub-010027,ep06,5,5,838
sub-010027,ep06,7,2,667
sub-010027,ep06,8,2,724
sub-010027,ep06,10,2,797
sub-010027,ep06,20,2,850
sub-010027,ep06,30,2,855
sub-010027,ep06,50,2,894
sub-010027,ep06,100,0,1130
sub-010027,ep06,150,0,1130
sub-010027,ep06,200,0,1130
sub-010028,ep00,3,16,557
sub-010028,ep00,5,3,1047
sub-010028,ep00,7,4,1268
sub-010028,ep00,8,3,1274
sub-010028,ep00,10,2,1242
sub-010028,ep00,20,2,1298
sub-010028,ep00,30,0,1366
sub-010028,ep00,50,0,1366
sub-010028,ep00,100,0,1366
sub-010028,ep00,150,0,1366
sub-010028,ep00,200,0,1366
sub-010028,ep01,3,4,92
sub-010028,ep01,5,4,819
sub-010028,ep01,7,5,1588
sub-010028,ep01,8,3,1589
sub-010028,ep01,10,2,1624
sub-010028,ep01,20,0,1723
sub-010028,ep01,30,0,1723
sub-010028,ep01,50,0,1723
sub-010028,ep01,100,0,1723
sub-010028,ep01,150,0,1723
sub-010028,ep01,200,0,1723
sub-010028,ep02,3,2,72
sub-010028,ep02,5,2,867
sub-010028,ep02,7,2,1202
sub-010028,ep02,8,4,1252
sub-010028,ep02,10,2,1311
sub-010028,ep02,20,0,1350
sub-010028,ep02,30,0,1350
sub-010028,ep02,50,0,1350
sub-010028,ep02,100,0,1350
sub-010028,ep02,150,0,1350
sub-010028,ep02,200,0,1350
sub-010028,ep03,3,2,25
sub-010028,ep03,5,7,1226
sub-010028,ep03,7,3,1263
sub-010028,ep03,8,2,1244
sub-010028,ep03,10,2,1266
sub-010028,ep03,20,2,1313
sub-010028,ep03,30,2,1299
sub-010028,ep03,50,0,1383
sub-010028,ep03,100,0,1383
sub-010028,ep03,150,0,1383
sub-010028,ep03,200,0,1383
sub-010028,ep04,3,5,184
sub-010028,ep04,5,2,385
sub-010028,ep04,7,2,1214
sub-010028,ep04,8,2,1228
sub-010028,ep04,10,0,1344
sub-010028,ep04,20,0,1344
sub-010028,ep04,30,0,1344
sub-010028,ep04,50,0,1344
sub-010028,ep04,100,0,1344
sub-010028,ep04,150,0,1344
sub-010028,ep04,200,0,1344
sub-010028,ep05,3,10,239
sub-010028,ep05,5,2,865
sub-010028,ep05,7,4,1278
sub-010028,ep05,8,4,1272
sub-010028,ep05,10,2,1277
sub-010028,ep05,20,2,1291
sub-010028,ep05,30,0,1341
sub-010028,ep05,50,0,1341
sub-010028,ep05,100,0,1341
sub-010028,ep05,150,0,1341
sub-010028,ep05,200,0,1341
sub-010028,ep06,3,4,148
sub-010028,ep06,5,2,301
sub-010028,ep06,7,3,1197
sub-010028,ep06,8,3,1170
sub-010028,ep06,10,2,1181
sub-010028,ep06,20,2,1199
sub-010028,ep06,30,0,1267
sub-010028,ep06,50,0,1267
sub-010028,ep06,100,0,1267
sub-010028,ep06,150,0,1267
sub-010028,ep06,200,0,1267
sub-010029,ep00,3,3,21
sub-010029,ep00,5,3,1007
sub-010029,ep00,7,2,994
sub-010029,ep00,8,2,1044
sub-010029,ep00,10,2,1052
sub-010029,ep00,20,2,1094
sub-010029,ep00,30,0,1342
sub-010029,ep00,50,2,1093
sub-010029,ep00,100,0,1342
sub-010029,ep00,150,0,1342
sub-010029,ep00,200,0,1342
sub-010029,ep01,3,2,21
sub-010029,ep01,5,2,800
sub-010029,ep01,7,2,1088
sub-010029,ep01,8,2,1120
sub-010029,ep01,10,2,1175
sub-010029,ep01,20,2,1230
sub-010029,ep01,30,2,1221
sub-010029,ep01,50,0,1413
sub-010029,ep01,100,0,1413
sub-010029,ep01,150,0,1413
sub-010029,ep01,200,0,1413
sub-010029,ep02,3,2,52
sub-010029,ep02,5,3,885
sub-010029,ep02,7,3,929
sub-010029,ep02,8,2,910
sub-010029,ep02,10,2,824
sub-010029,ep02,20,2,834
sub-010029,ep02,30,2,836
sub-010029,ep02,50,2,859
sub-010029,ep02,100,2,869
sub-010029,ep02,150,0,1352
sub-010029,ep02,200,0,1352
sub-010029,ep03,3,7,324
sub-010029,ep03,5,3,875
sub-010029,ep03,7,4,1051
sub-010029,ep03,8,4,1084
sub-010029,ep03,10,3,1092
sub-010029,ep03,20,2,1044
sub-010029,ep03,30,2,1072
sub-010029,ep03,50,0,1348
sub-010029,ep03,100,0,1348
sub-010029,ep03,150,0,1348
sub-010029,ep03,200,0,1348
sub-010029,ep04,3,2,75
sub-010029,ep04,5,8,770
sub-010029,ep04,7,5,851
sub-010029,ep04,8,3,866
sub-010029,ep04,10,2,924
sub-010029,ep04,20,2,943
sub-010029,ep04,30,2,1028
sub-010029,ep04,50,0,1330
sub-010029,ep04,100,0,1330
sub-010029,ep04,150,0,1330
sub-010029,ep04,200,0,1330
sub-010029,ep05,3,4,251
sub-010029,ep05,5,3,578
sub-010029,ep05,7,2,537
sub-010029,ep05,8,2,575
sub-010029,ep05,10,2,644
sub-010029,ep05,20,2,685
sub-010029,ep05,30,2,728
sub-010029,ep05,50,2,746
sub-010029,ep05,100,2,811
sub-010029,ep05,150,2,795
sub-010029,ep05,200,0,1281
sub-010029,ep06,3,3,145
sub-010029,ep06,5,3,582
sub-010029,ep06,7,3,718
sub-010029,ep06,8,2,720
sub-010029,ep06,10,2,725
sub-010029,ep06,20,2,718
sub-010029,ep06,30,2,737
sub-010029,ep06,50,2,831
sub-010029,ep06,100,0,1212
sub-010029,ep06,150,0,1212
sub-010029,ep06,200,0,1212
sub-010030,ep00,3,4,307
sub-010030,ep00,5,5,1070
sub-010030,ep00,7,4,1185
sub-010030,ep00,8,4,1094
sub-010030,ep00,10,2,1061
sub-010030,ep00,20,2,1077
sub-010030,ep00,30,2,1087
sub-010030,ep00,50,2,1107
sub-010030,ep00,100,0,1306
sub-010030,ep00,150,0,1306
sub-010030,ep00,200,0,1306
sub-010030,ep01,3,4,111
sub-010030,ep01,5,3,559
sub-010030,ep01,7,2,614
sub-010030,ep01,8,3,854
sub-010030,ep01,10,2,815
sub-010030,ep01,20,2,936
sub-010030,ep01,30,2,921
sub-010030,ep01,50,2,1028
sub-010030,ep01,100,0,1275
sub-010030,ep01,150,0,1275
sub-010030,ep01,200,0,1275
sub-010030,ep02,3,2,114
sub-010030,ep02,5,3,709
sub-010030,ep02,7,2,668
sub-010030,ep02,8,2,670
sub-010030,ep02,10,2,694
sub-010030,ep02,20,2,596
sub-010030,ep02,30,2,635
sub-010030,ep02,50,2,648
sub-010030,ep02,100,2,678
sub-010030,ep02,150,2,732
sub-010030,ep02,200,0,1288
sub-010030,ep03,3,3,222
sub-010030,ep03,5,2,470
sub-010030,ep03,7,4,958
sub-010030,ep03,8,2,896
sub-010030,ep03,10,2,954
sub-010030,ep03,20,2,998
sub-010030,ep03,30,2,1005
sub-010030,ep03,50,2,1054
sub-010030,ep03,100,0,1325
sub-010030,ep03,150,0,1325
sub-010030,ep03,200,0,1325
sub-010030,ep04,3,3,125
sub-010030,ep04,5,2,347
sub-010030,ep04,7,2,671
sub-010030,ep04,8,2,685
sub-010030,ep04,10,3,1134
sub-010030,ep04,20,2,1169
sub-010030,ep04,30,0,1303
sub-010030,ep04,50,0,1303
sub-010030,ep04,100,0,1303
sub-010030,ep04,150,0,1303
sub-010030,ep04,200,0,1303
sub-010030,ep05,3,2,124
sub-010030,ep05,5,10,1107
sub-010030,ep05,7,3,1096
sub-010030,ep05,8,2,1040
sub-010030,ep05,10,2,1122
sub-010030,ep05,20,2,1224
sub-010030,ep05,30,2,1124
sub-010030,ep05,50,2,1157
sub-010030,ep05,100,0,1425
sub-010030,ep05,150,0,1425
sub-010030,ep05,200,0,1425
sub-010030,ep06,3,5,107
sub-010030,ep06,5,2,134
sub-010030,ep06,7,2,888
sub-010030,ep06,8,2,954
sub-010030,ep06,10,3,1032
sub-010030,ep06,20,2,978
sub-010030,ep06,30,2,1032
sub-010030,ep06,50,2,1008
sub-010030,ep06,100,0,1226
sub-010030,ep06,150,0,1226
sub-010030,ep06,200,0,1226
sub-010031,ep00,3,3,134
sub-010031,ep00,5,9,1410
sub-010031,ep00,7,3,1407
sub-010031,ep00,8,2,1434
sub-010031,ep00,10,2,1434
sub-010031,ep00,20,2,1395
sub-010031,ep00,30,2,1416
sub-010031,ep00,50,0,1498
sub-010031,ep00,100,0,1498
sub-010031,ep00,150,0,1498
sub-010031,ep00,200,0,1498
sub-010031,ep01,3,2,47
sub-010031,ep01,5,2,1055
sub-010031,ep01,7,6,1398
sub-010031,ep01,8,2,1382
sub-010031,ep01,10,2,1403
sub-010031,ep01,20,0,1478
sub-010031,ep01,30,0,1478
sub-010031,ep01,50,0,1478
sub-010031,ep01,100,0,1478
sub-010031,ep01,150,0,1478
sub-010031,ep01,200,0,1478
sub-010031,ep02,3,3,100
sub-010031,ep02,5,3,969
sub-010031,ep02,7,4,1436
sub-010031,ep02,8,3,1421
sub-010031,ep02,10,2,1437
sub-010031,ep02,20,2,1452
sub-010031,ep02,30,2,1455
sub-010031,ep02,50,0,1531
sub-010031,ep02,100,0,1531
sub-010031,ep02,150,0,1531
sub-010031,ep02,200,0,1531
sub-010031,ep03,3,6,484
sub-010031,ep03,5,2,1245
sub-010031,ep03,7,3,1376
sub-010031,ep03,8,2,1396
sub-010031,ep03,10,2,1345
sub-010031,ep03,20,2,1392
sub-010031,ep03,30,0,1455
sub-010031,ep03,50,0,1455
sub-010031,ep03,100,0,1455
sub-010031,ep03,150,0,1455
sub-010031,ep03,200,0,1455
sub-010031,ep04,3,2,205
sub-010031,ep04,5,5,1376
sub-010031,ep04,7,2,1346
sub-010031,ep04,8,2,1341
sub-010031,ep04,10,0,1471
sub-010031,ep04,20,2,1414
sub-010031,ep04,30,0,1471
sub-010031,ep04,50,0,1471
sub-010031,ep04,100,0,1471
sub-010031,ep04,150,0,1471
sub-010031,ep04,200,0,1471
sub-010031,ep05,3,3,113
sub-010031,ep05,5,2,995
sub-010031,ep05,7,4,1362
sub-010031,ep05,8,3,1341
sub-010031,ep05,10,2,1359
sub-010031,ep05,20,2,1381
sub-010031,ep05,30,0,1466
sub-010031,ep05,50,0,1466
sub-010031,ep05,100,0,1466
sub-010031,ep05,150,0,1466
sub-010031,ep05,200,0,1466
sub-010031,ep06,3,2,55
sub-010031,ep06,5,2,1154
sub-010031,ep06,7,3,1242
sub-010031,ep06,8,2,1219
sub-010031,ep06,10,2,1270
sub-010031,ep06,20,0,1357
sub-010031,ep06,30,0,1357
sub-010031,ep06,50,0,1357
sub-010031,ep06,100,0,1357
sub-010031,ep06,150,0,1357
sub-010031,ep06,200,0,1357
sub-010032,ep00,3,2,125
sub-010032,ep00,5,2,713
sub-010032,ep00,7,2,1241
sub-010032,ep00,8,4,1295
sub-010032,ep00,10,2,1291
sub-010032,ep00,20,2,1339
sub-010032,ep00,30,2,1337
sub-010032,ep00,50,0,1445
sub-010032,ep00,100,0,1445
sub-010032,ep00,150,0,1445
sub-010032,ep00,200,0,1445
sub-010032,ep01,3,8,467
sub-010032,ep01,5,2,1177
sub-010032,ep01,7,2,1273
sub-010032,ep01,8,2,1339
sub-010032,ep01,10,2,1391
sub-010032,ep01,20,2,1419
sub-010032,ep01,30,2,1373
sub-010032,ep01,50,0,1475
sub-010032,ep01,100,0,1475
sub-010032,ep01,150,0,1475
sub-010032,ep01,200,0,1475
sub-010032,ep02,3,3,176
sub-010032,ep02,5,2,588
sub-010032,ep02,7,3,1292
sub-010032,ep02,8,4,1332
sub-010032,ep02,10,3,1387
sub-010032,ep02,20,0,1438
sub-010032,ep02,30,0,1438
sub-010032,ep02,50,0,1438
sub-010032,ep02,100,0,1438
sub-010032,ep02,150,0,1438
sub-010032,ep02,200,0,1438
sub-010032,ep03,3,2,183
sub-010032,ep03,5,2,1013
sub-010032,ep03,7,3,1323
sub-010032,ep03,8,4,1337
sub-010032,ep03,10,3,1339
sub-010032,ep03,20,0,1428
sub-010032,ep03,30,0,1428
sub-010032,ep03,50,0,1428
sub-010032,ep03,100,0,1428
sub-010032,ep03,150,0,1428
sub-010032,ep03,200,0,1428
sub-010032,ep04,3,3,202
sub-010032,ep04,5,5,1329
sub-010032,ep04,7,2,1365
sub-010032,ep04,8,2,1333
sub-010032,ep04,10,2,1344
sub-010032,ep04,20,0,1420
sub-010032,ep04,30,0,1420
sub-010032,ep04,50,0,1420
sub-010032,ep04,100,0,1420
sub-010032,ep04,150,0,1420
sub-010032,ep04,200,0,1420
sub-010032,ep05,3,4,359
sub-010032,ep05,5,2,1060
sub-010032,ep05,7,5,1338
sub-010032,ep05,8,2,1310
sub-010032,ep05,10,3,1362
sub-010032,ep05,20,0,1447
sub-010032,ep05,30,0,1447
sub-010032,ep05,50,0,1447
sub-010032,ep05,100,0,1447
sub-010032,ep05,150,0,1447
sub-010032,ep05,200,0,1447
sub-010032,ep06,3,5,194
sub-010032,ep06,5,2,60
sub-010032,ep06,7,2,1181
sub-010032,ep06,8,2,1207
sub-010032,ep06,10,3,1272
sub-010032,ep06,20,0,1354
sub-010032,ep06,30,0,1354
sub-010032,ep06,50,0,1354
sub-010032,ep06,100,0,1354
sub-010032,ep06,150,0,1354
sub-010032,ep06,200,0,1354
sub-010033,ep00,3,2,120
sub-010033,ep00,5,2,871
sub-010033,ep00,7,2,1282
sub-010033,ep00,8,2,1370
sub-010033,ep00,10,2,1397
sub-010033,ep00,20,0,1429
sub-010033,ep00,30,0,1429
sub-010033,ep00,50,0,1429
sub-010033,ep00,100,0,1429
sub-010033,ep00,150,0,1429
sub-010033,ep00,200,0,1429
sub-010033,ep01,3,16,517
sub-010033,ep01,5,4,1319
sub-010033,ep01,7,2,1267
sub-010033,ep01,8,2,1374
sub-010033,ep01,10,2,1359
sub-010033,ep01,20,0,1455
sub-010033,ep01,30,0,1455
sub-010033,ep01,50,0,1455
sub-010033,ep01,100,0,1455
sub-010033,ep01,150,0,1455
sub-010033,ep01,200,0,1455
sub-010033,ep02,3,3,162
sub-010033,ep02,5,2,1225
sub-010033,ep02,7,2,1233
sub-010033,ep02,8,2,1243
sub-010033,ep02,10,2,1228
sub-010033,ep02,20,2,1283
sub-010033,ep02,30,2,1308
sub-010033,ep02,50,0,1417
sub-010033,ep02,100,0,1417
sub-010033,ep02,150,0,1417
sub-010033,ep02,200,0,1417
sub-010033,ep03,3,2,262
sub-010033,ep03,5,2,1115
sub-010033,ep03,7,2,1228
sub-010033,ep03,8,2,1240
sub-010033,ep03,10,2,1280
sub-010033,ep03,20,2,1355
sub-010033,ep03,30,2,1332
sub-010033,ep03,50,2,1299
sub-010033,ep03,100,0,1408
sub-010033,ep03,150,0,1408
sub-010033,ep03,200,0,1408
sub-010033,ep04,3,2,396
sub-010033,ep04,5,2,1129
sub-010033,ep04,7,4,1392
sub-010033,ep04,8,2,1388
sub-010033,ep04,10,2,1388
sub-010033,ep04,20,2,1405
sub-010033,ep04,30,0,1461
sub-010033,ep04,50,0,1461
sub-010033,ep04,100,0,1461
sub-010033,ep04,150,0,1461
sub-010033,ep04,200,0,1461
sub-010033,ep05,3,4,415
sub-010033,ep05,5,2,825
sub-010033,ep05,7,3,1317
sub-010033,ep05,8,2,1345
sub-010033,ep05,10,2,1332
sub-010033,ep05,20,2,1428
sub-010033,ep05,30,0,1501
sub-010033,ep05,50,0,1501
sub-010033,ep05,100,0,1501
sub-010033,ep05,150,0,1501
sub-010033,ep05,200,0,1501
sub-010033,ep06,3,2,201
sub-010033,ep06,5,5,1222
sub-010033,ep06,7,2,1163
sub-010033,ep06,8,2,1154
sub-010033,ep06,10,2,1186
sub-010033,ep06,20,2,1197
sub-010033,ep06,30,0,1324
sub-010033,ep06,50,0,1324
sub-010033,ep06,100,0,1324
sub-010033,ep06,150,0,1324
sub-010033,ep06,200,0,1324
sub-010034,ep00,3,3,169
sub-010034,ep00,5,2,212
sub-010034,ep00,7,2,1459
sub-010034,ep00,8,2,1455
sub-010034,ep00,10,2,1418
sub-010034,ep00,20,2,1485
sub-010034,ep00,30,2,1543
sub-010034,ep00,50,0,1744
sub-010034,ep00,100,0,1744
sub-010034,ep00,150,0,1744
sub-010034,ep00,200,0,1744
sub-010034,ep01,3,2,58
sub-010034,ep01,5,2,1264
sub-010034,ep01,7,2,1477
sub-010034,ep01,8,2,1526
sub-010034,ep01,10,2,1531
sub-010034,ep01,20,2,1646
sub-010034,ep01,30,2,1675
sub-010034,ep01,50,0,1803
sub-010034,ep01,100,0,1803
sub-010034,ep01,150,0,1803
sub-010034,ep01,200,0,1803
sub-010034,ep02,3,2,332
sub-010034,ep02,5,2,1447
sub-010034,ep02,7,2,1597
sub-010034,ep02,8,2,1541
sub-010034,ep02,10,2,1535
sub-010034,ep02,20,2,1621
sub-010034,ep02,30,2,1713
sub-010034,ep02,50,2,1630
sub-010034,ep02,100,0,1874
sub-010034,ep02,150,0,1874
sub-010034,ep02,200,0,1874
sub-010034,ep03,3,2,56
sub-010034,ep03,5,2,1251
sub-010034,ep03,7,2,1804
sub-010034,ep03,8,2,1795
sub-010034,ep03,10,2,1878
sub-010034,ep03,20,2,1841
sub-010034,ep03,30,2,1843
sub-010034,ep03,50,2,1925
sub-010034,ep03,100,0,2070
sub-010034,ep03,150,0,2070
sub-010034,ep03,200,0,2070
sub-010034,ep04,3,4,257
sub-010034,ep04,5,5,1651
sub-010034,ep04,7,4,1683
sub-010034,ep04,8,2,1731
sub-010034,ep04,10,2,1723
sub-010034,ep04,20,2,1703
sub-010034,ep04,30,2,1711
sub-010034,ep04,50,0,1857
sub-010034,ep04,100,0,1857
sub-010034,ep04,150,0,1857
sub-010034,ep04,200,0,1857
sub-010034,ep05,3,3,345
sub-010034,ep05,5,3,1830
sub-010034,ep05,7,2,2066
sub-010034,ep05,8,2,2122
sub-010034,ep05,10,2,2056
sub-010034,ep05,20,2,2167
sub-010034,ep05,30,2,2149
sub-010034,ep05,50,2,2175
sub-010034,ep05,100,0,2381
sub-010034,ep05,150,0,2381
sub-010034,ep05,200,0,2381
sub-010034,ep06,3,2,43
sub-010034,ep06,5,2,1324
sub-010034,ep06,7,2,1331
sub-010034,ep06,8,2,1386
sub-010034,ep06,10,2,1390
sub-010034,ep06,20,2,1429
sub-010034,ep06,30,2,1466
sub-010034,ep06,50,0,1616
sub-010034,ep06,100,0,1616
sub-010034,ep06,150,0,1616
sub-010034,ep06,200,0,1616
sub-010035,ep00,3,3,156
sub-010035,ep00,5,2,831
sub-010035,ep00,7,2,1014
sub-010035,ep00,8,2,921
sub-010035,ep00,10,2,1011
sub-010035,ep00,20,2,1105
sub-010035,ep00,30,2,1075
sub-010035,ep00,50,2,1046
sub-010035,ep00,100,2,1047
sub-010035,ep00,150,0,1405
sub-010035,ep00,200,0,1405
sub-010035,ep01,3,4,167
sub-010035,ep01,5,4,849
sub-010035,ep01,7,2,954
sub-010035,ep01,8,2,956
sub-010035,ep01,10,2,868
sub-010035,ep01,20,2,728
sub-010035,ep01,30,2,805
sub-010035,ep01,50,2,713
sub-010035,ep01,100,2,777
sub-010035,ep01,150,2,774
sub-010035,ep01,200,2,792
sub-010035,ep02,3,2,95
sub-010035,ep02,5,7,1230
sub-010035,ep02,7,4,1221
sub-010035,ep02,8,2,1189
sub-010035,ep02,10,2,1219
sub-010035,ep02,20,2,1212
sub-010035,ep02,30,2,1153
sub-010035,ep02,50,2,1103
sub-010035,ep02,100,2,1133
sub-010035,ep02,150,2,1084
sub-010035,ep02,200,0,1493
sub-010035,ep03,3,2,197
sub-010035,ep03,5,3,686
sub-010035,ep03,7,2,774
sub-010035,ep03,8,2,728
sub-010035,ep03,10,2,784
sub-010035,ep03,20,2,995
sub-010035,ep03,30,2,965
sub-010035,ep03,50,2,876
sub-010035,ep03,100,2,1003
sub-010035,ep03,150,2,981
sub-010035,ep03,200,0,1435
sub-010035,ep04,3,2,170
sub-010035,ep04,5,4,501
sub-010035,ep04,7,4,1303
sub-010035,ep04,8,3,1285
sub-010035,ep04,10,2,1235
sub-010035,ep04,20,2,1268
sub-010035,ep04,30,2,1294
sub-010035,ep04,50,2,1306
sub-010035,ep04,100,0,1497
sub-010035,ep04,150,0,1497
sub-010035,ep04,200,0,1497
sub-010035,ep05,3,2,113
sub-010035,ep05,5,3,926
sub-010035,ep05,7,2,1003
sub-010035,ep05,8,2,1022
sub-010035,ep05,10,2,1074
sub-010035,ep05,20,2,1127
sub-010035,ep05,30,2,1091
sub-010035,ep05,50,2,1124
sub-010035,ep05,100,2,1119
sub-010035,ep05,150,0,1450
sub-010035,ep05,200,0,1450
sub-010035,ep06,3,4,186
sub-010035,ep06,5,2,408
sub-010035,ep06,7,2,1141
sub-010035,ep06,8,2,1141
sub-010035,ep06,10,2,1138
sub-010035,ep06,20,2,1104
sub-010035,ep06,30,2,1162
sub-010035,ep06,50,2,1118
sub-010035,ep06,100,0,1323
sub-010035,ep06,150,0,1323
sub-010035,ep06,200,0,1323
sub-010036,ep00,3,4,68
sub-010036,ep00,5,2,544
sub-010036,ep00,7,4,1708
sub-010036,ep00,8,3,1726
sub-010036,ep00,10,3,1752
sub-010036,ep00,20,0,1821
sub-010036,ep00,30,0,1821
sub-010036,ep00,50,0,1821
sub-010036,ep00,100,0,1821
sub-010036,ep00,150,0,1821
sub-010036,ep00,200,0,1821
sub-010036,ep01,3,2,60
sub-010036,ep01,5,2,1275
sub-010036,ep01,7,2,1362
sub-010036,ep01,8,2,1415
sub-010036,ep01,10,2,1488
sub-010036,ep01,20,2,1504
sub-010036,ep01,30,0,1580
sub-010036,ep01,50,0,1580
sub-010036,ep01,100,0,1580
sub-010036,ep01,150,0,1580
sub-010036,ep01,200,0,1580
sub-010036,ep02,3,2,22
sub-010036,ep02,5,2,1315
sub-010036,ep02,7,3,1517
sub-010036,ep02,8,2,1393
sub-010036,ep02,10,2,1543
sub-010036,ep02,20,0,1661
sub-010036,ep02,30,0,1661
sub-010036,ep02,50,0,1661
sub-010036,ep02,100,0,1661
sub-010036,ep02,150,0,1661
sub-010036,ep02,200,0,1661
sub-010036,ep03,3,2,23
sub-010036,ep03,5,2,1074
sub-010036,ep03,7,2,1477
sub-010036,ep03,8,2,1486
sub-010036,ep03,10,2,1479
sub-010036,ep03,20,2,1520
sub-010036,ep03,30,0,1586
sub-010036,ep03,50,0,1586
sub-010036,ep03,100,0,1586
sub-010036,ep03,150,0,1586
sub-010036,ep03,200,0,1586
sub-010036,ep04,3,2,200
sub-010036,ep04,5,10,1501
sub-010036,ep04,7,5,1556
sub-010036,ep04,8,4,1572
sub-010036,ep04,10,2,1512
sub-010036,ep04,20,2,1606
sub-010036,ep04,30,0,1684
sub-010036,ep04,50,0,1684
sub-010036,ep04,100,0,1684
sub-010036,ep04,150,0,1684
sub-010036,ep04,200,0,1684
sub-010036,ep05,3,2,105
sub-010036,ep05,5,2,1144
sub-010036,ep05,7,4,1445
sub-010036,ep05,8,3,1466
sub-010036,ep05,10,2,1475
sub-010036,ep05,20,0,1607
sub-010036,ep05,30,0,1607
sub-010036,ep05,50,0,1607
sub-010036,ep05,100,0,1607
sub-010036,ep05,150,0,1607
sub-010036,ep05,200,0,1607
sub-010036,ep06,3,2,330
sub-010036,ep06,5,14,1302
sub-010036,ep06,7,2,1156
sub-010036,ep06,8,3,1342
sub-010036,ep06,10,3,1352
sub-010036,ep06,20,2,1306
sub-010036,ep06,30,2,1373
sub-010036,ep06,50,0,1456
sub-010036,ep06,100,0,1456
sub-010036,ep06,150,0,1456
sub-010036,ep06,200,0,1456
sub-010037,ep00,3,2,169
sub-010037,ep00,5,4,1484
sub-010037,ep00,7,2,1450
sub-010037,ep00,8,2,1543
sub-010037,ep00,10,2,1503
sub-010037,ep00,20,0,1559
sub-010037,ep00,30,0,1559
sub-010037,ep00,50,0,1559
sub-010037,ep00,100,0,1559
sub-010037,ep00,150,0,1559
sub-010037,ep00,200,0,1559
sub-010037,ep01,3,2,166
sub-010037,ep01,5,4,1360
sub-010037,ep01,7,3,1399
sub-010037,ep01,8,3,1429
sub-010037,ep01,10,2,1470
sub-010037,ep01,20,0,1543
sub-010037,ep01,30,0,1543
sub-010037,ep01,50,0,1543
sub-010037,ep01,100,0,1543
sub-010037,ep01,150,0,1543
sub-010037,ep01,200,0,1543
sub-010037,ep02,3,2,179
sub-010037,ep02,5,3,1362
sub-010037,ep02,7,2,1466
sub-010037,ep02,8,2,1474
sub-010037,ep02,10,0,1517
sub-010037,ep02,20,0,1517
sub-010037,ep02,30,0,1517
sub-010037,ep02,50,0,1517
sub-010037,ep02,100,0,1517
sub-010037,ep02,150,0,1517
sub-010037,ep02,200,0,1517
sub-010037,ep03,3,3,66
sub-010037,ep03,5,2,1153
sub-010037,ep03,7,3,1461
sub-010037,ep03,8,3,1463
sub-010037,ep03,10,3,1479
sub-010037,ep03,20,2,1465
sub-010037,ep03,30,0,1534
sub-010037,ep03,50,0,1534
sub-010037,ep03,100,0,1534
sub-010037,ep03,150,0,1534
sub-010037,ep03,200,0,1534
sub-010037,ep04,3,3,48
sub-010037,ep04,5,2,955
sub-010037,ep04,7,3,1429
sub-010037,ep04,8,3,1438
sub-010037,ep04,10,2,1433
sub-010037,ep04,20,0,1501
sub-010037,ep04,30,0,1501
sub-010037,ep04,50,0,1501
sub-010037,ep04,100,0,1501
sub-010037,ep04,150,0,1501
sub-010037,ep04,200,0,1501
sub-010037,ep05,3,2,195
sub-010037,ep05,5,5,1297
sub-010037,ep05,7,3,1276
sub-010037,ep05,8,2,1313
sub-010037,ep05,10,2,1347
sub-010037,ep05,20,2,1319
sub-010037,ep05,30,0,1431
sub-010037,ep05,50,0,1431
sub-010037,ep05,100,0,1431
sub-010037,ep05,150,0,1431
sub-010037,ep05,200,0,1431
sub-010037,ep06,3,6,413
sub-010037,ep06,5,4,1177
sub-010037,ep06,7,2,1207
sub-010037,ep06,8,2,1223
sub-010037,ep06,10,2,1225
sub-010037,ep06,20,0,1360
sub-010037,ep06,30,0,1360
sub-010037,ep06,50,0,1360
sub-010037,ep06,100,0,1360
sub-010037,ep06,150,0,1360
sub-010037,ep06,200,0,1360
sub-010038,ep00,3,2,36
sub-010038,ep00,5,2,592
sub-010038,ep00,7,2,760
sub-010038,ep00,8,2,1162
sub-010038,ep00,10,2,1150
sub-010038,ep00,20,2,1177
sub-010038,ep00,30,2,1167
sub-010038,ep00,50,0,1383
sub-010038,ep00,100,0,1383
sub-010038,ep00,150,0,1383
sub-010038,ep00,200,0,1383
sub-010038,ep01,3,2,134
sub-010038,ep01,5,2,730
sub-010038,ep01,7,3,1025
sub-010038,ep01,8,2,992
sub-010038,ep01,10,2,1036
sub-010038,ep01,20,2,1006
sub-010038,ep01,30,2,1002
sub-010038,ep01,50,2,986
sub-010038,ep01,100,2,1020
sub-010038,ep01,150,0,1401
sub-010038,ep01,200,0,1401
sub-010038,ep02,3,2,32
sub-010038,ep02,5,2,1864
sub-010038,ep02,7,3,2440
sub-010038,ep02,8,2,2437
sub-010038,ep02,10,2,2507
sub-010038,ep02,20,2,2563
sub-010038,ep02,30,2,2543
sub-010038,ep02,50,0,2686
sub-010038,ep02,100,0,2686
sub-010038,ep02,150,0,2686
sub-010038,ep02,200,0,2686
sub-010038,ep03,3,2,35
sub-010038,ep03,5,3,693
sub-010038,ep03,7,3,1149
sub-010038,ep03,8,2,1166
sub-010038,ep03,10,2,1132
sub-010038,ep03,20,2,1191
sub-010038,ep03,30,2,1164
sub-010038,ep03,50,0,1308
sub-010038,ep03,100,0,1308
sub-010038,ep03,150,0,1308
sub-010038,ep03,200,0,1308
sub-010038,ep04,3,6,331
sub-010038,ep04,5,6,1174
sub-010038,ep04,7,2,1172
sub-010038,ep04,8,2,1174
sub-010038,ep04,10,2,1234
sub-010038,ep04,20,2,1219
sub-010038,ep04,30,2,1236
sub-010038,ep04,50,0,1316
sub-010038,ep04,100,0,1316
sub-010038,ep04,150,0,1316
sub-010038,ep04,200,0,1316
sub-010038,ep05,3,3,14
sub-010038,ep05,5,2,662
sub-010038,ep05,7,2,1175
sub-010038,ep05,8,2,1183
sub-010038,ep05,10,2,1220
sub-010038,ep05,20,2,1178
sub-010038,ep05,30,2,1133
sub-010038,ep05,50,2,1176
sub-010038,ep05,100,0,1315
sub-010038,ep05,150,0,1315
sub-010038,ep05,200,0,1315
sub-010038,ep06,3,2,51
sub-010038,ep06,5,2,266
sub-010038,ep06,7,2,1010
sub-010038,ep06,8,2,1015
sub-010038,ep06,10,2,1054
sub-010038,ep06,20,2,1053
sub-010038,ep06,30,2,1096
sub-010038,ep06,50,0,1195
sub-010038,ep06,100,0,1195
sub-010038,ep06,150,0,1195
sub-010038,ep06,200,0,1195
sub-010039,ep00,3,3,158
sub-010039,ep00,5,9,1431
sub-010039,ep00,7,7,1468
sub-010039,ep00,8,5,1521
sub-010039,ep00,10,3,1512
sub-010039,ep00,20,0,1605
sub-010039,ep00,30,0,1605
sub-010039,ep00,50,0,1605
sub-010039,ep00,100,0,1605
sub-010039,ep00,150,0,1605
sub-010039,ep00,200,0,1605
sub-010039,ep01,3,7,670
sub-010039,ep01,5,3,1245
sub-010039,ep01,7,4,1549
sub-010039,ep01,8,3,1599
sub-010039,ep01,10,3,1596
sub-010039,ep01,20,0,1665
sub-010039,ep01,30,0,1665
sub-010039,ep01,50,0,1665
sub-010039,ep01,100,0,1665
sub-010039,ep01,150,0,1665
sub-010039,ep01,200,0,1665
sub-010039,ep02,3,2,554
sub-010039,ep02,5,2,1060
sub-010039,ep02,7,3,1535
sub-010039,ep02,8,5,1545
sub-010039,ep02,10,2,1491
sub-010039,ep02,20,2,1565
sub-010039,ep02,30,0,1625
sub-010039,ep02,50,0,1625
sub-010039,ep02,100,0,1625
sub-010039,ep02,150,0,1625
sub-010039,ep02,200,0,1625
sub-010039,ep03,3,3,114
sub-010039,ep03,5,3,1305
sub-010039,ep03,7,2,1339
sub-010039,ep03,8,2,1455
sub-010039,ep03,10,2,1446
sub-010039,ep03,20,0,1572
sub-010039,ep03,30,0,1572
sub-010039,ep03,50,0,1572
sub-010039,ep03,100,0,1572
sub-010039,ep03,150,0,1572
sub-010039,ep03,200,0,1572
sub-010039,ep04,3,4,344
sub-010039,ep04,5,2,1330
sub-010039,ep04,7,2,1266
sub-010039,ep04,8,2,1429
sub-010039,ep04,10,2,1461
sub-010039,ep04,20,0,1532
sub-010039,ep04,30,0,1532
sub-010039,ep04,50,0,1532
sub-010039,ep04,100,0,1532
sub-010039,ep04,150,0,1532
sub-010039,ep04,200,0,1532
sub-010039,ep05,3,6,464
sub-010039,ep05,5,5,1459
sub-010039,ep05,7,2,1467
sub-010039,ep05,8,2,1490
sub-010039,ep05,10,3,1524
sub-010039,ep05,20,2,1550
sub-010039,ep05,30,0,1603
sub-010039,ep05,50,0,1603
sub-010039,ep05,100,0,1603
sub-010039,ep05,150,0,1603
sub-010039,ep05,200,0,1603
sub-010039,ep06,3,7,432
sub-010039,ep06,5,2,1086
sub-010039,ep06,7,2,1072
sub-010039,ep06,8,2,1122
sub-010039,ep06,10,3,1345
sub-010039,ep06,20,0,1423
sub-010039,ep06,30,0,1423
sub-010039,ep06,50,0,1423
sub-010039,ep06,100,0,1423
sub-010039,ep06,150,0,1423
sub-010039,ep06,200,0,1423
sub-010040,ep00,3,5,199
sub-010040,ep00,5,5,1066
sub-010040,ep00,7,2,1029
sub-010040,ep00,8,2,1027
sub-010040,ep00,10,2,1054
sub-010040,ep00,20,2,1135
sub-010040,ep00,30,2,1118
sub-010040,ep00,50,2,1165
sub-010040,ep00,100,0,1342
sub-010040,ep00,150,0,1342
sub-010040,ep00,200,0,1342
sub-010040,ep01,3,16,548
sub-010040,ep01,5,3,403
sub-010040,ep01,7,2,419
sub-010040,ep01,8,2,400
sub-010040,ep01,10,2,479
sub-010040,ep01,20,2,385
sub-010040,ep01,30,2,388
sub-010040,ep01,50,2,412
sub-010040,ep01,100,2,478
sub-010040,ep01,150,2,505
sub-010040,ep01,200,2,588
sub-010040,ep02,3,2,31
sub-010040,ep02,5,3,522
sub-010040,ep02,7,2,481
sub-010040,ep02,8,2,538
sub-010040,ep02,10,2,595
sub-010040,ep02,20,2,604
sub-010040,ep02,30,2,586
sub-010040,ep02,50,2,510
sub-010040,ep02,100,2,475
sub-010040,ep02,150,2,515
sub-010040,ep02,200,2,553
sub-010040,ep03,3,2,165
sub-010040,ep03,5,3,715
sub-010040,ep03,7,3,698
sub-010040,ep03,8,3,780
sub-010040,ep03,10,2,576
sub-010040,ep03,20,2,553
sub-010040,ep03,30,2,493
sub-010040,ep03,50,2,553
sub-010040,ep03,100,2,500
sub-010040,ep03,150,2,595
sub-010040,ep03,200,2,594
sub-010040,ep04,3,2,106
sub-010040,ep04,5,3,705
sub-010040,ep04,7,3,765
sub-010040,ep04,8,2,754
sub-010040,ep04,10,2,785
sub-010040,ep04,20,2,631
sub-010040,ep04,30,2,668
sub-010040,ep04,50,2,644
sub-010040,ep04,100,2,602
sub-010040,ep04,150,2,600
sub-010040,ep04,200,2,649
sub-010040,ep05,3,3,256
sub-010040,ep05,5,2,556
sub-010040,ep05,7,2,604
sub-010040,ep05,8,2,446
sub-010040,ep05,10,2,464
sub-010040,ep05,20,2,520
sub-010040,ep05,30,2,531
sub-010040,ep05,50,2,526
sub-010040,ep05,100,2,530
sub-010040,ep05,150,2,571
sub-010040,ep05,200,2,616
sub-010040,ep06,3,2,64
sub-010040,ep06,5,2,364
sub-010040,ep06,7,2,940
sub-010040,ep06,8,2,960
sub-010040,ep06,10,2,1039
sub-010040,ep06,20,2,929
sub-010040,ep06,30,2,844
sub-010040,ep06,50,2,859
sub-010040,ep06,100,2,773
sub-010040,ep06,150,2,714
sub-010040,ep06,200,0,1239
sub-010041,ep00,3,4,146
sub-010041,ep00,5,6,1492
sub-010041,ep00,7,3,1525
sub-010041,ep00,8,2,1550
sub-010041,ep00,10,2,1577
sub-010041,ep00,20,2,1574
sub-010041,ep00,30,0,1637
sub-010041,ep00,50,0,1637
sub-010041,ep00,100,0,1637
sub-010041,ep00,150,0,1637
sub-010041,ep00,200,0,1637
sub-010041,ep01,3,2,187
sub-010041,ep01,5,6,1568
sub-010041,ep01,7,2,1525
sub-010041,ep01,8,2,1541
sub-010041,ep01,10,2,1539
sub-010041,ep01,20,2,1550
sub-010041,ep01,30,0,1638
sub-010041,ep01,50,0,1638
sub-010041,ep01,100,0,1638
sub-010041,ep01,150,0,1638
sub-010041,ep01,200,0,1638
sub-010041,ep02,3,2,321
sub-010041,ep02,5,2,1561
sub-010041,ep02,7,4,1796
sub-010041,ep02,8,2,1790
sub-010041,ep02,10,2,1782
sub-010041,ep02,20,2,1793
sub-010041,ep02,30,2,1785
sub-010041,ep02,50,0,1855
sub-010041,ep02,100,0,1855
sub-010041,ep02,150,0,1855
sub-010041,ep02,200,0,1855
sub-010041,ep03,3,2,338
sub-010041,ep03,5,2,442
sub-010041,ep03,7,2,1485
sub-010041,ep03,8,3,1575
sub-010041,ep03,10,2,1587
sub-010041,ep03,20,0,1627
sub-010041,ep03,30,0,1627
sub-010041,ep03,50,0,1627
sub-010041,ep03,100,0,1627
sub-010041,ep03,150,0,1627
sub-010041,ep03,200,0,1627
sub-010041,ep04,3,2,88
sub-010041,ep04,5,6,1612
sub-010041,ep04,7,2,1614
sub-010041,ep04,8,2,1649
sub-010041,ep04,10,0,1745
sub-010041,ep04,20,0,1745
sub-010041,ep04,30,0,1745
sub-010041,ep04,50,0,1745
sub-010041,ep04,100,0,1745
sub-010041,ep04,150,0,1745
sub-010041,ep04,200,0,1745
sub-010041,ep05,3,5,292
sub-010041,ep05,5,2,679
sub-010041,ep05,7,2,1481
sub-010041,ep05,8,2,1504
sub-010041,ep05,10,2,1478
sub-010041,ep05,20,0,1542
sub-010041,ep05,30,0,1542
sub-010041,ep05,50,0,1542
sub-010041,ep05,100,0,1542
sub-010041,ep05,150,0,1542
sub-010041,ep05,200,0,1542
sub-010041,ep06,3,2,365
sub-010041,ep06,5,2,1333
sub-010041,ep06,7,2,1366
sub-010041,ep06,8,2,1382
sub-010041,ep06,10,2,1391
sub-010041,ep06,20,2,1416
sub-010041,ep06,30,0,1479
sub-010041,ep06,50,0,1479
sub-010041,ep06,100,0,1479
sub-010041,ep06,150,0,1479
sub-010041,ep06,200,0,1479
sub-010042,ep00,3,2,13
sub-010042,ep00,5,3,1398
sub-010042,ep00,7,2,1493
sub-010042,ep00,8,2,1548
sub-010042,ep00,10,2,1592
sub-010042,ep00,20,2,1435
sub-010042,ep00,30,2,1505
sub-010042,ep00,50,2,1534
sub-010042,ep00,100,0,1825
sub-010042,ep00,150,0,1825
sub-010042,ep00,200,0,1825
sub-010042,ep01,3,4,423
sub-010042,ep01,5,5,1558
sub-010042,ep01,7,2,1461
sub-010042,ep01,8,2,1430
sub-010042,ep01,10,2,1462
sub-010042,ep01,20,2,1542
sub-010042,ep01,30,2,1617
sub-010042,ep01,50,0,1732
sub-010042,ep01,100,0,1732
sub-010042,ep01,150,0,1732
sub-010042,ep01,200,0,1732
sub-010042,ep02,3,5,288
sub-010042,ep02,5,4,1178
sub-010042,ep02,7,2,1338
sub-010042,ep02,8,2,1365
sub-010042,ep02,10,2,1388
sub-010042,ep02,20,2,1437
sub-010042,ep02,30,0,1563
sub-010042,ep02,50,0,1563
sub-010042,ep02,100,0,1563
sub-010042,ep02,150,0,1563
sub-010042,ep02,200,0,1563
sub-010042,ep03,3,2,48
sub-010042,ep03,5,2,1062
sub-010042,ep03,7,2,1358
sub-010042,ep03,8,2,1327
sub-010042,ep03,10,2,1321
sub-010042,ep03,20,2,1392
sub-010042,ep03,30,2,1411
sub-010042,ep03,50,0,1496
sub-010042,ep03,100,0,1496
sub-010042,ep03,150,0,1496
sub-010042,ep03,200,0,1496
sub-010042,ep04,3,6,423
sub-010042,ep04,5,2,1309
sub-010042,ep04,7,4,1425
sub-010042,ep04,8,2,1444
sub-010042,ep04,10,2,1404
sub-010042,ep04,20,2,1386
sub-010042,ep04,30,2,1395
sub-010042,ep04,50,0,1541
sub-010042,ep04,100,0,1541
sub-010042,ep04,150,0,1541
sub-010042,ep04,200,0,1541
sub-010042,ep05,3,5,483
sub-010042,ep05,5,2,915
sub-010042,ep05,7,2,1688
sub-010042,ep05,8,2,1718
sub-010042,ep05,10,2,1703
sub-010042,ep05,20,2,1732
sub-010042,ep05,30,0,1816
sub-010042,ep05,50,0,1816
sub-010042,ep05,100,0,1816
sub-010042,ep05,150,0,1816
sub-010042,ep05,200,0,1816
sub-010042,ep06,3,2,483
sub-010042,ep06,5,5,1280
sub-010042,ep06,7,3,1302
sub-010042,ep06,8,2,1316
sub-010042,ep06,10,2,1340
sub-010042,ep06,20,0,1383
sub-010042,ep06,30,0,1383
sub-010042,ep06,50,0,1383
sub-010042,ep06,100,0,1383
sub-010042,ep06,150,0,1383
sub-010042,ep06,200,0,1383
sub-010044,ep00,3,2,284
sub-010044,ep00,5,4,1629
sub-010044,ep00,7,3,1636
sub-010044,ep00,8,2,1666
sub-010044,ep00,10,2,1657
sub-010044,ep00,20,2,1644
sub-010044,ep00,30,0,1723
sub-010044,ep00,50,0,1723
sub-010044,ep00,100,0,1723
sub-010044,ep00,150,0,1723
sub-010044,ep00,200,0,1723
sub-010044,ep01,3,3,560
sub-010044,ep01,5,3,1500
sub-010044,ep01,7,4,1681
sub-010044,ep01,8,2,1684
sub-010044,ep01,10,0,1765
sub-010044,ep01,20,0,1765
sub-010044,ep01,30,0,1765
sub-010044,ep01,50,0,1765
sub-010044,ep01,100,0,1765
sub-010044,ep01,150,0,1765
sub-010044,ep01,200,0,1765
sub-010044,ep02,3,4,201
sub-010044,ep02,5,5,1593
sub-010044,ep02,7,4,1610
sub-010044,ep02,8,2,1627
sub-010044,ep02,10,2,1580
sub-010044,ep02,20,2,1658
sub-010044,ep02,30,0,1733
sub-010044,ep02,50,0,1733
sub-010044,ep02,100,0,1733
sub-010044,ep02,150,0,1733
sub-010044,ep02,200,0,1733
sub-010044,ep03,3,2,161
sub-010044,ep03,5,2,1456
sub-010044,ep03,7,4,1687
sub-010044,ep03,8,2,1672
sub-010044,ep03,10,2,1687
sub-010044,ep03,20,0,1745
sub-010044,ep03,30,0,1745
sub-010044,ep03,50,0,1745
sub-010044,ep03,100,0,1745
sub-010044,ep03,150,0,1745
sub-010044,ep03,200,0,1745
sub-010044,ep04,3,2,106
sub-010044,ep04,5,2,1793
sub-010044,ep04,7,2,1849
sub-010044,ep04,8,2,1836
sub-010044,ep04,10,2,1894
sub-010044,ep04,20,0,1927
sub-010044,ep04,30,0,1927
sub-010044,ep04,50,0,1927
sub-010044,ep04,100,0,1927
sub-010044,ep04,150,0,1927
sub-010044,ep04,200,0,1927
sub-010044,ep05,3,3,635
sub-010044,ep05,5,3,1528
sub-010044,ep05,7,5,1664
sub-010044,ep05,8,3,1660
sub-010044,ep05,10,2,1670
sub-010044,ep05,20,0,1726
sub-010044,ep05,30,0,1726
sub-010044,ep05,50,0,1726
sub-010044,ep05,100,0,1726
sub-010044,ep05,150,0,1726
sub-010044,ep05,200,0,1726
sub-010044,ep06,3,3,478
sub-010044,ep06,5,5,1578
sub-010044,ep06,7,2,1561
sub-010044,ep06,8,4,1593
sub-010044,ep06,10,3,1601
sub-010044,ep06,20,0,1654
sub-010044,ep06,30,0,1654
sub-010044,ep06,50,0,1654
sub-010044,ep06,100,0,1654
sub-010044,ep06,150,0,1654
sub-010044,ep06,200,0,1654
sub-010045,ep00,3,2,39
sub-010045,ep00,5,2,401
sub-010045,ep00,7,2,348
sub-010045,ep00,8,2,352
sub-010045,ep00,10,3,1521
sub-010045,ep00,20,0,1646
sub-010045,ep00,30,0,1646
sub-010045,ep00,50,0,1646
sub-010045,ep00,100,0,1646
sub-010045,ep00,150,0,1646
sub-010045,ep00,200,0,1646
sub-010045,ep01,3,3,371
sub-010045,ep01,5,2,508
sub-010045,ep01,7,3,1484
sub-010045,ep01,8,3,1509
sub-010045,ep01,10,2,1513
sub-010045,ep01,20,2,1552
sub-010045,ep01,30,2,1541
sub-010045,ep01,50,0,1786
sub-010045,ep01,100,0,1786
sub-010045,ep01,150,0,1786
sub-010045,ep01,200,0,1786
sub-010045,ep02,3,3,252
sub-010045,ep02,5,2,868
sub-010045,ep02,7,2,1554
sub-010045,ep02,8,2,1548
sub-010045,ep02,10,2,1601
sub-010045,ep02,20,0,1671
sub-010045,ep02,30,0,1671
sub-010045,ep02,50,0,1671
sub-010045,ep02,100,0,1671
sub-010045,ep02,150,0,1671
sub-010045,ep02,200,0,1671
sub-010045,ep03,3,2,209
sub-010045,ep03,5,2,662
sub-010045,ep03,7,2,1084
sub-010045,ep03,8,3,1605
sub-010045,ep03,10,2,1617
sub-010045,ep03,20,0,1682
sub-010045,ep03,30,0,1682
sub-010045,ep03,50,0,1682
sub-010045,ep03,100,0,1682
sub-010045,ep03,150,0,1682
sub-010045,ep03,200,0,1682
sub-010045,ep04,3,2,276
sub-010045,ep04,5,2,990
sub-010045,ep04,7,4,1459
sub-010045,ep04,8,5,1431
sub-010045,ep04,10,2,1488
sub-010045,ep04,20,2,1532
sub-010045,ep04,30,0,1704
sub-010045,ep04,50,0,1704
sub-010045,ep04,100,0,1704
sub-010045,ep04,150,0,1704
sub-010045,ep04,200,0,1704
sub-010045,ep05,3,4,350
sub-010045,ep05,5,2,505
sub-010045,ep05,7,4,1593
sub-010045,ep05,8,4,1569
sub-010045,ep05,10,3,1634
sub-010045,ep05,20,2,1619
sub-010045,ep05,30,0,1869
sub-010045,ep05,50,0,1869
sub-010045,ep05,100,0,1869
sub-010045,ep05,150,0,1869
sub-010045,ep05,200,0,1869
sub-010045,ep06,3,2,41
sub-010045,ep06,5,3,1190
sub-010045,ep06,7,2,1217
sub-010045,ep06,8,2,1337
sub-010045,ep06,10,2,1312
sub-010045,ep06,20,2,1403
sub-010045,ep06,30,2,1398
sub-010045,ep06,50,0,1535
sub-010045,ep06,100,0,1535
sub-010045,ep06,150,0,1535
sub-010045,ep06,200,0,1535
sub-010046,ep00,3,3,530
sub-010046,ep00,5,2,1109
sub-010046,ep00,7,3,1426
sub-010046,ep00,8,2,1401
sub-010046,ep00,10,2,1401
sub-010046,ep00,20,2,1429
sub-010046,ep00,30,2,1445
sub-010046,ep00,50,2,1425
sub-010046,ep00,100,0,1551
sub-010046,ep00,150,0,1551
sub-010046,ep00,200,0,1551
sub-010046,ep01,3,4,286
sub-010046,ep01,5,2,980
sub-010046,ep01,7,4,1390
sub-010046,ep01,8,4,1411
sub-010046,ep01,10,3,1420
sub-010046,ep01,20,2,1448
sub-010046,ep01,30,2,1459
sub-010046,ep01,50,0,1541
sub-010046,ep01,100,0,1541
sub-010046,ep01,150,0,1541
sub-010046,ep01,200,0,1541
sub-010046,ep02,3,3,282
sub-010046,ep02,5,2,1235
sub-010046,ep02,7,2,1286
sub-010046,ep02,8,2,1481
sub-010046,ep02,10,2,1492
sub-010046,ep02,20,0,1537
sub-010046,ep02,30,0,1537
sub-010046,ep02,50,0,1537
sub-010046,ep02,100,0,1537
sub-010046,ep02,150,0,1537
sub-010046,ep02,200,0,1537
sub-010046,ep03,3,2,100
sub-010046,ep03,5,2,1232
sub-010046,ep03,7,2,1433
sub-010046,ep03,8,2,1466
sub-010046,ep03,10,2,1449
sub-010046,ep03,20,2,1500
sub-010046,ep03,30,0,1550
sub-010046,ep03,50,0,1550
sub-010046,ep03,100,0,1550
sub-010046,ep03,150,0,1550
sub-010046,ep03,200,0,1550
sub-010046,ep04,3,2,39
sub-010046,ep04,5,2,911
sub-010046,ep04,7,2,1218
sub-010046,ep04,8,2,1264
sub-010046,ep04,10,2,1255
sub-010046,ep04,20,2,1307
sub-010046,ep04,30,2,1294
sub-010046,ep04,50,0,1393
sub-010046,ep04,100,0,1393
sub-010046,ep04,150,0,1393
sub-010046,ep04,200,0,1393
sub-010046,ep05,3,4,349
sub-010046,ep05,5,2,1262
sub-010046,ep05,7,3,1402
sub-010046,ep05,8,2,1392
sub-010046,ep05,10,3,1410
sub-010046,ep05,20,2,1453
sub-010046,ep05,30,0,1515
sub-010046,ep05,50,0,1515
sub-010046,ep05,100,0,1515
sub-010046,ep05,150,0,1515
sub-010046,ep05,200,0,1515
sub-010046,ep06,3,5,341
sub-010046,ep06,5,8,1148
sub-010046,ep06,7,4,1179
sub-010046,ep06,8,3,1190
sub-010046,ep06,10,2,1213
sub-010046,ep06,20,2,1251
sub-010046,ep06,30,0,1306
sub-010046,ep06,50,0,1306
sub-010046,ep06,100,0,1306
sub-010046,ep06,150,0,1306
sub-010046,ep06,200,0,1306
sub-010047,ep00,3,3,219
sub-010047,ep00,5,2,825
sub-010047,ep00,7,2,809
sub-010047,ep00,8,2,821
sub-010047,ep00,10,2,792
sub-010047,ep00,20,2,778
sub-010047,ep00,30,2,781
sub-010047,ep00,50,2,861
sub-010047,ep00,100,2,835
sub-010047,ep00,150,2,877
sub-010047,ep00,200,0,1456
sub-010047,ep01,3,2,111
sub-010047,ep01,5,4,579
sub-010047,ep01,7,2,520
sub-010047,ep01,8,2,571
sub-010047,ep01,10,2,617
sub-010047,ep01,20,2,545
sub-010047,ep01,30,2,567
sub-010047,ep01,50,2,486
sub-010047,ep01,100,2,567
sub-010047,ep01,150,2,568
sub-010047,ep01,200,2,558
sub-010047,ep02,3,22,642
sub-010047,ep02,5,4,538
sub-010047,ep02,7,3,567
sub-010047,ep02,8,2,576
sub-010047,ep02,10,2,538
sub-010047,ep02,20,2,686
sub-010047,ep02,30,2,728
sub-010047,ep02,50,2,736
sub-010047,ep02,100,2,743
sub-010047,ep02,150,2,792
sub-010047,ep02,200,0,1446
sub-010047,ep03,3,2,65
sub-010047,ep03,5,4,764
sub-010047,ep03,7,2,778
sub-010047,ep03,8,2,804
sub-010047,ep03,10,2,775
sub-010047,ep03,20,2,740
sub-010047,ep03,30,2,787
sub-010047,ep03,50,2,752
sub-010047,ep03,100,2,737
sub-010047,ep03,150,2,732
sub-010047,ep03,200,2,729
sub-010047,ep04,3,8,335
sub-010047,ep04,5,2,550
sub-010047,ep04,7,2,1018
sub-010047,ep04,8,2,1055
sub-010047,ep04,10,2,1030
sub-010047,ep04,20,2,1132
sub-010047,ep04,30,2,988
sub-010047,ep04,50,2,978
sub-010047,ep04,100,2,980
sub-010047,ep04,150,0,1483
sub-010047,ep04,200,0,1483
sub-010047,ep05,3,2,238
sub-010047,ep05,5,7,975
sub-010047,ep05,7,3,877
sub-010047,ep05,8,2,893
sub-010047,ep05,10,2,933
sub-010047,ep05,20,2,944
sub-010047,ep05,30,2,901
sub-010047,ep05,50,2,935
sub-010047,ep05,100,2,1000
sub-010047,ep05,150,0,1405
sub-010047,ep05,200,0,1405
sub-010047,ep06,3,6,387
sub-010047,ep06,5,3,849
sub-010047,ep06,7,2,980
sub-010047,ep06,8,2,893
sub-010047,ep06,10,2,853
sub-010047,ep06,20,2,853
sub-010047,ep06,30,2,761
sub-010047,ep06,50,2,897
sub-010047,ep06,100,2,899
sub-010047,ep06,150,2,853
sub-010047,ep06,200,0,1387
sub-010048,ep00,3,2,169
sub-010048,ep00,5,3,1319
sub-010048,ep00,7,6,1636
sub-010048,ep00,8,3,1606
sub-010048,ep00,10,3,1615
sub-010048,ep00,20,2,1673
sub-010048,ep00,30,0,1746
sub-010048,ep00,50,0,1746
sub-010048,ep00,100,0,1746
sub-010048,ep00,150,0,1746
sub-010048,ep00,200,0,1746
sub-010048,ep01,3,7,894
sub-010048,ep01,5,10,1623
sub-010048,ep01,7,3,1676
sub-010048,ep01,8,2,1659
sub-010048,ep01,10,2,1641
sub-010048,ep01,20,0,1737
sub-010048,ep01,30,0,1737
sub-010048,ep01,50,0,1737
sub-010048,ep01,100,0,1737
sub-010048,ep01,150,0,1737
sub-010048,ep01,200,0,1737
sub-010048,ep02,3,3,482
sub-010048,ep02,5,2,743
sub-010048,ep02,7,2,1348
sub-010048,ep02,8,2,1376
sub-010048,ep02,10,2,1652
sub-010048,ep02,20,0,1788
sub-010048,ep02,30,0,1788
sub-010048,ep02,50,0,1788
sub-010048,ep02,100,0,1788
sub-010048,ep02,150,0,1788
sub-010048,ep02,200,0,1788
sub-010048,ep03,3,2,128
sub-010048,ep03,5,8,1683
sub-010048,ep03,7,5,1695
sub-010048,ep03,8,3,1697
sub-010048,ep03,10,2,1703
sub-010048,ep03,20,2,1723
sub-010048,ep03,30,2,1721
sub-010048,ep03,50,0,1796
sub-010048,ep03,100,0,1796
sub-010048,ep03,150,0,1796
sub-010048,ep03,200,0,1796
sub-010048,ep04,3,2,378
sub-010048,ep04,5,2,1406
sub-010048,ep04,7,2,1536
sub-010048,ep04,8,2,1565
sub-010048,ep04,10,2,1581
sub-010048,ep04,20,0,1660
sub-010048,ep04,30,0,1660
sub-010048,ep04,50,0,1660
sub-010048,ep04,100,0,1660
sub-010048,ep04,150,0,1660
sub-010048,ep04,200,0,1660
sub-010048,ep05,3,2,239
sub-010048,ep05,5,3,1462
sub-010048,ep05,7,3,1600
sub-010048,ep05,8,3,1600
sub-010048,ep05,10,3,1628
sub-010048,ep05,20,0,1710
sub-010048,ep05,30,0,1710
sub-010048,ep05,50,0,1710
sub-010048,ep05,100,0,1710
sub-010048,ep05,150,0,1710
sub-010048,ep05,200,0,1710
sub-010048,ep06,3,2,126
sub-010048,ep06,5,8,1413
sub-010048,ep06,7,4,1416
sub-010048,ep06,8,2,1390
sub-010048,ep06,10,3,1455
sub-010048,ep06,20,0,1496
sub-010048,ep06,30,0,1496
sub-010048,ep06,50,0,1496
sub-010048,ep06,100,0,1496
sub-010048,ep06,150,0,1496
sub-010048,ep06,200,0,1496
sub-010049,ep00,3,4,148
sub-010049,ep00,5,2,293
sub-010049,ep00,7,4,1365
sub-010049,ep00,8,3,1374
sub-010049,ep00,10,2,1368
sub-010049,ep00,20,0,1435
sub-010049,ep00,30,0,1435
sub-010049,ep00,50,0,1435
sub-010049,ep00,100,0,1435
sub-010049,ep00,150,0,1435
sub-010049,ep00,200,0,1435
sub-010049,ep01,3,2,99
sub-010049,ep01,5,2,380
sub-010049,ep01,7,4,1368
sub-010049,ep01,8,2,1355
sub-010049,ep01,10,3,1392
sub-010049,ep01,20,0,1448
sub-010049,ep01,30,0,1448
sub-010049,ep01,50,0,1448
sub-010049,ep01,100,0,1448
sub-010049,ep01,150,0,1448
sub-010049,ep01,200,0,1448
sub-010049,ep02,3,3,312
sub-010049,ep02,5,5,1278
sub-010049,ep02,7,2,1317
sub-010049,ep02,8,3,1384
sub-010049,ep02,10,2,1380
sub-010049,ep02,20,2,1399
sub-010049,ep02,30,0,1466
sub-010049,ep02,50,0,1466
sub-010049,ep02,100,0,1466
sub-010049,ep02,150,0,1466
sub-010049,ep02,200,0,1466
sub-010049,ep03,3,3,165
sub-010049,ep03,5,3,1319
sub-010049,ep03,7,2,1521
sub-010049,ep03,8,2,1528
sub-010049,ep03,10,3,1611
sub-010049,ep03,20,0,1653
sub-010049,ep03,30,0,1653
sub-010049,ep03,50,0,1653
sub-010049,ep03,100,0,1653
sub-010049,ep03,150,0,1653
sub-010049,ep03,200,0,1653
sub-010049,ep04,3,3,83
sub-010049,ep04,5,5,1400
sub-010049,ep04,7,4,1440
sub-010049,ep04,8,4,1459
sub-010049,ep04,10,2,1483
sub-010049,ep04,20,2,1479
sub-010049,ep04,30,0,1538
sub-010049,ep04,50,0,1538
sub-010049,ep04,100,0,1538
sub-010049,ep04,150,0,1538
sub-010049,ep04,200,0,1538
sub-010049,ep05,3,4,209
sub-010049,ep05,5,2,1226
sub-010049,ep05,7,5,1412
sub-010049,ep05,8,2,1391
sub-010049,ep05,10,3,1428
sub-010049,ep05,20,2,1423
sub-010049,ep05,30,0,1490
sub-010049,ep05,50,0,1490
sub-010049,ep05,100,0,1490
sub-010049,ep05,150,0,1490
sub-010049,ep05,200,0,1490
sub-010049,ep06,3,7,598
sub-010049,ep06,5,2,1064
sub-010049,ep06,7,2,1187
sub-010049,ep06,8,3,1384
sub-010049,ep06,10,2,1384
sub-010049,ep06,20,0,1443
sub-010049,ep06,30,0,1443
sub-010049,ep06,50,0,1443
sub-010049,ep06,100,0,1443
sub-010049,ep06,150,0,1443
sub-010049,ep06,200,0,1443
sub-010050,ep00,3,2,28
sub-010050,ep00,5,7,2205
sub-010050,ep00,7,2,2211
sub-010050,ep00,8,2,2200
sub-010050,ep00,10,2,2204
sub-010050,ep00,20,2,2231
sub-010050,ep00,30,2,2274
sub-010050,ep00,50,0,2380
sub-010050,ep00,100,0,2380
sub-010050,ep00,150,0,2380
sub-010050,ep00,200,0,2380
sub-010050,ep01,3,3,33
sub-010050,ep01,5,2,1210
sub-010050,ep01,7,2,1634
sub-010050,ep01,8,2,1656
sub-010050,ep01,10,2,1630
sub-010050,ep01,20,2,1649
sub-010050,ep01,30,2,1656
sub-010050,ep01,50,0,1738
sub-010050,ep01,100,0,1738
sub-010050,ep01,150,0,1738
sub-010050,ep01,200,0,1738
sub-010050,ep02,3,7,580
sub-010050,ep02,5,2,975
sub-010050,ep02,7,3,1729
sub-010050,ep02,8,2,1690
sub-010050,ep02,10,2,1661
sub-010050,ep02,20,2,1701
sub-010050,ep02,30,2,1724
sub-010050,ep02,50,0,1809
sub-010050,ep02,100,0,1809
sub-010050,ep02,150,0,1809
sub-010050,ep02,200,0,1809
sub-010050,ep03,3,5,125
sub-010050,ep03,5,2,565
sub-010050,ep03,7,2,518
sub-010050,ep03,8,2,523
sub-010050,ep03,10,3,1739
sub-010050,ep03,20,0,1808
sub-010050,ep03,30,0,1808
sub-010050,ep03,50,0,1808
sub-010050,ep03,100,0,1808
sub-010050,ep03,150,0,1808
sub-010050,ep03,200,0,1808
sub-010050,ep04,3,2,68
sub-010050,ep04,5,2,1423
sub-010050,ep04,7,2,1479
sub-010050,ep04,8,2,1496
sub-010050,ep04,10,2,1625
sub-010050,ep04,20,2,1609
sub-010050,ep04,30,2,1635
sub-010050,ep04,50,0,1716
sub-010050,ep04,100,0,1716
sub-010050,ep04,150,0,1716
sub-010050,ep04,200,0,1716
sub-010050,ep05,3,4,248
sub-010050,ep05,5,4,1525
sub-010050,ep05,7,2,1600
sub-010050,ep05,8,2,1639
sub-010050,ep05,10,0,1710
sub-010050,ep05,20,0,1710
sub-010050,ep05,30,0,1710
sub-010050,ep05,50,0,1710
sub-010050,ep05,100,0,1710
sub-010050,ep05,150,0,1710
sub-010050,ep05,200,0,1710
sub-010050,ep06,3,4,285
sub-010050,ep06,5,2,640
sub-010050,ep06,7,5,1429
sub-010050,ep06,8,5,1431
sub-010050,ep06,10,4,1486
sub-010050,ep06,20,2,1516
sub-010050,ep06,30,0,1597
sub-010050,ep06,50,0,1597
sub-010050,ep06,100,0,1597
sub-010050,ep06,150,0,1597
sub-010050,ep06,200,0,1597
sub-010051,ep00,3,4,170
sub-010051,ep00,5,2,42
sub-010051,ep00,7,2,786
sub-010051,ep00,8,2,1407
sub-010051,ep00,10,2,1425
sub-010051,ep00,20,2,1464
sub-010051,ep00,30,2,1410
sub-010051,ep00,50,0,1539
sub-010051,ep00,100,0,1539
sub-010051,ep00,150,0,1539
sub-010051,ep00,200,0,1539
sub-010051,ep01,3,2,7
sub-010051,ep01,5,7,1356
sub-010051,ep01,7,2,1380
sub-010051,ep01,8,2,1384
sub-010051,ep01,10,2,1401
sub-010051,ep01,20,2,1419
sub-010051,ep01,30,0,1495
sub-010051,ep01,50,0,1495
sub-010051,ep01,100,0,1495
sub-010051,ep01,150,0,1495
sub-010051,ep01,200,0,1495
sub-010051,ep02,3,2,21
sub-010051,ep02,5,2,485
sub-010051,ep02,7,2,584
sub-010051,ep02,8,3,1266
sub-010051,ep02,10,2,1262
sub-010051,ep02,20,2,1268
sub-010051,ep02,30,2,1275
sub-010051,ep02,50,0,1364
sub-010051,ep02,100,0,1364
sub-010051,ep02,150,0,1364
sub-010051,ep02,200,0,1364
sub-010051,ep03,3,7,199
sub-010051,ep03,5,3,219
sub-010051,ep03,7,3,718
sub-010051,ep03,8,2,733
sub-010051,ep03,10,2,1255
sub-010051,ep03,20,2,1247
sub-010051,ep03,30,2,1195
sub-010051,ep03,50,0,1369
sub-010051,ep03,100,0,1369
sub-010051,ep03,150,0,1369
sub-010051,ep03,200,0,1369
sub-010051,ep04,3,2,54
sub-010051,ep04,5,2,1301
sub-010051,ep04,7,2,1499
sub-010051,ep04,8,2,1533
sub-010051,ep04,10,2,1517
sub-010051,ep04,20,2,1482
sub-010051,ep04,30,2,1481
sub-010051,ep04,50,0,1613
sub-010051,ep04,100,0,1613
sub-010051,ep04,150,0,1613
sub-010051,ep04,200,0,1613
sub-010051,ep05,3,3,196
sub-010051,ep05,5,3,1184
sub-010051,ep05,7,2,1219
sub-010051,ep05,8,2,1186
sub-010051,ep05,10,2,1215
sub-010051,ep05,20,2,1264
sub-010051,ep05,30,2,1266
sub-010051,ep05,50,0,1356
sub-010051,ep05,100,0,1356
sub-010051,ep05,150,0,1356
sub-010051,ep05,200,0,1356
sub-010051,ep06,3,5,97
sub-010051,ep06,5,2,759
sub-010051,ep06,7,2,1051
sub-010051,ep06,8,2,1096
sub-010051,ep06,10,2,1088
sub-010051,ep06,20,2,1164
sub-010051,ep06,30,2,1123
sub-010051,ep06,50,0,1256
sub-010051,ep06,100,0,1256
sub-010051,ep06,150,0,1256
sub-010051,ep06,200,0,1256
sub-010052,ep00,3,2,98
sub-010052,ep00,5,5,1202
sub-010052,ep00,7,3,1238
sub-010052,ep00,8,4,1260
sub-010052,ep00,10,3,1279
sub-010052,ep00,20,2,1316
sub-010052,ep00,30,2,1283
sub-010052,ep00,50,0,1368
sub-010052,ep00,100,0,1368
sub-010052,ep00,150,0,1368
sub-010052,ep00,200,0,1368
sub-010052,ep01,3,3,58
sub-010052,ep01,5,2,1007
sub-010052,ep01,7,2,1168
sub-010052,ep01,8,2,1283
sub-010052,ep01,10,0,1378
sub-010052,ep01,20,0,1378
sub-010052,ep01,30,0,1378
sub-010052,ep01,50,0,1378
sub-010052,ep01,100,0,1378
sub-010052,ep01,150,0,1378
sub-010052,ep01,200,0,1378
sub-010052,ep02,3,4,332
sub-010052,ep02,5,10,1250
sub-010052,ep02,7,2,1247
sub-010052,ep02,8,3,1287
sub-010052,ep02,10,2,1304
sub-010052,ep02,20,0,1358
sub-010052,ep02,30,0,1358
sub-010052,ep02,50,0,1358
sub-010052,ep02,100,0,1358
sub-010052,ep02,150,0,1358
sub-010052,ep02,200,0,1358
sub-010052,ep03,3,8,652
sub-010052,ep03,5,2,1981
sub-010052,ep03,7,2,2377
sub-010052,ep03,8,2,2413
sub-010052,ep03,10,2,2490
sub-010052,ep03,20,2,2554
sub-010052,ep03,30,0,2643
sub-010052,ep03,50,0,2643
sub-010052,ep03,100,0,2643
sub-010052,ep03,150,0,2643
sub-010052,ep03,200,0,2643
sub-010052,ep04,3,2,41
sub-010052,ep04,5,12,1342
sub-010052,ep04,7,2,1181
sub-010052,ep04,8,2,1238
sub-010052,ep04,10,2,1364
sub-010052,ep04,20,2,1381
sub-010052,ep04,30,0,1477
sub-010052,ep04,50,0,1477
sub-010052,ep04,100,0,1477
sub-010052,ep04,150,0,1477
sub-010052,ep04,200,0,1477
sub-010052,ep05,3,2,248
sub-010052,ep05,5,2,1365
sub-010052,ep05,7,2,1949
sub-010052,ep05,8,5,2112
sub-010052,ep05,10,4,2199
sub-010052,ep05,20,0,2273
sub-010052,ep05,30,0,2273
sub-010052,ep05,50,0,2273
sub-010052,ep05,100,0,2273
sub-010052,ep05,150,0,2273
sub-010052,ep05,200,0,2273
sub-010052,ep06,3,2,107
sub-010052,ep06,5,2,641
sub-010052,ep06,7,2,918
sub-010052,ep06,8,2,965
sub-010052,ep06,10,2,1132
sub-010052,ep06,20,2,1165
sub-010052,ep06,30,0,1231
sub-010052,ep06,50,0,1231
sub-010052,ep06,100,0,1231
sub-010052,ep06,150,0,1231
sub-010052,ep06,200,0,1231
sub-010053,ep00,3,3,153
sub-010053,ep00,5,2,921
sub-010053,ep00,7,2,1340
sub-010053,ep00,8,2,1338
sub-010053,ep00,10,2,1366
sub-010053,ep00,20,2,1399
sub-010053,ep00,30,0,1441
sub-010053,ep00,50,0,1441
sub-010053,ep00,100,0,1441
sub-010053,ep00,150,0,1441
sub-010053,ep00,200,0,1441
sub-010053,ep01,3,2,167
sub-010053,ep01,5,2,1244
sub-010053,ep01,7,2,1400
sub-010053,ep01,8,2,1411
sub-010053,ep01,10,2,1419
sub-010053,ep01,20,2,1436
sub-010053,ep01,30,0,1508
sub-010053,ep01,50,0,1508
sub-010053,ep01,100,0,1508
sub-010053,ep01,150,0,1508
sub-010053,ep01,200,0,1508
sub-010053,ep02,3,2,62
sub-010053,ep02,5,2,1062
sub-010053,ep02,7,2,1325
sub-010053,ep02,8,2,1336
sub-010053,ep02,10,2,1359
sub-010053,ep02,20,2,1380
sub-010053,ep02,30,0,1475
sub-010053,ep02,50,0,1475
sub-010053,ep02,100,0,1475
sub-010053,ep02,150,0,1475
sub-010053,ep02,200,0,1475
sub-010053,ep03,3,3,139
sub-010053,ep03,5,3,1216
sub-010053,ep03,7,4,1382
sub-010053,ep03,8,4,1411
sub-010053,ep03,10,2,1394
sub-010053,ep03,20,2,1397
sub-010053,ep03,30,0,1467
sub-010053,ep03,50,0,1467
sub-010053,ep03,100,0,1467
sub-010053,ep03,150,0,1467
sub-010053,ep03,200,0,1467
sub-010053,ep04,3,2,87
sub-010053,ep04,5,7,1290
sub-010053,ep04,7,2,1297
sub-010053,ep04,8,2,1334
sub-010053,ep04,10,3,1396
sub-010053,ep04,20,2,1373
sub-010053,ep04,30,0,1452
sub-010053,ep04,50,0,1452
sub-010053,ep04,100,0,1452
sub-010053,ep04,150,0,1452
sub-010053,ep04,200,0,1452
sub-010053,ep05,3,2,154
sub-010053,ep05,5,2,1261
sub-010053,ep05,7,5,1400
sub-010053,ep05,8,2,1390
sub-010053,ep05,10,3,1431
sub-010053,ep05,20,2,1463
sub-010053,ep05,30,0,1519
sub-010053,ep05,50,0,1519
sub-010053,ep05,100,0,1519
sub-010053,ep05,150,0,1519
sub-010053,ep05,200,0,1519
sub-010053,ep06,3,2,41
sub-010053,ep06,5,4,1198
sub-010053,ep06,7,2,1273
sub-010053,ep06,8,2,1252
sub-010053,ep06,10,2,1276
sub-010053,ep06,20,2,1293
sub-010053,ep06,30,0,1362
sub-010053,ep06,50,0,1362
sub-010053,ep06,100,0,1362
sub-010053,ep06,150,0,1362
sub-010053,ep06,200,0,1362
sub-010056,ep00,3,2,122
sub-010056,ep00,5,5,1311
sub-010056,ep00,7,2,1323
sub-010056,ep00,8,2,1343
sub-010056,ep00,10,2,1347
sub-010056,ep00,20,0,1477
sub-010056,ep00,30,0,1477
sub-010056,ep00,50,0,1477
sub-010056,ep00,100,0,1477
sub-010056,ep00,150,0,1477
sub-010056,ep00,200,0,1477
sub-010056,ep01,3,2,45
sub-010056,ep01,5,8,1670
sub-010056,ep01,7,4,1696
sub-010056,ep01,8,3,1709
sub-010056,ep01,10,2,1726
sub-010056,ep01,20,2,1731
sub-010056,ep01,30,0,1817
sub-010056,ep01,50,0,1817
sub-010056,ep01,100,0,1817
sub-010056,ep01,150,0,1817
sub-010056,ep01,200,0,1817
sub-010056,ep02,3,3,204
sub-010056,ep02,5,6,1514
sub-010056,ep02,7,5,1579
sub-010056,ep02,8,3,1601
sub-010056,ep02,10,3,1599
sub-010056,ep02,20,0,1748
sub-010056,ep02,30,0,1748
sub-010056,ep02,50,0,1748
sub-010056,ep02,100,0,1748
sub-010056,ep02,150,0,1748
sub-010056,ep02,200,0,1748
sub-010056,ep03,3,2,72
sub-010056,ep03,5,2,806
sub-010056,ep03,7,2,1257
sub-010056,ep03,8,2,1345
sub-010056,ep03,10,2,1347
sub-010056,ep03,20,0,1452
sub-010056,ep03,30,0,1452
sub-010056,ep03,50,0,1452
sub-010056,ep03,100,0,1452
sub-010056,ep03,150,0,1452
sub-010056,ep03,200,0,1452
sub-010056,ep04,3,2,90
sub-010056,ep04,5,2,1019
sub-010056,ep04,7,3,1526
sub-010056,ep04,8,3,1526
sub-010056,ep04,10,4,1531
sub-010056,ep04,20,0,1636
sub-010056,ep04,30,0,1636
sub-010056,ep04,50,0,1636
sub-010056,ep04,100,0,1636
sub-010056,ep04,150,0,1636
sub-010056,ep04,200,0,1636
sub-010056,ep05,3,2,106
sub-010056,ep05,5,2,1267
sub-010056,ep05,7,2,1309
sub-010056,ep05,8,2,1351
sub-010056,ep05,10,2,1321
sub-010056,ep05,20,2,1338
sub-010056,ep05,30,0,1439
sub-010056,ep05,50,0,1439
sub-010056,ep05,100,0,1439
sub-010056,ep05,150,0,1439
sub-010056,ep05,200,0,1439
sub-010056,ep06,3,2,165
sub-010056,ep06,5,6,1192
sub-010056,ep06,7,2,1220
sub-010056,ep06,8,2,1228
sub-010056,ep06,10,2,1292
sub-010056,ep06,20,2,1318
sub-010056,ep06,30,0,1389
sub-010056,ep06,50,0,1389
sub-010056,ep06,100,0,1389
sub-010056,ep06,150,0,1389
sub-010056,ep06,200,0,1389
sub-010059,ep00,3,4,222
sub-010059,ep00,5,2,190
sub-010059,ep00,7,3,1471
sub-010059,ep00,8,2,1433
sub-010059,ep00,10,2,1453
sub-010059,ep00,20,2,1536
sub-010059,ep00,30,2,1538
sub-010059,ep00,50,0,1638
sub-010059,ep00,100,0,1638
sub-010059,ep00,150,0,1638
sub-010059,ep00,200,0,1638
sub-010059,ep01,3,3,90
sub-010059,ep01,5,2,1326
sub-010059,ep01,7,3,1431
sub-010059,ep01,8,3,1383
sub-010059,ep01,10,2,1361
sub-010059,ep01,20,2,1437
sub-010059,ep01,30,2,1534
sub-010059,ep01,50,2,1517
sub-010059,ep01,100,0,1674
sub-010059,ep01,150,0,1674
sub-010059,ep01,200,0,1674
sub-010059,ep02,3,2,32
sub-010059,ep02,5,2,1284
sub-010059,ep02,7,4,1621
sub-010059,ep02,8,4,1638
sub-010059,ep02,10,2,1621
sub-010059,ep02,20,2,1608
sub-010059,ep02,30,2,1621
sub-010059,ep02,50,0,1726
sub-010059,ep02,100,0,1726
sub-010059,ep02,150,0,1726
sub-010059,ep02,200,0,1726
sub-010059,ep03,3,3,71
sub-010059,ep03,5,2,1291
sub-010059,ep03,7,2,1247
sub-010059,ep03,8,3,1525
sub-010059,ep03,10,2,1498
sub-010059,ep03,20,2,1532
sub-010059,ep03,30,0,1637
sub-010059,ep03,50,0,1637
sub-010059,ep03,100,0,1637
sub-010059,ep03,150,0,1637
sub-010059,ep03,200,0,1637
sub-010059,ep04,3,4,92
sub-010059,ep04,5,3,1229
sub-010059,ep04,7,2,1246
sub-010059,ep04,8,2,1439
sub-010059,ep04,10,2,1465
sub-010059,ep04,20,0,1617
sub-010059,ep04,30,0,1617
sub-010059,ep04,50,0,1617
sub-010059,ep04,100,0,1617
sub-010059,ep04,150,0,1617
sub-010059,ep04,200,0,1617
sub-010059,ep05,3,3,42
sub-010059,ep05,5,2,1352
sub-010059,ep05,7,2,1428
sub-010059,ep05,8,2,1464
sub-010059,ep05,10,2,1507
sub-010059,ep05,20,2,1568
sub-010059,ep05,30,0,1658
sub-010059,ep05,50,0,1658
sub-010059,ep05,100,0,1658
sub-010059,ep05,150,0,1658
sub-010059,ep05,200,0,1658
sub-010059,ep06,3,4,64
sub-010059,ep06,5,2,60
sub-010059,ep06,7,2,1388
sub-010059,ep06,8,2,1367
sub-010059,ep06,10,2,1383
sub-010059,ep06,20,2,1412
sub-010059,ep06,30,2,1423
sub-010059,ep06,50,0,1510
sub-010059,ep06,100,0,1510
sub-010059,ep06,150,0,1510
sub-010059,ep06,200,0,1510
sub-010060,ep00,3,14,398
sub-010060,ep00,5,3,371
sub-010060,ep00,7,2,436
sub-010060,ep00,8,2,466
sub-010060,ep00,10,2,501
sub-010060,ep00,20,2,352
sub-010060,ep00,30,2,375
sub-010060,ep00,50,2,452
sub-010060,ep00,100,2,547
sub-010060,ep00,150,2,578
sub-010060,ep00,200,2,633
sub-010060,ep01,3,2,153
sub-010060,ep01,5,3,618
sub-010060,ep01,7,3,730
sub-010060,ep01,8,2,647
sub-010060,ep01,10,2,670
sub-010060,ep01,20,2,902
sub-010060,ep01,30,2,805
sub-010060,ep01,50,2,907
sub-010060,ep01,100,2,774
sub-010060,ep01,150,2,776
sub-010060,ep01,200,2,752
sub-010060,ep02,3,2,29
sub-010060,ep02,5,2,659
sub-010060,ep02,7,2,917
sub-010060,ep02,8,2,968
sub-010060,ep02,10,2,864
sub-010060,ep02,20,2,798
sub-010060,ep02,30,2,767
sub-010060,ep02,50,2,740
sub-010060,ep02,100,2,860
sub-010060,ep02,150,2,804
sub-010060,ep02,200,2,843
sub-010060,ep03,3,3,89
sub-010060,ep03,5,2,751
sub-010060,ep03,7,3,864
sub-010060,ep03,8,2,871
sub-010060,ep03,10,2,945
sub-010060,ep03,20,2,921
sub-010060,ep03,30,2,880
sub-010060,ep03,50,2,831
sub-010060,ep03,100,2,810
sub-010060,ep03,150,2,791
sub-010060,ep03,200,2,728
sub-010060,ep04,3,4,153
sub-010060,ep04,5,2,618
sub-010060,ep04,7,4,1070
sub-010060,ep04,8,3,1052
sub-010060,ep04,10,2,1174
sub-010060,ep04,20,0,1203
sub-010060,ep04,30,0,1203
sub-010060,ep04,50,0,1203
sub-010060,ep04,100,0,1203
sub-010060,ep04,150,0,1203
sub-010060,ep04,200,0,1203
sub-010060,ep05,3,2,201
sub-010060,ep05,5,2,449
sub-010060,ep05,7,2,417
sub-010060,ep05,8,2,348
sub-010060,ep05,10,2,383
sub-010060,ep05,20,2,434
sub-010060,ep05,30,2,438
sub-010060,ep05,50,2,417
sub-010060,ep05,100,2,483
sub-010060,ep05,150,2,520
sub-010060,ep05,200,2,623
sub-010061,ep00,3,4,239
sub-010061,ep00,5,3,1130
sub-010061,ep00,7,2,1398
sub-010061,ep00,8,2,1447
sub-010061,ep00,10,2,1442
sub-010061,ep00,20,2,1587
sub-010061,ep00,30,0,1664
sub-010061,ep00,50,0,1664
sub-010061,ep00,100,0,1664
sub-010061,ep00,150,0,1664
sub-010061,ep00,200,0,1664
sub-010061,ep01,3,2,68
sub-010061,ep01,5,3,1649
sub-010061,ep01,7,2,1889
sub-010061,ep01,8,2,1944
sub-010061,ep01,10,2,1923
sub-010061,ep01,20,2,2047
sub-010061,ep01,30,2,2002
sub-010061,ep01,50,0,2188
sub-010061,ep01,100,0,2188
sub-010061,ep01,150,0,2188
sub-010061,ep01,200,0,2188
sub-010061,ep02,3,2,289
sub-010061,ep02,5,2,758
sub-010061,ep02,7,4,1462
sub-010061,ep02,8,3,1395
sub-010061,ep02,10,2,1457
sub-010061,ep02,20,0,1562
sub-010061,ep02,30,0,1562
sub-010061,ep02,50,0,1562
sub-010061,ep02,100,0,1562
sub-010061,ep02,150,0,1562
sub-010061,ep02,200,0,1562
sub-010061,ep03,3,2,212
sub-010061,ep03,5,2,988
sub-010061,ep03,7,2,1370
sub-010061,ep03,8,2,1366
sub-010061,ep03,10,2,1591
sub-010061,ep03,20,0,1684
sub-010061,ep03,30,0,1684
sub-010061,ep03,50,0,1684
sub-010061,ep03,100,0,1684
sub-010061,ep03,150,0,1684
sub-010061,ep03,200,0,1684
sub-010061,ep04,3,2,242
sub-010061,ep04,5,2,996
sub-010061,ep04,7,2,1677
sub-010061,ep04,8,2,1651
sub-010061,ep04,10,2,1669
sub-010061,ep04,20,2,1676
sub-010061,ep04,30,0,1730
sub-010061,ep04,50,0,1730
sub-010061,ep04,100,0,1730
sub-010061,ep04,150,0,1730
sub-010061,ep04,200,0,1730
sub-010061,ep05,3,3,131
sub-010061,ep05,5,2,1391
sub-010061,ep05,7,2,1939
sub-010061,ep05,8,3,2039
sub-010061,ep05,10,2,2060
sub-010061,ep05,20,0,2119
sub-010061,ep05,30,0,2119
sub-010061,ep05,50,0,2119
sub-010061,ep05,100,0,2119
sub-010061,ep05,150,0,2119
sub-010061,ep05,200,0,2119
sub-010061,ep06,3,2,29
sub-010061,ep06,5,3,828
sub-010061,ep06,7,2,1394
sub-010061,ep06,8,3,1417
sub-010061,ep06,10,2,1390
sub-010061,ep06,20,0,1480
sub-010061,ep06,30,0,1480
sub-010061,ep06,50,0,1480
sub-010061,ep06,100,0,1480
sub-010061,ep06,150,0,1480
sub-010061,ep06,200,0,1480
sub-010062,ep00,3,2,375
sub-010062,ep00,5,7,1046
sub-010062,ep00,7,2,1135
sub-010062,ep00,8,2,1163
sub-010062,ep00,10,0,1305
sub-010062,ep00,20,0,1305
sub-010062,ep00,30,0,1305
sub-010062,ep00,50,0,1305
sub-010062,ep00,100,0,1305
sub-010062,ep00,150,0,1305
sub-010062,ep00,200,0,1305
sub-010062,ep01,3,4,314
sub-010062,ep01,5,2,504
sub-010062,ep01,7,2,1304
sub-010062,ep01,8,2,1305
sub-010062,ep01,10,2,1314
sub-010062,ep01,20,0,1342
sub-010062,ep01,30,0,1342
sub-010062,ep01,50,0,1342
sub-010062,ep01,100,0,1342
sub-010062,ep01,150,0,1342
sub-010062,ep01,200,0,1342
sub-010062,ep02,3,6,384
sub-010062,ep02,5,2,796
sub-010062,ep02,7,2,1045
sub-010062,ep02,8,2,1055
sub-010062,ep02,10,2,1263
sub-010062,ep02,20,0,1310
sub-010062,ep02,30,0,1310
sub-010062,ep02,50,0,1310
sub-010062,ep02,100,0,1310
sub-010062,ep02,150,0,1310
sub-010062,ep02,200,0,1310
sub-010062,ep03,3,2,203
sub-010062,ep03,5,8,1093
sub-010062,ep03,7,2,1150
sub-010062,ep03,8,4,1205
sub-010062,ep03,10,2,1219
sub-010062,ep03,20,2,1194
sub-010062,ep03,30,2,1209
sub-010062,ep03,50,0,1335
sub-010062,ep03,100,0,1335
sub-010062,ep03,150,0,1335
sub-010062,ep03,200,0,1335
sub-010062,ep04,3,2,337
sub-010062,ep04,5,2,421
sub-010062,ep04,7,3,1193
sub-010062,ep04,8,2,1159
sub-010062,ep04,10,2,1155
sub-010062,ep04,20,0,1275
sub-010062,ep04,30,0,1275
sub-010062,ep04,50,0,1275
sub-010062,ep04,100,0,1275
sub-010062,ep04,150,0,1275
sub-010062,ep04,200,0,1275
sub-010062,ep05,3,2,60
sub-010062,ep05,5,3,1224
sub-010062,ep05,7,2,1234
sub-010062,ep05,8,2,1288
sub-010062,ep05,10,2,1298
sub-010062,ep05,20,0,1589
sub-010062,ep05,30,0,1589
sub-010062,ep05,50,0,1589
sub-010062,ep05,100,0,1589
sub-010062,ep05,150,0,1589
sub-010062,ep05,200,0,1589
sub-010062,ep06,3,3,165
sub-010062,ep06,5,2,270
sub-010062,ep06,7,2,1044
sub-010062,ep06,8,2,1124
sub-010062,ep06,10,3,1133
sub-010062,ep06,20,0,1203
sub-010062,ep06,30,0,1203
sub-010062,ep06,50,0,1203
sub-010062,ep06,100,0,1203
sub-010062,ep06,150,0,1203
sub-010062,ep06,200,0,1203
sub-010063,ep00,3,3,86
sub-010063,ep00,5,2,144
sub-010063,ep00,7,3,1203
sub-010063,ep00,8,2,1355
sub-010063,ep00,10,3,1360
sub-010063,ep00,20,2,1363
sub-010063,ep00,30,0,1480
sub-010063,ep00,50,0,1480
sub-010063,ep00,100,0,1480
sub-010063,ep00,150,0,1480
sub-010063,ep00,200,0,1480
sub-010063,ep01,3,2,168
sub-010063,ep01,5,2,369
sub-010063,ep01,7,2,800
sub-010063,ep01,8,2,1921
sub-010063,ep01,10,2,1936
sub-010063,ep01,20,2,1963
sub-010063,ep01,30,2,1936
sub-010063,ep01,50,0,2086
sub-010063,ep01,100,0,2086
sub-010063,ep01,150,0,2086
sub-010063,ep01,200,0,2086
sub-010063,ep02,3,2,41
sub-010063,ep02,5,2,333
sub-010063,ep02,7,2,437
sub-010063,ep02,8,2,818
sub-010063,ep02,10,2,840
sub-010063,ep02,20,0,1343
sub-010063,ep02,30,0,1343
sub-010063,ep02,50,0,1343
sub-010063,ep02,100,0,1343
sub-010063,ep02,150,0,1343
sub-010063,ep02,200,0,1343
sub-010063,ep03,3,4,81
sub-010063,ep03,5,4,996
sub-010063,ep03,7,3,1230
sub-010063,ep03,8,3,1254
sub-010063,ep03,10,3,1262
sub-010063,ep03,20,0,1341
sub-010063,ep03,30,0,1341
sub-010063,ep03,50,0,1341
sub-010063,ep03,100,0,1341
sub-010063,ep03,150,0,1341
sub-010063,ep03,200,0,1341
sub-010063,ep04,3,3,56
sub-010063,ep04,5,2,434
sub-010063,ep04,7,2,923
sub-010063,ep04,8,2,969
sub-010063,ep04,10,2,1321
sub-010063,ep04,20,0,1401
sub-010063,ep04,30,0,1401
sub-010063,ep04,50,0,1401
sub-010063,ep04,100,0,1401
sub-010063,ep04,150,0,1401
sub-010063,ep04,200,0,1401
sub-010063,ep05,3,2,60
sub-010063,ep05,5,9,811
sub-010063,ep05,7,2,430
sub-010063,ep05,8,2,254
sub-010063,ep05,10,2,791
sub-010063,ep05,20,0,1363
sub-010063,ep05,30,0,1363
sub-010063,ep05,50,0,1363
sub-010063,ep05,100,0,1363
sub-010063,ep05,150,0,1363
sub-010063,ep05,200,0,1363
sub-010064,ep00,3,3,39
sub-010064,ep00,5,2,747
sub-010064,ep00,7,3,1184
sub-010064,ep00,8,3,1166
sub-010064,ep00,10,2,1130
sub-010064,ep00,20,2,1199
sub-010064,ep00,30,2,1193
sub-010064,ep00,50,0,1284
sub-010064,ep00,100,0,1284
sub-010064,ep00,150,0,1284
sub-010064,ep00,200,0,1284
sub-010064,ep01,3,2,4
sub-010064,ep01,5,2,1016
sub-010064,ep01,7,4,1192
sub-010064,ep01,8,4,1214
sub-010064,ep01,10,2,1136
sub-010064,ep01,20,2,1196
sub-010064,ep01,30,2,1208
sub-010064,ep01,50,0,1307
sub-010064,ep01,100,0,1307
sub-010064,ep01,150,0,1307
sub-010064,ep01,200,0,1307
sub-010064,ep02,3,2,41
sub-010064,ep02,5,2,1424
sub-010064,ep02,7,5,1927
sub-010064,ep02,8,2,1949
sub-010064,ep02,10,3,1970
sub-010064,ep02,20,0,2030
sub-010064,ep02,30,0,2030
sub-010064,ep02,50,0,2030
sub-010064,ep02,100,0,2030
sub-010064,ep02,150,0,2030
sub-010064,ep02,200,0,2030
sub-010064,ep03,3,3,190
sub-010064,ep03,5,2,391
sub-010064,ep03,7,3,1561
sub-010064,ep03,8,3,1582
sub-010064,ep03,10,2,1550
sub-010064,ep03,20,2,1595
sub-010064,ep03,30,2,1643
sub-010064,ep03,50,2,1610
sub-010064,ep03,100,0,1722
sub-010064,ep03,150,0,1722
sub-010064,ep03,200,0,1722
sub-010064,ep04,3,4,459
sub-010064,ep04,5,3,1192
sub-010064,ep04,7,2,1270
sub-010064,ep04,8,2,1233
sub-010064,ep04,10,2,1354
sub-010064,ep04,20,0,1479
sub-010064,ep04,30,0,1479
sub-010064,ep04,50,0,1479
sub-010064,ep04,100,0,1479
sub-010064,ep04,150,0,1479
sub-010064,ep04,200,0,1479
sub-010064,ep05,3,3,258
sub-010064,ep05,5,2,1039
sub-010064,ep05,7,6,1486
sub-010064,ep05,8,4,1474
sub-010064,ep05,10,2,1459
sub-010064,ep05,20,2,1502
sub-010064,ep05,30,0,1587
sub-010064,ep05,50,0,1587
sub-010064,ep05,100,0,1587
sub-010064,ep05,150,0,1587
sub-010064,ep05,200,0,1587
sub-010064,ep06,3,2,54
sub-010064,ep06,5,2,847
sub-010064,ep06,7,2,1181
sub-010064,ep06,8,2,1201
sub-010064,ep06,10,2,1042
sub-010064,ep06,20,2,1174
sub-010064,ep06,30,0,1256
sub-010064,ep06,50,0,1256
sub-010064,ep06,100,0,1256
sub-010064,ep06,150,0,1256
sub-010064,ep06,200,0,1256
sub-010065,ep00,3,3,283
sub-010065,ep00,5,2,817
sub-010065,ep00,7,2,906
sub-010065,ep00,8,2,852
sub-010065,ep00,10,2,938
sub-010065,ep00,20,2,872
sub-010065,ep00,30,2,956
sub-010065,ep00,50,2,1005
sub-010065,ep00,100,0,1222
sub-010065,ep00,150,0,1222
sub-010065,ep00,200,0,1222
sub-010065,ep01,3,2,138
sub-010065,ep01,5,6,915
sub-010065,ep01,7,3,991
sub-010065,ep01,8,2,968
sub-010065,ep01,10,2,1011
sub-010065,ep01,20,2,1048
sub-010065,ep01,30,2,1064
sub-010065,ep01,50,2,1042
sub-010065,ep01,100,0,1378
sub-010065,ep01,150,0,1378
sub-010065,ep01,200,0,1378
sub-010065,ep02,3,2,68
sub-010065,ep02,5,4,850
sub-010065,ep02,7,3,944
sub-010065,ep02,8,2,978
sub-010065,ep02,10,2,1007
sub-010065,ep02,20,2,1054
sub-010065,ep02,30,2,1056
sub-010065,ep02,50,2,1080
sub-010065,ep02,100,0,1256
sub-010065,ep02,150,0,1256
sub-010065,ep02,200,0,1256
sub-010065,ep03,3,2,86
sub-010065,ep03,5,11,1051
sub-010065,ep03,7,3,933
sub-010065,ep03,8,4,965
sub-010065,ep03,10,3,959
sub-010065,ep03,20,2,988
sub-010065,ep03,30,2,934
sub-010065,ep03,50,2,938
sub-010065,ep03,100,0,1216
sub-010065,ep03,150,0,1216
sub-010065,ep03,200,0,1216
sub-010065,ep04,3,3,146
sub-010065,ep04,5,3,1024
sub-010065,ep04,7,3,1380
sub-010065,ep04,8,2,1325
sub-010065,ep04,10,2,1263
sub-010065,ep04,20,2,1277
sub-010065,ep04,30,2,1270
sub-010065,ep04,50,2,1285
sub-010065,ep04,100,0,1564
sub-010065,ep04,150,0,1564
sub-010065,ep04,200,0,1564
sub-010065,ep05,3,4,435
sub-010065,ep05,5,5,981
sub-010065,ep05,7,5,1478
sub-010065,ep05,8,3,1454
sub-010065,ep05,10,2,1481
sub-010065,ep05,20,2,1449
sub-010065,ep05,30,0,1607
sub-010065,ep05,50,0,1607
sub-010065,ep05,100,0,1607
sub-010065,ep05,150,0,1607
sub-010065,ep05,200,0,1607
sub-010065,ep06,3,2,189
sub-010065,ep06,5,5,901
sub-010065,ep06,7,2,894
sub-010065,ep06,8,3,993
sub-010065,ep06,10,0,1078
sub-010065,ep06,20,2,953
sub-010065,ep06,30,0,1078
sub-010065,ep06,50,0,1078
sub-010065,ep06,100,0,1078
sub-010065,ep06,150,0,1078
sub-010065,ep06,200,0,1078
sub-010066,ep00,3,3,183
sub-010066,ep00,5,2,975
sub-010066,ep00,7,4,1242
sub-010066,ep00,8,2,1278
sub-010066,ep00,10,2,1252
sub-010066,ep00,20,0,1324
sub-010066,ep00,30,0,1324
sub-010066,ep00,50,0,1324
sub-010066,ep00,100,0,1324
sub-010066,ep00,150,0,1324
sub-010066,ep00,200,0,1324
sub-010066,ep01,3,2,61
sub-010066,ep01,5,2,104
sub-010066,ep01,7,2,1163
sub-010066,ep01,8,2,1208
sub-010066,ep01,10,2,1248
sub-010066,ep01,20,2,1267
sub-010066,ep01,30,2,1246
sub-010066,ep01,50,0,1369
sub-010066,ep01,100,0,1369
sub-010066,ep01,150,0,1369
sub-010066,ep01,200,0,1369
sub-010066,ep02,3,2,138
sub-010066,ep02,5,3,874
sub-010066,ep02,7,2,1149
sub-010066,ep02,8,2,1171
sub-010066,ep02,10,2,1262
sub-010066,ep02,20,2,1268
sub-010066,ep02,30,2,1178
sub-010066,ep02,50,2,1162
sub-010066,ep02,100,0,1372
sub-010066,ep02,150,0,1372
sub-010066,ep02,200,0,1372
sub-010066,ep03,3,3,275
sub-010066,ep03,5,2,1061
sub-010066,ep03,7,3,1321
sub-010066,ep03,8,2,1306
sub-010066,ep03,10,2,1303
sub-010066,ep03,20,2,1386
sub-010066,ep03,30,0,1455
sub-010066,ep03,50,0,1455
sub-010066,ep03,100,0,1455
sub-010066,ep03,150,0,1455
sub-010066,ep03,200,0,1455
sub-010066,ep04,3,3,195
sub-010066,ep04,5,10,1297
sub-010066,ep04,7,4,1312
sub-010066,ep04,8,2,1271
sub-010066,ep04,10,2,1282
sub-010066,ep04,20,2,1307
sub-010066,ep04,30,0,1399
sub-010066,ep04,50,0,1399
sub-010066,ep04,100,0,1399
sub-010066,ep04,150,0,1399
sub-010066,ep04,200,0,1399
sub-010066,ep05,3,2,15
sub-010066,ep05,5,2,405
sub-010066,ep05,7,2,1269
sub-010066,ep05,8,3,1303
sub-010066,ep05,10,2,1332
sub-010066,ep05,20,0,1366
sub-010066,ep05,30,0,1366
sub-010066,ep05,50,0,1366
sub-010066,ep05,100,0,1366
sub-010066,ep05,150,0,1366
sub-010066,ep05,200,0,1366
sub-010066,ep06,3,3,133
sub-010066,ep06,5,2,950
sub-010066,ep06,7,3,1170
sub-010066,ep06,8,3,1191
sub-010066,ep06,10,2,1171
sub-010066,ep06,20,0,1276
sub-010066,ep06,30,0,1276
sub-010066,ep06,50,0,1276
sub-010066,ep06,100,0,1276
sub-010066,ep06,150,0,1276
sub-010066,ep06,200,0,1276
sub-010067,ep00,3,2,146
sub-010067,ep00,5,3,912
sub-010067,ep00,7,2,1055
sub-010067,ep00,8,2,1049
sub-010067,ep00,10,2,1061
sub-010067,ep00,20,2,946
sub-010067,ep00,30,2,1044
sub-010067,ep00,50,2,1025
sub-010067,ep00,100,0,1373
sub-010067,ep00,150,0,1373
sub-010067,ep00,200,0,1373
sub-010067,ep01,3,3,114
sub-010067,ep01,5,4,905
sub-010067,ep01,7,3,1014
sub-010067,ep01,8,2,1057
sub-010067,ep01,10,2,1011
sub-010067,ep01,20,2,1061
sub-010067,ep01,30,2,1124
sub-010067,ep01,50,2,1112
sub-010067,ep01,100,0,1370
sub-010067,ep01,150,0,1370
sub-010067,ep01,200,0,1370
sub-010067,ep02,3,5,233
sub-010067,ep02,5,2,607
sub-010067,ep02,7,2,598
sub-010067,ep02,8,2,1331
sub-010067,ep02,10,2,1354
sub-010067,ep02,20,0,1393
sub-010067,ep02,30,0,1393
sub-010067,ep02,50,0,1393
sub-010067,ep02,100,0,1393
sub-010067,ep02,150,0,1393
sub-010067,ep02,200,0,1393
sub-010067,ep03,3,2,141
sub-010067,ep03,5,3,935
sub-010067,ep03,7,2,924
sub-010067,ep03,8,2,1426
sub-010067,ep03,10,2,1420
sub-010067,ep03,20,2,1429
sub-010067,ep03,30,0,1493
sub-010067,ep03,50,0,1493
sub-010067,ep03,100,0,1493
sub-010067,ep03,150,0,1493
sub-010067,ep03,200,0,1493
sub-010067,ep04,3,7,325
sub-010067,ep04,5,2,422
sub-010067,ep04,7,3,1618
sub-010067,ep04,8,2,1678
sub-010067,ep04,10,2,1727
sub-010067,ep04,20,0,1794
sub-010067,ep04,30,0,1794
sub-010067,ep04,50,0,1794
sub-010067,ep04,100,0,1794
sub-010067,ep04,150,0,1794
sub-010067,ep04,200,0,1794
sub-010067,ep05,3,3,129
sub-010067,ep05,5,2,864
sub-010067,ep05,7,3,1299
sub-010067,ep05,8,2,1287
sub-010067,ep05,10,2,1294
sub-010067,ep05,20,0,1358
sub-010067,ep05,30,0,1358
sub-010067,ep05,50,0,1358
sub-010067,ep05,100,0,1358
sub-010067,ep05,150,0,1358
sub-010067,ep05,200,0,1358
sub-010067,ep06,3,4,155
sub-010067,ep06,5,5,1098
sub-010067,ep06,7,3,1145
sub-010067,ep06,8,2,1125
sub-010067,ep06,10,0,1202
sub-010067,ep06,20,0,1202
sub-010067,ep06,30,0,1202
sub-010067,ep06,50,0,1202
sub-010067,ep06,100,0,1202
sub-010067,ep06,150,0,1202
sub-010067,ep06,200,0,1202
sub-010068,ep00,3,2,25
sub-010068,ep00,5,3,393
sub-010068,ep00,7,3,1218
sub-010068,ep00,8,2,1014
sub-010068,ep00,10,2,1276
sub-010068,ep00,20,2,1276
sub-010068,ep00,30,2,1286
sub-010068,ep00,50,2,1290
sub-010068,ep00,100,0,1424
sub-010068,ep00,150,0,1424
sub-010068,ep00,200,0,1424
sub-010068,ep01,3,3,147
sub-010068,ep01,5,2,501
sub-010068,ep01,7,2,1233
sub-010068,ep01,8,2,1255
sub-010068,ep01,10,2,1243
sub-010068,ep01,20,2,1249
sub-010068,ep01,30,2,1261
sub-010068,ep01,50,2,1218
sub-010068,ep01,100,0,1391
sub-010068,ep01,150,0,1391
sub-010068,ep01,200,0,1391
sub-010068,ep02,3,2,70
sub-010068,ep02,5,2,771
sub-010068,ep02,7,2,1173
sub-010068,ep02,8,2,1162
sub-010068,ep02,10,2,1160
sub-010068,ep02,20,2,1146
sub-010068,ep02,30,2,1225
sub-010068,ep02,50,2,1261
sub-010068,ep02,100,0,1430
sub-010068,ep02,150,0,1430
sub-010068,ep02,200,0,1430
sub-010068,ep03,3,3,99
sub-010068,ep03,5,2,516
sub-010068,ep03,7,6,1930
sub-010068,ep03,8,2,1949
sub-010068,ep03,10,2,1915
sub-010068,ep03,20,2,1933
sub-010068,ep03,30,2,1966
sub-010068,ep03,50,0,2087
sub-010068,ep03,100,0,2087
sub-010068,ep03,150,0,2087
sub-010068,ep03,200,0,2087
sub-010068,ep04,3,2,76
sub-010068,ep04,5,3,602
sub-010068,ep04,7,5,1328
sub-010068,ep04,8,2,1297
sub-010068,ep04,10,3,1350
sub-010068,ep04,20,2,1355
sub-010068,ep04,30,2,1310
sub-010068,ep04,50,0,1449
sub-010068,ep04,100,0,1449
sub-010068,ep04,150,0,1449
sub-010068,ep04,200,0,1449
sub-010068,ep05,3,4,124
sub-010068,ep05,5,2,432
sub-010068,ep05,7,2,844
sub-010068,ep05,8,2,1392
sub-010068,ep05,10,2,1421
sub-010068,ep05,20,0,1500
sub-010068,ep05,30,0,1500
sub-010068,ep05,50,0,1500
sub-010068,ep05,100,0,1500
sub-010068,ep05,150,0,1500
sub-010068,ep05,200,0,1500
sub-010068,ep06,3,5,194
sub-010068,ep06,5,3,752
sub-010068,ep06,7,2,704
sub-010068,ep06,8,3,1267
sub-010068,ep06,10,2,1277
sub-010068,ep06,20,0,1343
sub-010068,ep06,30,0,1343
sub-010068,ep06,50,0,1343
sub-010068,ep06,100,0,1343
sub-010068,ep06,150,0,1343
sub-010068,ep06,200,0,1343
sub-010069,ep00,3,2,67
sub-010069,ep00,5,3,781
sub-010069,ep00,7,2,884
sub-010069,ep00,8,2,908
sub-010069,ep00,10,2,955
sub-010069,ep00,20,2,971
sub-010069,ep00,30,2,997
sub-010069,ep00,50,2,940
sub-010069,ep00,100,0,1171
sub-010069,ep00,150,0,1171
sub-010069,ep00,200,0,1171
sub-010069,ep01,3,3,191
sub-010069,ep01,5,3,904
sub-010069,ep01,7,2,884
sub-010069,ep01,8,2,908
sub-010069,ep01,10,2,915
sub-010069,ep01,20,2,995
sub-010069,ep01,30,2,1014
sub-010069,ep01,50,0,1120
sub-010069,ep01,100,0,1120
sub-010069,ep01,150,0,1120
sub-010069,ep01,200,0,1120
sub-010069,ep02,3,2,37
sub-010069,ep02,5,5,943
sub-010069,ep02,7,0,1135
sub-010069,ep02,8,0,1135
sub-010069,ep02,10,0,1135
sub-010069,ep02,20,0,1135
sub-010069,ep02,30,0,1135
sub-010069,ep02,50,0,1135
sub-010069,ep02,100,0,1135
sub-010069,ep02,150,0,1135
sub-010069,ep02,200,0,1135
sub-010069,ep03,3,3,105
sub-010069,ep03,5,2,739
sub-010069,ep03,7,3,883
sub-010069,ep03,8,2,1275
sub-010069,ep03,10,2,1269
sub-010069,ep03,20,0,1334
sub-010069,ep03,30,0,1334
sub-010069,ep03,50,0,1334
sub-010069,ep03,100,0,1334
sub-010069,ep03,150,0,1334
sub-010069,ep03,200,0,1334
sub-010069,ep04,3,4,63
sub-010069,ep04,5,5,1183
sub-010069,ep04,7,2,1383
sub-010069,ep04,8,2,1378
sub-010069,ep04,10,0,1420
sub-010069,ep04,20,0,1420
sub-010069,ep04,30,0,1420
sub-010069,ep04,50,0,1420
sub-010069,ep04,100,0,1420
sub-010069,ep04,150,0,1420
sub-010069,ep04,200,0,1420
sub-010069,ep05,3,28,808
sub-010069,ep05,5,2,576
sub-010069,ep05,7,0,1226
sub-010069,ep05,8,0,1226
sub-010069,ep05,10,0,1226
sub-010069,ep05,20,0,1226
sub-010069,ep05,30,0,1226
sub-010069,ep05,50,0,1226
sub-010069,ep05,100,0,1226
sub-010069,ep05,150,0,1226
sub-010069,ep05,200,0,1226
sub-010069,ep06,3,2,50
sub-010069,ep06,5,2,478
sub-010069,ep06,7,3,979
sub-010069,ep06,8,2,983
sub-010069,ep06,10,0,1042
sub-010069,ep06,20,0,1042
sub-010069,ep06,30,0,1042
sub-010069,ep06,50,0,1042
sub-010069,ep06,100,0,1042
sub-010069,ep06,150,0,1042
sub-010069,ep06,200,0,1042
sub-010070,ep00,3,3,241
sub-010070,ep00,5,3,1003
sub-010070,ep00,7,3,1063
sub-010070,ep00,8,2,1086
sub-010070,ep00,10,2,1058
sub-010070,ep00,20,2,1128
sub-010070,ep00,30,2,1100
sub-010070,ep00,50,2,1108
sub-010070,ep00,100,0,1277
sub-010070,ep00,150,0,1277
sub-010070,ep00,200,0,1277
sub-010070,ep01,3,2,9
sub-010070,ep01,5,2,1114
sub-010070,ep01,7,3,2059
sub-010070,ep01,8,2,2085
sub-010070,ep01,10,2,2114
sub-010070,ep01,20,2,2131
sub-010070,ep01,30,0,2201
sub-010070,ep01,50,0,2201
sub-010070,ep01,100,0,2201
sub-010070,ep01,150,0,2201
sub-010070,ep01,200,0,2201
sub-010070,ep02,3,2,166
sub-010070,ep02,5,3,980
sub-010070,ep02,7,2,1120
sub-010070,ep02,8,2,1121
sub-010070,ep02,10,2,1214
sub-010070,ep02,20,0,1265
sub-010070,ep02,30,0,1265
sub-010070,ep02,50,0,1265
sub-010070,ep02,100,0,1265
sub-010070,ep02,150,0,1265
sub-010070,ep02,200,0,1265
sub-010070,ep03,3,5,203
sub-010070,ep03,5,2,62
sub-010070,ep03,7,3,1170
sub-010070,ep03,8,3,1159
sub-010070,ep03,10,3,1191
sub-010070,ep03,20,2,1110
sub-010070,ep03,30,2,1150
sub-010070,ep03,50,0,1270
sub-010070,ep03,100,0,1270
sub-010070,ep03,150,0,1270
sub-010070,ep03,200,0,1270
sub-010070,ep04,3,2,7
sub-010070,ep04,5,4,1156
sub-010070,ep04,7,2,1175
sub-010070,ep04,8,3,1155
sub-010070,ep04,10,2,1259
sub-010070,ep04,20,0,1386
sub-010070,ep04,30,0,1386
sub-010070,ep04,50,0,1386
sub-010070,ep04,100,0,1386
sub-010070,ep04,150,0,1386
sub-010070,ep04,200,0,1386
sub-010070,ep05,3,3,40
sub-010070,ep05,5,8,1156
sub-010070,ep05,7,4,1137
sub-010070,ep05,8,2,1142
sub-010070,ep05,10,2,1160
sub-010070,ep05,20,0,1243
sub-010070,ep05,30,0,1243
sub-010070,ep05,50,0,1243
sub-010070,ep05,100,0,1243
sub-010070,ep05,150,0,1243
sub-010070,ep05,200,0,1243
sub-010070,ep06,3,3,21
sub-010070,ep06,5,2,823
sub-010070,ep06,7,4,1102
sub-010070,ep06,8,3,1119
sub-010070,ep06,10,2,1134
sub-010070,ep06,20,0,1169
sub-010070,ep06,30,0,1169
sub-010070,ep06,50,0,1169
sub-010070,ep06,100,0,1169
sub-010070,ep06,150,0,1169
sub-010070,ep06,200,0,1169
sub-010071,ep00,3,3,119
sub-010071,ep00,5,2,804
sub-010071,ep00,7,2,878
sub-010071,ep00,8,2,830
sub-010071,ep00,10,2,921
sub-010071,ep00,20,2,965
sub-010071,ep00,30,2,949
sub-010071,ep00,50,2,1016
sub-010071,ep00,100,2,960
sub-010071,ep00,150,0,1206
sub-010071,ep00,200,0,1206
sub-010071,ep01,3,5,259
sub-010071,ep01,5,6,977
sub-010071,ep01,7,2,963
sub-010071,ep01,8,2,952
sub-010071,ep01,10,3,1020
sub-010071,ep01,20,2,962
sub-010071,ep01,30,2,879
sub-010071,ep01,50,2,911
sub-010071,ep01,100,0,1206
sub-010071,ep01,150,0,1206
sub-010071,ep01,200,0,1206
sub-010071,ep02,3,2,91
sub-010071,ep02,5,9,988
sub-010071,ep02,7,2,951
sub-010071,ep02,8,2,961
sub-010071,ep02,10,3,1022
sub-010071,ep02,20,2,1064
sub-010071,ep02,30,2,1034
sub-010071,ep02,50,2,986
sub-010071,ep02,100,0,1209
sub-010071,ep02,150,0,1209
sub-010071,ep02,200,0,1209
sub-010071,ep03,3,3,217
sub-010071,ep03,5,3,818
sub-010071,ep03,7,2,802
sub-010071,ep03,8,2,989
sub-010071,ep03,10,2,1012
sub-010071,ep03,20,2,1032
sub-010071,ep03,30,2,1001
sub-010071,ep03,50,2,1045
sub-010071,ep03,100,0,1221
sub-010071,ep03,150,0,1221
sub-010071,ep03,200,0,1221
sub-010071,ep04,3,3,168
sub-010071,ep04,5,11,938
sub-010071,ep04,7,4,967
sub-010071,ep04,8,4,995
sub-010071,ep04,10,2,1041
sub-010071,ep04,20,2,1048
sub-010071,ep04,30,2,1064
sub-010071,ep04,50,2,1004
sub-010071,ep04,100,0,1327
sub-010071,ep04,150,0,1327
sub-010071,ep04,200,0,1327
sub-010071,ep05,3,2,22
sub-010071,ep05,5,2,1152
sub-010071,ep05,7,5,1876
sub-010071,ep05,8,3,1802
sub-010071,ep05,10,2,1671
sub-010071,ep05,20,2,1681
sub-010071,ep05,30,2,1770
sub-010071,ep05,50,2,1665
sub-010071,ep05,100,2,1624
sub-010071,ep05,150,2,1608
sub-010071,ep05,200,0,2191
sub-010071,ep06,3,2,7
sub-010071,ep06,5,3,809
sub-010071,ep06,7,2,767
sub-010071,ep06,8,2,753
sub-010071,ep06,10,2,848
sub-010071,ep06,20,2,837
sub-010071,ep06,30,2,796
sub-010071,ep06,50,2,833
sub-010071,ep06,100,0,1154
sub-010071,ep06,150,0,1154
sub-010071,ep06,200,0,1154
sub-010072,ep00,3,2,71
sub-010072,ep00,5,2,568
sub-010072,ep00,7,2,959
sub-010072,ep00,8,2,944
sub-010072,ep00,10,2,920
sub-010072,ep00,20,2,953
sub-010072,ep00,30,2,953
sub-010072,ep00,50,2,878
sub-010072,ep00,100,2,921
sub-010072,ep00,150,0,1356
sub-010072,ep00,200,0,1356
sub-010072,ep01,3,2,131
sub-010072,ep01,5,4,899
sub-010072,ep01,7,2,948
sub-010072,ep01,8,2,950
sub-010072,ep01,10,2,954
sub-010072,ep01,20,2,939
sub-010072,ep01,30,2,909
sub-010072,ep01,50,2,905
sub-010072,ep01,100,2,964
sub-010072,ep01,150,0,1331
sub-010072,ep01,200,0,1331
sub-010072,ep02,3,2,46
sub-010072,ep02,5,5,1012
sub-010072,ep02,7,2,1045
sub-010072,ep02,8,2,971
sub-010072,ep02,10,2,933
sub-010072,ep02,20,2,991
sub-010072,ep02,30,2,941
sub-010072,ep02,50,2,959
sub-010072,ep02,100,0,1366
sub-010072,ep02,150,0,1366
sub-010072,ep02,200,0,1366
sub-010072,ep03,3,5,179
sub-010072,ep03,5,2,774
sub-010072,ep03,7,2,1372
sub-010072,ep03,8,3,1458
sub-010072,ep03,10,2,1435
sub-010072,ep03,20,2,1511
sub-010072,ep03,30,2,1467
sub-010072,ep03,50,2,1416
sub-010072,ep03,100,0,1575
sub-010072,ep03,150,0,1575
sub-010072,ep03,200,0,1575
sub-010072,ep04,3,3,266
sub-010072,ep04,5,3,1100
sub-010072,ep04,7,2,1121
sub-010072,ep04,8,2,1168
sub-010072,ep04,10,2,1220
sub-010072,ep04,20,2,1231
sub-010072,ep04,30,2,1275
sub-010072,ep04,50,0,1393
sub-010072,ep04,100,0,1393
sub-010072,ep04,150,0,1393
sub-010072,ep04,200,0,1393
sub-010072,ep05,3,4,285
sub-010072,ep05,5,2,667
sub-010072,ep05,7,2,1238
sub-010072,ep05,8,2,1226
sub-010072,ep05,10,2,1233
sub-010072,ep05,20,2,1251
sub-010072,ep05,30,0,1370
sub-010072,ep05,50,0,1370
sub-010072,ep05,100,0,1370
sub-010072,ep05,150,0,1370
sub-010072,ep05,200,0,1370
sub-010072,ep06,3,2,305
sub-010072,ep06,5,6,947
sub-010072,ep06,7,4,1007
sub-010072,ep06,8,2,981
sub-010072,ep06,10,3,1017
sub-010072,ep06,20,2,1004
sub-010072,ep06,30,2,1034
sub-010072,ep06,50,2,1046
sub-010072,ep06,100,0,1173
sub-010072,ep06,150,0,1173
sub-010072,ep06,200,0,1173
sub-010073,ep00,3,11,564
sub-010073,ep00,5,3,1157
sub-010073,ep00,7,2,1156
sub-010073,ep00,8,2,1329
sub-010073,ep00,10,2,1335
sub-010073,ep00,20,0,1387
sub-010073,ep00,30,0,1387
sub-010073,ep00,50,0,1387
sub-010073,ep00,100,0,1387
sub-010073,ep00,150,0,1387
sub-010073,ep00,200,0,1387
sub-010073,ep01,3,2,154
sub-010073,ep01,5,5,1165
sub-010073,ep01,7,2,1140
sub-010073,ep01,8,2,1203
sub-010073,ep01,10,2,1227
sub-010073,ep01,20,0,1353
sub-010073,ep01,30,0,1353
sub-010073,ep01,50,0,1353
sub-010073,ep01,100,0,1353
sub-010073,ep01,150,0,1353
sub-010073,ep01,200,0,1353
sub-010073,ep02,3,2,80
sub-010073,ep02,5,2,763
sub-010073,ep02,7,3,1231
sub-010073,ep02,8,2,1262
sub-010073,ep02,10,0,1351
sub-010073,ep02,20,0,1351
sub-010073,ep02,30,0,1351
sub-010073,ep02,50,0,1351
sub-010073,ep02,100,0,1351
sub-010073,ep02,150,0,1351
sub-010073,ep02,200,0,1351
sub-010073,ep03,3,2,165
sub-010073,ep03,5,3,1329
sub-010073,ep03,7,2,1350
sub-010073,ep03,8,2,1346
sub-010073,ep03,10,2,1331
sub-010073,ep03,20,2,1384
sub-010073,ep03,30,2,1389
sub-010073,ep03,50,0,1497
sub-010073,ep03,100,0,1497
sub-010073,ep03,150,0,1497
sub-010073,ep03,200,0,1497
sub-010073,ep04,3,3,478
sub-010073,ep04,5,3,855
sub-010073,ep04,7,3,1238
sub-010073,ep04,8,2,1241
sub-010073,ep04,10,2,1267
sub-010073,ep04,20,0,1372
sub-010073,ep04,30,0,1372
sub-010073,ep04,50,0,1372
sub-010073,ep04,100,0,1372
sub-010073,ep04,150,0,1372
sub-010073,ep04,200,0,1372
sub-010073,ep05,3,2,350
sub-010073,ep05,5,2,956
sub-010073,ep05,7,2,1246
sub-010073,ep05,8,3,1328
sub-010073,ep05,10,3,1350
sub-010073,ep05,20,0,1418
sub-010073,ep05,30,0,1418
sub-010073,ep05,50,0,1418
sub-010073,ep05,100,0,1418
sub-010073,ep05,150,0,1418
sub-010073,ep05,200,0,1418
sub-010073,ep06,3,4,385
sub-010073,ep06,5,5,1137
sub-010073,ep06,7,4,1158
sub-010073,ep06,8,3,1179
sub-010073,ep06,10,0,1299
sub-010073,ep06,20,0,1299
sub-010073,ep06,30,0,1299
sub-010073,ep06,50,0,1299
sub-010073,ep06,100,0,1299
sub-010073,ep06,150,0,1299
sub-010073,ep06,200,0,1299
sub-010074,ep00,3,2,147
sub-010074,ep00,5,7,1396
sub-010074,ep00,7,2,1212
sub-010074,ep00,8,2,1677
sub-010074,ep00,10,2,1591
sub-010074,ep00,20,0,2231
sub-010074,ep00,30,0,2231
sub-010074,ep00,50,0,2231
sub-010074,ep00,100,0,2231
sub-010074,ep00,150,0,2231
sub-010074,ep00,200,0,2231
sub-010074,ep01,3,2,23
sub-010074,ep01,5,3,700
sub-010074,ep01,7,2,838
sub-010074,ep01,8,2,1343
sub-010074,ep01,10,2,1381
sub-010074,ep01,20,0,1530
sub-010074,ep01,30,0,1530
sub-010074,ep01,50,0,1530
sub-010074,ep01,100,0,1530
sub-010074,ep01,150,0,1530
sub-010074,ep01,200,0,1530
sub-010074,ep02,3,2,169
sub-010074,ep02,5,3,597
sub-010074,ep02,7,2,662
sub-010074,ep02,8,2,670
sub-010074,ep02,10,0,1348
sub-010074,ep02,20,0,1348
sub-010074,ep02,30,0,1348
sub-010074,ep02,50,0,1348
sub-010074,ep02,100,0,1348
sub-010074,ep02,150,0,1348
sub-010074,ep02,200,0,1348
sub-010074,ep03,3,4,149
sub-010074,ep03,5,2,446
sub-010074,ep03,7,4,949
sub-010074,ep03,8,2,956
sub-010074,ep03,10,2,947
sub-010074,ep03,20,2,1267
sub-010074,ep03,30,2,1291
sub-010074,ep03,50,0,1359
sub-010074,ep03,100,0,1359
sub-010074,ep03,150,0,1359
sub-010074,ep03,200,0,1359
sub-010074,ep04,3,3,185
sub-010074,ep04,5,5,851
sub-010074,ep04,7,2,769
sub-010074,ep04,8,2,1076
sub-010074,ep04,10,2,1090
sub-010074,ep04,20,0,1355
sub-010074,ep04,30,0,1355
sub-010074,ep04,50,0,1355
sub-010074,ep04,100,0,1355
sub-010074,ep04,150,0,1355
sub-010074,ep04,200,0,1355
sub-010074,ep05,3,4,158
sub-010074,ep05,5,2,550
sub-010074,ep05,7,3,1062
sub-010074,ep05,8,3,1003
sub-010074,ep05,10,2,960
sub-010074,ep05,20,0,1501
sub-010074,ep05,30,0,1501
sub-010074,ep05,50,0,1501
sub-010074,ep05,100,0,1501
sub-010074,ep05,150,0,1501
sub-010074,ep05,200,0,1501
sub-010074,ep06,3,2,29
sub-010074,ep06,5,4,797
sub-010074,ep06,7,3,802
sub-010074,ep06,8,2,836
sub-010074,ep06,10,2,863
sub-010074,ep06,20,2,1176
sub-010074,ep06,30,0,1242
sub-010074,ep06,50,0,1242
sub-010074,ep06,100,0,1242
sub-010074,ep06,150,0,1242
sub-010074,ep06,200,0,1242
sub-010075,ep00,3,6,416
sub-010075,ep00,5,3,845
sub-010075,ep00,7,3,1125
sub-010075,ep00,8,3,1089
sub-010075,ep00,10,3,1077
sub-010075,ep00,20,2,1038
sub-010075,ep00,30,2,1095
sub-010075,ep00,50,2,1017
sub-010075,ep00,100,0,1337
sub-010075,ep00,150,0,1337
sub-010075,ep00,200,0,1337
sub-010075,ep01,3,2,67
sub-010075,ep01,5,6,858
sub-010075,ep01,7,3,881
sub-010075,ep01,8,2,708
sub-010075,ep01,10,0,1320
sub-010075,ep01,20,0,1320
sub-010075,ep01,30,0,1320
sub-010075,ep01,50,0,1320
sub-010075,ep01,100,0,1320
sub-010075,ep01,150,0,1320
sub-010075,ep01,200,0,1320
sub-010075,ep02,3,4,208
sub-010075,ep02,5,2,244
sub-010075,ep02,7,3,719
sub-010075,ep02,8,2,756
sub-010075,ep02,10,2,1222
sub-010075,ep02,20,2,1283
sub-010075,ep02,30,0,1331
sub-010075,ep02,50,0,1331
sub-010075,ep02,100,0,1331
sub-010075,ep02,150,0,1331
sub-010075,ep02,200,0,1331
sub-010075,ep03,3,4,170
sub-010075,ep03,5,6,820
sub-010075,ep03,7,3,883
sub-010075,ep03,8,3,909
sub-010075,ep03,10,3,918
sub-010075,ep03,20,2,1276
sub-010075,ep03,30,0,1330
sub-010075,ep03,50,0,1330
sub-010075,ep03,100,0,1330
sub-010075,ep03,150,0,1330
sub-010075,ep03,200,0,1330
sub-010075,ep04,3,2,83
sub-010075,ep04,5,2,468
sub-010075,ep04,7,2,452
sub-010075,ep04,8,3,1252
sub-010075,ep04,10,2,1239
sub-010075,ep04,20,0,1301
sub-010075,ep04,30,0,1301
sub-010075,ep04,50,0,1301
sub-010075,ep04,100,0,1301
sub-010075,ep04,150,0,1301
sub-010075,ep04,200,0,1301
sub-010075,ep05,3,2,46
sub-010075,ep05,5,4,395
sub-010075,ep05,7,4,408
sub-010075,ep05,8,4,374
sub-010075,ep05,10,2,335
sub-010075,ep05,20,0,1316
sub-010075,ep05,30,0,1316
sub-010075,ep05,50,0,1316
sub-010075,ep05,100,0,1316
sub-010075,ep05,150,0,1316
sub-010075,ep05,200,0,1316
sub-010075,ep06,3,18,417
sub-010075,ep06,5,5,413
sub-010075,ep06,7,3,438
sub-010075,ep06,8,3,415
sub-010075,ep06,10,3,430
sub-010075,ep06,20,2,1108
sub-010075,ep06,30,2,1118
sub-010075,ep06,50,0,1190
sub-010075,ep06,100,0,1190
sub-010075,ep06,150,0,1190
sub-010075,ep06,200,0,1190
sub-010076,ep00,3,7,135
sub-010076,ep00,5,2,705
sub-010076,ep00,7,4,1692
sub-010076,ep00,8,2,1655
sub-010076,ep00,10,2,1690
sub-010076,ep00,20,0,1776
sub-010076,ep00,30,0,1776
sub-010076,ep00,50,0,1776
sub-010076,ep00,100,0,1776
sub-010076,ep00,150,0,1776
sub-010076,ep00,200,0,1776
sub-010076,ep01,3,3,34
sub-010076,ep01,5,3,1084
sub-010076,ep01,7,2,1304
sub-010076,ep01,8,2,1337
sub-010076,ep01,10,2,1396
sub-010076,ep01,20,2,1398
sub-010076,ep01,30,0,1468
sub-010076,ep01,50,0,1468
sub-010076,ep01,100,0,1468
sub-010076,ep01,150,0,1468
sub-010076,ep01,200,0,1468
sub-010076,ep02,3,2,80
sub-010076,ep02,5,2,976
sub-010076,ep02,7,4,1284
sub-010076,ep02,8,3,1296
sub-010076,ep02,10,3,1312
sub-010076,ep02,20,0,1393
sub-010076,ep02,30,0,1393
sub-010076,ep02,50,0,1393
sub-010076,ep02,100,0,1393
sub-010076,ep02,150,0,1393
sub-010076,ep02,200,0,1393
sub-010076,ep03,3,4,154
sub-010076,ep03,5,2,587
sub-010076,ep03,7,2,1257
sub-010076,ep03,8,2,1288
sub-010076,ep03,10,4,1383
sub-010076,ep03,20,0,1450
sub-010076,ep03,30,0,1450
sub-010076,ep03,50,0,1450
sub-010076,ep03,100,0,1450
sub-010076,ep03,150,0,1450
sub-010076,ep03,200,0,1450
sub-010076,ep04,3,5,66
sub-010076,ep04,5,2,987
sub-010076,ep04,7,2,1370
sub-010076,ep04,8,2,1382
sub-010076,ep04,10,2,1362
sub-010076,ep04,20,0,1436
sub-010076,ep04,30,0,1436
sub-010076,ep04,50,0,1436
sub-010076,ep04,100,0,1436
sub-010076,ep04,150,0,1436
sub-010076,ep04,200,0,1436
sub-010076,ep05,3,7,319
sub-010076,ep05,5,3,1412
sub-010076,ep05,7,3,1499
sub-010076,ep05,8,2,1526
sub-010076,ep05,10,2,1545
sub-010076,ep05,20,2,1579
sub-010076,ep05,30,0,1643
sub-010076,ep05,50,0,1643
sub-010076,ep05,100,0,1643
sub-010076,ep05,150,0,1643
sub-010076,ep05,200,0,1643
sub-010076,ep06,3,3,154
sub-010076,ep06,5,5,1077
sub-010076,ep06,7,3,1187
sub-010076,ep06,8,2,1207
sub-010076,ep06,10,2,1221
sub-010076,ep06,20,0,1276
sub-010076,ep06,30,0,1276
sub-010076,ep06,50,0,1276
sub-010076,ep06,100,0,1276
sub-010076,ep06,150,0,1276
sub-010076,ep06,200,0,1276
sub-010079,ep00,3,2,178
sub-010079,ep00,5,2,712
sub-010079,ep00,7,4,1391
sub-010079,ep00,8,3,1395
sub-010079,ep00,10,3,1444
sub-010079,ep00,20,2,1432
sub-010079,ep00,30,2,1440
sub-010079,ep00,50,0,1522
sub-010079,ep00,100,0,1522
sub-010079,ep00,150,0,1522
sub-010079,ep00,200,0,1522
sub-010079,ep01,3,2,35
sub-010079,ep01,5,3,1243
sub-010079,ep01,7,2,1392
sub-010079,ep01,8,2,1477
sub-010079,ep01,10,2,1419
sub-010079,ep01,20,2,1471
sub-010079,ep01,30,2,1450
sub-010079,ep01,50,0,1530
sub-010079,ep01,100,0,1530
sub-010079,ep01,150,0,1530
sub-010079,ep01,200,0,1530
sub-010079,ep02,3,7,443
sub-010079,ep02,5,3,1189
sub-010079,ep02,7,2,1226
sub-010079,ep02,8,2,1470
sub-010079,ep02,10,2,1433
sub-010079,ep02,20,2,1415
sub-010079,ep02,30,0,1517
sub-010079,ep02,50,0,1517
sub-010079,ep02,100,0,1517
sub-010079,ep02,150,0,1517
sub-010079,ep02,200,0,1517
sub-010079,ep03,3,2,113
sub-010079,ep03,5,2,1243
sub-010079,ep03,7,4,1395
sub-010079,ep03,8,5,1407
sub-010079,ep03,10,4,1402
sub-010079,ep03,20,2,1442
sub-010079,ep03,30,0,1522
sub-010079,ep03,50,0,1522
sub-010079,ep03,100,0,1522
sub-010079,ep03,150,0,1522
sub-010079,ep03,200,0,1522
sub-010079,ep04,3,2,143
sub-010079,ep04,5,2,938
sub-010079,ep04,7,3,1438
sub-010079,ep04,8,2,1382
sub-010079,ep04,10,2,1391
sub-010079,ep04,20,2,1428
sub-010079,ep04,30,0,1530
sub-010079,ep04,50,0,1530
sub-010079,ep04,100,0,1530
sub-010079,ep04,150,0,1530
sub-010079,ep04,200,0,1530
sub-010079,ep05,3,3,183
sub-010079,ep05,5,3,1280
sub-010079,ep05,7,2,1282
sub-010079,ep05,8,2,1269
sub-010079,ep05,10,2,1301
sub-010079,ep05,20,2,1441
sub-010079,ep05,30,0,1544
sub-010079,ep05,50,0,1544
sub-010079,ep05,100,0,1544
sub-010079,ep05,150,0,1544
sub-010079,ep05,200,0,1544
sub-010079,ep06,3,2,122
sub-010079,ep06,5,2,829
sub-010079,ep06,7,4,1353
sub-010079,ep06,8,3,1352
sub-010079,ep06,10,2,1329
sub-010079,ep06,20,0,1427
sub-010079,ep06,30,0,1427
sub-010079,ep06,50,0,1427
sub-010079,ep06,100,0,1427
sub-010079,ep06,150,0,1427
sub-010079,ep06,200,0,1427
sub-010080,ep00,3,2,33
sub-010080,ep00,5,3,859
sub-010080,ep00,7,2,948
sub-010080,ep00,8,3,1006
sub-010080,ep00,10,4,1139
sub-010080,ep00,20,2,1109
sub-010080,ep00,30,0,1297
sub-010080,ep00,50,0,1297
sub-010080,ep00,100,0,1297
sub-010080,ep00,150,0,1297
sub-010080,ep00,200,0,1297
sub-010080,ep01,3,7,275
sub-010080,ep01,5,2,793
sub-010080,ep01,7,4,1121
sub-010080,ep01,8,3,1143
sub-010080,ep01,10,2,1241
sub-010080,ep01,20,0,1315
sub-010080,ep01,30,0,1315
sub-010080,ep01,50,0,1315
sub-010080,ep01,100,0,1315
sub-010080,ep01,150,0,1315
sub-010080,ep01,200,0,1315
sub-010080,ep02,3,2,100
sub-010080,ep02,5,3,840
sub-010080,ep02,7,3,1158
sub-010080,ep02,8,4,1205
sub-010080,ep02,10,2,1174
sub-010080,ep02,20,0,1372
sub-010080,ep02,30,0,1372
sub-010080,ep02,50,0,1372
sub-010080,ep02,100,0,1372
sub-010080,ep02,150,0,1372
sub-010080,ep02,200,0,1372
sub-010080,ep03,3,2,17
sub-010080,ep03,5,10,987
sub-010080,ep03,7,4,1067
sub-010080,ep03,8,2,955
sub-010080,ep03,10,2,993
sub-010080,ep03,20,0,1352
sub-010080,ep03,30,2,1099
sub-010080,ep03,50,0,1352
sub-010080,ep03,100,0,1352
sub-010080,ep03,150,0,1352
sub-010080,ep03,200,0,1352
sub-010080,ep04,3,2,212
sub-010080,ep04,5,4,891
sub-010080,ep04,7,2,1267
sub-010080,ep04,8,3,1143
sub-010080,ep04,10,0,1424
sub-010080,ep04,20,0,1424
sub-010080,ep04,30,0,1424
sub-010080,ep04,50,0,1424
sub-010080,ep04,100,0,1424
sub-010080,ep04,150,0,1424
sub-010080,ep04,200,0,1424
sub-010080,ep05,3,2,122
sub-010080,ep05,5,4,737
sub-010080,ep05,7,2,778
sub-010080,ep05,8,3,1248
sub-010080,ep05,10,2,1105
sub-010080,ep05,20,0,1516
sub-010080,ep05,30,0,1516
sub-010080,ep05,50,0,1516
sub-010080,ep05,100,0,1516
sub-010080,ep05,150,0,1516
sub-010080,ep05,200,0,1516
sub-010080,ep06,3,2,12
sub-010080,ep06,5,4,657
sub-010080,ep06,7,2,689
sub-010080,ep06,8,2,718
sub-010080,ep06,10,2,800
sub-010080,ep06,20,2,798
sub-010080,ep06,30,2,816
sub-010080,ep06,50,2,767
sub-010080,ep06,100,2,736
sub-010080,ep06,150,0,1157
sub-010080,ep06,200,0,1157
sub-010081,ep00,3,3,56
sub-010081,ep00,5,2,181
sub-010081,ep00,7,2,1524
sub-010081,ep00,8,2,1563
sub-010081,ep00,10,2,1562
sub-010081,ep00,20,2,1606
sub-010081,ep00,30,0,1696
sub-010081,ep00,50,0,1696
sub-010081,ep00,100,0,1696
sub-010081,ep00,150,0,1696
sub-010081,ep00,200,0,1696
sub-010081,ep01,3,8,218
sub-010081,ep01,5,2,703
sub-010081,ep01,7,2,1444
sub-010081,ep01,8,2,1456
sub-010081,ep01,10,2,1528
sub-010081,ep01,20,0,1618
sub-010081,ep01,30,2,1517
sub-010081,ep01,50,0,1618
sub-010081,ep01,100,0,1618
sub-010081,ep01,150,0,1618
sub-010081,ep01,200,0,1618
sub-010081,ep02,3,11,240
sub-010081,ep02,5,2,1317
sub-010081,ep02,7,2,1399
sub-010081,ep02,8,2,1509
sub-010081,ep02,10,2,1527
sub-010081,ep02,20,2,1536
sub-010081,ep02,30,2,1547
sub-010081,ep02,50,0,1626
sub-010081,ep02,100,0,1626
sub-010081,ep02,150,0,1626
sub-010081,ep02,200,0,1626
sub-010081,ep03,3,2,123
sub-010081,ep03,5,2,590
sub-010081,ep03,7,2,1487
sub-010081,ep03,8,2,1487
sub-010081,ep03,10,2,1495
sub-010081,ep03,20,2,1506
sub-010081,ep03,30,2,1485
sub-010081,ep03,50,0,1584
sub-010081,ep03,100,0,1584
sub-010081,ep03,150,0,1584
sub-010081,ep03,200,0,1584
sub-010081,ep04,3,2,71
sub-010081,ep04,5,2,1341
sub-010081,ep04,7,2,1411
sub-010081,ep04,8,2,1483
sub-010081,ep04,10,2,1500
sub-010081,ep04,20,2,1547
sub-010081,ep04,30,0,1592
sub-010081,ep04,50,0,1592
sub-010081,ep04,100,0,1592
sub-010081,ep04,150,0,1592
sub-010081,ep04,200,0,1592
sub-010081,ep05,3,9,273
sub-010081,ep05,5,2,660
sub-010081,ep05,7,3,1971
sub-010081,ep05,8,3,2003
sub-010081,ep05,10,2,1965
sub-010081,ep05,20,2,2066
sub-010081,ep05,30,2,2075
sub-010081,ep05,50,2,2059
sub-010081,ep05,100,0,2217
sub-010081,ep05,150,0,2217
sub-010081,ep05,200,0,2217
sub-010081,ep06,3,15,457
sub-010081,ep06,5,2,322
sub-010081,ep06,7,2,1271
sub-010081,ep06,8,3,1315
sub-010081,ep06,10,2,1315
sub-010081,ep06,20,2,1340
sub-010081,ep06,30,2,1342
sub-010081,ep06,50,0,1434
sub-010081,ep06,100,0,1434
sub-010081,ep06,150,0,1434
sub-010081,ep06,200,0,1434
sub-010083,ep00,3,2,122
sub-010083,ep00,5,2,937
sub-010083,ep00,7,2,1046
sub-010083,ep00,8,2,1032
sub-010083,ep00,10,3,1256
sub-010083,ep00,20,0,1408
sub-010083,ep00,30,0,1408
sub-010083,ep00,50,0,1408
sub-010083,ep00,100,0,1408
sub-010083,ep00,150,0,1408
sub-010083,ep00,200,0,1408
sub-010083,ep01,3,2,66
sub-010083,ep01,5,2,960
sub-010083,ep01,7,2,1211
sub-010083,ep01,8,2,1127
sub-010083,ep01,10,2,1189
sub-010083,ep01,20,2,1336
sub-010083,ep01,30,2,1274
sub-010083,ep01,50,0,1430
sub-010083,ep01,100,0,1430
sub-010083,ep01,150,0,1430
sub-010083,ep01,200,0,1430
sub-010083,ep02,3,70,1041
sub-010083,ep02,5,3,1044
sub-010083,ep02,7,2,1169
sub-010083,ep02,8,2,1184
sub-010083,ep02,10,2,1334
sub-010083,ep02,20,0,1404
sub-010083,ep02,30,0,1404
sub-010083,ep02,50,0,1404
sub-010083,ep02,100,0,1404
sub-010083,ep02,150,0,1404
sub-010083,ep02,200,0,1404
sub-010083,ep03,3,5,229
sub-010083,ep03,5,13,1211
sub-010083,ep03,7,2,1086
sub-010083,ep03,8,2,1096
sub-010083,ep03,10,3,1332
sub-010083,ep03,20,0,1400
sub-010083,ep03,30,0,1400
sub-010083,ep03,50,0,1400
sub-010083,ep03,100,0,1400
sub-010083,ep03,150,0,1400
sub-010083,ep03,200,0,1400
sub-010083,ep04,3,2,135
sub-010083,ep04,5,5,864
sub-010083,ep04,7,2,957
sub-010083,ep04,8,3,1247
sub-010083,ep04,10,2,1313
sub-010083,ep04,20,2,1304
sub-010083,ep04,30,2,1327
sub-010083,ep04,50,0,1416
sub-010083,ep04,100,0,1416
sub-010083,ep04,150,0,1416
sub-010083,ep04,200,0,1416
sub-010083,ep05,3,2,104
sub-010083,ep05,5,7,1145
sub-010083,ep05,7,3,1054
sub-010083,ep05,8,2,1105
sub-010083,ep05,10,3,1216
sub-010083,ep05,20,2,1177
sub-010083,ep05,30,2,1148
sub-010083,ep05,50,2,1201
sub-010083,ep05,100,0,1431
sub-010083,ep05,150,0,1431
sub-010083,ep05,200,0,1431
sub-010083,ep06,3,3,57
sub-010083,ep06,5,2,792
sub-010083,ep06,7,2,1008
sub-010083,ep06,8,3,1146
sub-010083,ep06,10,3,1158
sub-010083,ep06,20,2,1162
sub-010083,ep06,30,0,1299
sub-010083,ep06,50,0,1299
sub-010083,ep06,100,0,1299
sub-010083,ep06,150,0,1299
sub-010083,ep06,200,0,1299
sub-010084,ep00,3,2,236
sub-010084,ep00,5,3,764
sub-010084,ep00,7,2,672
sub-010084,ep00,8,2,1024
sub-010084,ep00,10,2,1082
sub-010084,ep00,20,2,969
sub-010084,ep00,30,2,962
sub-010084,ep00,50,2,934
sub-010084,ep00,100,2,919
sub-010084,ep00,150,0,1321
sub-010084,ep00,200,0,1321
sub-010084,ep01,3,5,280
sub-010084,ep01,5,7,1053
sub-010084,ep01,7,3,1040
sub-010084,ep01,8,3,1069
sub-010084,ep01,10,2,1092
sub-010084,ep01,20,2,1029
sub-010084,ep01,30,2,971
sub-010084,ep01,50,2,1069
sub-010084,ep01,100,0,1364
sub-010084,ep01,150,0,1364
sub-010084,ep01,200,0,1364
sub-010084,ep02,3,4,177
sub-010084,ep02,5,2,1026
sub-010084,ep02,7,2,973
sub-010084,ep02,8,2,1019
sub-010084,ep02,10,2,1063
sub-010084,ep02,20,2,1055
sub-010084,ep02,30,2,1050
sub-010084,ep02,50,2,1022
sub-010084,ep02,100,0,1434
sub-010084,ep02,150,0,1434
sub-010084,ep02,200,0,1434
sub-010084,ep03,3,3,162
sub-010084,ep03,5,2,864
sub-010084,ep03,7,2,969
sub-010084,ep03,8,2,937
sub-010084,ep03,10,2,913
sub-010084,ep03,20,2,862
sub-010084,ep03,30,2,941
sub-010084,ep03,50,2,938
sub-010084,ep03,100,0,1291
sub-010084,ep03,150,0,1291
sub-010084,ep03,200,0,1291
sub-010084,ep04,3,2,213
sub-010084,ep04,5,4,1236
sub-010084,ep04,7,2,1012
sub-010084,ep04,8,2,1078
sub-010084,ep04,10,2,1177
sub-010084,ep04,20,2,1152
sub-010084,ep04,30,2,1123
sub-010084,ep04,50,2,1150
sub-010084,ep04,100,2,1160
sub-010084,ep04,150,0,1655
sub-010084,ep04,200,0,1655
sub-010084,ep05,3,2,101
sub-010084,ep05,5,6,1426
sub-010084,ep05,7,2,1487
sub-010084,ep05,8,2,1471
sub-010084,ep05,10,2,1463
sub-010084,ep05,20,2,1350
sub-010084,ep05,30,2,1296
sub-010084,ep05,50,2,1350
sub-010084,ep05,100,0,1646
sub-010084,ep05,150,0,1646
sub-010084,ep05,200,0,1646
sub-010085,ep00,3,3,49
sub-010085,ep00,5,2,1449
sub-010085,ep00,7,3,1735
sub-010085,ep00,8,2,1751
sub-010085,ep00,10,2,1763
sub-010085,ep00,20,2,1783
sub-010085,ep00,30,0,1841
sub-010085,ep00,50,0,1841
sub-010085,ep00,100,0,1841
sub-010085,ep00,150,0,1841
sub-010085,ep00,200,0,1841
sub-010085,ep01,3,3,157
sub-010085,ep01,5,2,976
sub-010085,ep01,7,2,1713
sub-010085,ep01,8,2,1720
sub-010085,ep01,10,2,1736
sub-010085,ep01,20,0,1770
sub-010085,ep01,30,0,1770
sub-010085,ep01,50,0,1770
sub-010085,ep01,100,0,1770
sub-010085,ep01,150,0,1770
sub-010085,ep01,200,0,1770
sub-010085,ep02,3,2,173
sub-010085,ep02,5,2,1115
sub-010085,ep02,7,2,1654
sub-010085,ep02,8,2,1663
sub-010085,ep02,10,2,1672
sub-010085,ep02,20,2,1691
sub-010085,ep02,30,0,1754
sub-010085,ep02,50,0,1754
sub-010085,ep02,100,0,1754
sub-010085,ep02,150,0,1754
sub-010085,ep02,200,0,1754
sub-010085,ep03,3,2,107
sub-010085,ep03,5,7,1609
sub-010085,ep03,7,3,1622
sub-010085,ep03,8,3,1638
sub-010085,ep03,10,2,1638
sub-010085,ep03,20,2,1682
sub-010085,ep03,30,0,1744
sub-010085,ep03,50,0,1744
sub-010085,ep03,100,0,1744
sub-010085,ep03,150,0,1744
sub-010085,ep03,200,0,1744
sub-010085,ep04,3,3,267
sub-010085,ep04,5,5,1638
sub-010085,ep04,7,2,1590
sub-010085,ep04,8,3,1725
sub-010085,ep04,10,2,1736
sub-010085,ep04,20,0,1773
sub-010085,ep04,30,0,1773
sub-010085,ep04,50,0,1773
sub-010085,ep04,100,0,1773
sub-010085,ep04,150,0,1773
sub-010085,ep04,200,0,1773
sub-010085,ep05,3,3,259
sub-010085,ep05,5,2,1389
sub-010085,ep05,7,2,1442
sub-010085,ep05,8,2,1458
sub-010085,ep05,10,2,1509
sub-010085,ep05,20,2,1527
sub-010085,ep05,30,0,1593
sub-010085,ep05,50,0,1593
sub-010085,ep05,100,0,1593
sub-010085,ep05,150,0,1593
sub-010085,ep05,200,0,1593
sub-010085,ep06,3,2,374
sub-010085,ep06,5,2,1108
sub-010085,ep06,7,3,1327
sub-010085,ep06,8,2,1341
sub-010085,ep06,10,2,1356
sub-010085,ep06,20,2,1341
sub-010085,ep06,30,0,1412
sub-010085,ep06,50,0,1412
sub-010085,ep06,100,0,1412
sub-010085,ep06,150,0,1412
sub-010085,ep06,200,0,1412
sub-010086,ep00,3,2,119
sub-010086,ep00,5,2,390
sub-010086,ep00,7,2,869
sub-010086,ep00,8,3,1355
sub-010086,ep00,10,2,1384
sub-010086,ep00,20,0,1425
sub-010086,ep00,30,0,1425
sub-010086,ep00,50,0,1425
sub-010086,ep00,100,0,1425
sub-010086,ep00,150,0,1425
sub-010086,ep00,200,0,1425
sub-010086,ep01,3,8,181
sub-010086,ep01,5,3,289
sub-010086,ep01,7,2,1369
sub-010086,ep01,8,3,1478
sub-010086,ep01,10,0,1515
sub-010086,ep01,20,0,1515
sub-010086,ep01,30,0,1515
sub-010086,ep01,50,0,1515
sub-010086,ep01,100,0,1515
sub-010086,ep01,150,0,1515
sub-010086,ep01,200,0,1515
sub-010086,ep02,3,4,84
sub-010086,ep02,5,3,1098
sub-010086,ep02,7,2,1506
sub-010086,ep02,8,2,1479
sub-010086,ep02,10,2,1499
sub-010086,ep02,20,0,1599
sub-010086,ep02,30,0,1599
sub-010086,ep02,50,0,1599
sub-010086,ep02,100,0,1599
sub-010086,ep02,150,0,1599
sub-010086,ep02,200,0,1599
sub-010086,ep03,3,6,89
sub-010086,ep03,5,5,1129
sub-010086,ep03,7,3,1154
sub-010086,ep03,8,2,1149
sub-010086,ep03,10,2,1418
sub-010086,ep03,20,2,1418
sub-010086,ep03,30,0,1485
sub-010086,ep03,50,0,1485
sub-010086,ep03,100,0,1485
sub-010086,ep03,150,0,1485
sub-010086,ep03,200,0,1485
sub-010086,ep04,3,8,305
sub-010086,ep04,5,2,813
sub-010086,ep04,7,2,1135
sub-010086,ep04,8,2,1234
sub-010086,ep04,10,0,1331
sub-010086,ep04,20,0,1331
sub-010086,ep04,30,0,1331
sub-010086,ep04,50,0,1331
sub-010086,ep04,100,0,1331
sub-010086,ep04,150,0,1331
sub-010086,ep04,200,0,1331
sub-010086,ep05,3,2,188
sub-010086,ep05,5,3,808
sub-010086,ep05,7,3,1300
sub-010086,ep05,8,2,1189
sub-010086,ep05,10,2,1278
sub-010086,ep05,20,0,1336
sub-010086,ep05,30,0,1336
sub-010086,ep05,50,0,1336
sub-010086,ep05,100,0,1336
sub-010086,ep05,150,0,1336
sub-010086,ep05,200,0,1336
sub-010086,ep06,3,4,86
sub-010086,ep06,5,7,850
sub-010086,ep06,7,6,940
sub-010086,ep06,8,4,974
sub-010086,ep06,10,3,922
sub-010086,ep06,20,2,982
sub-010086,ep06,30,2,966
sub-010086,ep06,50,2,920
sub-010086,ep06,100,0,1232
sub-010086,ep06,150,0,1232
sub-010086,ep06,200,0,1232
sub-010088,ep00,3,13,682
sub-010088,ep00,5,4,1190
sub-010088,ep00,7,2,1274
sub-010088,ep00,8,2,1279
sub-010088,ep00,10,2,1361
sub-010088,ep00,20,2,1419
sub-010088,ep00,30,2,1415
sub-010088,ep00,50,2,1395
sub-010088,ep00,100,0,1604
sub-010088,ep00,150,0,1604
sub-010088,ep00,200,0,1604
sub-010088,ep01,3,3,197
sub-010088,ep01,5,2,1720
sub-010088,ep01,7,4,1947
sub-010088,ep01,8,3,1977
sub-010088,ep01,10,2,1971
sub-010088,ep01,20,2,2049
sub-010088,ep01,30,2,2063
sub-010088,ep01,50,0,2148
sub-010088,ep01,100,0,2148
sub-010088,ep01,150,0,2148
sub-010088,ep01,200,0,2148
sub-010088,ep02,3,2,107
sub-010088,ep02,5,2,953
sub-010088,ep02,7,2,1517
sub-010088,ep02,8,2,1543
sub-010088,ep02,10,2,1553
sub-010088,ep02,20,2,1514
sub-010088,ep02,30,2,1508
sub-010088,ep02,50,2,1551
sub-010088,ep02,100,0,1783
sub-010088,ep02,150,0,1783
sub-010088,ep02,200,0,1783
sub-010088,ep03,3,3,264
sub-010088,ep03,5,2,408
sub-010088,ep03,7,2,1316
sub-010088,ep03,8,2,1345
sub-010088,ep03,10,2,1366
sub-010088,ep03,20,2,1353
sub-010088,ep03,30,2,1442
sub-010088,ep03,50,2,1451
sub-010088,ep03,100,0,1588
sub-010088,ep03,150,0,1588
sub-010088,ep03,200,0,1588
sub-010088,ep04,3,2,56
sub-010088,ep04,5,2,585
sub-010088,ep04,7,2,1373
sub-010088,ep04,8,2,1301
sub-010088,ep04,10,2,1333
sub-010088,ep04,20,2,1409
sub-010088,ep04,30,2,1464
sub-010088,ep04,50,2,1504
sub-010088,ep04,100,2,1532
sub-010088,ep04,150,0,1775
sub-010088,ep04,200,0,1775
sub-010088,ep05,3,4,493
sub-010088,ep05,5,4,1242
sub-010088,ep05,7,2,1253
sub-010088,ep05,8,2,1316
sub-010088,ep05,10,2,1406
sub-010088,ep05,20,2,1424
sub-010088,ep05,30,2,1418
sub-010088,ep05,50,2,1402
sub-010088,ep05,100,2,1454
sub-010088,ep05,150,0,1739
sub-010088,ep05,200,0,1739
sub-010088,ep06,3,2,60
sub-010088,ep06,5,2,984
sub-010088,ep06,7,2,1056
sub-010088,ep06,8,2,1084
sub-010088,ep06,10,2,1139
sub-010088,ep06,20,2,1139
sub-010088,ep06,30,2,1169
sub-010088,ep06,50,2,1246
sub-010088,ep06,100,0,1448
sub-010088,ep06,150,0,1448
sub-010088,ep06,200,0,1448
sub-010089,ep00,3,2,168
sub-010089,ep00,5,2,840
sub-010089,ep00,7,2,1628
sub-010089,ep00,8,2,1686
sub-010089,ep00,10,0,1709
sub-010089,ep00,20,0,1709
sub-010089,ep00,30,0,1709
sub-010089,ep00,50,0,1709
sub-010089,ep00,100,0,1709
sub-010089,ep00,150,0,1709
sub-010089,ep00,200,0,1709
sub-010089,ep01,3,3,30
sub-010089,ep01,5,2,50
sub-010089,ep01,7,2,1712
sub-010089,ep01,8,2,1711
sub-010089,ep01,10,2,1721
sub-010089,ep01,20,0,1771
sub-010089,ep01,30,0,1771
sub-010089,ep01,50,0,1771
sub-010089,ep01,100,0,1771
sub-010089,ep01,150,0,1771
sub-010089,ep01,200,0,1771
sub-010089,ep02,3,2,59
sub-010089,ep02,5,2,1317
sub-010089,ep02,7,2,1776
sub-010089,ep02,8,2,1763
sub-010089,ep02,10,2,1802
sub-010089,ep02,20,0,1859
sub-010089,ep02,30,0,1859
sub-010089,ep02,50,0,1859
sub-010089,ep02,100,0,1859
sub-010089,ep02,150,0,1859
sub-010089,ep02,200,0,1859
sub-010089,ep03,3,2,20
sub-010089,ep03,5,2,858
sub-010089,ep03,7,2,1824
sub-010089,ep03,8,2,1843
sub-010089,ep03,10,0,1901
sub-010089,ep03,20,0,1901
sub-010089,ep03,30,0,1901
sub-010089,ep03,50,0,1901
sub-010089,ep03,100,0,1901
sub-010089,ep03,150,0,1901
sub-010089,ep03,200,0,1901
sub-010089,ep04,3,2,100
sub-010089,ep04,5,2,1239
sub-010089,ep04,7,2,1314
sub-010089,ep04,8,2,1817
sub-010089,ep04,10,2,1868
sub-010089,ep04,20,0,1911
sub-010089,ep04,30,0,1911
sub-010089,ep04,50,0,1911
sub-010089,ep04,100,0,1911
sub-010089,ep04,150,0,1911
sub-010089,ep04,200,0,1911
sub-010089,ep05,3,2,112
sub-010089,ep05,5,2,945
sub-010089,ep05,7,2,825
sub-010089,ep05,8,3,1728
sub-010089,ep05,10,2,1747
sub-010089,ep05,20,2,1728
sub-010089,ep05,30,0,1798
sub-010089,ep05,50,0,1798
sub-010089,ep05,100,0,1798
sub-010089,ep05,150,0,1798
sub-010089,ep05,200,0,1798
sub-010090,ep00,3,2,42
sub-010090,ep00,5,2,726
sub-010090,ep00,7,3,1419
sub-010090,ep00,8,2,1457
sub-010090,ep00,10,2,1467
sub-010090,ep00,20,0,1543
sub-010090,ep00,30,0,1543
sub-010090,ep00,50,0,1543
sub-010090,ep00,100,0,1543
sub-010090,ep00,150,0,1543
sub-010090,ep00,200,0,1543
sub-010090,ep01,3,2,184
sub-010090,ep01,5,2,957
sub-010090,ep01,7,2,1378
sub-010090,ep01,8,2,1422
sub-010090,ep01,10,3,1428
sub-010090,ep01,20,0,1526
sub-010090,ep01,30,0,1526
sub-010090,ep01,50,0,1526
sub-010090,ep01,100,0,1526
sub-010090,ep01,150,0,1526
sub-010090,ep01,200,0,1526
sub-010090,ep02,3,3,148
sub-010090,ep02,5,2,966
sub-010090,ep02,7,4,1435
sub-010090,ep02,8,4,1444
sub-010090,ep02,10,2,1454
sub-010090,ep02,20,0,1505
sub-010090,ep02,30,0,1505
sub-010090,ep02,50,0,1505
sub-010090,ep02,100,0,1505
sub-010090,ep02,150,0,1505
sub-010090,ep02,200,0,1505
sub-010090,ep03,3,6,360
sub-010090,ep03,5,7,1403
sub-010090,ep03,7,2,1199
sub-010090,ep03,8,2,1534
sub-010090,ep03,10,2,1502
sub-010090,ep03,20,2,1510
sub-010090,ep03,30,0,1612
sub-010090,ep03,50,0,1612
sub-010090,ep03,100,0,1612
sub-010090,ep03,150,0,1612
sub-010090,ep03,200,0,1612
sub-010090,ep04,3,2,98
sub-010090,ep04,5,2,877
sub-010090,ep04,7,6,1376
sub-010090,ep04,8,3,1372
sub-010090,ep04,10,2,1374
sub-010090,ep04,20,2,1394
sub-010090,ep04,30,0,1478
sub-010090,ep04,50,0,1478
sub-010090,ep04,100,0,1478
sub-010090,ep04,150,0,1478
sub-010090,ep04,200,0,1478
sub-010090,ep05,3,3,207
sub-010090,ep05,5,4,952
sub-010090,ep05,7,2,1395
sub-010090,ep05,8,3,1428
sub-010090,ep05,10,2,1431
sub-010090,ep05,20,2,1455
sub-010090,ep05,30,0,1553
sub-010090,ep05,50,0,1553
sub-010090,ep05,100,0,1553
sub-010090,ep05,150,0,1553
sub-010090,ep05,200,0,1553
sub-010090,ep06,3,5,335
sub-010090,ep06,5,2,966
sub-010090,ep06,7,4,1248
sub-010090,ep06,8,2,1232
sub-010090,ep06,10,3,1245
sub-010090,ep06,20,2,1335
sub-010090,ep06,30,0,1381
sub-010090,ep06,50,0,1381
sub-010090,ep06,100,0,1381
sub-010090,ep06,150,0,1381
sub-010090,ep06,200,0,1381
sub-010091,ep00,3,2,145
sub-010091,ep00,5,2,748
sub-010091,ep00,7,4,1054
sub-010091,ep00,8,3,1038
sub-010091,ep00,10,3,1086
sub-010091,ep00,20,2,1108
sub-010091,ep00,30,2,1086
sub-010091,ep00,50,0,1308
sub-010091,ep00,100,0,1308
sub-010091,ep00,150,0,1308
sub-010091,ep00,200,0,1308
sub-010091,ep01,3,2,78
sub-010091,ep01,5,5,1001
sub-010091,ep01,7,2,1089
sub-010091,ep01,8,2,1111
sub-010091,ep01,10,3,1291
sub-010091,ep01,20,2,1275
sub-010091,ep01,30,0,1363
sub-010091,ep01,50,0,1363
sub-010091,ep01,100,0,1363
sub-010091,ep01,150,0,1363
sub-010091,ep01,200,0,1363
sub-010091,ep02,3,2,157
sub-010091,ep02,5,2,1037
sub-010091,ep02,7,3,1327
sub-010091,ep02,8,2,1534
sub-010091,ep02,10,2,1525
sub-010091,ep02,20,0,1583
sub-010091,ep02,30,0,1583
sub-010091,ep02,50,0,1583
sub-010091,ep02,100,0,1583
sub-010091,ep02,150,0,1583
sub-010091,ep02,200,0,1583
sub-010091,ep03,3,2,8
sub-010091,ep03,5,2,687
sub-010091,ep03,7,2,1292
sub-010091,ep03,8,2,1306
sub-010091,ep03,10,2,1439
sub-010091,ep03,20,0,1606
sub-010091,ep03,30,0,1606
sub-010091,ep03,50,0,1606
sub-010091,ep03,100,0,1606
sub-010091,ep03,150,0,1606
sub-010091,ep03,200,0,1606
sub-010091,ep04,3,2,129
sub-010091,ep04,5,2,686
sub-010091,ep04,7,2,659
sub-010091,ep04,8,2,646
sub-010091,ep04,10,2,1466
sub-010091,ep04,20,0,1505
sub-010091,ep04,30,0,1505
sub-010091,ep04,50,0,1505
sub-010091,ep04,100,0,1505
sub-010091,ep04,150,0,1505
sub-010091,ep04,200,0,1505
sub-010091,ep05,3,2,21
sub-010091,ep05,5,5,1007
sub-010091,ep05,7,2,1256
sub-010091,ep05,8,2,1133
sub-010091,ep05,10,2,1330
sub-010091,ep05,20,0,1366
sub-010091,ep05,30,0,1366
sub-010091,ep05,50,0,1366
sub-010091,ep05,100,0,1366
sub-010091,ep05,150,0,1366
sub-010091,ep05,200,0,1366
sub-010091,ep06,3,4,90
sub-010091,ep06,5,2,310
sub-010091,ep06,7,0,1222
sub-010091,ep06,8,0,1222
sub-010091,ep06,10,0,1222
sub-010091,ep06,20,0,1222
sub-010091,ep06,30,0,1222
sub-010091,ep06,50,0,1222
sub-010091,ep06,100,0,1222
sub-010091,ep06,150,0,1222
sub-010091,ep06,200,0,1222
sub-010092,ep00,3,2,143
sub-010092,ep00,5,7,1441
sub-010092,ep00,7,6,1482
sub-010092,ep00,8,4,1484
sub-010092,ep00,10,3,1528
sub-010092,ep00,20,2,1517
sub-010092,ep00,30,0,1579
sub-010092,ep00,50,0,1579
sub-010092,ep00,100,0,1579
sub-010092,ep00,150,0,1579
sub-010092,ep00,200,0,1579
sub-010092,ep01,3,24,705
sub-010092,ep01,5,4,774
sub-010092,ep01,7,2,1383
sub-010092,ep01,8,3,1394
sub-010092,ep01,10,3,1418
sub-010092,ep01,20,0,1473
sub-010092,ep01,30,0,1473
sub-010092,ep01,50,0,1473
sub-010092,ep01,100,0,1473
sub-010092,ep01,150,0,1473
sub-010092,ep01,200,0,1473
sub-010092,ep02,3,2,91
sub-010092,ep02,5,3,971
sub-010092,ep02,7,2,1482
sub-010092,ep02,8,0,1538
sub-010092,ep02,10,2,1513
sub-010092,ep02,20,0,1538
sub-010092,ep02,30,0,1538
sub-010092,ep02,50,0,1538
sub-010092,ep02,100,0,1538
sub-010092,ep02,150,0,1538
sub-010092,ep02,200,0,1538
sub-010092,ep03,3,2,119
sub-010092,ep03,5,3,583
sub-010092,ep03,7,2,1555
sub-010092,ep03,8,0,1601
sub-010092,ep03,10,0,1601
sub-010092,ep03,20,0,1601
sub-010092,ep03,30,0,1601
sub-010092,ep03,50,0,1601
sub-010092,ep03,100,0,1601
sub-010092,ep03,150,0,1601
sub-010092,ep03,200,0,1601
sub-010092,ep04,3,2,150
sub-010092,ep04,5,3,907
sub-010092,ep04,7,2,1434
sub-010092,ep04,8,2,1478
sub-010092,ep04,10,2,1517
sub-010092,ep04,20,0,1558
sub-010092,ep04,30,0,1558
sub-010092,ep04,50,0,1558
sub-010092,ep04,100,0,1558
sub-010092,ep04,150,0,1558
sub-010092,ep04,200,0,1558
sub-010092,ep05,3,4,191
sub-010092,ep05,5,6,1170
sub-010092,ep05,7,4,1431
sub-010092,ep05,8,3,1443
sub-010092,ep05,10,3,1434
sub-010092,ep05,20,2,1471
sub-010092,ep05,30,0,1514
sub-010092,ep05,50,0,1514
sub-010092,ep05,100,0,1514
sub-010092,ep05,150,0,1514
sub-010092,ep05,200,0,1514
sub-010093,ep00,3,2,19
sub-010093,ep00,5,7,1227
sub-010093,ep00,7,3,1234
sub-010093,ep00,8,2,1229
sub-010093,ep00,10,2,1254
sub-010093,ep00,20,0,1309
sub-010093,ep00,30,0,1309
sub-010093,ep00,50,0,1309
sub-010093,ep00,100,0,1309
sub-010093,ep00,150,0,1309
sub-010093,ep00,200,0,1309
sub-010093,ep01,3,2,22
sub-010093,ep01,5,4,1245
sub-010093,ep01,7,2,1243
sub-010093,ep01,8,2,1242
sub-010093,ep01,10,2,1264
sub-010093,ep01,20,0,1310
sub-010093,ep01,30,0,1310
sub-010093,ep01,50,0,1310
sub-010093,ep01,100,0,1310
sub-010093,ep01,150,0,1310
sub-010093,ep01,200,0,1310
sub-010093,ep02,3,2,2
sub-010093,ep02,5,2,1172
sub-010093,ep02,7,2,1200
sub-010093,ep02,8,2,1257
sub-010093,ep02,10,2,1271
sub-010093,ep02,20,0,1304
sub-010093,ep02,30,0,1304
sub-010093,ep02,50,0,1304
sub-010093,ep02,100,0,1304
sub-010093,ep02,150,0,1304
sub-010093,ep02,200,0,1304
sub-010093,ep03,3,2,14
sub-010093,ep03,5,2,1194
sub-010093,ep03,7,2,1016
sub-010093,ep03,8,2,1292
sub-010093,ep03,10,2,1373
sub-010093,ep03,20,0,1412
sub-010093,ep03,30,0,1412
sub-010093,ep03,50,0,1412
sub-010093,ep03,100,0,1412
sub-010093,ep03,150,0,1412
sub-010093,ep03,200,0,1412
sub-010093,ep04,3,2,228
sub-010093,ep04,5,4,1258
sub-010093,ep04,7,2,1257
sub-010093,ep04,8,2,1243
sub-010093,ep04,10,2,1280
sub-010093,ep04,20,0,1340
sub-010093,ep04,30,0,1340
sub-010093,ep04,50,0,1340
sub-010093,ep04,100,0,1340
sub-010093,ep04,150,0,1340
sub-010093,ep04,200,0,1340
sub-010093,ep05,3,4,60
sub-010093,ep05,5,3,1202
sub-010093,ep05,7,3,1242
sub-010093,ep05,8,2,1257
sub-010093,ep05,10,2,1244
sub-010093,ep05,20,2,1254
sub-010093,ep05,30,0,1328
sub-010093,ep05,50,0,1328
sub-010093,ep05,100,0,1328
sub-010093,ep05,150,0,1328
sub-010093,ep05,200,0,1328
sub-010093,ep06,3,6,367
sub-010093,ep06,5,4,1089
sub-010093,ep06,7,2,1169
sub-010093,ep06,8,2,1141
sub-010093,ep06,10,0,1206
sub-010093,ep06,20,0,1206
sub-010093,ep06,30,0,1206
sub-010093,ep06,50,0,1206
sub-010093,ep06,100,0,1206
sub-010093,ep06,150,0,1206
sub-010093,ep06,200,0,1206
sub-010094,ep00,3,2,12
sub-010094,ep00,5,2,418
sub-010094,ep00,7,2,1144
sub-010094,ep00,8,2,1126
sub-010094,ep00,10,2,1126
sub-010094,ep00,20,2,1597
sub-010094,ep00,30,0,1646
sub-010094,ep00,50,0,1646
sub-010094,ep00,100,0,1646
sub-010094,ep00,150,0,1646
sub-010094,ep00,200,0,1646
sub-010094,ep01,3,2,26
sub-010094,ep01,5,3,523
sub-010094,ep01,7,2,330
sub-010094,ep01,8,2,312
sub-010094,ep01,10,2,1521
sub-010094,ep01,20,2,1505
sub-010094,ep01,30,0,1594
sub-010094,ep01,50,0,1594
sub-010094,ep01,100,0,1594
sub-010094,ep01,150,0,1594
sub-010094,ep01,200,0,1594
sub-010094,ep02,3,3,145
sub-010094,ep02,5,2,143
sub-010094,ep02,7,2,1613
sub-010094,ep02,8,2,1615
sub-010094,ep02,10,2,1641
sub-010094,ep02,20,2,1648
sub-010094,ep02,30,0,1725
sub-010094,ep02,50,0,1725
sub-010094,ep02,100,0,1725
sub-010094,ep02,150,0,1725
sub-010094,ep02,200,0,1725
sub-010094,ep03,3,2,46
sub-010094,ep03,5,8,1714
sub-010094,ep03,7,3,1774
sub-010094,ep03,8,3,1761
sub-010094,ep03,10,2,1767
sub-010094,ep03,20,0,1882
sub-010094,ep03,30,0,1882
sub-010094,ep03,50,0,1882
sub-010094,ep03,100,0,1882
sub-010094,ep03,150,0,1882
sub-010094,ep03,200,0,1882
sub-010094,ep04,3,2,13
sub-010094,ep04,5,4,1379
sub-010094,ep04,7,3,1408
sub-010094,ep04,8,2,1413
sub-010094,ep04,10,2,1417
sub-010094,ep04,20,2,1468
sub-010094,ep04,30,0,1542
sub-010094,ep04,50,0,1542
sub-010094,ep04,100,0,1542
sub-010094,ep04,150,0,1542
sub-010094,ep04,200,0,1542
sub-010094,ep05,3,7,140
sub-010094,ep05,5,3,1081
sub-010094,ep05,7,3,1669
sub-010094,ep05,8,2,1657
sub-010094,ep05,10,2,1640
sub-010094,ep05,20,2,1659
sub-010094,ep05,30,0,1731
sub-010094,ep05,50,0,1731
sub-010094,ep05,100,0,1731
sub-010094,ep05,150,0,1731
sub-010094,ep05,200,0,1731
sub-010094,ep06,3,3,92
sub-010094,ep06,5,2,306
sub-010094,ep06,7,2,1198
sub-010094,ep06,8,3,1354
sub-010094,ep06,10,0,1431
sub-010094,ep06,20,0,1431
sub-010094,ep06,30,0,1431
sub-010094,ep06,50,0,1431
sub-010094,ep06,100,0,1431
sub-010094,ep06,150,0,1431
sub-010094,ep06,200,0,1431
sub-010104,ep00,3,2,36
sub-010104,ep00,5,3,1425
sub-010104,ep00,7,5,1687
sub-010104,ep00,8,4,1677
sub-010104,ep00,10,2,1682
sub-010104,ep00,20,2,1713
sub-010104,ep00,30,0,1769
sub-010104,ep00,50,0,1769
sub-010104,ep00,100,0,1769
sub-010104,ep00,150,0,1769
sub-010104,ep00,200,0,1769
sub-010104,ep01,3,3,271
sub-010104,ep01,5,4,1501
sub-010104,ep01,7,4,1597
sub-010104,ep01,8,3,1628
sub-010104,ep01,10,3,1621
sub-010104,ep01,20,2,1659
sub-010104,ep01,30,0,1723
sub-010104,ep01,50,0,1723
sub-010104,ep01,100,0,1723
sub-010104,ep01,150,0,1723
sub-010104,ep01,200,0,1723
sub-010104,ep02,3,2,402
sub-010104,ep02,5,2,1308
sub-010104,ep02,7,2,1521
sub-010104,ep02,8,3,1592
sub-010104,ep02,10,3,1603
sub-010104,ep02,20,2,1629
sub-010104,ep02,30,0,1681
sub-010104,ep02,50,0,1681
sub-010104,ep02,100,0,1681
sub-010104,ep02,150,0,1681
sub-010104,ep02,200,0,1681
sub-010104,ep03,3,2,55
sub-010104,ep03,5,3,1644
sub-010104,ep03,7,3,1750
sub-010104,ep03,8,2,1742
sub-010104,ep03,10,2,1760
sub-010104,ep03,20,0,1806
sub-010104,ep03,30,0,1806
sub-010104,ep03,50,0,1806
sub-010104,ep03,100,0,1806
sub-010104,ep03,150,0,1806
sub-010104,ep03,200,0,1806
sub-010104,ep04,3,3,109
sub-010104,ep04,5,3,1512
sub-010104,ep04,7,3,1579
sub-010104,ep04,8,3,1595
sub-010104,ep04,10,3,1607
sub-010104,ep04,20,0,1714
sub-010104,ep04,30,0,1714
sub-010104,ep04,50,0,1714
sub-010104,ep04,100,0,1714
sub-010104,ep04,150,0,1714
sub-010104,ep04,200,0,1714
sub-010104,ep05,3,2,152
sub-010104,ep05,5,2,1443
sub-010104,ep05,7,2,1512
sub-010104,ep05,8,2,1522
sub-010104,ep05,10,2,1623
sub-010104,ep05,20,0,1658
sub-010104,ep05,30,0,1658
sub-010104,ep05,50,0,1658
sub-010104,ep05,100,0,1658
sub-010104,ep05,150,0,1658
sub-010104,ep05,200,0,1658
sub-010104,ep06,3,10,776
sub-010104,ep06,5,5,1283
sub-010104,ep06,7,5,1321
sub-010104,ep06,8,3,1336
sub-010104,ep06,10,2,1323
sub-010104,ep06,20,2,1348
sub-010104,ep06,30,0,1427
sub-010104,ep06,50,0,1427
sub-010104,ep06,100,0,1427
sub-010104,ep06,150,0,1427
sub-010104,ep06,200,0,1427
sub-010126,ep00,3,4,249
sub-010126,ep00,5,2,774
sub-010126,ep00,7,4,1105
sub-010126,ep00,8,3,1087
sub-010126,ep00,10,3,1125
sub-010126,ep00,20,0,1254
sub-010126,ep00,30,0,1254
sub-010126,ep00,50,0,1254
sub-010126,ep00,100,0,1254
sub-010126,ep00,150,0,1254
sub-010126,ep00,200,0,1254
sub-010126,ep01,3,2,22
sub-010126,ep01,5,2,385
sub-010126,ep01,7,2,903
sub-010126,ep01,8,3,1156
sub-010126,ep01,10,2,1165
sub-010126,ep01,20,0,1233
sub-010126,ep01,30,0,1233
sub-010126,ep01,50,0,1233
sub-010126,ep01,100,0,1233
sub-010126,ep01,150,0,1233
sub-010126,ep01,200,0,1233
sub-010126,ep02,3,4,117
sub-010126,ep02,5,3,825
sub-010126,ep02,7,2,861
sub-010126,ep02,8,2,873
sub-010126,ep02,10,2,965
sub-010126,ep02,20,2,940
sub-010126,ep02,30,2,937
sub-010126,ep02,50,2,989
sub-010126,ep02,100,0,1306
sub-010126,ep02,150,0,1306
sub-010126,ep02,200,0,1306
sub-010126,ep03,3,2,117
sub-010126,ep03,5,4,1057
sub-010126,ep03,7,2,1191
sub-010126,ep03,8,2,1242
sub-010126,ep03,10,2,1145
sub-010126,ep03,20,2,1101
sub-010126,ep03,30,2,1061
sub-010126,ep03,50,2,1111
sub-010126,ep03,100,2,1082
sub-010126,ep03,150,2,1163
sub-010126,ep03,200,0,1632
sub-010126,ep04,3,2,55
sub-010126,ep04,5,6,1289
sub-010126,ep04,7,2,1293
sub-010126,ep04,8,2,1252
sub-010126,ep04,10,2,1360
sub-010126,ep04,20,2,1376
sub-010126,ep04,30,2,1356
sub-010126,ep04,50,2,1435
sub-010126,ep04,100,2,1447
sub-010126,ep04,150,0,1836
sub-010126,ep04,200,0,1836
sub-010126,ep05,3,2,113
sub-010126,ep05,5,2,465
sub-010126,ep05,7,2,943
sub-010126,ep05,8,2,971
sub-010126,ep05,10,2,1054
sub-010126,ep05,20,2,1066
sub-010126,ep05,30,2,1045
sub-010126,ep05,50,2,999
sub-010126,ep05,100,0,1267
sub-010126,ep05,150,0,1267
sub-010126,ep05,200,0,1267
sub-010126,ep06,3,3,201
sub-010126,ep06,5,7,855
sub-010126,ep06,7,4,917
sub-010126,ep06,8,3,975
sub-010126,ep06,10,2,1000
sub-010126,ep06,20,2,953
sub-010126,ep06,30,2,934
sub-010126,ep06,50,2,909
sub-010126,ep06,100,0,1166
sub-010126,ep06,150,0,1166
sub-010126,ep06,200,0,1166
sub-010134,ep00,3,2,110
sub-010134,ep00,5,6,1161
sub-010134,ep00,7,2,1313
sub-010134,ep00,8,2,1350
sub-010134,ep00,10,2,1339
sub-010134,ep00,20,2,1409
sub-010134,ep00,30,2,1380
sub-010134,ep00,50,0,1513
sub-010134,ep00,100,0,1513
sub-010134,ep00,150,0,1513
sub-010134,ep00,200,0,1513
sub-010134,ep01,3,2,217
sub-010134,ep01,5,2,962
sub-010134,ep01,7,2,1240
sub-010134,ep01,8,2,1359
sub-010134,ep01,10,2,1369
sub-010134,ep01,20,2,1440
sub-010134,ep01,30,2,1411
sub-010134,ep01,50,0,1522
sub-010134,ep01,100,0,1522
sub-010134,ep01,150,0,1522
sub-010134,ep01,200,0,1522
sub-010134,ep02,3,3,100
sub-010134,ep02,5,3,1061
sub-010134,ep02,7,4,1331
sub-010134,ep02,8,3,1300
sub-010134,ep02,10,2,1323
sub-010134,ep02,20,2,1301
sub-010134,ep02,30,2,1365
sub-010134,ep02,50,0,1491
sub-010134,ep02,100,0,1491
sub-010134,ep02,150,0,1491
sub-010134,ep02,200,0,1491
sub-010134,ep03,3,3,249
sub-010134,ep03,5,3,1173
sub-010134,ep03,7,2,1319
sub-010134,ep03,8,2,1360
sub-010134,ep03,10,3,1397
sub-010134,ep03,20,2,1423
sub-010134,ep03,30,0,1476
sub-010134,ep03,50,0,1476
sub-010134,ep03,100,0,1476
sub-010134,ep03,150,0,1476
sub-010134,ep03,200,0,1476
sub-010134,ep04,3,2,234
sub-010134,ep04,5,2,1200
sub-010134,ep04,7,3,1418
sub-010134,ep04,8,4,1406
sub-010134,ep04,10,4,1439
sub-010134,ep04,20,2,1478
sub-010134,ep04,30,0,1539
sub-010134,ep04,50,0,1539
sub-010134,ep04,100,0,1539
sub-010134,ep04,150,0,1539
sub-010134,ep04,200,0,1539
sub-010134,ep05,3,7,669
sub-010134,ep05,5,7,1373
sub-010134,ep05,7,3,1319
sub-010134,ep05,8,2,1307
sub-010134,ep05,10,0,1465
sub-010134,ep05,20,0,1465
sub-010134,ep05,30,0,1465
sub-010134,ep05,50,0,1465
sub-010134,ep05,100,0,1465
sub-010134,ep05,150,0,1465
sub-010134,ep05,200,0,1465
sub-010134,ep06,3,2,69
sub-010134,ep06,5,2,929
sub-010134,ep06,7,2,1034
sub-010134,ep06,8,2,1262
sub-010134,ep06,10,2,1311
sub-010134,ep06,20,0,1394
sub-010134,ep06,30,0,1394
sub-010134,ep06,50,0,1394
sub-010134,ep06,100,0,1394
sub-010134,ep06,150,0,1394
sub-010134,ep06,200,0,1394
sub-010136,ep00,3,5,293
sub-010136,ep00,5,10,1260
sub-010136,ep00,7,2,1226
sub-010136,ep00,8,4,1330
sub-010136,ep00,10,2,1365
sub-010136,ep00,20,2,1338
sub-010136,ep00,30,0,1408
sub-010136,ep00,50,0,1408
sub-010136,ep00,100,0,1408
sub-010136,ep00,150,0,1408
sub-010136,ep00,200,0,1408
sub-010136,ep01,3,2,30
sub-010136,ep01,5,2,889
sub-010136,ep01,7,3,1136
sub-010136,ep01,8,0,1389
sub-010136,ep01,10,2,1367
sub-010136,ep01,20,0,1389
sub-010136,ep01,30,0,1389
sub-010136,ep01,50,0,1389
sub-010136,ep01,100,0,1389
sub-010136,ep01,150,0,1389
sub-010136,ep01,200,0,1389
sub-010136,ep02,3,7,232
sub-010136,ep02,5,2,929
sub-010136,ep02,7,2,1379
sub-010136,ep02,8,3,1401
sub-010136,ep02,10,2,1415
sub-010136,ep02,20,2,1393
sub-010136,ep02,30,2,1427
sub-010136,ep02,50,0,1543
sub-010136,ep02,100,0,1543
sub-010136,ep02,150,0,1543
sub-010136,ep02,200,0,1543
sub-010136,ep03,3,2,123
sub-010136,ep03,5,2,400
sub-010136,ep03,7,2,1129
sub-010136,ep03,8,2,1256
sub-010136,ep03,10,3,1286
sub-010136,ep03,20,0,1379
sub-010136,ep03,30,0,1379
sub-010136,ep03,50,0,1379
sub-010136,ep03,100,0,1379
sub-010136,ep03,150,0,1379
sub-010136,ep03,200,0,1379
sub-010136,ep04,3,2,2
sub-010136,ep04,5,2,857
sub-010136,ep04,7,2,1192
sub-010136,ep04,8,3,1442
sub-010136,ep04,10,2,1468
sub-010136,ep04,20,0,1495
sub-010136,ep04,30,0,1495
sub-010136,ep04,50,0,1495
sub-010136,ep04,100,0,1495
sub-010136,ep04,150,0,1495
sub-010136,ep04,200,0,1495
sub-010136,ep05,3,3,148
sub-010136,ep05,5,3,931
sub-010136,ep05,7,3,1365
sub-010136,ep05,8,2,1241
sub-010136,ep05,10,2,1392
sub-010136,ep05,20,2,1368
sub-010136,ep05,30,0,1449
sub-010136,ep05,50,0,1449
sub-010136,ep05,100,0,1449
sub-010136,ep05,150,0,1449
sub-010136,ep05,200,0,1449
sub-010136,ep06,3,4,200
sub-010136,ep06,5,3,1074
sub-010136,ep06,7,3,1134
sub-010136,ep06,8,2,1101
sub-010136,ep06,10,3,1135
sub-010136,ep06,20,2,1188
sub-010136,ep06,30,2,1164
sub-010136,ep06,50,0,1251
sub-010136,ep06,100,0,1251
sub-010136,ep06,150,0,1251
sub-010136,ep06,200,0,1251
sub-010137,ep00,3,2,97
sub-010137,ep00,5,6,832
sub-010137,ep00,7,3,898
sub-010137,ep00,8,2,868
sub-010137,ep00,10,2,850
sub-010137,ep00,20,2,770
sub-010137,ep00,30,2,759
sub-010137,ep00,50,2,760
sub-010137,ep00,100,2,796
sub-010137,ep00,150,2,867
sub-010137,ep00,200,2,948
sub-010137,ep01,3,5,214
sub-010137,ep01,5,8,1528
sub-010137,ep01,7,4,1606
sub-010137,ep01,8,2,1431
sub-010137,ep01,10,2,1416
sub-010137,ep01,20,2,1370
sub-010137,ep01,30,2,1458
sub-010137,ep01,50,2,1328
sub-010137,ep01,100,2,1301
sub-010137,ep01,150,2,1479
sub-010137,ep01,200,2,1538
sub-010137,ep02,3,6,113
sub-010137,ep02,5,9,799
sub-010137,ep02,7,2,690
sub-010137,ep02,8,2,663
sub-010137,ep02,10,2,737
sub-010137,ep02,20,2,698
sub-010137,ep02,30,2,688
sub-010137,ep02,50,2,692
sub-010137,ep02,100,2,759
sub-010137,ep02,150,2,800
sub-010137,ep02,200,0,1263
sub-010137,ep03,3,2,95
sub-010137,ep03,5,3,548
sub-010137,ep03,7,2,569
sub-010137,ep03,8,2,543
sub-010137,ep03,10,2,535
sub-010137,ep03,20,2,532
sub-010137,ep03,30,2,526
sub-010137,ep03,50,2,442
sub-010137,ep03,100,2,534
sub-010137,ep03,150,2,529
sub-010137,ep03,200,2,581
sub-010137,ep04,3,5,258
sub-010137,ep04,5,4,635
sub-010137,ep04,7,2,702
sub-010137,ep04,8,2,725
sub-010137,ep04,10,2,685
sub-010137,ep04,20,2,689
sub-010137,ep04,30,2,722
sub-010137,ep04,50,2,650
sub-010137,ep04,100,2,725
sub-010137,ep04,150,2,739
sub-010137,ep04,200,0,1254
sub-010137,ep05,3,2,22
sub-010137,ep05,5,3,553
sub-010137,ep05,7,3,573
sub-010137,ep05,8,3,573
sub-010137,ep05,10,2,571
sub-010137,ep05,20,2,616
sub-010137,ep05,30,2,594
sub-010137,ep05,50,2,518
sub-010137,ep05,100,2,580
sub-010137,ep05,150,2,715
sub-010137,ep05,200,0,1274
sub-010137,ep06,3,2,188
sub-010137,ep06,5,4,741
sub-010137,ep06,7,2,726
sub-010137,ep06,8,4,1002
sub-010137,ep06,10,2,947
sub-010137,ep06,20,2,943
sub-010137,ep06,30,2,976
sub-010137,ep06,50,2,919
sub-010137,ep06,100,0,1167
sub-010137,ep06,150,0,1167
sub-010137,ep06,200,0,1167
sub-010138,ep00,3,2,71
sub-010138,ep00,5,5,706
sub-010138,ep00,7,2,1448
sub-010138,ep00,8,2,1473
sub-010138,ep00,10,2,1499
sub-010138,ep00,20,0,1570
sub-010138,ep00,30,0,1570
sub-010138,ep00,50,0,1570
sub-010138,ep00,100,0,1570
sub-010138,ep00,150,0,1570
sub-010138,ep00,200,0,1570
sub-010138,ep01,3,7,234
sub-010138,ep01,5,5,976
sub-010138,ep01,7,2,564
sub-010138,ep01,8,3,1514
sub-010138,ep01,10,2,1513
sub-010138,ep01,20,0,1608
sub-010138,ep01,30,0,1608
sub-010138,ep01,50,0,1608
sub-010138,ep01,100,0,1608
sub-010138,ep01,150,0,1608
sub-010138,ep01,200,0,1608
sub-010138,ep02,3,4,145
sub-010138,ep02,5,3,1202
sub-010138,ep02,7,3,1397
sub-010138,ep02,8,2,1398
sub-010138,ep02,10,2,1410
sub-010138,ep02,20,2,1448
sub-010138,ep02,30,0,1545
sub-010138,ep02,50,0,1545
sub-010138,ep02,100,0,1545
sub-010138,ep02,150,0,1545
sub-010138,ep02,200,0,1545
sub-010138,ep03,3,10,292
sub-010138,ep03,5,3,1220
sub-010138,ep03,7,2,1577
sub-010138,ep03,8,2,1568
sub-010138,ep03,10,2,1574
sub-010138,ep03,20,0,1664
sub-010138,ep03,30,0,1664
sub-010138,ep03,50,0,1664
sub-010138,ep03,100,0,1664
sub-010138,ep03,150,0,1664
sub-010138,ep03,200,0,1664
sub-010138,ep04,3,2,23
sub-010138,ep04,5,3,839
sub-010138,ep04,7,3,750
sub-010138,ep04,8,2,1653
sub-010138,ep04,10,2,1641
sub-010138,ep04,20,2,1647
sub-010138,ep04,30,2,1665
sub-010138,ep04,50,0,1739
sub-010138,ep04,100,0,1739
sub-010138,ep04,150,0,1739
sub-010138,ep04,200,0,1739
sub-010138,ep05,3,2,103
sub-010138,ep05,5,3,496
sub-010138,ep05,7,2,423
sub-010138,ep05,8,2,1427
sub-010138,ep05,10,0,1522
sub-010138,ep05,20,0,1522
sub-010138,ep05,30,0,1522
sub-010138,ep05,50,0,1522
sub-010138,ep05,100,0,1522
sub-010138,ep05,150,0,1522
sub-010138,ep05,200,0,1522
sub-010138,ep06,3,16,471
sub-010138,ep06,5,2,352
sub-010138,ep06,7,2,1246
sub-010138,ep06,8,3,1235
sub-010138,ep06,10,2,1219
sub-010138,ep06,20,0,1333
sub-010138,ep06,30,0,1333
sub-010138,ep06,50,0,1333
sub-010138,ep06,100,0,1333
sub-010138,ep06,150,0,1333
sub-010138,ep06,200,0,1333
sub-010141,ep00,3,3,285
sub-010141,ep00,5,15,1947
sub-010141,ep00,7,2,1896
sub-010141,ep00,8,5,1984
sub-010141,ep00,10,2,1950
sub-010141,ep00,20,2,2044
sub-010141,ep00,30,0,2107
sub-010141,ep00,50,0,2107
sub-010141,ep00,100,0,2107
sub-010141,ep00,150,0,2107
sub-010141,ep00,200,0,2107
sub-010141,ep01,3,3,183
sub-010141,ep01,5,2,752
sub-010141,ep01,7,2,1371
sub-010141,ep01,8,2,1278
sub-010141,ep01,10,2,1464
sub-010141,ep01,20,2,1499
sub-010141,ep01,30,2,1522
sub-010141,ep01,50,0,1626
sub-010141,ep01,100,0,1626
sub-010141,ep01,150,0,1626
sub-010141,ep01,200,0,1626
sub-010141,ep02,3,2,295
sub-010141,ep02,5,3,1118
sub-010141,ep02,7,2,1277
sub-010141,ep02,8,2,1474
sub-010141,ep02,10,3,1535
sub-010141,ep02,20,2,1577
sub-010141,ep02,30,2,1555
sub-010141,ep02,50,0,1639
sub-010141,ep02,100,0,1639
sub-010141,ep02,150,0,1639
sub-010141,ep02,200,0,1639
sub-010141,ep03,3,2,163
sub-010141,ep03,5,5,1903
sub-010141,ep03,7,4,2174
sub-010141,ep03,8,3,2162
sub-010141,ep03,10,2,2165
sub-010141,ep03,20,2,2237
sub-010141,ep03,30,0,2282
sub-010141,ep03,50,0,2282
sub-010141,ep03,100,0,2282
sub-010141,ep03,150,0,2282
sub-010141,ep03,200,0,2282
sub-010141,ep04,3,8,424
sub-010141,ep04,5,7,1600
sub-010141,ep04,7,2,1589
sub-010141,ep04,8,2,1613
sub-010141,ep04,10,3,1641
sub-010141,ep04,20,0,1705
sub-010141,ep04,30,0,1705
sub-010141,ep04,50,0,1705
sub-010141,ep04,100,0,1705
sub-010141,ep04,150,0,1705
sub-010141,ep04,200,0,1705
sub-010141,ep05,3,2,108
sub-010141,ep05,5,4,1425
sub-010141,ep05,7,3,1490
sub-010141,ep05,8,3,1497
sub-010141,ep05,10,4,1542
sub-010141,ep05,20,0,1597
sub-010141,ep05,30,0,1597
sub-010141,ep05,50,0,1597
sub-010141,ep05,100,0,1597
sub-010141,ep05,150,0,1597
sub-010141,ep05,200,0,1597
sub-010141,ep06,3,2,165
sub-010141,ep06,5,9,1289
sub-010141,ep06,7,5,1314
sub-010141,ep06,8,3,1332
sub-010141,ep06,10,2,1333
sub-010141,ep06,20,0,1389
sub-010141,ep06,30,0,1389
sub-010141,ep06,50,0,1389
sub-010141,ep06,100,0,1389
sub-010141,ep06,150,0,1389
sub-010141,ep06,200,0,1389
sub-010142,ep00,3,2,27
sub-010142,ep00,5,2,874
sub-010142,ep00,7,3,1201
sub-010142,ep00,8,2,1225
sub-010142,ep00,10,2,1229
sub-010142,ep00,20,2,1313
sub-010142,ep00,30,2,1320
sub-010142,ep00,50,0,1429
sub-010142,ep00,100,0,1429
sub-010142,ep00,150,0,1429
sub-010142,ep00,200,0,1429
sub-010142,ep01,3,3,57
sub-010142,ep01,5,3,1140
sub-010142,ep01,7,3,1379
sub-010142,ep01,8,2,1403
sub-010142,ep01,10,2,1404
sub-010142,ep01,20,2,1406
sub-010142,ep01,30,2,1453
sub-010142,ep01,50,0,1571
sub-010142,ep01,100,0,1571
sub-010142,ep01,150,0,1571
sub-010142,ep01,200,0,1571
sub-010142,ep02,3,2,44
sub-010142,ep02,5,2,573
sub-010142,ep02,7,2,1266
sub-010142,ep02,8,2,1248
sub-010142,ep02,10,2,1223
sub-010142,ep02,20,2,1251
sub-010142,ep02,30,2,1306
sub-010142,ep02,50,2,1305
sub-010142,ep02,100,0,1457
sub-010142,ep02,150,0,1457
sub-010142,ep02,200,0,1457
sub-010142,ep03,3,3,175
sub-010142,ep03,5,2,1050
sub-010142,ep03,7,2,1005
sub-010142,ep03,8,2,1038
sub-010142,ep03,10,2,1369
sub-010142,ep03,20,2,1406
sub-010142,ep03,30,2,1419
sub-010142,ep03,50,0,1542
sub-010142,ep03,100,0,1542
sub-010142,ep03,150,0,1542
sub-010142,ep03,200,0,1542
sub-010142,ep04,3,2,8
sub-010142,ep04,5,10,1273
sub-010142,ep04,7,2,1269
sub-010142,ep04,8,3,1291
sub-010142,ep04,10,2,1298
sub-010142,ep04,20,2,1366
sub-010142,ep04,30,2,1345
sub-010142,ep04,50,0,1424
sub-010142,ep04,100,0,1424
sub-010142,ep04,150,0,1424
sub-010142,ep04,200,0,1424
sub-010142,ep05,3,6,124
sub-010142,ep05,5,5,1246
sub-010142,ep05,7,3,1284
sub-010142,ep05,8,2,1248
sub-010142,ep05,10,2,1303
sub-010142,ep05,20,2,1298
sub-010142,ep05,30,2,1352
sub-010142,ep05,50,2,1354
sub-010142,ep05,100,0,1531
sub-010142,ep05,150,0,1531
sub-010142,ep05,200,0,1531
sub-010142,ep06,3,7,108
sub-010142,ep06,5,2,810
sub-010142,ep06,7,2,1146
sub-010142,ep06,8,2,1152
sub-010142,ep06,10,3,1225
sub-010142,ep06,20,2,1190
sub-010142,ep06,30,2,1222
sub-010142,ep06,50,0,1346
sub-010142,ep06,100,0,1346
sub-010142,ep06,150,0,1346
sub-010142,ep06,200,0,1346
sub-010146,ep00,3,2,20
sub-010146,ep00,5,2,964
sub-010146,ep00,7,2,1526
sub-010146,ep00,8,2,1544
sub-010146,ep00,10,2,1544
sub-010146,ep00,20,2,1566
sub-010146,ep00,30,2,1593
sub-010146,ep00,50,0,1690
sub-010146,ep00,100,0,1690
sub-010146,ep00,150,0,1690
sub-010146,ep00,200,0,1690
sub-010146,ep01,3,2,38
sub-010146,ep01,5,2,1286
sub-010146,ep01,7,3,1564
sub-010146,ep01,8,3,1585
sub-010146,ep01,10,3,1569
sub-010146,ep01,20,2,1579
sub-010146,ep01,30,2,1593
sub-010146,ep01,50,0,1667
sub-010146,ep01,100,0,1667
sub-010146,ep01,150,0,1667
sub-010146,ep01,200,0,1667
sub-010146,ep02,3,2,28
sub-010146,ep02,5,2,1051
sub-010146,ep02,7,3,1805
sub-010146,ep02,8,2,1690
sub-010146,ep02,10,2,1716
sub-010146,ep02,20,2,1837
sub-010146,ep02,30,2,1807
sub-010146,ep02,50,2,1746
sub-010146,ep02,100,0,1926
sub-010146,ep02,150,0,1926
sub-010146,ep02,200,0,1926
sub-010146,ep03,3,3,87
sub-010146,ep03,5,2,480
sub-010146,ep03,7,3,1508
sub-010146,ep03,8,2,1499
sub-010146,ep03,10,2,1511
sub-010146,ep03,20,2,1493
sub-010146,ep03,30,2,1515
sub-010146,ep03,50,0,1636
sub-010146,ep03,100,0,1636
sub-010146,ep03,150,0,1636
sub-010146,ep03,200,0,1636
sub-010146,ep04,3,3,144
sub-010146,ep04,5,2,751
sub-010146,ep04,7,2,805
sub-010146,ep04,8,2,1658
sub-010146,ep04,10,2,1663
sub-010146,ep04,20,2,1707
sub-010146,ep04,30,2,1748
sub-010146,ep04,50,0,1830
sub-010146,ep04,100,0,1830
sub-010146,ep04,150,0,1830
sub-010146,ep04,200,0,1830
sub-010146,ep05,3,2,21
sub-010146,ep05,5,2,866
sub-010146,ep05,7,2,1396
sub-010146,ep05,8,2,1451
sub-010146,ep05,10,2,1512
sub-010146,ep05,20,2,1541
sub-010146,ep05,30,2,1525
sub-010146,ep05,50,2,1469
sub-010146,ep05,100,0,1621
sub-010146,ep05,150,0,1621
sub-010146,ep05,200,0,1621
sub-010146,ep06,3,8,306
sub-010146,ep06,5,2,1309
sub-010146,ep06,7,4,1486
sub-010146,ep06,8,3,1461
sub-010146,ep06,10,2,1465
sub-010146,ep06,20,2,1489
sub-010146,ep06,30,0,1547
sub-010146,ep06,50,0,1547
sub-010146,ep06,100,0,1547
sub-010146,ep06,150,0,1547
sub-010146,ep06,200,0,1547
sub-010148,ep00,3,2,56
sub-010148,ep00,5,2,1012
sub-010148,ep00,7,3,1287
sub-010148,ep00,8,3,1294
sub-010148,ep00,10,3,1311
sub-010148,ep00,20,2,1278
sub-010148,ep00,30,0,1365
sub-010148,ep00,50,0,1365
sub-010148,ep00,100,0,1365
sub-010148,ep00,150,0,1365
sub-010148,ep00,200,0,1365
sub-010148,ep01,3,2,42
sub-010148,ep01,5,2,1334
sub-010148,ep01,7,2,1351
sub-010148,ep01,8,2,1361
sub-010148,ep01,10,2,1374
sub-010148,ep01,20,0,1429
sub-010148,ep01,30,0,1429
sub-010148,ep01,50,0,1429
sub-010148,ep01,100,0,1429
sub-010148,ep01,150,0,1429
sub-010148,ep01,200,0,1429
sub-010148,ep02,3,2,146
sub-010148,ep02,5,2,941
sub-010148,ep02,7,5,1392
sub-010148,ep02,8,2,1406
sub-010148,ep02,10,2,1363
sub-010148,ep02,20,2,1460
sub-010148,ep02,30,0,1521
sub-010148,ep02,50,0,1521
sub-010148,ep02,100,0,1521
sub-010148,ep02,150,0,1521
sub-010148,ep02,200,0,1521
sub-010148,ep03,3,2,38
sub-010148,ep03,5,3,1363
sub-010148,ep03,7,4,1690
sub-010148,ep03,8,3,1726
sub-010148,ep03,10,0,1841
sub-010148,ep03,20,0,1841
sub-010148,ep03,30,0,1841
sub-010148,ep03,50,0,1841
sub-010148,ep03,100,0,1841
sub-010148,ep03,150,0,1841
sub-010148,ep03,200,0,1841
sub-010148,ep04,3,7,742
sub-010148,ep04,5,2,1125
sub-010148,ep04,7,3,1296
sub-010148,ep04,8,2,1321
sub-010148,ep04,10,2,1324
sub-010148,ep04,20,0,1367
sub-010148,ep04,30,0,1367
sub-010148,ep04,50,0,1367
sub-010148,ep04,100,0,1367
sub-010148,ep04,150,0,1367
sub-010148,ep04,200,0,1367
sub-010148,ep05,3,3,368
sub-010148,ep05,5,3,1077
sub-010148,ep05,7,2,1296
sub-010148,ep05,8,2,1287
sub-010148,ep05,10,2,1271
sub-010148,ep05,20,2,1297
sub-010148,ep05,30,0,1404
sub-010148,ep05,50,0,1404
sub-010148,ep05,100,0,1404
sub-010148,ep05,150,0,1404
sub-010148,ep05,200,0,1404
sub-010148,ep06,3,2,203
sub-010148,ep06,5,6,1199
sub-010148,ep06,7,5,1270
sub-010148,ep06,8,2,1292
sub-010148,ep06,10,2,1254
sub-010148,ep06,20,2,1290
sub-010148,ep06,30,0,1340
sub-010148,ep06,50,0,1340
sub-010148,ep06,100,0,1340
sub-010148,ep06,150,0,1340
sub-010148,ep06,200,0,1340
sub-010150,ep00,3,2,186
sub-010150,ep00,5,3,1093
sub-010150,ep00,7,3,1522
sub-010150,ep00,8,2,1518
sub-010150,ep00,10,2,1520
sub-010150,ep00,20,0,1567
sub-010150,ep00,30,0,1567
sub-010150,ep00,50,0,1567
sub-010150,ep00,100,0,1567
sub-010150,ep00,150,0,1567
sub-010150,ep00,200,0,1567
sub-010150,ep01,3,6,394
sub-010150,ep01,5,2,1149
sub-010150,ep01,7,2,1484
sub-010150,ep01,8,2,1484
sub-010150,ep01,10,2,1536
sub-010150,ep01,20,2,1549
sub-010150,ep01,30,2,1510
sub-010150,ep01,50,0,1632
sub-010150,ep01,100,0,1632
sub-010150,ep01,150,0,1632
sub-010150,ep01,200,0,1632
sub-010150,ep02,3,2,107
sub-010150,ep02,5,2,189
sub-010150,ep02,7,2,1415
sub-010150,ep02,8,3,1457
sub-010150,ep02,10,2,1461
sub-010150,ep02,20,0,1575
sub-010150,ep02,30,0,1575
sub-010150,ep02,50,0,1575
sub-010150,ep02,100,0,1575
sub-010150,ep02,150,0,1575
sub-010150,ep02,200,0,1575
sub-010150,ep03,3,4,276
sub-010150,ep03,5,2,1316
sub-010150,ep03,7,2,1409
sub-010150,ep03,8,3,1432
sub-010150,ep03,10,3,1480
sub-010150,ep03,20,2,1527
sub-010150,ep03,30,2,1541
sub-010150,ep03,50,0,1623
sub-010150,ep03,100,0,1623
sub-010150,ep03,150,0,1623
sub-010150,ep03,200,0,1623
sub-010150,ep04,3,4,159
sub-010150,ep04,5,2,1096
sub-010150,ep04,7,2,1327
sub-010150,ep04,8,2,1312
sub-010150,ep04,10,2,1326
sub-010150,ep04,20,2,1372
sub-010150,ep04,30,2,1394
sub-010150,ep04,50,2,1398
sub-010150,ep04,100,0,1574
sub-010150,ep04,150,0,1574
sub-010150,ep04,200,0,1574
sub-010150,ep05,3,2,358
sub-010150,ep05,5,3,1487
sub-010150,ep05,7,4,1575
sub-010150,ep05,8,2,1557
sub-010150,ep05,10,2,1593
sub-010150,ep05,20,2,1602
sub-010150,ep05,30,0,1686
sub-010150,ep05,50,0,1686
sub-010150,ep05,100,0,1686
sub-010150,ep05,150,0,1686
sub-010150,ep05,200,0,1686
sub-010150,ep06,3,2,303
sub-010150,ep06,5,6,1270
sub-010150,ep06,7,5,1374
sub-010150,ep06,8,3,1324
sub-010150,ep06,10,4,1372
sub-010150,ep06,20,2,1360
sub-010150,ep06,30,0,1469
sub-010150,ep06,50,0,1469
sub-010150,ep06,100,0,1469
sub-010150,ep06,150,0,1469
sub-010150,ep06,200,0,1469
sub-010152,ep00,3,2,79
sub-010152,ep00,5,8,988
sub-010152,ep00,7,4,1007
sub-010152,ep00,8,3,1016
sub-010152,ep00,10,2,994
sub-010152,ep00,20,2,1080
sub-010152,ep00,30,2,1131
sub-010152,ep00,50,2,1064
sub-010152,ep00,100,0,1397
sub-010152,ep00,150,0,1397
sub-010152,ep00,200,0,1397
sub-010152,ep01,3,3,135
sub-010152,ep01,5,2,155
sub-010152,ep01,7,3,1045
sub-010152,ep01,8,2,1042
sub-010152,ep01,10,2,992
sub-010152,ep01,20,2,1089
sub-010152,ep01,30,2,1095
sub-010152,ep01,50,2,979
sub-010152,ep01,100,2,957
sub-010152,ep01,150,0,1376
sub-010152,ep01,200,0,1376
sub-010152,ep02,3,4,363
sub-010152,ep02,5,6,1378
sub-010152,ep02,7,2,1119
sub-010152,ep02,8,2,1163
sub-010152,ep02,10,2,1209
sub-010152,ep02,20,2,1064
sub-010152,ep02,30,2,1230
sub-010152,ep02,50,2,1118
sub-010152,ep02,100,2,1052
sub-010152,ep02,150,2,905
sub-010152,ep02,200,2,1028
sub-010152,ep03,3,20,591
sub-010152,ep03,5,3,629
sub-010152,ep03,7,4,659
sub-010152,ep03,8,3,703
sub-010152,ep03,10,3,676
sub-010152,ep03,20,2,711
sub-010152,ep03,30,2,630
sub-010152,ep03,50,2,652
sub-010152,ep03,100,2,618
sub-010152,ep03,150,2,688
sub-010152,ep03,200,2,730
sub-010152,ep04,3,2,139
sub-010152,ep04,5,3,811
sub-010152,ep04,7,3,817
sub-010152,ep04,8,3,850
sub-010152,ep04,10,3,826
sub-010152,ep04,20,2,854
sub-010152,ep04,30,2,787
sub-010152,ep04,50,2,826
sub-010152,ep04,100,2,710
sub-010152,ep04,150,2,713
sub-010152,ep04,200,2,754
sub-010152,ep05,3,2,185
sub-010152,ep05,5,4,755
sub-010152,ep05,7,2,634
sub-010152,ep05,8,3,684
sub-010152,ep05,10,3,704
sub-010152,ep05,20,2,723
sub-010152,ep05,30,2,746
sub-010152,ep05,50,2,770
sub-010152,ep05,100,2,762
sub-010152,ep05,150,2,691
sub-010152,ep05,200,2,698
sub-010152,ep06,3,2,163
sub-010152,ep06,5,7,742
sub-010152,ep06,7,5,779
sub-010152,ep06,8,3,788
sub-010152,ep06,10,3,806
sub-010152,ep06,20,2,820
sub-010152,ep06,30,2,802
sub-010152,ep06,50,2,774
sub-010152,ep06,100,2,782
sub-010152,ep06,150,0,1229
sub-010152,ep06,200,0,1229
sub-010155,ep00,3,2,171
sub-010155,ep00,5,9,1250
sub-010155,ep00,7,4,1306
sub-010155,ep00,8,2,1291
sub-010155,ep00,10,2,1271
sub-010155,ep00,20,0,1361
sub-010155,ep00,30,0,1361
sub-010155,ep00,50,0,1361
sub-010155,ep00,100,0,1361
sub-010155,ep00,150,0,1361
sub-010155,ep00,200,0,1361
sub-010155,ep01,3,6,510
sub-010155,ep01,5,5,1211
sub-010155,ep01,7,3,1124
sub-010155,ep01,8,2,1141
sub-010155,ep01,10,2,1199
sub-010155,ep01,20,0,1455
sub-010155,ep01,30,0,1455
sub-010155,ep01,50,0,1455
sub-010155,ep01,100,0,1455
sub-010155,ep01,150,0,1455
sub-010155,ep01,200,0,1455
sub-010155,ep02,3,2,114
sub-010155,ep02,5,2,874
sub-010155,ep02,7,2,1065
sub-010155,ep02,8,3,1300
sub-010155,ep02,10,2,1311
sub-010155,ep02,20,0,1349
sub-010155,ep02,30,0,1349
sub-010155,ep02,50,0,1349
sub-010155,ep02,100,0,1349
sub-010155,ep02,150,0,1349
sub-010155,ep02,200,0,1349
sub-010155,ep03,3,2,26
sub-010155,ep03,5,2,1145
sub-010155,ep03,7,2,1180
sub-010155,ep03,8,3,1317
sub-010155,ep03,10,2,1305
sub-010155,ep03,20,0,1358
sub-010155,ep03,30,0,1358
sub-010155,ep03,50,0,1358
sub-010155,ep03,100,0,1358
sub-010155,ep03,150,0,1358
sub-010155,ep03,200,0,1358
sub-010155,ep04,3,2,172
sub-010155,ep04,5,3,701
sub-010155,ep04,7,3,1304
sub-010155,ep04,8,3,1397
sub-010155,ep04,10,0,1461
sub-010155,ep04,20,0,1461
sub-010155,ep04,30,0,1461
sub-010155,ep04,50,0,1461
sub-010155,ep04,100,0,1461
sub-010155,ep04,150,0,1461
sub-010155,ep04,200,0,1461
sub-010155,ep05,3,2,147
sub-010155,ep05,5,3,1026
sub-010155,ep05,7,2,1235
sub-010155,ep05,8,3,1264
sub-010155,ep05,10,2,1248
sub-010155,ep05,20,2,1246
sub-010155,ep05,30,0,1404
sub-010155,ep05,50,0,1404
sub-010155,ep05,100,0,1404
sub-010155,ep05,150,0,1404
sub-010155,ep05,200,0,1404
sub-010157,ep00,3,2,193
sub-010157,ep00,5,2,875
sub-010157,ep00,7,2,1118
sub-010157,ep00,8,2,1141
sub-010157,ep00,10,2,1182
sub-010157,ep00,20,2,1289
sub-010157,ep00,30,0,1440
sub-010157,ep00,50,0,1440
sub-010157,ep00,100,0,1440
sub-010157,ep00,150,0,1440
sub-010157,ep00,200,0,1440
sub-010157,ep01,3,6,505
sub-010157,ep01,5,2,1088
sub-010157,ep01,7,3,1753
sub-010157,ep01,8,3,1782
sub-010157,ep01,10,3,1814
sub-010157,ep01,20,2,1820
sub-010157,ep01,30,0,2029
sub-010157,ep01,50,0,2029
sub-010157,ep01,100,0,2029
sub-010157,ep01,150,0,2029
sub-010157,ep01,200,0,2029
sub-010157,ep02,3,4,228
sub-010157,ep02,5,2,849
sub-010157,ep02,7,4,1150
sub-010157,ep02,8,2,1174
sub-010157,ep02,10,2,1161
sub-010157,ep02,20,2,1163
sub-010157,ep02,30,0,1425
sub-010157,ep02,50,0,1425
sub-010157,ep02,100,0,1425
sub-010157,ep02,150,0,1425
sub-010157,ep02,200,0,1425
sub-010157,ep03,3,2,96
sub-010157,ep03,5,2,701
sub-010157,ep03,7,2,1134
sub-010157,ep03,8,3,1224
sub-010157,ep03,10,3,1265
sub-010157,ep03,20,0,1510
sub-010157,ep03,30,0,1510
sub-010157,ep03,50,0,1510
sub-010157,ep03,100,0,1510
sub-010157,ep03,150,0,1510
sub-010157,ep03,200,0,1510
sub-010157,ep04,3,2,61
sub-010157,ep04,5,6,1437
sub-010157,ep04,7,3,1382
sub-010157,ep04,8,2,1446
sub-010157,ep04,10,2,1432
sub-010157,ep04,20,2,1446
sub-010157,ep04,30,2,1392
sub-010157,ep04,50,0,1690
sub-010157,ep04,100,0,1690
sub-010157,ep04,150,0,1690
sub-010157,ep04,200,0,1690
sub-010157,ep05,3,2,195
sub-010157,ep05,5,6,1117
sub-010157,ep05,7,2,1141
sub-010157,ep05,8,2,1060
sub-010157,ep05,10,2,1135
sub-010157,ep05,20,2,1151
sub-010157,ep05,30,2,1198
sub-010157,ep05,50,0,1470
sub-010157,ep05,100,0,1470
sub-010157,ep05,150,0,1470
sub-010157,ep05,200,0,1470
sub-010162,ep00,3,4,64
sub-010162,ep00,5,3,620
sub-010162,ep00,7,3,1132
sub-010162,ep00,8,3,1156
sub-010162,ep00,10,2,1169
sub-010162,ep00,20,0,1222
sub-010162,ep00,30,0,1222
sub-010162,ep00,50,0,1222
sub-010162,ep00,100,0,1222
sub-010162,ep00,150,0,1222
sub-010162,ep00,200,0,1222
sub-010162,ep01,3,2,42
sub-010162,ep01,5,3,333
sub-010162,ep01,7,2,1132
sub-010162,ep01,8,2,1151
sub-010162,ep01,10,2,1167
sub-010162,ep01,20,2,1185
sub-010162,ep01,30,0,1243
sub-010162,ep01,50,0,1243
sub-010162,ep01,100,0,1243
sub-010162,ep01,150,0,1243
sub-010162,ep01,200,0,1243
sub-010162,ep02,3,2,31
sub-010162,ep02,5,2,578
sub-010162,ep02,7,2,990
sub-010162,ep02,8,2,1133
sub-010162,ep02,10,2,1121
sub-010162,ep02,20,0,1164
sub-010162,ep02,30,0,1164
sub-010162,ep02,50,0,1164
sub-010162,ep02,100,0,1164
sub-010162,ep02,150,0,1164
sub-010162,ep02,200,0,1164
sub-010162,ep03,3,2,126
sub-010162,ep03,5,2,702
sub-010162,ep03,7,2,873
sub-010162,ep03,8,2,899
sub-010162,ep03,10,2,1106
sub-010162,ep03,20,2,1084
sub-010162,ep03,30,0,1192
sub-010162,ep03,50,0,1192
sub-010162,ep03,100,0,1192
sub-010162,ep03,150,0,1192
sub-010162,ep03,200,0,1192
sub-010162,ep04,3,2,37
sub-010162,ep04,5,2,345
sub-010162,ep04,7,2,1138
sub-010162,ep04,8,2,1129
sub-010162,ep04,10,2,1251
sub-010162,ep04,20,0,1276
sub-010162,ep04,30,0,1276
sub-010162,ep04,50,0,1276
sub-010162,ep04,100,0,1276
sub-010162,ep04,150,0,1276
sub-010162,ep04,200,0,1276
sub-010162,ep05,3,2,67
sub-010162,ep05,5,3,946
sub-010162,ep05,7,2,966
sub-010162,ep05,8,2,1030
sub-010162,ep05,10,2,1250
sub-010162,ep05,20,0,1380
sub-010162,ep05,30,0,1380
sub-010162,ep05,50,0,1380
sub-010162,ep05,100,0,1380
sub-010162,ep05,150,0,1380
sub-010162,ep05,200,0,1380
sub-010162,ep06,3,7,278
sub-010162,ep06,5,2,614
sub-010162,ep06,7,3,1046
sub-010162,ep06,8,3,1053
sub-010162,ep06,10,2,1053
sub-010162,ep06,20,0,1144
sub-010162,ep06,30,0,1144
sub-010162,ep06,50,0,1144
sub-010162,ep06,100,0,1144
sub-010162,ep06,150,0,1144
sub-010162,ep06,200,0,1144
sub-010163,ep00,3,4,322
sub-010163,ep00,5,2,1038
sub-010163,ep00,7,3,1352
sub-010163,ep00,8,2,1039
sub-010163,ep00,10,2,1365
sub-010163,ep00,20,2,1424
sub-010163,ep00,30,0,1580
sub-010163,ep00,50,0,1580
sub-010163,ep00,100,0,1580
sub-010163,ep00,150,0,1580
sub-010163,ep00,200,0,1580
sub-010163,ep01,3,3,351
sub-010163,ep01,5,2,857
sub-010163,ep01,7,2,1188
sub-010163,ep01,8,3,1385
sub-010163,ep01,10,3,1421
sub-010163,ep01,20,0,1563
sub-010163,ep01,30,0,1563
sub-010163,ep01,50,0,1563
sub-010163,ep01,100,0,1563
sub-010163,ep01,150,0,1563
sub-010163,ep01,200,0,1563
sub-010163,ep02,3,2,38
sub-010163,ep02,5,2,638
sub-010163,ep02,7,2,1281
sub-010163,ep02,8,2,1276
sub-010163,ep02,10,3,1435
sub-010163,ep02,20,0,1487
sub-010163,ep02,30,0,1487
sub-010163,ep02,50,0,1487
sub-010163,ep02,100,0,1487
sub-010163,ep02,150,0,1487
sub-010163,ep02,200,0,1487
sub-010163,ep03,3,2,25
sub-010163,ep03,5,2,713
sub-010163,ep03,7,3,1417
sub-010163,ep03,8,3,1414
sub-010163,ep03,10,2,1398
sub-010163,ep03,20,2,1461
sub-010163,ep03,30,0,1522
sub-010163,ep03,50,0,1522
sub-010163,ep03,100,0,1522
sub-010163,ep03,150,0,1522
sub-010163,ep03,200,0,1522
sub-010163,ep04,3,3,45
sub-010163,ep04,5,2,1212
sub-010163,ep04,7,2,1375
sub-010163,ep04,8,2,1403
sub-010163,ep04,10,3,1412
sub-010163,ep04,20,0,1488
sub-010163,ep04,30,0,1488
sub-010163,ep04,50,0,1488
sub-010163,ep04,100,0,1488
sub-010163,ep04,150,0,1488
sub-010163,ep04,200,0,1488
sub-010163,ep05,3,2,156
sub-010163,ep05,5,2,718
sub-010163,ep05,7,2,1462
sub-010163,ep05,8,2,1471
sub-010163,ep05,10,2,1484
sub-010163,ep05,20,0,1571
sub-010163,ep05,30,0,1571
sub-010163,ep05,50,0,1571
sub-010163,ep05,100,0,1571
sub-010163,ep05,150,0,1571
sub-010163,ep05,200,0,1571
sub-010163,ep06,3,6,266
sub-010163,ep06,5,2,671
sub-010163,ep06,7,2,995
sub-010163,ep06,8,2,1167
sub-010163,ep06,10,2,1186
sub-010163,ep06,20,0,1307
sub-010163,ep06,30,0,1307
sub-010163,ep06,50,0,1307
sub-010163,ep06,100,0,1307
sub-010163,ep06,150,0,1307
sub-010163,ep06,200,0,1307
sub-010164,ep00,3,2,47
sub-010164,ep00,5,2,76
sub-010164,ep00,7,3,1389
sub-010164,ep00,8,2,1349
sub-010164,ep00,10,2,1357
sub-010164,ep00,20,2,1436
sub-010164,ep00,30,0,1515
sub-010164,ep00,50,0,1515
sub-010164,ep00,100,0,1515
sub-010164,ep00,150,0,1515
sub-010164,ep00,200,0,1515
sub-010164,ep01,3,3,76
sub-010164,ep01,5,3,516
sub-010164,ep01,7,2,1211
sub-010164,ep01,8,2,1446
sub-010164,ep01,10,0,1494
sub-010164,ep01,20,0,1494
sub-010164,ep01,30,0,1494
sub-010164,ep01,50,0,1494
sub-010164,ep01,100,0,1494
sub-010164,ep01,150,0,1494
sub-010164,ep01,200,0,1494
sub-010164,ep02,3,2,38
sub-010164,ep02,5,2,408
sub-010164,ep02,7,3,1437
sub-010164,ep02,8,2,1454
sub-010164,ep02,10,2,1432
sub-010164,ep02,20,2,1482
sub-010164,ep02,30,0,1581
sub-010164,ep02,50,0,1581
sub-010164,ep02,100,0,1581
sub-010164,ep02,150,0,1581
sub-010164,ep02,200,0,1581
sub-010164,ep03,3,3,188
sub-010164,ep03,5,2,674
sub-010164,ep03,7,3,1338
sub-010164,ep03,8,2,1309
sub-010164,ep03,10,2,1337
sub-010164,ep03,20,2,1349
sub-010164,ep03,30,2,1368
sub-010164,ep03,50,0,1461
sub-010164,ep03,100,0,1461
sub-010164,ep03,150,0,1461
sub-010164,ep03,200,0,1461
sub-010164,ep04,3,3,51
sub-010164,ep04,5,2,548
sub-010164,ep04,7,2,1490
sub-010164,ep04,8,2,1531
sub-010164,ep04,10,2,1538
sub-010164,ep04,20,0,1649
sub-010164,ep04,30,0,1649
sub-010164,ep04,50,0,1649
sub-010164,ep04,100,0,1649
sub-010164,ep04,150,0,1649
sub-010164,ep04,200,0,1649
sub-010164,ep05,3,3,10
sub-010164,ep05,5,2,138
sub-010164,ep05,7,4,1358
sub-010164,ep05,8,2,1371
sub-010164,ep05,10,2,1380
sub-010164,ep05,20,0,1454
sub-010164,ep05,30,0,1454
sub-010164,ep05,50,0,1454
sub-010164,ep05,100,0,1454
sub-010164,ep05,150,0,1454
sub-010164,ep05,200,0,1454
sub-010165,ep00,3,2,118
sub-010165,ep00,5,2,858
sub-010165,ep00,7,2,1178
sub-010165,ep00,8,0,1226
sub-010165,ep00,10,2,1137
sub-010165,ep00,20,0,1226
sub-010165,ep00,30,0,1226
sub-010165,ep00,50,0,1226
sub-010165,ep00,100,0,1226
sub-010165,ep00,150,0,1226
sub-010165,ep00,200,0,1226
sub-010165,ep01,3,5,328
sub-010165,ep01,5,3,1184
sub-010165,ep01,7,3,1214
sub-010165,ep01,8,2,1207
sub-010165,ep01,10,2,1195
sub-010165,ep01,20,2,1184
sub-010165,ep01,30,0,1281
sub-010165,ep01,50,0,1281
sub-010165,ep01,100,0,1281
sub-010165,ep01,150,0,1281
sub-010165,ep01,200,0,1281
sub-010165,ep02,3,3,288
sub-010165,ep02,5,5,1073
sub-010165,ep02,7,2,1140
sub-010165,ep02,8,2,1148
sub-010165,ep02,10,2,1153
sub-010165,ep02,20,2,1149
sub-010165,ep02,30,0,1267
sub-010165,ep02,50,0,1267
sub-010165,ep02,100,0,1267
sub-010165,ep02,150,0,1267
sub-010165,ep02,200,0,1267
sub-010165,ep03,3,2,105
sub-010165,ep03,5,4,1008
sub-010165,ep03,7,2,1208
sub-010165,ep03,8,2,1200
sub-010165,ep03,10,2,1226
sub-010165,ep03,20,2,1217
sub-010165,ep03,30,0,1287
sub-010165,ep03,50,0,1287
sub-010165,ep03,100,0,1287
sub-010165,ep03,150,0,1287
sub-010165,ep03,200,0,1287
sub-010165,ep04,3,2,168
sub-010165,ep04,5,5,1129
sub-010165,ep04,7,2,1170
sub-010165,ep04,8,3,1188
sub-010165,ep04,10,2,1199
sub-010165,ep04,20,0,1296
sub-010165,ep04,30,0,1296
sub-010165,ep04,50,0,1296
sub-010165,ep04,100,0,1296
sub-010165,ep04,150,0,1296
sub-010165,ep04,200,0,1296
sub-010165,ep05,3,2,92
sub-010165,ep05,5,4,1220
sub-010165,ep05,7,2,1192
sub-010165,ep05,8,2,1185
sub-010165,ep05,10,2,1207
sub-010165,ep05,20,2,1232
sub-010165,ep05,30,0,1287
sub-010165,ep05,50,0,1287
sub-010165,ep05,100,0,1287
sub-010165,ep05,150,0,1287
sub-010165,ep05,200,0,1287
sub-010165,ep06,3,8,437
sub-010165,ep06,5,3,1071
sub-010165,ep06,7,2,1100
sub-010165,ep06,8,2,1086
sub-010165,ep06,10,2,1086
sub-010165,ep06,20,2,1144
sub-010165,ep06,30,0,1204
sub-010165,ep06,50,0,1204
sub-010165,ep06,100,0,1204
sub-010165,ep06,150,0,1204
sub-010165,ep06,200,0,1204
sub-010166,ep00,3,2,146
sub-010166,ep00,5,2,1019
sub-010166,ep00,7,3,1280
sub-010166,ep00,8,2,1306
sub-010166,ep00,10,2,1290
sub-010166,ep00,20,2,1311
sub-010166,ep00,30,0,1383
sub-010166,ep00,50,0,1383
sub-010166,ep00,100,0,1383
sub-010166,ep00,150,0,1383
sub-010166,ep00,200,0,1383
sub-010166,ep01,3,2,10
sub-010166,ep01,5,3,1181
sub-010166,ep01,7,2,1181
sub-010166,ep01,8,3,1361
sub-010166,ep01,10,2,1345
sub-010166,ep01,20,2,1371
sub-010166,ep01,30,0,1454
sub-010166,ep01,50,0,1454
sub-010166,ep01,100,0,1454
sub-010166,ep01,150,0,1454
sub-010166,ep01,200,0,1454
sub-010166,ep02,3,3,337
sub-010166,ep02,5,2,1204
sub-010166,ep02,7,2,1342
sub-010166,ep02,8,2,1354
sub-010166,ep02,10,2,1377
sub-010166,ep02,20,2,1442
sub-010166,ep02,30,2,1446
sub-010166,ep02,50,2,1414
sub-010166,ep02,100,0,1544
sub-010166,ep02,150,0,1544
sub-010166,ep02,200,0,1544
sub-010166,ep03,3,2,217
sub-010166,ep03,5,6,1204
sub-010166,ep03,7,2,1192
sub-010166,ep03,8,2,1247
sub-010166,ep03,10,2,1260
sub-010166,ep03,20,2,1207
sub-010166,ep03,30,2,1255
sub-010166,ep03,50,2,1271
sub-010166,ep03,100,0,1382
sub-010166,ep03,150,0,1382
sub-010166,ep03,200,0,1382
sub-010166,ep04,3,2,51
sub-010166,ep04,5,10,1167
sub-010166,ep04,7,2,1135
sub-010166,ep04,8,3,1256
sub-010166,ep04,10,2,1309
sub-010166,ep04,20,2,1317
sub-010166,ep04,30,0,1372
sub-010166,ep04,50,0,1372
sub-010166,ep04,100,0,1372
sub-010166,ep04,150,0,1372
sub-010166,ep04,200,0,1372
sub-010166,ep05,3,5,274
sub-010166,ep05,5,3,1093
sub-010166,ep05,7,2,1155
sub-010166,ep05,8,2,1176
sub-010166,ep05,10,2,1169
sub-010166,ep05,20,2,1219
sub-010166,ep05,30,2,1224
sub-010166,ep05,50,0,1362
sub-010166,ep05,100,0,1362
sub-010166,ep05,150,0,1362
sub-010166,ep05,200,0,1362
sub-010166,ep06,3,3,414
sub-010166,ep06,5,3,1087
sub-010166,ep06,7,2,1100
sub-010166,ep06,8,2,1089
sub-010166,ep06,10,2,1125
sub-010166,ep06,20,2,1144
sub-010166,ep06,30,0,1222
sub-010166,ep06,50,0,1222
sub-010166,ep06,100,0,1222
sub-010166,ep06,150,0,1222
sub-010166,ep06,200,0,1222
sub-010168,ep00,3,3,130
sub-010168,ep00,5,2,998
sub-010168,ep00,7,2,1227
sub-010168,ep00,8,3,1269
sub-010168,ep00,10,2,1288
sub-010168,ep00,20,2,1315
sub-010168,ep00,30,0,1389
sub-010168,ep00,50,0,1389
sub-010168,ep00,100,0,1389
sub-010168,ep00,150,0,1389
sub-010168,ep00,200,0,1389
sub-010168,ep01,3,3,340
sub-010168,ep01,5,2,1001
sub-010168,ep01,7,3,1256
sub-010168,ep01,8,2,1215
sub-010168,ep01,10,3,1282
sub-010168,ep01,20,2,1271
sub-010168,ep01,30,2,1301
sub-010168,ep01,50,0,1389
sub-010168,ep01,100,0,1389
sub-010168,ep01,150,0,1389
sub-010168,ep01,200,0,1389
sub-010168,ep02,3,3,107
sub-010168,ep02,5,2,633
sub-010168,ep02,7,2,728
sub-010168,ep02,8,2,1222
sub-010168,ep02,10,2,1232
sub-010168,ep02,20,2,1263
sub-010168,ep02,30,0,1368
sub-010168,ep02,50,0,1368
sub-010168,ep02,100,0,1368
sub-010168,ep02,150,0,1368
sub-010168,ep02,200,0,1368
sub-010168,ep03,3,2,103
sub-010168,ep03,5,2,915
sub-010168,ep03,7,2,1252
sub-010168,ep03,8,3,1282
sub-010168,ep03,10,3,1303
sub-010168,ep03,20,2,1308
sub-010168,ep03,30,2,1305
sub-010168,ep03,50,0,1384
sub-010168,ep03,100,0,1384
sub-010168,ep03,150,0,1384
sub-010168,ep03,200,0,1384
sub-010168,ep04,3,12,452
sub-010168,ep04,5,4,1103
sub-010168,ep04,7,2,1066
sub-010168,ep04,8,2,1171
sub-010168,ep04,10,2,1193
sub-010168,ep04,20,0,1312
sub-010168,ep04,30,0,1312
sub-010168,ep04,50,0,1312
sub-010168,ep04,100,0,1312
sub-010168,ep04,150,0,1312
sub-010168,ep04,200,0,1312
sub-010168,ep05,3,2,26
sub-010168,ep05,5,3,1095
sub-010168,ep05,7,2,1232
sub-010168,ep05,8,2,1286
sub-010168,ep05,10,2,1313
sub-010168,ep05,20,2,1298
sub-010168,ep05,30,2,1267
sub-010168,ep05,50,0,1394
sub-010168,ep05,100,0,1394
sub-010168,ep05,150,0,1394
sub-010168,ep05,200,0,1394
sub-010168,ep06,3,2,57
sub-010168,ep06,5,2,802
sub-010168,ep06,7,2,1169
sub-010168,ep06,8,4,1183
sub-010168,ep06,10,2,1176
sub-010168,ep06,20,0,1257
sub-010168,ep06,30,0,1257
sub-010168,ep06,50,0,1257
sub-010168,ep06,100,0,1257
sub-010168,ep06,150,0,1257
sub-010168,ep06,200,0,1257
sub-010170,ep00,3,3,122
sub-010170,ep00,5,2,421
sub-010170,ep00,7,2,1392
sub-010170,ep00,8,2,1374
sub-010170,ep00,10,2,1413
sub-010170,ep00,20,2,1418
sub-010170,ep00,30,2,1389
sub-010170,ep00,50,0,1507
sub-010170,ep00,100,0,1507
sub-010170,ep00,150,0,1507
sub-010170,ep00,200,0,1507
sub-010170,ep01,3,6,308
sub-010170,ep01,5,5,1224
sub-010170,ep01,7,2,1215
sub-010170,ep01,8,2,1251
sub-010170,ep01,10,2,1214
sub-010170,ep01,20,2,1257
sub-010170,ep01,30,0,1351
sub-010170,ep01,50,0,1351
sub-010170,ep01,100,0,1351
sub-010170,ep01,150,0,1351
sub-010170,ep01,200,0,1351
sub-010170,ep02,3,5,322
sub-010170,ep02,5,2,568
sub-010170,ep02,7,3,1295
sub-010170,ep02,8,3,1286
sub-010170,ep02,10,3,1295
sub-010170,ep02,20,2,1345
sub-010170,ep02,30,0,1415
sub-010170,ep02,50,0,1415
sub-010170,ep02,100,0,1415
sub-010170,ep02,150,0,1415
sub-010170,ep02,200,0,1415
sub-010170,ep03,3,4,109
sub-010170,ep03,5,2,783
sub-010170,ep03,7,2,1239
sub-010170,ep03,8,2,1238
sub-010170,ep03,10,2,1226
sub-010170,ep03,20,2,1280
sub-010170,ep03,30,0,1349
sub-010170,ep03,50,0,1349
sub-010170,ep03,100,0,1349
sub-010170,ep03,150,0,1349
sub-010170,ep03,200,0,1349
sub-010170,ep04,3,2,58
sub-010170,ep04,5,3,1527
sub-010170,ep04,7,3,1793
sub-010170,ep04,8,3,1775
sub-010170,ep04,10,3,1837
sub-010170,ep04,20,2,1857
sub-010170,ep04,30,2,1896
sub-010170,ep04,50,2,1891
sub-010170,ep04,100,0,1994
sub-010170,ep04,150,0,1994
sub-010170,ep04,200,0,1994
sub-010170,ep05,3,3,71
sub-010170,ep05,5,3,1143
sub-010170,ep05,7,2,1272
sub-010170,ep05,8,2,1268
sub-010170,ep05,10,2,1295
sub-010170,ep05,20,0,1360
sub-010170,ep05,30,0,1360
sub-010170,ep05,50,0,1360
sub-010170,ep05,100,0,1360
sub-010170,ep05,150,0,1360
sub-010170,ep05,200,0,1360
sub-010170,ep06,3,6,280
sub-010170,ep06,5,7,1105
sub-010170,ep06,7,4,1118
sub-010170,ep06,8,3,1138
sub-010170,ep06,10,2,1164
sub-010170,ep06,20,0,1249
sub-010170,ep06,30,0,1249
sub-010170,ep06,50,0,1249
sub-010170,ep06,100,0,1249
sub-010170,ep06,150,0,1249
sub-010170,ep06,200,0,1249
sub-010176,ep00,3,3,170
sub-010176,ep00,5,3,1283
sub-010176,ep00,7,2,1342
sub-010176,ep00,8,2,1339
sub-010176,ep00,10,2,1320
sub-010176,ep00,20,2,1380
sub-010176,ep00,30,2,1354
sub-010176,ep00,50,0,1445
sub-010176,ep00,100,0,1445
sub-010176,ep00,150,0,1445
sub-010176,ep00,200,0,1445
sub-010176,ep01,3,4,356
sub-010176,ep01,5,3,1192
sub-010176,ep01,7,2,1319
sub-010176,ep01,8,2,1243
sub-010176,ep01,10,2,1306
sub-010176,ep01,20,2,1328
sub-010176,ep01,30,0,1382
sub-010176,ep01,50,0,1382
sub-010176,ep01,100,0,1382
sub-010176,ep01,150,0,1382
sub-010176,ep01,200,0,1382
sub-010176,ep02,3,3,79
sub-010176,ep02,5,4,1298
sub-010176,ep02,7,2,1307
sub-010176,ep02,8,2,1314
sub-010176,ep02,10,2,1332
sub-010176,ep02,20,2,1339
sub-010176,ep02,30,2,1342
sub-010176,ep02,50,0,1411
sub-010176,ep02,100,0,1411
sub-010176,ep02,150,0,1411
sub-010176,ep02,200,0,1411
sub-010176,ep03,3,2,115
sub-010176,ep03,5,2,914
sub-010176,ep03,7,3,1396
sub-010176,ep03,8,3,1396
sub-010176,ep03,10,2,1425
sub-010176,ep03,20,0,1474
sub-010176,ep03,30,0,1474
sub-010176,ep03,50,0,1474
sub-010176,ep03,100,0,1474
sub-010176,ep03,150,0,1474
sub-010176,ep03,200,0,1474
sub-010176,ep04,3,5,119
sub-010176,ep04,5,3,508
sub-010176,ep04,7,2,1211
sub-010176,ep04,8,2,1190
sub-010176,ep04,10,2,1222
sub-010176,ep04,20,2,1330
sub-010176,ep04,30,0,1397
sub-010176,ep04,50,0,1397
sub-010176,ep04,100,0,1397
sub-010176,ep04,150,0,1397
sub-010176,ep04,200,0,1397
sub-010176,ep05,3,3,68
sub-010176,ep05,5,6,1295
sub-010176,ep05,7,4,1348
sub-010176,ep05,8,3,1354
sub-010176,ep05,10,2,1375
sub-010176,ep05,20,2,1364
sub-010176,ep05,30,2,1341
sub-010176,ep05,50,0,1428
sub-010176,ep05,100,0,1428
sub-010176,ep05,150,0,1428
sub-010176,ep05,200,0,1428
sub-010176,ep06,3,2,66
sub-010176,ep06,5,5,1227
sub-010176,ep06,7,2,1204
sub-010176,ep06,8,2,1229
sub-010176,ep06,10,2,1229
sub-010176,ep06,20,2,1268
sub-010176,ep06,30,2,1288
sub-010176,ep06,50,0,1364
sub-010176,ep06,100,0,1364
sub-010176,ep06,150,0,1364
sub-010176,ep06,200,0,1364
sub-010183,ep00,3,6,140
sub-010183,ep00,5,2,159
sub-010183,ep00,7,2,1429
sub-010183,ep00,8,2,1437
sub-010183,ep00,10,2,1475
sub-010183,ep00,20,2,1467
sub-010183,ep00,30,0,1534
sub-010183,ep00,50,0,1534
sub-010183,ep00,100,0,1534
sub-010183,ep00,150,0,1534
sub-010183,ep00,200,0,1534
sub-010183,ep01,3,10,156
sub-010183,ep01,5,3,798
sub-010183,ep01,7,2,1402
sub-010183,ep01,8,3,1409
sub-010183,ep01,10,2,1405
sub-010183,ep01,20,2,1430
sub-010183,ep01,30,2,1416
sub-010183,ep01,50,0,1501
sub-010183,ep01,100,0,1501
sub-010183,ep01,150,0,1501
sub-010183,ep01,200,0,1501
sub-010183,ep02,3,2,282
sub-010183,ep02,5,3,1240
sub-010183,ep02,7,2,1317
sub-010183,ep02,8,2,1275
sub-010183,ep02,10,2,1294
sub-010183,ep02,20,2,1315
sub-010183,ep02,30,2,1367
sub-010183,ep02,50,0,1487
sub-010183,ep02,100,0,1487
sub-010183,ep02,150,0,1487
sub-010183,ep02,200,0,1487
sub-010183,ep03,3,3,50
sub-010183,ep03,5,2,1027
sub-010183,ep03,7,3,1473
sub-010183,ep03,8,3,1438
sub-010183,ep03,10,3,1437
sub-010183,ep03,20,2,1444
sub-010183,ep03,30,0,1624
sub-010183,ep03,50,0,1624
sub-010183,ep03,100,0,1624
sub-010183,ep03,150,0,1624
sub-010183,ep03,200,0,1624
sub-010183,ep04,3,4,130
sub-010183,ep04,5,3,114
sub-010183,ep04,7,2,1328
sub-010183,ep04,8,3,1326
sub-010183,ep04,10,2,1357
sub-010183,ep04,20,0,1464
sub-010183,ep04,30,0,1464
sub-010183,ep04,50,0,1464
sub-010183,ep04,100,0,1464
sub-010183,ep04,150,0,1464
sub-010183,ep04,200,0,1464
sub-010183,ep05,3,2,13
sub-010183,ep05,5,4,1148
sub-010183,ep05,7,2,1159
sub-010183,ep05,8,2,1191
sub-010183,ep05,10,2,1222
sub-010183,ep05,20,2,1262
sub-010183,ep05,30,0,1361
sub-010183,ep05,50,0,1361
sub-010183,ep05,100,0,1361
sub-010183,ep05,150,0,1361
sub-010183,ep05,200,0,1361
sub-010183,ep06,3,5,198
sub-010183,ep06,5,4,1171
sub-010183,ep06,7,2,1192
sub-010183,ep06,8,2,1213
sub-010183,ep06,10,2,1228
sub-010183,ep06,20,2,1260
sub-010183,ep06,30,2,1269
sub-010183,ep06,50,0,1336
sub-010183,ep06,100,0,1336
sub-010183,ep06,150,0,1336
sub-010183,ep06,200,0,1336
sub-010191,ep00,3,4,468
sub-010191,ep00,5,9,1091
sub-010191,ep00,7,2,1132
sub-010191,ep00,8,3,1180
sub-010191,ep00,10,2,1141
sub-010191,ep00,20,2,1107
sub-010191,ep00,30,2,1179
sub-010191,ep00,50,2,1241
sub-010191,ep00,100,0,1443
sub-010191,ep00,150,0,1443
sub-010191,ep00,200,0,1443
sub-010191,ep01,3,2,32
sub-010191,ep01,5,5,1015
sub-010191,ep01,7,6,1231
sub-010191,ep01,8,4,1170
sub-010191,ep01,10,4,1246
sub-010191,ep01,20,2,1122
sub-010191,ep01,30,2,1175
sub-010191,ep01,50,2,1211
sub-010191,ep01,100,0,1442
sub-010191,ep01,150,0,1442
sub-010191,ep01,200,0,1442
sub-010191,ep02,3,2,306
sub-010191,ep02,5,2,576
sub-010191,ep02,7,4,1646
sub-010191,ep02,8,3,1738
sub-010191,ep02,10,3,1776
sub-010191,ep02,20,2,1844
sub-010191,ep02,30,2,1750
sub-010191,ep02,50,2,1753
sub-010191,ep02,100,2,1687
sub-010191,ep02,150,0,2139
sub-010191,ep02,200,0,2139
sub-010191,ep03,3,2,107
sub-010191,ep03,5,2,638
sub-010191,ep03,7,2,976
sub-010191,ep03,8,2,1025
sub-010191,ep03,10,2,1037
sub-010191,ep03,20,2,1066
sub-010191,ep03,30,2,1068
sub-010191,ep03,50,2,1062
sub-010191,ep03,100,0,1379
sub-010191,ep03,150,0,1379
sub-010191,ep03,200,0,1379
sub-010191,ep04,3,5,170
sub-010191,ep04,5,4,1047
sub-010191,ep04,7,2,1158
sub-010191,ep04,8,2,1113
sub-010191,ep04,10,2,1110
sub-010191,ep04,20,2,1239
sub-010191,ep04,30,2,1202
sub-010191,ep04,50,2,1293
sub-010191,ep04,100,0,1637
sub-010191,ep04,150,0,1637
sub-010191,ep04,200,0,1637
sub-010191,ep05,3,6,261
sub-010191,ep05,5,2,698
sub-010191,ep05,7,2,736
sub-010191,ep05,8,2,668
sub-010191,ep05,10,2,687
sub-010191,ep05,20,2,776
sub-010191,ep05,30,2,729
sub-010191,ep05,50,2,752
sub-010191,ep05,100,2,817
sub-010191,ep05,150,0,1343
sub-010191,ep05,200,0,1343
sub-010191,ep06,3,2,109
sub-010191,ep06,5,2,667
sub-010191,ep06,7,2,723
sub-010191,ep06,8,2,704
sub-010191,ep06,10,2,792
sub-010191,ep06,20,2,902
sub-010191,ep06,30,2,927
sub-010191,ep06,50,2,840
sub-010191,ep06,100,0,1225
sub-010191,ep06,150,0,1225
sub-010191,ep06,200,0,1225
sub-010192,ep00,3,2,306
sub-010192,ep00,5,2,655
sub-010192,ep00,7,2,1289
sub-010192,ep00,8,2,1256
sub-010192,ep00,10,2,1308
sub-010192,ep00,20,2,1404
sub-010192,ep00,30,2,1420
sub-010192,ep00,50,0,1493
sub-010192,ep00,100,0,1493
sub-010192,ep00,150,0,1493
sub-010192,ep00,200,0,1493
sub-010192,ep01,3,7,286
sub-010192,ep01,5,2,1002
sub-010192,ep01,7,2,1244
sub-010192,ep01,8,2,1275
sub-010192,ep01,10,2,1270
sub-010192,ep01,20,2,1292
sub-010192,ep01,30,2,1315
sub-010192,ep01,50,2,1301
sub-010192,ep01,100,0,1511
sub-010192,ep01,150,0,1511
sub-010192,ep01,200,0,1511
sub-010192,ep02,3,3,110
sub-010192,ep02,5,2,857
sub-010192,ep02,7,3,1162
sub-010192,ep02,8,2,1216
sub-010192,ep02,10,2,1205
sub-010192,ep02,20,2,1234
sub-010192,ep02,30,2,1251
sub-010192,ep02,50,2,1274
sub-010192,ep02,100,0,1522
sub-010192,ep02,150,0,1522
sub-010192,ep02,200,0,1522
sub-010192,ep03,3,2,114
sub-010192,ep03,5,2,1440
sub-010192,ep03,7,2,1931
sub-010192,ep03,8,2,1939
sub-010192,ep03,10,2,1903
sub-010192,ep03,20,2,1976
sub-010192,ep03,30,2,1962
sub-010192,ep03,50,0,2045
sub-010192,ep03,100,0,2045
sub-010192,ep03,150,0,2045
sub-010192,ep03,200,0,2045
sub-010192,ep04,3,2,281
sub-010192,ep04,5,4,1110
sub-010192,ep04,7,3,1360
sub-010192,ep04,8,3,1377
sub-010192,ep04,10,4,1404
sub-010192,ep04,20,2,1424
sub-010192,ep04,30,0,1492
sub-010192,ep04,50,0,1492
sub-010192,ep04,100,0,1492
sub-010192,ep04,150,0,1492
sub-010192,ep04,200,0,1492
sub-010192,ep05,3,4,267
sub-010192,ep05,5,3,970
sub-010192,ep05,7,3,1442
sub-010192,ep05,8,2,1450
sub-010192,ep05,10,2,1447
sub-010192,ep05,20,2,1489
sub-010192,ep05,30,2,1487
sub-010192,ep05,50,0,1627
sub-010192,ep05,100,0,1627
sub-010192,ep05,150,0,1627
sub-010192,ep05,200,0,1627
sub-010192,ep06,3,2,398
sub-010192,ep06,5,3,1100
sub-010192,ep06,7,5,1265
sub-010192,ep06,8,2,1184
sub-010192,ep06,10,2,1242
sub-010192,ep06,20,2,1254
sub-010192,ep06,30,2,1299
sub-010192,ep06,50,0,1424
sub-010192,ep06,100,0,1424
sub-010192,ep06,150,0,1424
sub-010192,ep06,200,0,1424
sub-010194,ep00,3,5,212
sub-010194,ep00,5,2,640
sub-010194,ep00,7,2,697
sub-010194,ep00,8,2,706
sub-010194,ep00,10,2,707
sub-010194,ep00,20,2,799
sub-010194,ep00,30,2,844
sub-010194,ep00,50,2,828
sub-010194,ep00,100,2,786
sub-010194,ep00,150,2,834
sub-010194,ep00,200,0,1402
sub-010194,ep01,3,2,236
sub-010194,ep01,5,5,1464
sub-010194,ep01,7,2,1461
sub-010194,ep01,8,2,1424
sub-010194,ep01,10,2,1475
sub-010194,ep01,20,2,1370
sub-010194,ep01,30,2,1411
sub-010194,ep01,50,2,1447
sub-010194,ep01,100,2,1489
sub-010194,ep01,150,2,1430
sub-010194,ep01,200,0,2006
sub-010194,ep02,3,2,327
sub-010194,ep02,5,2,973
sub-010194,ep02,7,2,1175
sub-010194,ep02,8,2,1541
sub-010194,ep02,10,2,1616
sub-010194,ep02,20,2,1674
sub-010194,ep02,30,2,1716
sub-010194,ep02,50,0,1852
sub-010194,ep02,100,0,1852
sub-010194,ep02,150,0,1852
sub-010194,ep02,200,0,1852
sub-010194,ep03,3,2,267
sub-010194,ep03,5,2,556
sub-010194,ep03,7,2,1329
sub-010194,ep03,8,2,1368
sub-010194,ep03,10,2,1290
sub-010194,ep03,20,2,1335
sub-010194,ep03,30,2,1347
sub-010194,ep03,50,0,1521
sub-010194,ep03,100,0,1521
sub-010194,ep03,150,0,1521
sub-010194,ep03,200,0,1521
sub-010194,ep04,3,4,272
sub-010194,ep04,5,4,1248
sub-010194,ep04,7,2,1009
sub-010194,ep04,8,2,1092
sub-010194,ep04,10,2,1500
sub-010194,ep04,20,2,1513
sub-010194,ep04,30,2,1592
sub-010194,ep04,50,0,1733
sub-010194,ep04,100,0,1733
sub-010194,ep04,150,0,1733
sub-010194,ep04,200,0,1733
sub-010194,ep05,3,3,268
sub-010194,ep05,5,7,1238
sub-010194,ep05,7,4,1366
sub-010194,ep05,8,3,1351
sub-010194,ep05,10,3,1372
sub-010194,ep05,20,2,1320
sub-010194,ep05,30,2,1376
sub-010194,ep05,50,2,1344
sub-010194,ep05,100,0,1526
sub-010194,ep05,150,0,1526
sub-010194,ep05,200,0,1526
sub-010194,ep06,3,3,365
sub-010194,ep06,5,2,867
sub-010194,ep06,7,3,1118
sub-010194,ep06,8,2,1150
sub-010194,ep06,10,2,1144
sub-010194,ep06,20,2,1162
sub-010194,ep06,30,2,1149
sub-010194,ep06,50,2,1080
sub-010194,ep06,100,0,1300
sub-010194,ep06,150,0,1300
sub-010194,ep06,200,0,1300
sub-010195,ep00,3,5,341
sub-010195,ep00,5,3,1002
sub-010195,ep00,7,2,1296
sub-010195,ep00,8,3,1324
sub-010195,ep00,10,2,1329
sub-010195,ep00,20,0,1448
sub-010195,ep00,30,0,1448
sub-010195,ep00,50,0,1448
sub-010195,ep00,100,0,1448
sub-010195,ep00,150,0,1448
sub-010195,ep00,200,0,1448
sub-010195,ep01,3,3,165
sub-010195,ep01,5,3,852
sub-010195,ep01,7,3,1318
sub-010195,ep01,8,3,1321
sub-010195,ep01,10,2,1349
sub-010195,ep01,20,2,1364
sub-010195,ep01,30,2,1382
sub-010195,ep01,50,0,1464
sub-010195,ep01,100,0,1464
sub-010195,ep01,150,0,1464
sub-010195,ep01,200,0,1464
sub-010195,ep02,3,2,95
sub-010195,ep02,5,7,1318
sub-010195,ep02,7,4,1275
sub-010195,ep02,8,4,1309
sub-010195,ep02,10,4,1336
sub-010195,ep02,20,2,1391
sub-010195,ep02,30,2,1365
sub-010195,ep02,50,0,1475
sub-010195,ep02,100,0,1475
sub-010195,ep02,150,0,1475
sub-010195,ep02,200,0,1475
sub-010195,ep03,3,5,110
sub-010195,ep03,5,2,993
sub-010195,ep03,7,5,1269
sub-010195,ep03,8,4,1284
sub-010195,ep03,10,3,1272
sub-010195,ep03,20,2,1310
sub-010195,ep03,30,2,1315
sub-010195,ep03,50,0,1403
sub-010195,ep03,100,0,1403
sub-010195,ep03,150,0,1403
sub-010195,ep03,200,0,1403
sub-010195,ep04,3,5,215
sub-010195,ep04,5,2,1134
sub-010195,ep04,7,3,1412
sub-010195,ep04,8,4,1449
sub-010195,ep04,10,2,1443
sub-010195,ep04,20,2,1447
sub-010195,ep04,30,0,1509
sub-010195,ep04,50,0,1509
sub-010195,ep04,100,0,1509
sub-010195,ep04,150,0,1509
sub-010195,ep04,200,0,1509
sub-010195,ep05,3,2,15
sub-010195,ep05,5,2,1143
sub-010195,ep05,7,2,1429
sub-010195,ep05,8,3,1546
sub-010195,ep05,10,2,1539
sub-010195,ep05,20,2,1550
sub-010195,ep05,30,0,1620
sub-010195,ep05,50,0,1620
sub-010195,ep05,100,0,1620
sub-010195,ep05,150,0,1620
sub-010195,ep05,200,0,1620
sub-010195,ep06,3,3,99
sub-010195,ep06,5,6,1197
sub-010195,ep06,7,2,1248
sub-010195,ep06,8,2,1222
sub-010195,ep06,10,2,1240
sub-010195,ep06,20,2,1255
sub-010195,ep06,30,0,1338
sub-010195,ep06,50,0,1338
sub-010195,ep06,100,0,1338
sub-010195,ep06,150,0,1338
sub-010195,ep06,200,0,1338
sub-010196,ep00,3,2,51
sub-010196,ep00,5,2,641
sub-010196,ep00,7,3,1114
sub-010196,ep00,8,2,1116
sub-010196,ep00,10,0,1258
sub-010196,ep00,20,0,1258
sub-010196,ep00,30,0,1258
sub-010196,ep00,50,0,1258
sub-010196,ep00,100,0,1258
sub-010196,ep00,150,0,1258
sub-010196,ep00,200,0,1258
sub-010196,ep01,3,3,100
sub-010196,ep01,5,4,910
sub-010196,ep01,7,3,1007
sub-010196,ep01,8,2,1150
sub-010196,ep01,10,2,924
sub-010196,ep01,20,2,1166
sub-010196,ep01,30,0,1287
sub-010196,ep01,50,0,1287
sub-010196,ep01,100,0,1287
sub-010196,ep01,150,0,1287
sub-010196,ep01,200,0,1287
sub-010196,ep02,3,2,220
sub-010196,ep02,5,4,1841
sub-010196,ep02,7,3,1879
sub-010196,ep02,8,2,1880
sub-010196,ep02,10,2,2056
sub-010196,ep02,20,2,2099
sub-010196,ep02,30,2,2072
sub-010196,ep02,50,2,2123
sub-010196,ep02,100,0,2253
sub-010196,ep02,150,0,2253
sub-010196,ep02,200,0,2253
sub-010196,ep03,3,2,171
sub-010196,ep03,5,2,244
sub-010196,ep03,7,2,1185
sub-010196,ep03,8,2,1203
sub-010196,ep03,10,2,1168
sub-010196,ep03,20,2,1178
sub-010196,ep03,30,2,1173
sub-010196,ep03,50,0,1275
sub-010196,ep03,100,0,1275
sub-010196,ep03,150,0,1275
sub-010196,ep03,200,0,1275
sub-010196,ep04,3,2,75
sub-010196,ep04,5,3,1095
sub-010196,ep04,7,2,1140
sub-010196,ep04,8,2,1157
sub-010196,ep04,10,2,1131
sub-010196,ep04,20,2,1176
sub-010196,ep04,30,2,1161
sub-010196,ep04,50,0,1274
sub-010196,ep04,100,0,1274
sub-010196,ep04,150,0,1274
sub-010196,ep04,200,0,1274
sub-010196,ep05,3,3,76
sub-010196,ep05,5,7,1130
sub-010196,ep05,7,2,1052
sub-010196,ep05,8,3,1177
sub-010196,ep05,10,2,1183
sub-010196,ep05,20,0,1251
sub-010196,ep05,30,0,1251
sub-010196,ep05,50,0,1251
sub-010196,ep05,100,0,1251
sub-010196,ep05,150,0,1251
sub-010196,ep05,200,0,1251
sub-010196,ep06,3,2,97
sub-010196,ep06,5,4,949
sub-010196,ep06,7,2,1032
sub-010196,ep06,8,2,1047
sub-010196,ep06,10,2,1100
sub-010196,ep06,20,0,1143
sub-010196,ep06,30,0,1143
sub-010196,ep06,50,0,1143
sub-010196,ep06,100,0,1143
sub-010196,ep06,150,0,1143
sub-010196,ep06,200,0,1143
sub-010197,ep00,3,2,150
sub-010197,ep00,5,4,983
sub-010197,ep00,7,3,1034
sub-010197,ep00,8,2,1038
sub-010197,ep00,10,2,1066
sub-010197,ep00,20,2,1088
sub-010197,ep00,30,0,1212
sub-010197,ep00,50,0,1212
sub-010197,ep00,100,0,1212
sub-010197,ep00,150,0,1212
sub-010197,ep00,200,0,1212
sub-010197,ep01,3,2,95
sub-010197,ep01,5,2,1043
sub-010197,ep01,7,2,1053
sub-010197,ep01,8,2,1057
sub-010197,ep01,10,2,1090
sub-010197,ep01,20,2,1096
sub-010197,ep01,30,2,1103
sub-010197,ep01,50,0,1212
sub-010197,ep01,100,0,1212
sub-010197,ep01,150,0,1212
sub-010197,ep01,200,0,1212
sub-010197,ep02,3,3,172
sub-010197,ep02,5,6,1009
sub-010197,ep02,7,3,1043
sub-010197,ep02,8,2,1093
sub-010197,ep02,10,2,1094
sub-010197,ep02,20,2,1092
sub-010197,ep02,30,2,1106
sub-010197,ep02,50,0,1192
sub-010197,ep02,100,0,1192
sub-010197,ep02,150,0,1192
sub-010197,ep02,200,0,1192
sub-010197,ep03,3,39,934
sub-010197,ep03,5,2,781
sub-010197,ep03,7,4,1105
sub-010197,ep03,8,2,1075
sub-010197,ep03,10,3,1113
sub-010197,ep03,20,2,1119
sub-010197,ep03,30,2,1140
sub-010197,ep03,50,0,1206
sub-010197,ep03,100,0,1206
sub-010197,ep03,150,0,1206
sub-010197,ep03,200,0,1206
sub-010197,ep04,3,2,89
sub-010197,ep04,5,4,1077
sub-010197,ep04,7,4,1091
sub-010197,ep04,8,3,1105
sub-010197,ep04,10,3,1110
sub-010197,ep04,20,2,1100
sub-010197,ep04,30,2,1109
sub-010197,ep04,50,0,1212
sub-010197,ep04,100,0,1212
sub-010197,ep04,150,0,1212
sub-010197,ep04,200,0,1212
sub-010197,ep05,3,2,235
sub-010197,ep05,5,5,1012
sub-010197,ep05,7,3,1042
sub-010197,ep05,8,2,1055
sub-010197,ep05,10,2,1137
sub-010197,ep05,20,0,1215
sub-010197,ep05,30,0,1215
sub-010197,ep05,50,0,1215
sub-010197,ep05,100,0,1215
sub-010197,ep05,150,0,1215
sub-010197,ep05,200,0,1215
sub-010197,ep06,3,2,55
sub-010197,ep06,5,4,953
sub-010197,ep06,7,2,975
sub-010197,ep06,8,2,999
sub-010197,ep06,10,2,1019
sub-010197,ep06,20,2,1046
sub-010197,ep06,30,0,1143
sub-010197,ep06,50,0,1143
sub-010197,ep06,100,0,1143
sub-010197,ep06,150,0,1143
sub-010197,ep06,200,0,1143
sub-010199,ep00,3,2,74
sub-010199,ep00,5,2,99
sub-010199,ep00,7,2,1411
sub-010199,ep00,8,3,1417
sub-010199,ep00,10,2,1434
sub-010199,ep00,20,0,1512
sub-010199,ep00,30,0,1512
sub-010199,ep00,50,0,1512
sub-010199,ep00,100,0,1512
sub-010199,ep00,150,0,1512
sub-010199,ep00,200,0,1512
sub-010199,ep01,3,2,62
sub-010199,ep01,5,3,1102
sub-010199,ep01,7,4,1412
sub-010199,ep01,8,2,1427
sub-010199,ep01,10,2,1449
sub-010199,ep01,20,0,1483
sub-010199,ep01,30,0,1483
sub-010199,ep01,50,0,1483
sub-010199,ep01,100,0,1483
sub-010199,ep01,150,0,1483
sub-010199,ep01,200,0,1483
sub-010199,ep02,3,2,142
sub-010199,ep02,5,2,613
sub-010199,ep02,7,3,1358
sub-010199,ep02,8,3,1368
sub-010199,ep02,10,0,1420
sub-010199,ep02,20,0,1420
sub-010199,ep02,30,0,1420
sub-010199,ep02,50,0,1420
sub-010199,ep02,100,0,1420
sub-010199,ep02,150,0,1420
sub-010199,ep02,200,0,1420
sub-010199,ep03,3,8,389
sub-010199,ep03,5,2,1125
sub-010199,ep03,7,5,1436
sub-010199,ep03,8,4,1454
sub-010199,ep03,10,4,1478
sub-010199,ep03,20,0,1540
sub-010199,ep03,30,0,1540
sub-010199,ep03,50,0,1540
sub-010199,ep03,100,0,1540
sub-010199,ep03,150,0,1540
sub-010199,ep03,200,0,1540
sub-010199,ep04,3,6,155
sub-010199,ep04,5,2,721
sub-010199,ep04,7,4,1346
sub-010199,ep04,8,2,1318
sub-010199,ep04,10,0,1459
sub-010199,ep04,20,0,1459
sub-010199,ep04,30,0,1459
sub-010199,ep04,50,0,1459
sub-010199,ep04,100,0,1459
sub-010199,ep04,150,0,1459
sub-010199,ep04,200,0,1459
sub-010199,ep05,3,5,167
sub-010199,ep05,5,2,468
sub-010199,ep05,7,3,1317
sub-010199,ep05,8,3,1348
sub-010199,ep05,10,2,1384
sub-010199,ep05,20,0,1432
sub-010199,ep05,30,0,1432
sub-010199,ep05,50,0,1432
sub-010199,ep05,100,0,1432
sub-010199,ep05,150,0,1432
sub-010199,ep05,200,0,1432
sub-010199,ep06,3,3,219
sub-010199,ep06,5,2,733
sub-010199,ep06,7,2,1117
sub-010199,ep06,8,2,1154
sub-010199,ep06,10,2,1199
sub-010199,ep06,20,2,1192
sub-010199,ep06,30,2,1228
sub-010199,ep06,50,0,1303
sub-010199,ep06,100,0,1303
sub-010199,ep06,150,0,1303
sub-010199,ep06,200,0,1303
sub-010200,ep00,3,2,251
sub-010200,ep00,5,2,809
sub-010200,ep00,7,2,1017
sub-010200,ep00,8,2,1052
sub-010200,ep00,10,2,1076
sub-010200,ep00,20,0,1365
sub-010200,ep00,30,0,1365
sub-010200,ep00,50,0,1365
sub-010200,ep00,100,0,1365
sub-010200,ep00,150,0,1365
sub-010200,ep00,200,0,1365
sub-010200,ep01,3,6,200
sub-010200,ep01,5,5,701
sub-010200,ep01,7,2,688
sub-010200,ep01,8,2,697
sub-010200,ep01,10,2,704
sub-010200,ep01,20,2,638
sub-010200,ep01,30,2,740
sub-010200,ep01,50,2,785
sub-010200,ep01,100,2,746
sub-010200,ep01,150,0,1377
sub-010200,ep01,200,0,1377
sub-010200,ep02,3,2,79
sub-010200,ep02,5,6,1484
sub-010200,ep02,7,2,1502
sub-010200,ep02,8,2,1554
sub-010200,ep02,10,4,1968
sub-010200,ep02,20,2,1826
sub-010200,ep02,30,2,1899
sub-010200,ep02,50,2,1793
sub-010200,ep02,100,2,1784
sub-010200,ep02,150,0,2659
sub-010200,ep02,200,0,2659
sub-010200,ep03,3,3,190
sub-010200,ep03,5,9,947
sub-010200,ep03,7,2,909
sub-010200,ep03,8,3,966
sub-010200,ep03,10,2,1087
sub-010200,ep03,20,2,977
sub-010200,ep03,30,2,1008
sub-010200,ep03,50,2,985
sub-010200,ep03,100,0,1539
sub-010200,ep03,150,0,1539
sub-010200,ep03,200,0,1539
sub-010200,ep04,3,3,156
sub-010200,ep04,5,7,844
sub-010200,ep04,7,3,757
sub-010200,ep04,8,2,807
sub-010200,ep04,10,2,822
sub-010200,ep04,20,2,843
sub-010200,ep04,30,2,852
sub-010200,ep04,50,2,787
sub-010200,ep04,100,0,1352
sub-010200,ep04,150,0,1352
sub-010200,ep04,200,0,1352
sub-010200,ep05,3,3,52
sub-010200,ep05,5,5,868
sub-010200,ep05,7,3,774
sub-010200,ep05,8,2,760
sub-010200,ep05,10,2,721
sub-010200,ep05,20,2,823
sub-010200,ep05,30,2,808
sub-010200,ep05,50,2,798
sub-010200,ep05,100,2,837
sub-010200,ep05,150,0,1460
sub-010200,ep05,200,0,1460
sub-010201,ep00,3,2,178
sub-010201,ep00,5,2,534
sub-010201,ep00,7,2,1146
sub-010201,ep00,8,2,1171
sub-010201,ep00,10,2,1201
sub-010201,ep00,20,2,1223
sub-010201,ep00,30,0,1282
sub-010201,ep00,50,0,1282
sub-010201,ep00,100,0,1282
sub-010201,ep00,150,0,1282
sub-010201,ep00,200,0,1282
sub-010201,ep01,3,3,389
sub-010201,ep01,5,2,1031
sub-010201,ep01,7,3,1236
sub-010201,ep01,8,3,1256
sub-010201,ep01,10,2,1281
sub-010201,ep01,20,2,1306
sub-010201,ep01,30,0,1365
sub-010201,ep01,50,0,1365
sub-010201,ep01,100,0,1365
sub-010201,ep01,150,0,1365
sub-010201,ep01,200,0,1365
sub-010201,ep02,3,2,178
sub-010201,ep02,5,2,1022
sub-010201,ep02,7,5,1420
sub-010201,ep02,8,2,1416
sub-010201,ep02,10,2,1333
sub-010201,ep02,20,0,1495
sub-010201,ep02,30,0,1495
sub-010201,ep02,50,0,1495
sub-010201,ep02,100,0,1495
sub-010201,ep02,150,0,1495
sub-010201,ep02,200,0,1495
sub-010201,ep03,3,8,461
sub-010201,ep03,5,2,1041
sub-010201,ep03,7,2,1194
sub-010201,ep03,8,2,1136
sub-010201,ep03,10,2,1196
sub-010201,ep03,20,2,1269
sub-010201,ep03,30,0,1340
sub-010201,ep03,50,0,1340
sub-010201,ep03,100,0,1340
sub-010201,ep03,150,0,1340
sub-010201,ep03,200,0,1340
sub-010201,ep04,3,3,302
sub-010201,ep04,5,2,948
sub-010201,ep04,7,0,1502
sub-010201,ep04,8,2,1450
sub-010201,ep04,10,0,1502
sub-010201,ep04,20,0,1502
sub-010201,ep04,30,0,1502
sub-010201,ep04,50,0,1502
sub-010201,ep04,100,0,1502
sub-010201,ep04,150,0,1502
sub-010201,ep04,200,0,1502
sub-010201,ep05,3,2,30
sub-010201,ep05,5,5,1258
sub-010201,ep05,7,3,1314
sub-010201,ep05,8,3,1324
sub-010201,ep05,10,2,1289
sub-010201,ep05,20,0,1418
sub-010201,ep05,30,0,1418
sub-010201,ep05,50,0,1418
sub-010201,ep05,100,0,1418
sub-010201,ep05,150,0,1418
sub-010201,ep05,200,0,1418
sub-010202,ep00,3,2,37
sub-010202,ep00,5,8,1165
sub-010202,ep00,7,2,1265
sub-010202,ep00,8,2,1243
sub-010202,ep00,10,2,1262
sub-010202,ep00,20,2,1266
sub-010202,ep00,30,2,1278
sub-010202,ep00,50,0,1396
sub-010202,ep00,100,0,1396
sub-010202,ep00,150,0,1396
sub-010202,ep00,200,0,1396
sub-010202,ep01,3,3,47
sub-010202,ep01,5,4,1163
sub-010202,ep01,7,2,1249
sub-010202,ep01,8,2,1206
sub-010202,ep01,10,2,1286
sub-010202,ep01,20,2,1329
sub-010202,ep01,30,2,1343
sub-010202,ep01,50,0,1475
sub-010202,ep01,100,0,1475
sub-010202,ep01,150,0,1475
sub-010202,ep01,200,0,1475
sub-010202,ep02,3,2,22
sub-010202,ep02,5,5,1317
sub-010202,ep02,7,3,1376
sub-010202,ep02,8,2,1357
sub-010202,ep02,10,3,1408
sub-010202,ep02,20,2,1459
sub-010202,ep02,30,2,1465
sub-010202,ep02,50,0,1603
sub-010202,ep02,100,0,1603
sub-010202,ep02,150,0,1603
sub-010202,ep02,200,0,1603
sub-010202,ep03,3,2,37
sub-010202,ep03,5,2,1138
sub-010202,ep03,7,5,1408
sub-010202,ep03,8,5,1415
sub-010202,ep03,10,3,1475
sub-010202,ep03,20,2,1548
sub-010202,ep03,30,0,1631
sub-010202,ep03,50,0,1631
sub-010202,ep03,100,0,1631
sub-010202,ep03,150,0,1631
sub-010202,ep03,200,0,1631
sub-010202,ep04,3,5,153
sub-010202,ep04,5,5,1232
sub-010202,ep04,7,3,1202
sub-010202,ep04,8,3,1215
sub-010202,ep04,10,2,1282
sub-010202,ep04,20,2,1304
sub-010202,ep04,30,0,1437
sub-010202,ep04,50,0,1437
sub-010202,ep04,100,0,1437
sub-010202,ep04,150,0,1437
sub-010202,ep04,200,0,1437
sub-010202,ep05,3,2,41
sub-010202,ep05,5,5,1135
sub-010202,ep05,7,2,1204
sub-010202,ep05,8,2,1175
sub-010202,ep05,10,2,1175
sub-010202,ep05,20,2,1228
sub-010202,ep05,30,2,1286
sub-010202,ep05,50,0,1417
sub-010202,ep05,100,0,1417
sub-010202,ep05,150,0,1417
sub-010202,ep05,200,0,1417
sub-010202,ep06,3,2,63
sub-010202,ep06,5,2,881
sub-010202,ep06,7,5,1107
sub-010202,ep06,8,4,1151
sub-010202,ep06,10,3,1110
sub-010202,ep06,20,2,1145
sub-010202,ep06,30,2,1196
sub-010202,ep06,50,2,1207
sub-010202,ep06,100,0,1324
sub-010202,ep06,150,0,1324
sub-010202,ep06,200,0,1324
sub-010204,ep00,3,3,150
sub-010204,ep00,5,2,881
sub-010204,ep00,7,2,1099
sub-010204,ep00,8,2,1120
sub-010204,ep00,10,2,1128
sub-010204,ep00,20,2,1221
sub-010204,ep00,30,2,1307
sub-010204,ep00,50,2,1230
sub-010204,ep00,100,0,1441
sub-010204,ep00,150,0,1441
sub-010204,ep00,200,0,1441
sub-010204,ep01,3,3,32
sub-010204,ep01,5,3,1291
sub-010204,ep01,7,2,1336
sub-010204,ep01,8,2,1377
sub-010204,ep01,10,2,1436
sub-010204,ep01,20,2,1430
sub-010204,ep01,30,0,1569
sub-010204,ep01,50,0,1569
sub-010204,ep01,100,0,1569
sub-010204,ep01,150,0,1569
sub-010204,ep01,200,0,1569
sub-010204,ep02,3,4,274
sub-010204,ep02,5,4,991
sub-010204,ep02,7,2,1637
sub-010204,ep02,8,2,1642
sub-010204,ep02,10,3,1655
sub-010204,ep02,20,0,1696
sub-010204,ep02,30,0,1696
sub-010204,ep02,50,0,1696
sub-010204,ep02,100,0,1696
sub-010204,ep02,150,0,1696
sub-010204,ep02,200,0,1696
sub-010204,ep03,3,4,321
sub-010204,ep03,5,2,1942
sub-010204,ep03,7,2,2146
sub-010204,ep03,8,2,2189
sub-010204,ep03,10,2,2193
sub-010204,ep03,20,2,2198
sub-010204,ep03,30,0,2273
sub-010204,ep03,50,0,2273
sub-010204,ep03,100,0,2273
sub-010204,ep03,150,0,2273
sub-010204,ep03,200,0,2273
sub-010204,ep04,3,2,90
sub-010204,ep04,5,2,416
sub-010204,ep04,7,2,1479
sub-010204,ep04,8,2,1512
sub-010204,ep04,10,2,1546
sub-010204,ep04,20,2,1536
sub-010204,ep04,30,0,1636
sub-010204,ep04,50,0,1636
sub-010204,ep04,100,0,1636
sub-010204,ep04,150,0,1636
sub-010204,ep04,200,0,1636
sub-010204,ep05,3,3,96
sub-010204,ep05,5,4,1062
sub-010204,ep05,7,2,1221
sub-010204,ep05,8,2,1225
sub-010204,ep05,10,2,1218
sub-010204,ep05,20,2,1284
sub-010204,ep05,30,0,1378
sub-010204,ep05,50,0,1378
sub-010204,ep05,100,0,1378
sub-010204,ep05,150,0,1378
sub-010204,ep05,200,0,1378
sub-010204,ep06,3,10,489
sub-010204,ep06,5,4,991
sub-010204,ep06,7,2,1022
sub-010204,ep06,8,2,1240
sub-010204,ep06,10,2,1230
sub-010204,ep06,20,2,1279
sub-010204,ep06,30,0,1320
sub-010204,ep06,50,0,1320
sub-010204,ep06,100,0,1320
sub-010204,ep06,150,0,1320
sub-010204,ep06,200,0,1320
sub-010207,ep00,3,3,455
sub-010207,ep00,5,2,535
sub-010207,ep00,7,2,1153
sub-010207,ep00,8,3,1218
sub-010207,ep00,10,3,1232
sub-010207,ep00,20,2,1272
sub-010207,ep00,30,0,1341
sub-010207,ep00,50,0,1341
sub-010207,ep00,100,0,1341
sub-010207,ep00,150,0,1341
sub-010207,ep00,200,0,1341
sub-010207,ep01,3,7,350
sub-010207,ep01,5,2,353
sub-010207,ep01,7,2,1124
sub-010207,ep01,8,2,1159
sub-010207,ep01,10,2,1157
sub-010207,ep01,20,2,1186
sub-010207,ep01,30,2,1206
sub-010207,ep01,50,0,1315
sub-010207,ep01,100,0,1315
sub-010207,ep01,150,0,1315
sub-010207,ep01,200,0,1315
sub-010207,ep02,3,2,239
sub-010207,ep02,5,2,496
sub-010207,ep02,7,3,1121
sub-010207,ep02,8,3,1178
sub-010207,ep02,10,2,1214
sub-010207,ep02,20,2,1197
sub-010207,ep02,30,0,1318
sub-010207,ep02,50,0,1318
sub-010207,ep02,100,0,1318
sub-010207,ep02,150,0,1318
sub-010207,ep02,200,0,1318
sub-010207,ep03,3,3,284
sub-010207,ep03,5,2,984
sub-010207,ep03,7,2,899
sub-010207,ep03,8,3,1250
sub-010207,ep03,10,2,1218
sub-010207,ep03,20,2,1185
sub-010207,ep03,30,0,1286
sub-010207,ep03,50,0,1286
sub-010207,ep03,100,0,1286
sub-010207,ep03,150,0,1286
sub-010207,ep03,200,0,1286
sub-010207,ep04,3,2,133
sub-010207,ep04,5,6,1119
sub-010207,ep04,7,4,1151
sub-010207,ep04,8,2,1166
sub-010207,ep04,10,2,1178
sub-010207,ep04,20,2,1201
sub-010207,ep04,30,0,1271
sub-010207,ep04,50,0,1271
sub-010207,ep04,100,0,1271
sub-010207,ep04,150,0,1271
sub-010207,ep04,200,0,1271
sub-010207,ep05,3,2,25
sub-010207,ep05,5,3,1112
sub-010207,ep05,7,2,1224
sub-010207,ep05,8,2,1220
sub-010207,ep05,10,2,1296
sub-010207,ep05,20,0,1372
sub-010207,ep05,30,0,1372
sub-010207,ep05,50,0,1372
sub-010207,ep05,100,0,1372
sub-010207,ep05,150,0,1372
sub-010207,ep05,200,0,1372
sub-010207,ep06,3,3,261
sub-010207,ep06,5,3,876
sub-010207,ep06,7,2,1106
sub-010207,ep06,8,2,1004
sub-010207,ep06,10,2,1107
sub-010207,ep06,20,2,1161
sub-010207,ep06,30,0,1243
sub-010207,ep06,50,0,1243
sub-010207,ep06,100,0,1243
sub-010207,ep06,150,0,1243
sub-010207,ep06,200,0,1243
sub-010210,ep00,3,3,54
sub-010210,ep00,5,2,671
sub-010210,ep00,7,4,1335
sub-010210,ep00,8,4,1345
sub-010210,ep00,10,2,1324
sub-010210,ep00,20,2,1336
sub-010210,ep00,30,0,1408
sub-010210,ep00,50,0,1408
sub-010210,ep00,100,0,1408
sub-010210,ep00,150,0,1408
sub-010210,ep00,200,0,1408
sub-010210,ep01,3,8,234
sub-010210,ep01,5,2,975
sub-010210,ep01,7,3,1526
sub-010210,ep01,8,2,1469
sub-010210,ep01,10,2,1450
sub-010210,ep01,20,2,1551
sub-010210,ep01,30,2,1572
sub-010210,ep01,50,0,1639
sub-010210,ep01,100,0,1639
sub-010210,ep01,150,0,1639
sub-010210,ep01,200,0,1639
sub-010210,ep02,3,4,187
sub-010210,ep02,5,2,1115
sub-010210,ep02,7,3,1641
sub-010210,ep02,8,3,1637
sub-010210,ep02,10,2,1635
sub-010210,ep02,20,2,1645
sub-010210,ep02,30,0,1712
sub-010210,ep02,50,0,1712
sub-010210,ep02,100,0,1712
sub-010210,ep02,150,0,1712
sub-010210,ep02,200,0,1712
sub-010210,ep03,3,9,202
sub-010210,ep03,5,2,1009
sub-010210,ep03,7,3,1334
sub-010210,ep03,8,2,1323
sub-010210,ep03,10,2,1333
sub-010210,ep03,20,2,1320
sub-010210,ep03,30,0,1408
sub-010210,ep03,50,0,1408
sub-010210,ep03,100,0,1408
sub-010210,ep03,150,0,1408
sub-010210,ep03,200,0,1408
sub-010210,ep04,3,2,12
sub-010210,ep04,5,2,423
sub-010210,ep04,7,2,1202
sub-010210,ep04,8,0,1406
sub-010210,ep04,10,0,1406
sub-010210,ep04,20,0,1406
sub-010210,ep04,30,0,1406
sub-010210,ep04,50,0,1406
sub-010210,ep04,100,0,1406
sub-010210,ep04,150,0,1406
sub-010210,ep04,200,0,1406
sub-010210,ep05,3,3,59
sub-010210,ep05,5,2,73
sub-010210,ep05,7,3,1678
sub-010210,ep05,8,2,1520
sub-010210,ep05,10,2,1754
sub-010210,ep05,20,2,1740
sub-010210,ep05,30,2,1823
sub-010210,ep05,50,0,1933
sub-010210,ep05,100,0,1933
sub-010210,ep05,150,0,1933
sub-010210,ep05,200,0,1933
sub-010210,ep06,3,3,133
sub-010210,ep06,5,5,1124
sub-010210,ep06,7,3,1221
sub-010210,ep06,8,3,1217
sub-010210,ep06,10,2,1228
sub-010210,ep06,20,2,1278
sub-010210,ep06,30,2,1284
sub-010210,ep06,50,0,1372
sub-010210,ep06,100,0,1372
sub-010210,ep06,150,0,1372
sub-010210,ep06,200,0,1372
sub-010213,ep00,3,2,58
sub-010213,ep00,5,2,649
sub-010213,ep00,7,2,593
sub-010213,ep00,8,2,616
sub-010213,ep00,10,2,1246
sub-010213,ep00,20,2,1277
sub-010213,ep00,30,0,1337
sub-010213,ep00,50,0,1337
sub-010213,ep00,100,0,1337
sub-010213,ep00,150,0,1337
sub-010213,ep00,200,0,1337
sub-010213,ep01,3,2,272
sub-010213,ep01,5,6,1653
sub-010213,ep01,7,2,1504
sub-010213,ep01,8,2,1626
sub-010213,ep01,10,2,1609
sub-010213,ep01,20,2,1687
sub-010213,ep01,30,2,1661
sub-010213,ep01,50,0,1893
sub-010213,ep01,100,0,1893
sub-010213,ep01,150,0,1893
sub-010213,ep01,200,0,1893
sub-010213,ep02,3,2,170
sub-010213,ep02,5,2,852
sub-010213,ep02,7,3,1256
sub-010213,ep02,8,2,1106
sub-010213,ep02,10,2,1270
sub-010213,ep02,20,2,1248
sub-010213,ep02,30,0,1372
sub-010213,ep02,50,0,1372
sub-010213,ep02,100,0,1372
sub-010213,ep02,150,0,1372
sub-010213,ep02,200,0,1372
sub-010213,ep03,3,2,113
sub-010213,ep03,5,3,718
sub-010213,ep03,7,2,1267
sub-010213,ep03,8,2,1297
sub-010213,ep03,10,2,1353
sub-010213,ep03,20,2,1337
sub-010213,ep03,30,0,1410
sub-010213,ep03,50,0,1410
sub-010213,ep03,100,0,1410
sub-010213,ep03,150,0,1410
sub-010213,ep03,200,0,1410
sub-010213,ep04,3,2,31
sub-010213,ep04,5,2,940
sub-010213,ep04,7,2,1246
sub-010213,ep04,8,2,1260
sub-010213,ep04,10,2,1289
sub-010213,ep04,20,0,1452
sub-010213,ep04,30,0,1452
sub-010213,ep04,50,0,1452
sub-010213,ep04,100,0,1452
sub-010213,ep04,150,0,1452
sub-010213,ep04,200,0,1452
sub-010213,ep05,3,2,244
sub-010213,ep05,5,3,787
sub-010213,ep05,7,4,1132
sub-010213,ep05,8,4,1172
sub-010213,ep05,10,3,1213
sub-010213,ep05,20,0,1368
sub-010213,ep05,30,0,1368
sub-010213,ep05,50,0,1368
sub-010213,ep05,100,0,1368
sub-010213,ep05,150,0,1368
sub-010213,ep05,200,0,1368
sub-010213,ep06,3,2,175
sub-010213,ep06,5,3,843
sub-010213,ep06,7,3,1173
sub-010213,ep06,8,2,1163
sub-010213,ep06,10,0,1234
sub-010213,ep06,20,0,1234
sub-010213,ep06,30,0,1234
sub-010213,ep06,50,0,1234
sub-010213,ep06,100,0,1234
sub-010213,ep06,150,0,1234
sub-010213,ep06,200,0,1234
sub-010214,ep00,3,2,206
sub-010214,ep00,5,5,1222
sub-010214,ep00,7,2,1300
sub-010214,ep00,8,2,1321
sub-010214,ep00,10,2,1412
sub-010214,ep00,20,0,1458
sub-010214,ep00,30,0,1458
sub-010214,ep00,50,0,1458
sub-010214,ep00,100,0,1458
sub-010214,ep00,150,0,1458
sub-010214,ep00,200,0,1458
sub-010214,ep01,3,5,469
sub-010214,ep01,5,9,1374
sub-010214,ep01,7,3,1451
sub-010214,ep01,8,2,1443
sub-010214,ep01,10,2,1422
sub-010214,ep01,20,2,1458
sub-010214,ep01,30,0,1564
sub-010214,ep01,50,0,1564
sub-010214,ep01,100,0,1564
sub-010214,ep01,150,0,1564
sub-010214,ep01,200,0,1564
sub-010214,ep02,3,2,89
sub-010214,ep02,5,6,1593
sub-010214,ep02,7,3,1607
sub-010214,ep02,8,3,1633
sub-010214,ep02,10,3,1665
sub-010214,ep02,20,2,1688
sub-010214,ep02,30,0,1759
sub-010214,ep02,50,0,1759
sub-010214,ep02,100,0,1759
sub-010214,ep02,150,0,1759
sub-010214,ep02,200,0,1759
sub-010214,ep03,3,2,76
sub-010214,ep03,5,2,1379
sub-010214,ep03,7,2,1568
sub-010214,ep03,8,3,1583
sub-010214,ep03,10,2,1569
sub-010214,ep03,20,2,1548
sub-010214,ep03,30,0,1696
sub-010214,ep03,50,2,1591
sub-010214,ep03,100,0,1696
sub-010214,ep03,150,0,1696
sub-010214,ep03,200,0,1696
sub-010214,ep04,3,2,347
sub-010214,ep04,5,2,1236
sub-010214,ep04,7,2,1329
sub-010214,ep04,8,2,1358
sub-010214,ep04,10,2,1409
sub-010214,ep04,20,2,1449
sub-010214,ep04,30,2,1467
sub-010214,ep04,50,0,1535
sub-010214,ep04,100,0,1535
sub-010214,ep04,150,0,1535
sub-010214,ep04,200,0,1535
sub-010214,ep05,3,5,289
sub-010214,ep05,5,2,1069
sub-010214,ep05,7,2,1285
sub-010214,ep05,8,2,1468
sub-010214,ep05,10,2,1442
sub-010214,ep05,20,2,1450
sub-010214,ep05,30,2,1462
sub-010214,ep05,50,0,1556
sub-010214,ep05,100,0,1556
sub-010214,ep05,150,0,1556
sub-010214,ep05,200,0,1556
sub-010214,ep06,3,2,121
sub-010214,ep06,5,3,902
sub-010214,ep06,7,2,1264
sub-010214,ep06,8,2,1274
sub-010214,ep06,10,2,1251
sub-010214,ep06,20,2,1289
sub-010214,ep06,30,0,1350
sub-010214,ep06,50,0,1350
sub-010214,ep06,100,0,1350
sub-010214,ep06,150,0,1350
sub-010214,ep06,200,0,1350
sub-010215,ep00,3,3,53
sub-010215,ep00,5,3,1463
sub-010215,ep00,7,2,1507
sub-010215,ep00,8,2,1677
sub-010215,ep00,10,2,1682
sub-010215,ep00,20,0,1763
sub-010215,ep00,30,0,1763
sub-010215,ep00,50,0,1763
sub-010215,ep00,100,0,1763
sub-010215,ep00,150,0,1763
sub-010215,ep00,200,0,1763
sub-010215,ep01,3,8,499
sub-010215,ep01,5,3,1407
sub-010215,ep01,7,2,1490
sub-010215,ep01,8,2,1613
sub-010215,ep01,10,2,1598
sub-010215,ep01,20,2,1607
sub-010215,ep01,30,2,1614
sub-010215,ep01,50,0,1693
sub-010215,ep01,100,0,1693
sub-010215,ep01,150,0,1693
sub-010215,ep01,200,0,1693
sub-010215,ep02,3,3,161
sub-010215,ep02,5,2,1090
sub-010215,ep02,7,3,1580
sub-010215,ep02,8,2,1605
sub-010215,ep02,10,3,1618
sub-010215,ep02,20,0,1704
sub-010215,ep02,30,0,1704
sub-010215,ep02,50,0,1704
sub-010215,ep02,100,0,1704
sub-010215,ep02,150,0,1704
sub-010215,ep02,200,0,1704
sub-010215,ep03,3,2,304
sub-010215,ep03,5,2,1296
sub-010215,ep03,7,2,1812
sub-010215,ep03,8,2,1809
sub-010215,ep03,10,2,1878
sub-010215,ep03,20,2,1912
sub-010215,ep03,30,2,1874
sub-010215,ep03,50,0,2010
sub-010215,ep03,100,0,2010
sub-010215,ep03,150,0,2010
sub-010215,ep03,200,0,2010
sub-010215,ep04,3,2,127
sub-010215,ep04,5,2,1777
sub-010215,ep04,7,3,2299
sub-010215,ep04,8,2,2271
sub-010215,ep04,10,3,2328
sub-010215,ep04,20,2,2346
sub-010215,ep04,30,0,2422
sub-010215,ep04,50,0,2422
sub-010215,ep04,100,0,2422
sub-010215,ep04,150,0,2422
sub-010215,ep04,200,0,2422
sub-010215,ep05,3,2,50
sub-010215,ep05,5,2,1699
sub-010215,ep05,7,3,2242
sub-010215,ep05,8,2,2266
sub-010215,ep05,10,2,2273
sub-010215,ep05,20,2,2294
sub-010215,ep05,30,0,2346
sub-010215,ep05,50,0,2346
sub-010215,ep05,100,0,2346
sub-010215,ep05,150,0,2346
sub-010215,ep05,200,0,2346
sub-010218,ep00,3,2,245
sub-010218,ep00,5,2,953
sub-010218,ep00,7,2,1017
sub-010218,ep00,8,2,1014
sub-010218,ep00,10,2,1000
sub-010218,ep00,20,2,1101
sub-010218,ep00,30,2,1056
sub-010218,ep00,50,2,1192
sub-010218,ep00,100,0,1500
sub-010218,ep00,150,0,1500
sub-010218,ep00,200,0,1500
sub-010218,ep01,3,2,162
sub-010218,ep01,5,5,1169
sub-010218,ep01,7,2,1142
sub-010218,ep01,8,2,1096
sub-010218,ep01,10,2,1176
sub-010218,ep01,20,2,1125
sub-010218,ep01,30,2,1146
sub-010218,ep01,50,2,1161
sub-010218,ep01,100,2,1233
sub-010218,ep01,150,0,1588
sub-010218,ep01,200,0,1588
sub-010218,ep02,3,2,24
sub-010218,ep02,5,5,991
sub-010218,ep02,7,3,1111
sub-010218,ep02,8,2,1131
sub-010218,ep02,10,2,1008
sub-010218,ep02,20,2,1110
sub-010218,ep02,30,2,1050
sub-010218,ep02,50,2,1132
sub-010218,ep02,100,2,1204
sub-010218,ep02,150,0,1661
sub-010218,ep02,200,0,1661
sub-010218,ep03,3,4,198
sub-010218,ep03,5,4,947
sub-010218,ep03,7,2,1046
sub-010218,ep03,8,2,1033
sub-010218,ep03,10,2,974
sub-010218,ep03,20,2,1043
sub-010218,ep03,30,2,1025
sub-010218,ep03,50,2,1130
sub-010218,ep03,100,2,1153
sub-010218,ep03,150,0,1475
sub-010218,ep03,200,0,1475
sub-010218,ep04,3,3,236
sub-010218,ep04,5,2,732
sub-010218,ep04,7,2,886
sub-010218,ep04,8,2,894
sub-010218,ep04,10,2,1004
sub-010218,ep04,20,2,949
sub-010218,ep04,30,2,935
sub-010218,ep04,50,2,906
sub-010218,ep04,100,2,1090
sub-010218,ep04,150,0,1552
sub-010218,ep04,200,0,1552
sub-010218,ep05,3,3,233
sub-010218,ep05,5,4,917
sub-010218,ep05,7,4,1116
sub-010218,ep05,8,2,1068
sub-010218,ep05,10,2,1134
sub-010218,ep05,20,2,1081
sub-010218,ep05,30,2,1151
sub-010218,ep05,50,0,1392
sub-010218,ep05,100,0,1392
sub-010218,ep05,150,0,1392
sub-010218,ep05,200,0,1392
sub-010218,ep06,3,4,310
sub-010218,ep06,5,2,722
sub-010218,ep06,7,2,1048
sub-010218,ep06,8,2,1094
sub-010218,ep06,10,2,1145
sub-010218,ep06,20,2,1121
sub-010218,ep06,30,2,1141
sub-010218,ep06,50,2,1130
sub-010218,ep06,100,0,1342
sub-010218,ep06,150,0,1342
sub-010218,ep06,200,0,1342
sub-010219,ep00,3,2,537
sub-010219,ep00,5,2,587
sub-010219,ep00,7,3,1470
sub-010219,ep00,8,3,1497
sub-010219,ep00,10,2,1502
sub-010219,ep00,20,0,1578
sub-010219,ep00,30,0,1578
sub-010219,ep00,50,0,1578
sub-010219,ep00,100,0,1578
sub-010219,ep00,150,0,1578
sub-010219,ep00,200,0,1578
sub-010219,ep01,3,2,132
sub-010219,ep01,5,2,1555
sub-010219,ep01,7,5,1836
sub-010219,ep01,8,3,1856
sub-010219,ep01,10,2,1879
sub-010219,ep01,20,2,1901
sub-010219,ep01,30,0,1965
sub-010219,ep01,50,0,1965
sub-010219,ep01,100,0,1965
sub-010219,ep01,150,0,1965
sub-010219,ep01,200,0,1965
sub-010219,ep02,3,3,623
sub-010219,ep02,5,4,1594
sub-010219,ep02,7,3,1615
sub-010219,ep02,8,3,1622
sub-010219,ep02,10,3,1658
sub-010219,ep02,20,0,1705
sub-010219,ep02,30,0,1705
sub-010219,ep02,50,0,1705
sub-010219,ep02,100,0,1705
sub-010219,ep02,150,0,1705
sub-010219,ep02,200,0,1705
sub-010219,ep03,3,2,57
sub-010219,ep03,5,6,1569
sub-010219,ep03,7,3,1579
sub-010219,ep03,8,3,1601
sub-010219,ep03,10,3,1599
sub-010219,ep03,20,0,1717
sub-010219,ep03,30,0,1717
sub-010219,ep03,50,0,1717
sub-010219,ep03,100,0,1717
sub-010219,ep03,150,0,1717
sub-010219,ep03,200,0,1717
sub-010219,ep04,3,3,385
sub-010219,ep04,5,2,1650
sub-010219,ep04,7,5,1798
sub-010219,ep04,8,5,1821
sub-010219,ep04,10,3,1813
sub-010219,ep04,20,0,1903
sub-010219,ep04,30,0,1903
sub-010219,ep04,50,0,1903
sub-010219,ep04,100,0,1903
sub-010219,ep04,150,0,1903
sub-010219,ep04,200,0,1903
sub-010219,ep05,3,5,694
sub-010219,ep05,5,2,1080
sub-010219,ep05,7,4,1579
sub-010219,ep05,8,2,1601
sub-010219,ep05,10,2,1608
sub-010219,ep05,20,0,1650
sub-010219,ep05,30,0,1650
sub-010219,ep05,50,0,1650
sub-010219,ep05,100,0,1650
sub-010219,ep05,150,0,1650
sub-010219,ep05,200,0,1650
sub-010219,ep06,3,3,48
sub-010219,ep06,5,2,951
sub-010219,ep06,7,3,1378
sub-010219,ep06,8,2,1383
sub-010219,ep06,10,2,1401
sub-010219,ep06,20,0,1495
sub-010219,ep06,30,0,1495
sub-010219,ep06,50,0,1495
sub-010219,ep06,100,0,1495
sub-010219,ep06,150,0,1495
sub-010219,ep06,200,0,1495
sub-010220,ep00,3,7,389
sub-010220,ep00,5,2,569
sub-010220,ep00,7,3,1019
sub-010220,ep00,8,2,946
sub-010220,ep00,10,2,975
sub-010220,ep00,20,2,969
sub-010220,ep00,30,2,1005
sub-010220,ep00,50,2,949
sub-010220,ep00,100,2,928
sub-010220,ep00,150,0,1437
sub-010220,ep00,200,0,1437
sub-010220,ep01,3,2,44
sub-010220,ep01,5,10,987
sub-010220,ep01,7,2,1092
sub-010220,ep01,8,2,1136
sub-010220,ep01,10,2,1190
sub-010220,ep01,20,0,1334
sub-010220,ep01,30,0,1334
sub-010220,ep01,50,0,1334
sub-010220,ep01,100,0,1334
sub-010220,ep01,150,0,1334
sub-010220,ep01,200,0,1334
sub-010220,ep02,3,9,237
sub-010220,ep02,5,3,599
sub-010220,ep02,7,3,664
sub-010220,ep02,8,2,722
sub-010220,ep02,10,2,1180
sub-010220,ep02,20,0,1305
sub-010220,ep02,30,0,1305
sub-010220,ep02,50,0,1305
sub-010220,ep02,100,0,1305
sub-010220,ep02,150,0,1305
sub-010220,ep02,200,0,1305
sub-010220,ep03,3,2,19
sub-010220,ep03,5,7,1018
sub-010220,ep03,7,3,1057
sub-010220,ep03,8,2,928
sub-010220,ep03,10,2,872
sub-010220,ep03,20,2,817
sub-010220,ep03,30,2,842
sub-010220,ep03,50,2,834
sub-010220,ep03,100,0,1284
sub-010220,ep03,150,0,1284
sub-010220,ep03,200,0,1284
sub-010220,ep04,3,3,101
sub-010220,ep04,5,2,152
sub-010220,ep04,7,2,1136
sub-010220,ep04,8,2,1179
sub-010220,ep04,10,2,1157
sub-010220,ep04,20,2,1106
sub-010220,ep04,30,2,1065
sub-010220,ep04,50,2,1136
sub-010220,ep04,100,2,1192
sub-010220,ep04,150,0,1741
sub-010220,ep04,200,0,1741
sub-010220,ep05,3,4,207
sub-010220,ep05,5,3,598
sub-010220,ep05,7,4,1081
sub-010220,ep05,8,3,1059
sub-010220,ep05,10,3,1101
sub-010220,ep05,20,0,1279
sub-010220,ep05,30,0,1279
sub-010220,ep05,50,0,1279
sub-010220,ep05,100,0,1279
sub-010220,ep05,150,0,1279
sub-010220,ep05,200,0,1279
sub-010220,ep06,3,2,47
sub-010220,ep06,5,6,770
sub-010220,ep06,7,2,825
sub-010220,ep06,8,2,821
sub-010220,ep06,10,2,866
sub-010220,ep06,20,2,888
sub-010220,ep06,30,2,953
sub-010220,ep06,50,2,884
sub-010220,ep06,100,0,1168
sub-010220,ep06,150,0,1168
sub-010220,ep06,200,0,1168
sub-010222,ep00,3,2,159
sub-010222,ep00,5,3,1931
sub-010222,ep00,7,4,2098
sub-010222,ep00,8,3,2119
sub-010222,ep00,10,2,2109
sub-010222,ep00,20,2,2129
sub-010222,ep00,30,0,2269
sub-010222,ep00,50,0,2269
sub-010222,ep00,100,0,2269
sub-010222,ep00,150,0,2269
sub-010222,ep00,200,0,2269
sub-010222,ep01,3,11,624
sub-010222,ep01,5,3,845
sub-010222,ep01,7,3,1653
sub-010222,ep01,8,2,1596
sub-010222,ep01,10,2,1594
sub-010222,ep01,20,2,1688
sub-010222,ep01,30,2,1720
sub-010222,ep01,50,0,1825
sub-010222,ep01,100,0,1825
sub-010222,ep01,150,0,1825
sub-010222,ep01,200,0,1825
sub-010222,ep02,3,3,409
sub-010222,ep02,5,2,1232
sub-010222,ep02,7,2,1921
sub-010222,ep02,8,2,1924
sub-010222,ep02,10,2,1974
sub-010222,ep02,20,2,1972
sub-010222,ep02,30,0,2040
sub-010222,ep02,50,0,2040
sub-010222,ep02,100,0,2040
sub-010222,ep02,150,0,2040
sub-010222,ep02,200,0,2040
sub-010222,ep03,3,5,235
sub-010222,ep03,5,2,1179
sub-010222,ep03,7,2,1532
sub-010222,ep03,8,2,1542
sub-010222,ep03,10,2,1624
sub-010222,ep03,20,0,1806
sub-010222,ep03,30,2,1700
sub-010222,ep03,50,0,1806
sub-010222,ep03,100,0,1806
sub-010222,ep03,150,0,1806
sub-010222,ep03,200,0,1806
sub-010222,ep04,3,2,27
sub-010222,ep04,5,2,292
sub-010222,ep04,7,6,1702
sub-010222,ep04,8,3,1709
sub-010222,ep04,10,2,1744
sub-010222,ep04,20,3,1750
sub-010222,ep04,30,0,1820
sub-010222,ep04,50,0,1820
sub-010222,ep04,100,0,1820
sub-010222,ep04,150,0,1820
sub-010222,ep04,200,0,1820
sub-010222,ep05,3,2,162
sub-010222,ep05,5,2,972
sub-010222,ep05,7,2,1692
sub-010222,ep05,8,3,1814
sub-010222,ep05,10,3,1840
sub-010222,ep05,20,0,1890
sub-010222,ep05,30,0,1890
sub-010222,ep05,50,0,1890
sub-010222,ep05,100,0,1890
sub-010222,ep05,150,0,1890
sub-010222,ep05,200,0,1890
sub-010222,ep06,3,2,127
sub-010222,ep06,5,2,1223
sub-010222,ep06,7,2,1494
sub-010222,ep06,8,2,1520
sub-010222,ep06,10,2,1546
sub-010222,ep06,20,2,1538
sub-010222,ep06,30,2,1605
sub-010222,ep06,50,0,1687
sub-010222,ep06,100,0,1687
sub-010222,ep06,150,0,1687
sub-010222,ep06,200,0,1687
sub-010223,ep00,3,3,362
sub-010223,ep00,5,2,733
sub-010223,ep00,7,2,852
sub-010223,ep00,8,3,1500
sub-010223,ep00,10,2,1643
sub-010223,ep00,20,2,1658
sub-010223,ep00,30,0,1735
sub-010223,ep00,50,0,1735
sub-010223,ep00,100,0,1735
sub-010223,ep00,150,0,1735
sub-010223,ep00,200,0,1735
sub-010223,ep01,3,2,103
sub-010223,ep01,5,4,1521
sub-010223,ep01,7,3,1656
sub-010223,ep01,8,2,1571
sub-010223,ep01,10,2,1579
sub-010223,ep01,20,2,1611
sub-010223,ep01,30,2,1658
sub-010223,ep01,50,2,1714
sub-010223,ep01,100,0,1833
sub-010223,ep01,150,0,1833
sub-010223,ep01,200,0,1833
sub-010223,ep02,3,2,311
sub-010223,ep02,5,2,913
sub-010223,ep02,7,2,1483
sub-010223,ep02,8,2,1515
sub-010223,ep02,10,2,1550
sub-010223,ep02,20,2,1555
sub-010223,ep02,30,2,1678
sub-010223,ep02,50,2,1621
sub-010223,ep02,100,0,1774
sub-010223,ep02,150,0,1774
sub-010223,ep02,200,0,1774
sub-010223,ep03,3,2,169
sub-010223,ep03,5,2,1071
sub-010223,ep03,7,4,1671
sub-010223,ep03,8,3,1676
sub-010223,ep03,10,2,1661
sub-010223,ep03,20,2,1726
sub-010223,ep03,30,0,1802
sub-010223,ep03,50,0,1802
sub-010223,ep03,100,0,1802
sub-010223,ep03,150,0,1802
sub-010223,ep03,200,0,1802
sub-010223,ep04,3,2,269
sub-010223,ep04,5,3,1360
sub-010223,ep04,7,2,1701
sub-010223,ep04,8,2,1737
sub-010223,ep04,10,2,1846
sub-010223,ep04,20,2,1779
sub-010223,ep04,30,2,1749
sub-010223,ep04,50,2,1751
sub-010223,ep04,100,0,1910
sub-010223,ep04,150,0,1910
sub-010223,ep04,200,0,1910
sub-010223,ep05,3,13,965
sub-010223,ep05,5,7,1608
sub-010223,ep05,7,4,1635
sub-010223,ep05,8,2,1617
sub-010223,ep05,10,2,1689
sub-010223,ep05,20,2,1771
sub-010223,ep05,30,2,1782
sub-010223,ep05,50,0,1873
sub-010223,ep05,100,0,1873
sub-010223,ep05,150,0,1873
sub-010223,ep05,200,0,1873
sub-010223,ep06,3,4,258
sub-010223,ep06,5,2,1406
sub-010223,ep06,7,5,1630
sub-010223,ep06,8,4,1625
sub-010223,ep06,10,2,1599
sub-010223,ep06,20,2,1666
sub-010223,ep06,30,0,1711
sub-010223,ep06,50,0,1711
sub-010223,ep06,100,0,1711
sub-010223,ep06,150,0,1711
sub-010223,ep06,200,0,1711
sub-010224,ep00,3,2,143
sub-010224,ep00,5,2,454
sub-010224,ep00,7,3,1146
sub-010224,ep00,8,3,1194
sub-010224,ep00,10,2,1243
sub-010224,ep00,20,2,1253
sub-010224,ep00,30,0,1325
sub-010224,ep00,50,0,1325
sub-010224,ep00,100,0,1325
sub-010224,ep00,150,0,1325
sub-010224,ep00,200,0,1325
sub-010224,ep01,3,2,253
sub-010224,ep01,5,2,726
sub-010224,ep01,7,2,1117
sub-010224,ep01,8,5,1239
sub-010224,ep01,10,2,1237
sub-010224,ep01,20,0,1337
sub-010224,ep01,30,0,1337
sub-010224,ep01,50,0,1337
sub-010224,ep01,100,0,1337
sub-010224,ep01,150,0,1337
sub-010224,ep01,200,0,1337
sub-010224,ep02,3,2,169
sub-010224,ep02,5,3,1238
sub-010224,ep02,7,3,1423
sub-010224,ep02,8,3,1407
sub-010224,ep02,10,3,1420
sub-010224,ep02,20,2,1361
sub-010224,ep02,30,2,1382
sub-010224,ep02,50,0,1487
sub-010224,ep02,100,0,1487
sub-010224,ep02,150,0,1487
sub-010224,ep02,200,0,1487
sub-010224,ep03,3,2,127
sub-010224,ep03,5,8,1200
sub-010224,ep03,7,2,1225
sub-010224,ep03,8,2,1258
sub-010224,ep03,10,2,1253
sub-010224,ep03,20,2,1328
sub-010224,ep03,30,0,1378
sub-010224,ep03,50,0,1378
sub-010224,ep03,100,0,1378
sub-010224,ep03,150,0,1378
sub-010224,ep03,200,0,1378
sub-010224,ep04,3,2,395
sub-010224,ep04,5,8,1288
sub-010224,ep04,7,3,1328
sub-010224,ep04,8,2,1335
sub-010224,ep04,10,2,1330
sub-010224,ep04,20,2,1415
sub-010224,ep04,30,0,1474
sub-010224,ep04,50,0,1474
sub-010224,ep04,100,0,1474
sub-010224,ep04,150,0,1474
sub-010224,ep04,200,0,1474
sub-010224,ep05,3,2,211
sub-010224,ep05,5,2,1195
sub-010224,ep05,7,2,1136
sub-010224,ep05,8,2,1403
sub-010224,ep05,10,2,1419
sub-010224,ep05,20,2,1572
sub-010224,ep05,30,0,1633
sub-010224,ep05,50,0,1633
sub-010224,ep05,100,0,1633
sub-010224,ep05,150,0,1633
sub-010224,ep05,200,0,1633
sub-010224,ep06,3,2,112
sub-010224,ep06,5,4,1011
sub-010224,ep06,7,3,1034
sub-010224,ep06,8,4,1061
sub-010224,ep06,10,3,1097
sub-010224,ep06,20,0,1160
sub-010224,ep06,30,0,1160
sub-010224,ep06,50,0,1160
sub-010224,ep06,100,0,1160
sub-010224,ep06,150,0,1160
sub-010224,ep06,200,0,1160
sub-010226,ep00,3,2,44
sub-010226,ep00,5,3,1049
sub-010226,ep00,7,2,849
sub-010226,ep00,8,2,904
sub-010226,ep00,10,2,1438
sub-010226,ep00,20,2,1470
sub-010226,ep00,30,0,1553
sub-010226,ep00,50,0,1553
sub-010226,ep00,100,0,1553
sub-010226,ep00,150,0,1553
sub-010226,ep00,200,0,1553
sub-010226,ep01,3,2,112
sub-010226,ep01,5,4,960
sub-010226,ep01,7,2,900
sub-010226,ep01,8,2,912
sub-010226,ep01,10,2,1422
sub-010226,ep01,20,2,1419
sub-010226,ep01,30,2,1427
sub-010226,ep01,50,0,1524
sub-010226,ep01,100,0,1524
sub-010226,ep01,150,0,1524
sub-010226,ep01,200,0,1524
sub-010226,ep02,3,12,572
sub-010226,ep02,5,2,389
sub-010226,ep02,7,2,348
sub-010226,ep02,8,2,386
sub-010226,ep02,10,2,1458
sub-010226,ep02,20,2,1459
sub-010226,ep02,30,0,1569
sub-010226,ep02,50,0,1569
sub-010226,ep02,100,0,1569
sub-010226,ep02,150,0,1569
sub-010226,ep02,200,0,1569
sub-010226,ep03,3,2,151
sub-010226,ep03,5,2,876
sub-010226,ep03,7,2,1340
sub-010226,ep03,8,2,1356
sub-010226,ep03,10,2,1352
sub-010226,ep03,20,2,1405
sub-010226,ep03,30,0,1491
sub-010226,ep03,50,0,1491
sub-010226,ep03,100,0,1491
sub-010226,ep03,150,0,1491
sub-010226,ep03,200,0,1491
sub-010226,ep04,3,4,100
sub-010226,ep04,5,2,475
sub-010226,ep04,7,2,1419
sub-010226,ep04,8,3,1418
sub-010226,ep04,10,3,1453
sub-010226,ep04,20,2,1436
sub-010226,ep04,30,2,1422
sub-010226,ep04,50,0,1532
sub-010226,ep04,100,0,1532
sub-010226,ep04,150,0,1532
sub-010226,ep04,200,0,1532
sub-010226,ep05,3,3,48
sub-010226,ep05,5,3,1042
sub-010226,ep05,7,3,1089
sub-010226,ep05,8,3,1076
sub-010226,ep05,10,3,1092
sub-010226,ep05,20,0,1510
sub-010226,ep05,30,0,1510
sub-010226,ep05,50,0,1510
sub-010226,ep05,100,0,1510
sub-010226,ep05,150,0,1510
sub-010226,ep05,200,0,1510
sub-010227,ep00,3,2,39
sub-010227,ep00,5,2,249
sub-010227,ep00,7,2,1883
sub-010227,ep00,8,3,1917
sub-010227,ep00,10,2,1836
sub-010227,ep00,20,0,2002
sub-010227,ep00,30,0,2002
sub-010227,ep00,50,0,2002
sub-010227,ep00,100,0,2002
sub-010227,ep00,150,0,2002
sub-010227,ep00,200,0,2002
sub-010227,ep01,3,3,141
sub-010227,ep01,5,2,369
sub-010227,ep01,7,2,866
sub-010227,ep01,8,2,1389
sub-010227,ep01,10,2,1395
sub-010227,ep01,20,2,1389
sub-010227,ep01,30,0,1472
sub-010227,ep01,50,0,1472
sub-010227,ep01,100,0,1472
sub-010227,ep01,150,0,1472
sub-010227,ep01,200,0,1472
sub-010227,ep02,3,8,210
sub-010227,ep02,5,2,514
sub-010227,ep02,7,2,1039
sub-010227,ep02,8,3,1291
sub-010227,ep02,10,3,1336
sub-010227,ep02,20,2,1384
sub-010227,ep02,30,0,1438
sub-010227,ep02,50,0,1438
sub-010227,ep02,100,0,1438
sub-010227,ep02,150,0,1438
sub-010227,ep02,200,0,1438
sub-010227,ep03,3,2,8
sub-010227,ep03,5,2,849
sub-010227,ep03,7,2,1164
sub-010227,ep03,8,2,1278
sub-010227,ep03,10,2,1317
sub-010227,ep03,20,0,1340
sub-010227,ep03,30,0,1340
sub-010227,ep03,50,0,1340
sub-010227,ep03,100,0,1340
sub-010227,ep03,150,0,1340
sub-010227,ep03,200,0,1340
sub-010227,ep04,3,2,23
sub-010227,ep04,5,2,121
sub-010227,ep04,7,2,1378
sub-010227,ep04,8,2,1396
sub-010227,ep04,10,2,1382
sub-010227,ep04,20,0,1501
sub-010227,ep04,30,0,1501
sub-010227,ep04,50,0,1501
sub-010227,ep04,100,0,1501
sub-010227,ep04,150,0,1501
sub-010227,ep04,200,0,1501
sub-010227,ep05,3,5,67
sub-010227,ep05,5,2,1010
sub-010227,ep05,7,2,1378
sub-010227,ep05,8,3,1378
sub-010227,ep05,10,0,1433
sub-010227,ep05,20,0,1433
sub-010227,ep05,30,0,1433
sub-010227,ep05,50,0,1433
sub-010227,ep05,100,0,1433
sub-010227,ep05,150,0,1433
sub-010227,ep05,200,0,1433
sub-010227,ep06,3,4,57
sub-010227,ep06,5,4,715
sub-010227,ep06,7,2,1235
sub-010227,ep06,8,2,1253
sub-010227,ep06,10,2,1312
sub-010227,ep06,20,0,1355
sub-010227,ep06,30,0,1355
sub-010227,ep06,50,0,1355
sub-010227,ep06,100,0,1355
sub-010227,ep06,150,0,1355
sub-010227,ep06,200,0,1355
sub-010228,ep00,3,5,521
sub-010228,ep00,5,3,1321
sub-010228,ep00,7,3,1447
sub-010228,ep00,8,2,1474
sub-010228,ep00,10,2,1489
sub-010228,ep00,20,2,1526
sub-010228,ep00,30,0,1617
sub-010228,ep00,50,0,1617
sub-010228,ep00,100,0,1617
sub-010228,ep00,150,0,1617
sub-010228,ep00,200,0,1617
sub-010228,ep01,3,2,195
sub-010228,ep01,5,4,1113
sub-010228,ep01,7,4,1226
sub-010228,ep01,8,2,1221
sub-010228,ep01,10,2,1230
sub-010228,ep01,20,0,1322
sub-010228,ep01,30,0,1322
sub-010228,ep01,50,0,1322
sub-010228,ep01,100,0,1322
sub-010228,ep01,150,0,1322
sub-010228,ep01,200,0,1322
sub-010228,ep02,3,2,382
sub-010228,ep02,5,2,1321
sub-010228,ep02,7,5,1717
sub-010228,ep02,8,3,1681
sub-010228,ep02,10,3,1705
sub-010228,ep02,20,2,1722
sub-010228,ep02,30,0,1800
sub-010228,ep02,50,0,1800
sub-010228,ep02,100,0,1800
sub-010228,ep02,150,0,1800
sub-010228,ep02,200,0,1800
sub-010228,ep03,3,2,39
sub-010228,ep03,5,9,1266
sub-010228,ep03,7,3,1320
sub-010228,ep03,8,4,1344
sub-010228,ep03,10,3,1319
sub-010228,ep03,20,0,1401
sub-010228,ep03,30,0,1401
sub-010228,ep03,50,0,1401
sub-010228,ep03,100,0,1401
sub-010228,ep03,150,0,1401
sub-010228,ep03,200,0,1401
sub-010228,ep04,3,3,385
sub-010228,ep04,5,2,1213
sub-010228,ep04,7,2,1295
sub-010228,ep04,8,3,1299
sub-010228,ep04,10,2,1353
sub-010228,ep04,20,2,1338
sub-010228,ep04,30,0,1400
sub-010228,ep04,50,0,1400
sub-010228,ep04,100,0,1400
sub-010228,ep04,150,0,1400
sub-010228,ep04,200,0,1400
sub-010228,ep05,3,2,214
sub-010228,ep05,5,2,975
sub-010228,ep05,7,3,1209
sub-010228,ep05,8,3,1166
sub-010228,ep05,10,3,1223
sub-010228,ep05,20,0,1319
sub-010228,ep05,30,0,1319
sub-010228,ep05,50,0,1319
sub-010228,ep05,100,0,1319
sub-010228,ep05,150,0,1319
sub-010228,ep05,200,0,1319
sub-010228,ep06,3,46,959
sub-010228,ep06,5,2,916
sub-010228,ep06,7,3,1081
sub-010228,ep06,8,3,1091
sub-010228,ep06,10,3,1134
sub-010228,ep06,20,0,1217
sub-010228,ep06,30,0,1217
sub-010228,ep06,50,0,1217
sub-010228,ep06,100,0,1217
sub-010228,ep06,150,0,1217
sub-010228,ep06,200,0,1217
sub-010229,ep00,3,2,66
sub-010229,ep00,5,2,588
sub-010229,ep00,7,3,872
sub-010229,ep00,8,3,883
sub-010229,ep00,10,2,920
sub-010229,ep00,20,2,804
sub-010229,ep00,30,2,844
sub-010229,ep00,50,2,886
sub-010229,ep00,100,0,1337
sub-010229,ep00,150,0,1337
sub-010229,ep00,200,0,1337
sub-010229,ep01,3,10,316
sub-010229,ep01,5,3,389
sub-010229,ep01,7,2,767
sub-010229,ep01,8,2,809
sub-010229,ep01,10,2,1195
sub-010229,ep01,20,0,1252
sub-010229,ep01,30,0,1252
sub-010229,ep01,50,0,1252
sub-010229,ep01,100,0,1252
sub-010229,ep01,150,0,1252
sub-010229,ep01,200,0,1252
sub-010229,ep02,3,2,127
sub-010229,ep02,5,4,836
sub-010229,ep02,7,4,983
sub-010229,ep02,8,2,882
sub-010229,ep02,10,2,933
sub-010229,ep02,20,2,867
sub-010229,ep02,30,2,926
sub-010229,ep02,50,2,873
sub-010229,ep02,100,0,1236
sub-010229,ep02,150,0,1236
sub-010229,ep02,200,0,1236
sub-010229,ep03,3,3,165
sub-010229,ep03,5,2,170
sub-010229,ep03,7,3,969
sub-010229,ep03,8,3,969
sub-010229,ep03,10,2,1008
sub-010229,ep03,20,2,1025
sub-010229,ep03,30,2,1023
sub-010229,ep03,50,2,941
sub-010229,ep03,100,0,1296
sub-010229,ep03,150,0,1296
sub-010229,ep03,200,0,1296
sub-010229,ep04,3,3,190
sub-010229,ep04,5,3,1038
sub-010229,ep04,7,2,1193
sub-010229,ep04,8,2,1187
sub-010229,ep04,10,2,1210
sub-010229,ep04,20,0,1255
sub-010229,ep04,30,0,1255
sub-010229,ep04,50,0,1255
sub-010229,ep04,100,0,1255
sub-010229,ep04,150,0,1255
sub-010229,ep04,200,0,1255
sub-010229,ep05,3,2,103
sub-010229,ep05,5,2,635
sub-010229,ep05,7,3,895
sub-010229,ep05,8,2,925
sub-010229,ep05,10,2,1004
sub-010229,ep05,20,2,990
sub-010229,ep05,30,2,1013
sub-010229,ep05,50,0,1245
sub-010229,ep05,100,0,1245
sub-010229,ep05,150,0,1245
sub-010229,ep05,200,0,1245
sub-010229,ep06,3,3,128
sub-010229,ep06,5,2,586
sub-010229,ep06,7,2,573
sub-010229,ep06,8,2,578
sub-010229,ep06,10,2,1012
sub-010229,ep06,20,2,1063
sub-010229,ep06,30,0,1129
sub-010229,ep06,50,0,1129
sub-010229,ep06,100,0,1129
sub-010229,ep06,150,0,1129
sub-010229,ep06,200,0,1129
sub-010230,ep00,3,2,335
sub-010230,ep00,5,2,725
sub-010230,ep00,7,3,1057
sub-010230,ep00,8,3,1050
sub-010230,ep00,10,2,1079
sub-010230,ep00,20,2,1078
sub-010230,ep00,30,2,1101
sub-010230,ep00,50,0,1310
sub-010230,ep00,100,0,1310
sub-010230,ep00,150,0,1310
sub-010230,ep00,200,0,1310
sub-010230,ep01,3,2,31
sub-010230,ep01,5,8,1060
sub-010230,ep01,7,4,1136
sub-010230,ep01,8,3,1159
sub-010230,ep01,10,3,1172
sub-010230,ep01,20,2,1149
sub-010230,ep01,30,2,1117
sub-010230,ep01,50,2,1159
sub-010230,ep01,100,0,1339
sub-010230,ep01,150,0,1339
sub-010230,ep01,200,0,1339
sub-010230,ep02,3,2,125
sub-010230,ep02,5,2,825
sub-010230,ep02,7,4,1230
sub-010230,ep02,8,3,1261
sub-010230,ep02,10,2,1252
sub-010230,ep02,20,2,1239
sub-010230,ep02,30,0,1327
sub-010230,ep02,50,0,1327
sub-010230,ep02,100,0,1327
sub-010230,ep02,150,0,1327
sub-010230,ep02,200,0,1327
sub-010230,ep03,3,4,208
sub-010230,ep03,5,2,1124
sub-010230,ep03,7,2,1450
sub-010230,ep03,8,2,1460
sub-010230,ep03,10,2,1483
sub-010230,ep03,20,0,1557
sub-010230,ep03,30,0,1557
sub-010230,ep03,50,0,1557
sub-010230,ep03,100,0,1557
sub-010230,ep03,150,0,1557
sub-010230,ep03,200,0,1557
sub-010230,ep04,3,4,196
sub-010230,ep04,5,2,1380
sub-010230,ep04,7,2,2395
sub-010230,ep04,8,2,2849
sub-010230,ep04,10,2,2845
sub-010230,ep04,20,0,2898
sub-010230,ep04,30,0,2898
sub-010230,ep04,50,0,2898
sub-010230,ep04,100,0,2898
sub-010230,ep04,150,0,2898
sub-010230,ep04,200,0,2898
sub-010230,ep05,3,2,74
sub-010230,ep05,5,7,1057
sub-010230,ep05,7,5,1105
sub-010230,ep05,8,3,1113
sub-010230,ep05,10,2,1092
sub-010230,ep05,20,2,1156
sub-010230,ep05,30,0,1311
sub-010230,ep05,50,0,1311
sub-010230,ep05,100,0,1311
sub-010230,ep05,150,0,1311
sub-010230,ep05,200,0,1311
sub-010230,ep06,3,2,272
sub-010230,ep06,5,2,926
sub-010230,ep06,7,2,1125
sub-010230,ep06,8,2,1134
sub-010230,ep06,10,2,1139
sub-010230,ep06,20,0,1222
sub-010230,ep06,30,0,1222
sub-010230,ep06,50,0,1222
sub-010230,ep06,100,0,1222
sub-010230,ep06,150,0,1222
sub-010230,ep06,200,0,1222
sub-010231,ep00,3,2,9
sub-010231,ep00,5,2,917
sub-010231,ep00,7,3,1222
sub-010231,ep00,8,2,1180
sub-010231,ep00,10,2,1232
sub-010231,ep00,20,0,1354
sub-010231,ep00,30,0,1354
sub-010231,ep00,50,0,1354
sub-010231,ep00,100,0,1354
sub-010231,ep00,150,0,1354
sub-010231,ep00,200,0,1354
sub-010231,ep01,3,10,379
sub-010231,ep01,5,2,1604
sub-010231,ep01,7,3,1809
sub-010231,ep01,8,3,1815
sub-010231,ep01,10,2,1807
sub-010231,ep01,20,2,1839
sub-010231,ep01,30,2,1860
sub-010231,ep01,50,0,1964
sub-010231,ep01,100,0,1964
sub-010231,ep01,150,0,1964
sub-010231,ep01,200,0,1964
sub-010231,ep02,3,2,4
sub-010231,ep02,5,2,911
sub-010231,ep02,7,2,988
sub-010231,ep02,8,2,1024
sub-010231,ep02,10,2,1720
sub-010231,ep02,20,2,1705
sub-010231,ep02,30,0,1796
sub-010231,ep02,50,0,1796
sub-010231,ep02,100,0,1796
sub-010231,ep02,150,0,1796
sub-010231,ep02,200,0,1796
sub-010231,ep03,3,2,121
sub-010231,ep03,5,2,811
sub-010231,ep03,7,2,1082
sub-010231,ep03,8,2,1332
sub-010231,ep03,10,2,1361
sub-010231,ep03,20,2,1367
sub-010231,ep03,30,0,1424
sub-010231,ep03,50,0,1424
sub-010231,ep03,100,0,1424
sub-010231,ep03,150,0,1424
sub-010231,ep03,200,0,1424
sub-010231,ep04,3,2,36
sub-010231,ep04,5,2,551
sub-010231,ep04,7,2,548
sub-010231,ep04,8,4,1564
sub-010231,ep04,10,2,1565
sub-010231,ep04,20,2,1630
sub-010231,ep04,30,0,1679
sub-010231,ep04,50,0,1679
sub-010231,ep04,100,0,1679
sub-010231,ep04,150,0,1679
sub-010231,ep04,200,0,1679
sub-010231,ep05,3,6,278
sub-010231,ep05,5,2,356
sub-010231,ep05,7,5,1214
sub-010231,ep05,8,2,1203
sub-010231,ep05,10,2,1228
sub-010231,ep05,20,2,1252
sub-010231,ep05,30,0,1325
sub-010231,ep05,50,0,1325
sub-010231,ep05,100,0,1325
sub-010231,ep05,150,0,1325
sub-010231,ep05,200,0,1325
sub-010231,ep06,3,2,43
sub-010231,ep06,5,5,1080
sub-010231,ep06,7,5,1122
sub-010231,ep06,8,3,1111
sub-010231,ep06,10,3,1134
sub-010231,ep06,20,0,1227
sub-010231,ep06,30,0,1227
sub-010231,ep06,50,0,1227
sub-010231,ep06,100,0,1227
sub-010231,ep06,150,0,1227
sub-010231,ep06,200,0,1227
sub-010232,ep00,3,3,137
sub-010232,ep00,5,4,1241
sub-010232,ep00,7,3,1279
sub-010232,ep00,8,0,1385
sub-010232,ep00,10,0,1385
sub-010232,ep00,20,0,1385
sub-010232,ep00,30,0,1385
sub-010232,ep00,50,0,1385
sub-010232,ep00,100,0,1385
sub-010232,ep00,150,0,1385
sub-010232,ep00,200,0,1385
sub-010232,ep01,3,2,130
sub-010232,ep01,5,4,377
sub-010232,ep01,7,2,1232
sub-010232,ep01,8,2,1282
sub-010232,ep01,10,2,1298
sub-010232,ep01,20,0,1323
sub-010232,ep01,30,0,1323
sub-010232,ep01,50,0,1323
sub-010232,ep01,100,0,1323
sub-010232,ep01,150,0,1323
sub-010232,ep01,200,0,1323
sub-010232,ep02,3,3,45
sub-010232,ep02,5,2,228
sub-010232,ep02,7,2,1182
sub-010232,ep02,8,2,1210
sub-010232,ep02,10,2,1238
sub-010232,ep02,20,0,1318
sub-010232,ep02,30,0,1318
sub-010232,ep02,50,0,1318
sub-010232,ep02,100,0,1318
sub-010232,ep02,150,0,1318
sub-010232,ep02,200,0,1318
sub-010232,ep03,3,3,118
sub-010232,ep03,5,4,381
sub-010232,ep03,7,2,1854
sub-010232,ep03,8,3,1956
sub-010232,ep03,10,2,1998
sub-010232,ep03,20,0,2059
sub-010232,ep03,30,0,2059
sub-010232,ep03,50,0,2059
sub-010232,ep03,100,0,2059
sub-010232,ep03,150,0,2059
sub-010232,ep03,200,0,2059
sub-010232,ep04,3,5,75
sub-010232,ep04,5,2,1132
sub-010232,ep04,7,2,1429
sub-010232,ep04,8,2,1402
sub-010232,ep04,10,2,1414
sub-010232,ep04,20,0,1527
sub-010232,ep04,30,0,1527
sub-010232,ep04,50,0,1527
sub-010232,ep04,100,0,1527
sub-010232,ep04,150,0,1527
sub-010232,ep04,200,0,1527
sub-010232,ep05,3,4,116
sub-010232,ep05,5,3,1420
sub-010232,ep05,7,2,1590
sub-010232,ep05,8,2,1605
sub-010232,ep05,10,3,1618
sub-010232,ep05,20,2,1610
sub-010232,ep05,30,0,1688
sub-010232,ep05,50,0,1688
sub-010232,ep05,100,0,1688
sub-010232,ep05,150,0,1688
sub-010232,ep05,200,0,1688
sub-010232,ep06,3,2,55
sub-010232,ep06,5,2,967
sub-010232,ep06,7,2,1113
sub-010232,ep06,8,3,1135
sub-010232,ep06,10,2,1140
sub-010232,ep06,20,2,1164
sub-010232,ep06,30,0,1224
sub-010232,ep06,50,0,1224
sub-010232,ep06,100,0,1224
sub-010232,ep06,150,0,1224
sub-010232,ep06,200,0,1224
sub-010233,ep00,3,3,82
sub-010233,ep00,5,2,970
sub-010233,ep00,7,3,1238
sub-010233,ep00,8,2,1274
sub-010233,ep00,10,2,1294
sub-010233,ep00,20,0,1429
sub-010233,ep00,30,0,1429
sub-010233,ep00,50,0,1429
sub-010233,ep00,100,0,1429
sub-010233,ep00,150,0,1429
sub-010233,ep00,200,0,1429
sub-010233,ep01,3,2,154
sub-010233,ep01,5,2,1017
sub-010233,ep01,7,2,1231
sub-010233,ep01,8,2,1254
sub-010233,ep01,10,2,1302
sub-010233,ep01,20,0,1396
sub-010233,ep01,30,2,1307
sub-010233,ep01,50,0,1396
sub-010233,ep01,100,0,1396
sub-010233,ep01,150,0,1396
sub-010233,ep01,200,0,1396
sub-010233,ep02,3,4,134
sub-010233,ep02,5,4,1238
sub-010233,ep02,7,3,1410
sub-010233,ep02,8,4,1535
sub-010233,ep02,10,2,1538
sub-010233,ep02,20,0,1685
sub-010233,ep02,30,0,1685
sub-010233,ep02,50,0,1685
sub-010233,ep02,100,0,1685
sub-010233,ep02,150,0,1685
sub-010233,ep02,200,0,1685
sub-010233,ep03,3,2,18
sub-010233,ep03,5,2,605
sub-010233,ep03,7,2,1335
sub-010233,ep03,8,0,1364
sub-010233,ep03,10,0,1364
sub-010233,ep03,20,0,1364
sub-010233,ep03,30,0,1364
sub-010233,ep03,50,0,1364
sub-010233,ep03,100,0,1364
sub-010233,ep03,150,0,1364
sub-010233,ep03,200,0,1364
sub-010233,ep04,3,2,2
sub-010233,ep04,5,2,871
sub-010233,ep04,7,2,1250
sub-010233,ep04,8,2,1268
sub-010233,ep04,10,2,1264
sub-010233,ep04,20,0,1345
sub-010233,ep04,30,0,1345
sub-010233,ep04,50,0,1345
sub-010233,ep04,100,0,1345
sub-010233,ep04,150,0,1345
sub-010233,ep04,200,0,1345
sub-010233,ep05,3,2,182
sub-010233,ep05,5,2,813
sub-010233,ep05,7,2,1538
sub-010233,ep05,8,2,1575
sub-010233,ep05,10,2,1594
sub-010233,ep05,20,0,1713
sub-010233,ep05,30,0,1713
sub-010233,ep05,50,0,1713
sub-010233,ep05,100,0,1713
sub-010233,ep05,150,0,1713
sub-010233,ep05,200,0,1713
sub-010233,ep06,3,4,126
sub-010233,ep06,5,5,945
sub-010233,ep06,7,3,983
sub-010233,ep06,8,2,844
sub-010233,ep06,10,2,1083
sub-010233,ep06,20,0,1251
sub-010233,ep06,30,0,1251
sub-010233,ep06,50,0,1251
sub-010233,ep06,100,0,1251
sub-010233,ep06,150,0,1251
sub-010233,ep06,200,0,1251
sub-010234,ep00,3,3,379
sub-010234,ep00,5,2,1076
sub-010234,ep00,7,6,1675
sub-010234,ep00,8,4,1704
sub-010234,ep00,10,3,1670
sub-010234,ep00,20,2,1747
sub-010234,ep00,30,0,1796
sub-010234,ep00,50,0,1796
sub-010234,ep00,100,0,1796
sub-010234,ep00,150,0,1796
sub-010234,ep00,200,0,1796
sub-010234,ep01,3,5,327
sub-010234,ep01,5,4,1525
sub-010234,ep01,7,5,1678
sub-010234,ep01,8,3,1704
sub-010234,ep01,10,2,1662
sub-010234,ep01,20,0,1755
sub-010234,ep01,30,0,1755
sub-010234,ep01,50,0,1755
sub-010234,ep01,100,0,1755
sub-010234,ep01,150,0,1755
sub-010234,ep01,200,0,1755
sub-010234,ep02,3,9,293
sub-010234,ep02,5,3,1411
sub-010234,ep02,7,4,1587
sub-010234,ep02,8,3,1594
sub-010234,ep02,10,2,1611
sub-010234,ep02,20,2,1658
sub-010234,ep02,30,0,1723
sub-010234,ep02,50,0,1723
sub-010234,ep02,100,0,1723
sub-010234,ep02,150,0,1723
sub-010234,ep02,200,0,1723
sub-010234,ep03,3,3,126
sub-010234,ep03,5,2,1611
sub-010234,ep03,7,4,1910
sub-010234,ep03,8,3,1932
sub-010234,ep03,10,2,1914
sub-010234,ep03,20,0,1984
sub-010234,ep03,30,0,1984
sub-010234,ep03,50,0,1984
sub-010234,ep03,100,0,1984
sub-010234,ep03,150,0,1984
sub-010234,ep03,200,0,1984
sub-010234,ep04,3,3,283
sub-010234,ep04,5,2,305
sub-010234,ep04,7,3,1594
sub-010234,ep04,8,2,1548
sub-010234,ep04,10,2,1620
sub-010234,ep04,20,0,1652
sub-010234,ep04,30,0,1652
sub-010234,ep04,50,0,1652
sub-010234,ep04,100,0,1652
sub-010234,ep04,150,0,1652
sub-010234,ep04,200,0,1652
sub-010234,ep05,3,2,139
sub-010234,ep05,5,2,1031
sub-010234,ep05,7,2,986
sub-010234,ep05,8,2,1587
sub-010234,ep05,10,2,1635
sub-010234,ep05,20,0,1672
sub-010234,ep05,30,0,1672
sub-010234,ep05,50,0,1672
sub-010234,ep05,100,0,1672
sub-010234,ep05,150,0,1672
sub-010234,ep05,200,0,1672
sub-010234,ep06,3,3,201
sub-010234,ep06,5,3,1199
sub-010234,ep06,7,4,1355
sub-010234,ep06,8,3,1362
sub-010234,ep06,10,2,1404
sub-010234,ep06,20,2,1398
sub-010234,ep06,30,0,1513
sub-010234,ep06,50,0,1513
sub-010234,ep06,100,0,1513
sub-010234,ep06,150,0,1513
sub-010234,ep06,200,0,1513
sub-010236,ep00,3,2,76
sub-010236,ep00,5,2,948
sub-010236,ep00,7,4,1261
sub-010236,ep00,8,4,1253
sub-010236,ep00,10,2,1255
sub-010236,ep00,20,2,1264
sub-010236,ep00,30,2,1315
sub-010236,ep00,50,0,1408
sub-010236,ep00,100,0,1408
sub-010236,ep00,150,0,1408
sub-010236,ep00,200,0,1408
sub-010236,ep01,3,2,81
sub-010236,ep01,5,7,1034
sub-010236,ep01,7,3,1135
sub-010236,ep01,8,2,1095
sub-010236,ep01,10,2,1120
sub-010236,ep01,20,2,1173
sub-010236,ep01,30,2,1203
sub-010236,ep01,50,2,1159
sub-010236,ep01,100,0,1398
sub-010236,ep01,150,0,1398
sub-010236,ep01,200,0,1398
sub-010236,ep02,3,3,310
sub-010236,ep02,5,2,531
sub-010236,ep02,7,3,1226
sub-010236,ep02,8,2,1286
sub-010236,ep02,10,2,1284
sub-010236,ep02,20,2,1297
sub-010236,ep02,30,2,1334
sub-010236,ep02,50,0,1484
sub-010236,ep02,100,0,1484
sub-010236,ep02,150,0,1484
sub-010236,ep02,200,0,1484
sub-010236,ep03,3,2,89
sub-010236,ep03,5,3,1168
sub-010236,ep03,7,3,1461
sub-010236,ep03,8,2,1489
sub-010236,ep03,10,2,1498
sub-010236,ep03,20,2,1562
sub-010236,ep03,30,2,1558
sub-010236,ep03,50,2,1532
sub-010236,ep03,100,0,1730
sub-010236,ep03,150,0,1730
sub-010236,ep03,200,0,1730
sub-010236,ep04,3,2,99
sub-010236,ep04,5,5,845
sub-010236,ep04,7,2,924
sub-010236,ep04,8,2,1230
sub-010236,ep04,10,2,1225
sub-010236,ep04,20,2,1185
sub-010236,ep04,30,2,1264
sub-010236,ep04,50,0,1428
sub-010236,ep04,100,0,1428
sub-010236,ep04,150,0,1428
sub-010236,ep04,200,0,1428
sub-010236,ep05,3,6,193
sub-010236,ep05,5,2,804
sub-010236,ep05,7,3,1431
sub-010236,ep05,8,2,1583
sub-010236,ep05,10,3,1640
sub-010236,ep05,20,2,1684
sub-010236,ep05,30,0,1911
sub-010236,ep05,50,0,1911
sub-010236,ep05,100,0,1911
sub-010236,ep05,150,0,1911
sub-010236,ep05,200,0,1911
sub-010236,ep06,3,2,112
sub-010236,ep06,5,2,419
sub-010236,ep06,7,3,1022
sub-010236,ep06,8,2,998
sub-010236,ep06,10,2,1163
sub-010236,ep06,20,0,1287
sub-010236,ep06,30,0,1287
sub-010236,ep06,50,0,1287
sub-010236,ep06,100,0,1287
sub-010236,ep06,150,0,1287
sub-010236,ep06,200,0,1287
sub-010238,ep00,3,2,136
sub-010238,ep00,5,2,604
sub-010238,ep00,7,2,1430
sub-010238,ep00,8,2,1413
sub-010238,ep00,10,2,1404
sub-010238,ep00,20,2,1408
sub-010238,ep00,30,0,1513
sub-010238,ep00,50,0,1513
sub-010238,ep00,100,0,1513
sub-010238,ep00,150,0,1513
sub-010238,ep00,200,0,1513
sub-010238,ep01,3,19,781
sub-010238,ep01,5,2,840
sub-010238,ep01,7,2,1261
sub-010238,ep01,8,2,1318
sub-010238,ep01,10,2,1370
sub-010238,ep01,20,2,1475
sub-010238,ep01,30,2,1458
sub-010238,ep01,50,0,1594
sub-010238,ep01,100,0,1594
sub-010238,ep01,150,0,1594
sub-010238,ep01,200,0,1594
sub-010238,ep02,3,4,305
sub-010238,ep02,5,2,584
sub-010238,ep02,7,2,905
sub-010238,ep02,8,2,910
sub-010238,ep02,10,2,971
sub-010238,ep02,20,2,1006
sub-010238,ep02,30,2,1018
sub-010238,ep02,50,2,1033
sub-010238,ep02,100,0,1319
sub-010238,ep02,150,0,1319
sub-010238,ep02,200,0,1319
sub-010238,ep03,3,4,394
sub-010238,ep03,5,3,942
sub-010238,ep03,7,2,980
sub-010238,ep03,8,2,1012
sub-010238,ep03,10,2,960
sub-010238,ep03,20,2,1059
sub-010238,ep03,30,2,1060
sub-010238,ep03,50,2,1074
sub-010238,ep03,100,0,1344
sub-010238,ep03,150,0,1344
sub-010238,ep03,200,0,1344
sub-010238,ep04,3,2,182
sub-010238,ep04,5,3,1099
sub-010238,ep04,7,2,953
sub-010238,ep04,8,2,998
sub-010238,ep04,10,2,1019
sub-010238,ep04,20,2,1126
sub-010238,ep04,30,2,1129
sub-010238,ep04,50,2,1112
sub-010238,ep04,100,0,1554
sub-010238,ep04,150,0,1554
sub-010238,ep04,200,0,1554
sub-010238,ep05,3,2,26
sub-010238,ep05,5,2,1270
sub-010238,ep05,7,3,1754
sub-010238,ep05,8,2,1710
sub-010238,ep05,10,3,1792
sub-010238,ep05,20,2,1693
sub-010238,ep05,30,2,1725
sub-010238,ep05,50,2,1713
sub-010238,ep05,100,0,1936
sub-010238,ep05,150,0,1936
sub-010238,ep05,200,0,1936
sub-010239,ep00,3,2,242
sub-010239,ep00,5,2,839
sub-010239,ep00,7,3,1277
sub-010239,ep00,8,2,1315
sub-010239,ep00,10,2,1314
sub-010239,ep00,20,0,1365
sub-010239,ep00,30,0,1365
sub-010239,ep00,50,0,1365
sub-010239,ep00,100,0,1365
sub-010239,ep00,150,0,1365
sub-010239,ep00,200,0,1365
sub-010239,ep01,3,3,71
sub-010239,ep01,5,2,965
sub-010239,ep01,7,5,1284
sub-010239,ep01,8,4,1315
sub-010239,ep01,10,2,1335
sub-010239,ep01,20,2,1342
sub-010239,ep01,30,2,1345
sub-010239,ep01,50,0,1419
sub-010239,ep01,100,0,1419
sub-010239,ep01,150,0,1419
sub-010239,ep01,200,0,1419
sub-010239,ep02,3,9,384
sub-010239,ep02,5,7,1146
sub-010239,ep02,7,2,1104
sub-010239,ep02,8,3,1183
sub-010239,ep02,10,3,1256
sub-010239,ep02,20,2,1259
sub-010239,ep02,30,2,1248
sub-010239,ep02,50,0,1369
sub-010239,ep02,100,0,1369
sub-010239,ep02,150,0,1369
sub-010239,ep02,200,0,1369
sub-010239,ep03,3,2,119
sub-010239,ep03,5,2,799
sub-010239,ep03,7,2,1042
sub-010239,ep03,8,3,1106
sub-010239,ep03,10,2,1060
sub-010239,ep03,20,2,1072
sub-010239,ep03,30,2,1119
sub-010239,ep03,50,2,1118
sub-010239,ep03,100,0,1335
sub-010239,ep03,150,0,1335
sub-010239,ep03,200,0,1335
sub-010239,ep04,3,3,264
sub-010239,ep04,5,9,1712
sub-010239,ep04,7,2,1798
sub-010239,ep04,8,4,1823
sub-010239,ep04,10,2,1802
sub-010239,ep04,20,2,1835
sub-010239,ep04,30,2,1867
sub-010239,ep04,50,0,1976
sub-010239,ep04,100,0,1976
sub-010239,ep04,150,0,1976
sub-010239,ep04,200,0,1976
sub-010239,ep05,3,2,38
sub-010239,ep05,5,2,1209
sub-010239,ep05,7,2,1360
sub-010239,ep05,8,3,1430
sub-010239,ep05,10,3,1439
sub-010239,ep05,20,2,1307
sub-010239,ep05,30,2,1271
sub-010239,ep05,50,2,1445
sub-010239,ep05,100,0,1620
sub-010239,ep05,150,0,1620
sub-010239,ep05,200,0,1620
sub-010240,ep00,3,2,17
sub-010240,ep00,5,2,728
sub-010240,ep00,7,5,1154
sub-010240,ep00,8,3,1157
sub-010240,ep00,10,0,1320
sub-010240,ep00,20,0,1320
sub-010240,ep00,30,0,1320
sub-010240,ep00,50,0,1320
sub-010240,ep00,100,0,1320
sub-010240,ep00,150,0,1320
sub-010240,ep00,200,0,1320
sub-010240,ep01,3,8,332
sub-010240,ep01,5,2,1089
sub-010240,ep01,7,4,1214
sub-010240,ep01,8,4,1208
sub-010240,ep01,10,3,1199
sub-010240,ep01,20,2,1233
sub-010240,ep01,30,2,1233
sub-010240,ep01,50,0,1367
sub-010240,ep01,100,0,1367
sub-010240,ep01,150,0,1367
sub-010240,ep01,200,0,1367
sub-010240,ep02,3,3,73
sub-010240,ep02,5,2,716
sub-010240,ep02,7,2,994
sub-010240,ep02,8,2,987
sub-010240,ep02,10,2,1266
sub-010240,ep02,20,0,1335
sub-010240,ep02,30,0,1335
sub-010240,ep02,50,0,1335
sub-010240,ep02,100,0,1335
sub-010240,ep02,150,0,1335
sub-010240,ep02,200,0,1335
sub-010240,ep03,3,5,190
sub-010240,ep03,5,4,1831
sub-010240,ep03,7,2,1596
sub-010240,ep03,8,2,2067
sub-010240,ep03,10,2,2102
sub-010240,ep03,20,2,2132
sub-010240,ep03,30,0,2254
sub-010240,ep03,50,0,2254
sub-010240,ep03,100,0,2254
sub-010240,ep03,150,0,2254
sub-010240,ep03,200,0,2254
sub-010240,ep04,3,4,361
sub-010240,ep04,5,2,953
sub-010240,ep04,7,2,1220
sub-010240,ep04,8,3,1398
sub-010240,ep04,10,2,1405
sub-010240,ep04,20,0,1522
sub-010240,ep04,30,0,1522
sub-010240,ep04,50,0,1522
sub-010240,ep04,100,0,1522
sub-010240,ep04,150,0,1522
sub-010240,ep04,200,0,1522
sub-010240,ep05,3,5,161
sub-010240,ep05,5,7,1135
sub-010240,ep05,7,4,1168
sub-010240,ep05,8,3,1124
sub-010240,ep05,10,3,1132
sub-010240,ep05,20,0,1254
sub-010240,ep05,30,0,1254
sub-010240,ep05,50,0,1254
sub-010240,ep05,100,0,1254
sub-010240,ep05,150,0,1254
sub-010240,ep05,200,0,1254
sub-010240,ep06,3,2,81
sub-010240,ep06,5,2,1000
sub-010240,ep06,7,2,1147
sub-010240,ep06,8,2,1162
sub-010240,ep06,10,3,1149
sub-010240,ep06,20,0,1308
sub-010240,ep06,30,0,1308
sub-010240,ep06,50,0,1308
sub-010240,ep06,100,0,1308
sub-010240,ep06,150,0,1308
sub-010240,ep06,200,0,1308
sub-010241,ep00,3,4,240
sub-010241,ep00,5,2,1138
sub-010241,ep00,7,2,1307
sub-010241,ep00,8,3,1407
sub-010241,ep00,10,2,1422
sub-010241,ep00,20,0,1492
sub-010241,ep00,30,0,1492
sub-010241,ep00,50,0,1492
sub-010241,ep00,100,0,1492
sub-010241,ep00,150,0,1492
sub-010241,ep00,200,0,1492
sub-010241,ep01,3,4,264
sub-010241,ep01,5,2,1121
sub-010241,ep01,7,4,1366
sub-010241,ep01,8,4,1317
sub-010241,ep01,10,2,1312
sub-010241,ep01,20,2,1320
sub-010241,ep01,30,2,1372
sub-010241,ep01,50,0,1450
sub-010241,ep01,100,0,1450
sub-010241,ep01,150,0,1450
sub-010241,ep01,200,0,1450
sub-010241,ep02,3,4,308
sub-010241,ep02,5,3,994
sub-010241,ep02,7,3,1409
sub-010241,ep02,8,3,1429
sub-010241,ep02,10,3,1399
sub-010241,ep02,20,2,1430
sub-010241,ep02,30,2,1449
sub-010241,ep02,50,0,1513
sub-010241,ep02,100,0,1513
sub-010241,ep02,150,0,1513
sub-010241,ep02,200,0,1513
sub-010241,ep03,3,6,375
sub-010241,ep03,5,2,858
sub-010241,ep03,7,4,1305
sub-010241,ep03,8,5,1348
sub-010241,ep03,10,4,1355
sub-010241,ep03,20,2,1412
sub-010241,ep03,30,0,1455
sub-010241,ep03,50,0,1455
sub-010241,ep03,100,0,1455
sub-010241,ep03,150,0,1455
sub-010241,ep03,200,0,1455
sub-010241,ep04,3,5,190
sub-010241,ep04,5,2,1093
sub-010241,ep04,7,4,1349
sub-010241,ep04,8,2,1290
sub-010241,ep04,10,2,1397
sub-010241,ep04,20,2,1389
sub-010241,ep04,30,0,1442
sub-010241,ep04,50,0,1442
sub-010241,ep04,100,0,1442
sub-010241,ep04,150,0,1442
sub-010241,ep04,200,0,1442
sub-010241,ep05,3,2,32
sub-010241,ep05,5,3,1277
sub-010241,ep05,7,3,1537
sub-010241,ep05,8,3,1582
sub-010241,ep05,10,2,1597
sub-010241,ep05,20,2,1612
sub-010241,ep05,30,0,1708
sub-010241,ep05,50,0,1708
sub-010241,ep05,100,0,1708
sub-010241,ep05,150,0,1708
sub-010241,ep05,200,0,1708
sub-010241,ep06,3,2,323
sub-010241,ep06,5,11,1182
sub-010241,ep06,7,2,1065
sub-010241,ep06,8,2,1096
sub-010241,ep06,10,3,1251
sub-010241,ep06,20,2,1274
sub-010241,ep06,30,0,1363
sub-010241,ep06,50,0,1363
sub-010241,ep06,100,0,1363
sub-010241,ep06,150,0,1363
sub-010241,ep06,200,0,1363
sub-010242,ep00,3,2,32
sub-010242,ep00,5,2,813
sub-010242,ep00,7,4,1356
sub-010242,ep00,8,3,1368
sub-010242,ep00,10,2,1335
sub-010242,ep00,20,2,1344
sub-010242,ep00,30,0,1439
sub-010242,ep00,50,0,1439
sub-010242,ep00,100,0,1439
sub-010242,ep00,150,0,1439
sub-010242,ep00,200,0,1439
sub-010242,ep01,3,3,131
sub-010242,ep01,5,2,1448
sub-010242,ep01,7,5,1766
sub-010242,ep01,8,4,1799
sub-010242,ep01,10,2,1750
sub-010242,ep01,20,0,1890
sub-010242,ep01,30,0,1890
sub-010242,ep01,50,0,1890
sub-010242,ep01,100,0,1890
sub-010242,ep01,150,0,1890
sub-010242,ep01,200,0,1890
sub-010242,ep02,3,2,147
sub-010242,ep02,5,4,938
sub-010242,ep02,7,5,1352
sub-010242,ep02,8,5,1362
sub-010242,ep02,10,2,1319
sub-010242,ep02,20,0,1435
sub-010242,ep02,30,0,1435
sub-010242,ep02,50,0,1435
sub-010242,ep02,100,0,1435
sub-010242,ep02,150,0,1435
sub-010242,ep02,200,0,1435
sub-010242,ep03,3,2,127
sub-010242,ep03,5,2,1198
sub-010242,ep03,7,3,1481
sub-010242,ep03,8,3,1509
sub-010242,ep03,10,3,1515
sub-010242,ep03,20,0,1600
sub-010242,ep03,30,0,1600
sub-010242,ep03,50,0,1600
sub-010242,ep03,100,0,1600
sub-010242,ep03,150,0,1600
sub-010242,ep03,200,0,1600
sub-010242,ep04,3,3,154
sub-010242,ep04,5,2,1392
sub-010242,ep04,7,4,1591
sub-010242,ep04,8,2,1563
sub-010242,ep04,10,2,1614
sub-010242,ep04,20,2,1661
sub-010242,ep04,30,0,1716
sub-010242,ep04,50,0,1716
sub-010242,ep04,100,0,1716
sub-010242,ep04,150,0,1716
sub-010242,ep04,200,0,1716
sub-010242,ep05,3,2,399
sub-010242,ep05,5,9,1339
sub-010242,ep05,7,4,1336
sub-010242,ep05,8,3,1376
sub-010242,ep05,10,2,1388
sub-010242,ep05,20,2,1466
sub-010242,ep05,30,2,1446
sub-010242,ep05,50,0,1516
sub-010242,ep05,100,0,1516
sub-010242,ep05,150,0,1516
sub-010242,ep05,200,0,1516
sub-010243,ep00,3,2,187
sub-010243,ep00,5,3,995
sub-010243,ep00,7,2,921
sub-010243,ep00,8,3,1300
sub-010243,ep00,10,2,1368
sub-010243,ep00,20,0,1467
sub-010243,ep00,30,0,1467
sub-010243,ep00,50,0,1467
sub-010243,ep00,100,0,1467
sub-010243,ep00,150,0,1467
sub-010243,ep00,200,0,1467
sub-010243,ep01,3,3,127
sub-010243,ep01,5,2,950
sub-010243,ep01,7,2,1257
sub-010243,ep01,8,2,1207
sub-010243,ep01,10,2,1407
sub-010243,ep01,20,2,1456
sub-010243,ep01,30,0,1500
sub-010243,ep01,50,0,1500
sub-010243,ep01,100,0,1500
sub-010243,ep01,150,0,1500
sub-010243,ep01,200,0,1500
sub-010243,ep02,3,2,57
sub-010243,ep02,5,3,1540
sub-010243,ep02,7,2,1675
sub-010243,ep02,8,2,1874
sub-010243,ep02,10,2,1920
sub-010243,ep02,20,2,1932
sub-010243,ep02,30,0,2010
sub-010243,ep02,50,0,2010
sub-010243,ep02,100,0,2010
sub-010243,ep02,150,0,2010
sub-010243,ep02,200,0,2010
sub-010243,ep03,3,2,48
sub-010243,ep03,5,2,949
sub-010243,ep03,7,4,1562
sub-010243,ep03,8,5,1547
sub-010243,ep03,10,2,1521
sub-010243,ep03,20,2,1632
sub-010243,ep03,30,0,1711
sub-010243,ep03,50,0,1711
sub-010243,ep03,100,0,1711
sub-010243,ep03,150,0,1711
sub-010243,ep03,200,0,1711
sub-010243,ep04,3,2,201
sub-010243,ep04,5,2,910
sub-010243,ep04,7,4,1493
sub-010243,ep04,8,4,1518
sub-010243,ep04,10,3,1559
sub-010243,ep04,20,2,1562
sub-010243,ep04,30,0,1648
sub-010243,ep04,50,0,1648
sub-010243,ep04,100,0,1648
sub-010243,ep04,150,0,1648
sub-010243,ep04,200,0,1648
sub-010243,ep05,3,2,47
sub-010243,ep05,5,10,1435
sub-010243,ep05,7,4,1401
sub-010243,ep05,8,2,1273
sub-010243,ep05,10,2,1469
sub-010243,ep05,20,2,1412
sub-010243,ep05,30,0,1572
sub-010243,ep05,50,0,1572
sub-010243,ep05,100,0,1572
sub-010243,ep05,150,0,1572
sub-010243,ep05,200,0,1572
sub-010243,ep06,3,3,65
sub-010243,ep06,5,2,891
sub-010243,ep06,7,2,1073
sub-010243,ep06,8,3,1180
sub-010243,ep06,10,2,1120
sub-010243,ep06,20,2,1196
sub-010243,ep06,30,2,1212
sub-010243,ep06,50,0,1326
sub-010243,ep06,100,0,1326
sub-010243,ep06,150,0,1326
sub-010243,ep06,200,0,1326
sub-010244,ep00,3,3,92
sub-010244,ep00,5,2,1076
sub-010244,ep00,7,3,1655
sub-010244,ep00,8,2,1625
sub-010244,ep00,10,2,1657
sub-010244,ep00,20,0,1710
sub-010244,ep00,30,0,1710
sub-010244,ep00,50,0,1710
sub-010244,ep00,100,0,1710
sub-010244,ep00,150,0,1710
sub-010244,ep00,200,0,1710
sub-010244,ep01,3,2,111
sub-010244,ep01,5,5,1509
sub-010244,ep01,7,2,1535
sub-010244,ep01,8,2,1560
sub-010244,ep01,10,2,1575
sub-010244,ep01,20,0,1663
sub-010244,ep01,30,0,1663
sub-010244,ep01,50,0,1663
sub-010244,ep01,100,0,1663
sub-010244,ep01,150,0,1663
sub-010244,ep01,200,0,1663
sub-010244,ep02,3,3,365
sub-010244,ep02,5,2,1882
sub-010244,ep02,7,2,1942
sub-010244,ep02,8,2,1995
sub-010244,ep02,10,2,2028
sub-010244,ep02,20,0,2109
sub-010244,ep02,30,0,2109
sub-010244,ep02,50,0,2109
sub-010244,ep02,100,0,2109
sub-010244,ep02,150,0,2109
sub-010244,ep02,200,0,2109
sub-010244,ep03,3,3,651
sub-010244,ep03,5,7,1694
sub-010244,ep03,7,4,1728
sub-010244,ep03,8,3,1756
sub-010244,ep03,10,2,1698
sub-010244,ep03,20,0,1806
sub-010244,ep03,30,0,1806
sub-010244,ep03,50,0,1806
sub-010244,ep03,100,0,1806
sub-010244,ep03,150,0,1806
sub-010244,ep03,200,0,1806
sub-010244,ep04,3,4,195
sub-010244,ep04,5,5,1731
sub-010244,ep04,7,3,1774
sub-010244,ep04,8,2,1783
sub-010244,ep04,10,2,1796
sub-010244,ep04,20,0,1843
sub-010244,ep04,30,0,1843
sub-010244,ep04,50,0,1843
sub-010244,ep04,100,0,1843
sub-010244,ep04,150,0,1843
sub-010244,ep04,200,0,1843
sub-010244,ep05,3,3,83
sub-010244,ep05,5,2,1587
sub-010244,ep05,7,3,1810
sub-010244,ep05,8,2,1834
sub-010244,ep05,10,3,1918
sub-010244,ep05,20,0,1968
sub-010244,ep05,30,0,1968
sub-010244,ep05,50,0,1968
sub-010244,ep05,100,0,1968
sub-010244,ep05,150,0,1968
sub-010244,ep05,200,0,1968
sub-010244,ep06,3,2,394
sub-010244,ep06,5,2,744
sub-010244,ep06,7,3,1371
sub-010244,ep06,8,4,1391
sub-010244,ep06,10,2,1413
sub-010244,ep06,20,0,1456
sub-010244,ep06,30,0,1456
sub-010244,ep06,50,0,1456
sub-010244,ep06,100,0,1456
sub-010244,ep06,150,0,1456
sub-010244,ep06,200,0,1456
sub-010245,ep00,3,7,344
sub-010245,ep00,5,3,818
sub-010245,ep00,7,2,1053
sub-010245,ep00,8,2,1091
sub-010245,ep00,10,2,1250
sub-010245,ep00,20,2,1186
sub-010245,ep00,30,2,1165
sub-010245,ep00,50,0,1414
sub-010245,ep00,100,0,1414
sub-010245,ep00,150,0,1414
sub-010245,ep00,200,0,1414
sub-010245,ep01,3,4,286
sub-010245,ep01,5,2,659
sub-010245,ep01,7,3,1171
sub-010245,ep01,8,5,1225
sub-010245,ep01,10,3,1143
sub-010245,ep01,20,2,1230
sub-010245,ep01,30,2,1207
sub-010245,ep01,50,0,1486
sub-010245,ep01,100,0,1486
sub-010245,ep01,150,0,1486
sub-010245,ep01,200,0,1486
sub-010245,ep02,3,2,2
sub-010245,ep02,5,2,473
sub-010245,ep02,7,2,905
sub-010245,ep02,8,2,1134
sub-010245,ep02,10,2,1120
sub-010245,ep02,20,2,1135
sub-010245,ep02,30,2,1060
sub-010245,ep02,50,2,1053
sub-010245,ep02,100,0,1286
sub-010245,ep02,150,0,1286
sub-010245,ep02,200,0,1286
sub-010245,ep03,3,4,128
sub-010245,ep03,5,2,922
sub-010245,ep03,7,2,925
sub-010245,ep03,8,2,1106
sub-010245,ep03,10,3,1180
sub-010245,ep03,20,2,1175
sub-010245,ep03,30,2,1187
sub-010245,ep03,50,0,1298
sub-010245,ep03,100,0,1298
sub-010245,ep03,150,0,1298
sub-010245,ep03,200,0,1298
sub-010245,ep04,3,2,46
sub-010245,ep04,5,2,628
sub-010245,ep04,7,2,1129
sub-010245,ep04,8,2,1139
sub-010245,ep04,10,2,1130
sub-010245,ep04,20,2,1142
sub-010245,ep04,30,2,1204
sub-010245,ep04,50,0,1337
sub-010245,ep04,100,0,1337
sub-010245,ep04,150,0,1337
sub-010245,ep04,200,0,1337
sub-010245,ep05,3,3,62
sub-010245,ep05,5,2,915
sub-010245,ep05,7,2,1524
sub-010245,ep05,8,3,1618
sub-010245,ep05,10,2,1639
sub-010245,ep05,20,0,1698
sub-010245,ep05,30,0,1698
sub-010245,ep05,50,0,1698
sub-010245,ep05,100,0,1698
sub-010245,ep05,150,0,1698
sub-010245,ep05,200,0,1698
sub-010245,ep06,3,2,77
sub-010245,ep06,5,2,309
sub-010245,ep06,7,3,942
sub-010245,ep06,8,2,546
sub-010245,ep06,10,2,1002
sub-010245,ep06,20,2,977
sub-010245,ep06,30,2,1031
sub-010245,ep06,50,0,1167
sub-010245,ep06,100,0,1167
sub-010245,ep06,150,0,1167
sub-010245,ep06,200,0,1167
sub-010246,ep00,3,2,48
sub-010246,ep00,5,3,659
sub-010246,ep00,7,4,1105
sub-010246,ep00,8,2,1068
sub-010246,ep00,10,2,1252
sub-010246,ep00,20,2,1298
sub-010246,ep00,30,2,1265
sub-010246,ep00,50,0,1390
sub-010246,ep00,100,0,1390
sub-010246,ep00,150,0,1390
sub-010246,ep00,200,0,1390
sub-010246,ep01,3,73,968
sub-010246,ep01,5,5,947
sub-010246,ep01,7,2,994
sub-010246,ep01,8,2,1071
sub-010246,ep01,10,3,1136
sub-010246,ep01,20,2,1297
sub-010246,ep01,30,0,1428
sub-010246,ep01,50,0,1428
sub-010246,ep01,100,0,1428
sub-010246,ep01,150,0,1428
sub-010246,ep01,200,0,1428
sub-010246,ep02,3,3,274
sub-010246,ep02,5,13,1247
sub-010246,ep02,7,2,1160
sub-010246,ep02,8,2,1143
sub-010246,ep02,10,2,1301
sub-010246,ep02,20,2,1379
sub-010246,ep02,30,0,1453
sub-010246,ep02,50,0,1453
sub-010246,ep02,100,0,1453
sub-010246,ep02,150,0,1453
sub-010246,ep02,200,0,1453
sub-010246,ep03,3,3,87
sub-010246,ep03,5,3,848
sub-010246,ep03,7,3,992
sub-010246,ep03,8,4,1322
sub-010246,ep03,10,3,1323
sub-010246,ep03,20,2,1353
sub-010246,ep03,30,0,1413
sub-010246,ep03,50,0,1413
sub-010246,ep03,100,0,1413
sub-010246,ep03,150,0,1413
sub-010246,ep03,200,0,1413
sub-010246,ep04,3,3,90
sub-010246,ep04,5,6,939
sub-010246,ep04,7,4,1032
sub-010246,ep04,8,3,1101
sub-010246,ep04,10,2,1028
sub-010246,ep04,20,2,1110
sub-010246,ep04,30,2,1096
sub-010246,ep04,50,2,1095
sub-010246,ep04,100,0,1392
sub-010246,ep04,150,0,1392
sub-010246,ep04,200,0,1392
sub-010246,ep05,3,3,77
sub-010246,ep05,5,2,874
sub-010246,ep05,7,2,817
sub-010246,ep05,8,3,1185
sub-010246,ep05,10,2,1141
sub-010246,ep05,20,2,1332
sub-010246,ep05,30,0,1439
sub-010246,ep05,50,0,1439
sub-010246,ep05,100,0,1439
sub-010246,ep05,150,0,1439
sub-010246,ep05,200,0,1439
sub-010246,ep06,3,2,59
sub-010246,ep06,5,2,517
sub-010246,ep06,7,3,1026
sub-010246,ep06,8,3,1069
sub-010246,ep06,10,2,1093
sub-010246,ep06,20,2,1018
sub-010246,ep06,30,0,1294
sub-010246,ep06,50,2,1033
sub-010246,ep06,100,0,1294
sub-010246,ep06,150,0,1294
sub-010246,ep06,200,0,1294
sub-010247,ep00,3,3,160
sub-010247,ep00,5,2,472
sub-010247,ep00,7,3,965
sub-010247,ep00,8,3,989
sub-010247,ep00,10,2,956
sub-010247,ep00,20,2,963
sub-010247,ep00,30,2,887
sub-010247,ep00,50,2,921
sub-010247,ep00,100,0,1338
sub-010247,ep00,150,0,1338
sub-010247,ep00,200,0,1338
sub-010247,ep01,3,2,32
sub-010247,ep01,5,6,755
sub-010247,ep01,7,2,754
sub-010247,ep01,8,2,688
sub-010247,ep01,10,2,768
sub-010247,ep01,20,2,778
sub-010247,ep01,30,2,869
sub-010247,ep01,50,2,984
sub-010247,ep01,100,2,988
sub-010247,ep01,150,0,1327
sub-010247,ep01,200,0,1327
sub-010247,ep02,3,2,11
sub-010247,ep02,5,6,849
sub-010247,ep02,7,2,792
sub-010247,ep02,8,2,787
sub-010247,ep02,10,2,816
sub-010247,ep02,20,2,824
sub-010247,ep02,30,2,812
sub-010247,ep02,50,2,784
sub-010247,ep02,100,2,893
sub-010247,ep02,150,0,1314
sub-010247,ep02,200,0,1314
sub-010247,ep03,3,2,41
sub-010247,ep03,5,3,777
sub-010247,ep03,7,2,692
sub-010247,ep03,8,2,712
sub-010247,ep03,10,2,700
sub-010247,ep03,20,2,839
sub-010247,ep03,30,2,813
sub-010247,ep03,50,2,760
sub-010247,ep03,100,2,818
sub-010247,ep03,150,2,826
sub-010247,ep03,200,0,1342
sub-010247,ep04,3,4,119
sub-010247,ep04,5,5,1179
sub-010247,ep04,7,2,1167
sub-010247,ep04,8,2,1225
sub-010247,ep04,10,2,1226
sub-010247,ep04,20,2,1109
sub-010247,ep04,30,2,1091
sub-010247,ep04,50,2,1068
sub-010247,ep04,100,2,1207
sub-010247,ep04,150,2,1312
sub-010247,ep04,200,0,1831
sub-010247,ep05,3,2,108
sub-010247,ep05,5,5,829
sub-010247,ep05,7,2,883
sub-010247,ep05,8,2,895
sub-010247,ep05,10,2,940
sub-010247,ep05,20,2,934
sub-010247,ep05,30,2,910
sub-010247,ep05,50,2,858
sub-010247,ep05,100,2,927
sub-010247,ep05,150,0,1399
sub-010247,ep05,200,0,1399
sub-010247,ep06,3,15,463
sub-010247,ep06,5,2,632
sub-010247,ep06,7,2,643
sub-010247,ep06,8,2,661
sub-010247,ep06,10,2,1013
sub-010247,ep06,20,2,1003
sub-010247,ep06,30,2,974
sub-010247,ep06,50,2,1015
sub-010247,ep06,100,0,1215
sub-010247,ep06,150,0,1215
sub-010247,ep06,200,0,1215
sub-010248,ep00,3,4,222
sub-010248,ep00,5,2,1153
sub-010248,ep00,7,3,1467
sub-010248,ep00,8,2,1453
sub-010248,ep00,10,2,1485
sub-010248,ep00,20,0,1530
sub-010248,ep00,30,0,1530
sub-010248,ep00,50,0,1530
sub-010248,ep00,100,0,1530
sub-010248,ep00,150,0,1530
sub-010248,ep00,200,0,1530
sub-010248,ep01,3,5,285
sub-010248,ep01,5,3,1348
sub-010248,ep01,7,2,1502
sub-010248,ep01,8,3,1509
sub-010248,ep01,10,2,1515
sub-010248,ep01,20,2,1525
sub-010248,ep01,30,0,1619
sub-010248,ep01,50,0,1619
sub-010248,ep01,100,0,1619
sub-010248,ep01,150,0,1619
sub-010248,ep01,200,0,1619
sub-010248,ep02,3,2,82
sub-010248,ep02,5,2,1463
sub-010248,ep02,7,5,1582
sub-010248,ep02,8,2,1561
sub-010248,ep02,10,3,1578
sub-010248,ep02,20,0,1654
sub-010248,ep02,30,0,1654
sub-010248,ep02,50,0,1654
sub-010248,ep02,100,0,1654
sub-010248,ep02,150,0,1654
sub-010248,ep02,200,0,1654
sub-010248,ep03,3,2,322
sub-010248,ep03,5,4,2468
sub-010248,ep03,7,3,2506
sub-010248,ep03,8,3,2508
sub-010248,ep03,10,3,2502
sub-010248,ep03,20,0,2577
sub-010248,ep03,30,0,2577
sub-010248,ep03,50,0,2577
sub-010248,ep03,100,0,2577
sub-010248,ep03,150,0,2577
sub-010248,ep03,200,0,2577
sub-010248,ep04,3,4,405
sub-010248,ep04,5,2,1390
sub-010248,ep04,7,2,1425
sub-010248,ep04,8,3,1437
sub-010248,ep04,10,2,1476
sub-010248,ep04,20,0,1503
sub-010248,ep04,30,0,1503
sub-010248,ep04,50,0,1503
sub-010248,ep04,100,0,1503
sub-010248,ep04,150,0,1503
sub-010248,ep04,200,0,1503
sub-010248,ep05,3,5,452
sub-010248,ep05,5,3,1354
sub-010248,ep05,7,2,1345
sub-010248,ep05,8,0,1434
sub-010248,ep05,10,0,1434
sub-010248,ep05,20,0,1434
sub-010248,ep05,30,0,1434
sub-010248,ep05,50,0,1434
sub-010248,ep05,100,0,1434
sub-010248,ep05,150,0,1434
sub-010248,ep05,200,0,1434
sub-010248,ep06,3,4,387
sub-010248,ep06,5,3,1288
sub-010248,ep06,7,2,1231
sub-010248,ep06,8,2,1291
sub-010248,ep06,10,0,1339
sub-010248,ep06,20,0,1339
sub-010248,ep06,30,0,1339
sub-010248,ep06,50,0,1339
sub-010248,ep06,100,0,1339
sub-010248,ep06,150,0,1339
sub-010248,ep06,200,0,1339
sub-010249,ep00,3,3,92
sub-010249,ep00,5,2,1036
sub-010249,ep00,7,4,1306
sub-010249,ep00,8,2,1287
sub-010249,ep00,10,2,1301
sub-010249,ep00,20,0,1421
sub-010249,ep00,30,0,1421
sub-010249,ep00,50,0,1421
sub-010249,ep00,100,0,1421
sub-010249,ep00,150,0,1421
sub-010249,ep00,200,0,1421
sub-010249,ep01,3,2,94
sub-010249,ep01,5,3,1162
sub-010249,ep01,7,3,1463
sub-010249,ep01,8,2,1441
sub-010249,ep01,10,2,1463
sub-010249,ep01,20,2,1445
sub-010249,ep01,30,0,1515
sub-010249,ep01,50,0,1515
sub-010249,ep01,100,0,1515
sub-010249,ep01,150,0,1515
sub-010249,ep01,200,0,1515
sub-010249,ep02,3,2,292
sub-010249,ep02,5,2,886
sub-010249,ep02,7,2,1164
sub-010249,ep02,8,2,1206
sub-010249,ep02,10,2,1209
sub-010249,ep02,20,2,1296
sub-010249,ep02,30,0,1371
sub-010249,ep02,50,0,1371
sub-010249,ep02,100,0,1371
sub-010249,ep02,150,0,1371
sub-010249,ep02,200,0,1371
sub-010249,ep03,3,4,381
sub-010249,ep03,5,3,1063
sub-010249,ep03,7,2,1212
sub-010249,ep03,8,2,1159
sub-010249,ep03,10,2,1155
sub-010249,ep03,20,2,1170
sub-010249,ep03,30,2,1222
sub-010249,ep03,50,2,1176
sub-010249,ep03,100,2,1121
sub-010249,ep03,150,0,1433
sub-010249,ep03,200,0,1433
sub-010249,ep04,3,2,335
sub-010249,ep04,5,2,952
sub-010249,ep04,7,2,1217
sub-010249,ep04,8,2,1207
sub-010249,ep04,10,2,1192
sub-010249,ep04,20,2,1203
sub-010249,ep04,30,2,1214
sub-010249,ep04,50,0,1344
sub-010249,ep04,100,0,1344
sub-010249,ep04,150,0,1344
sub-010249,ep04,200,0,1344
sub-010249,ep05,3,2,112
sub-010249,ep05,5,3,1319
sub-010249,ep05,7,2,1341
sub-010249,ep05,8,2,1343
sub-010249,ep05,10,2,1357
sub-010249,ep05,20,2,1382
sub-010249,ep05,30,2,1337
sub-010249,ep05,50,2,1355
sub-010249,ep05,100,0,1478
sub-010249,ep05,150,0,1478
sub-010249,ep05,200,0,1478
sub-010249,ep06,3,3,202
sub-010249,ep06,5,2,669
sub-010249,ep06,7,2,1044
sub-010249,ep06,8,2,1076
sub-010249,ep06,10,2,1039
sub-010249,ep06,20,2,1038
sub-010249,ep06,30,2,996
sub-010249,ep06,50,2,1039
sub-010249,ep06,100,0,1206
sub-010249,ep06,150,0,1206
sub-010249,ep06,200,0,1206
sub-010250,ep00,3,2,110
sub-010250,ep00,5,3,1296
sub-010250,ep00,7,2,1347
sub-010250,ep00,8,2,1384
sub-010250,ep00,10,2,1406
sub-010250,ep00,20,2,1377
sub-010250,ep00,30,2,1420
sub-010250,ep00,50,2,1442
sub-010250,ep00,100,0,1560
sub-010250,ep00,150,0,1560
sub-010250,ep00,200,0,1560
sub-010250,ep01,3,2,72
sub-010250,ep01,5,6,546
sub-010250,ep01,7,3,1416
sub-010250,ep01,8,3,1427
sub-010250,ep01,10,2,1466
sub-010250,ep01,20,0,1502
sub-010250,ep01,30,0,1502
sub-010250,ep01,50,0,1502
sub-010250,ep01,100,0,1502
sub-010250,ep01,150,0,1502
sub-010250,ep01,200,0,1502
sub-010250,ep02,3,2,31
sub-010250,ep02,5,2,357
sub-010250,ep02,7,2,1428
sub-010250,ep02,8,2,1414
sub-010250,ep02,10,2,1410
sub-010250,ep02,20,2,1422
sub-010250,ep02,30,0,1506
sub-010250,ep02,50,0,1506
sub-010250,ep02,100,0,1506
sub-010250,ep02,150,0,1506
sub-010250,ep02,200,0,1506
sub-010250,ep03,3,8,131
sub-010250,ep03,5,2,75
sub-010250,ep03,7,2,1413
sub-010250,ep03,8,3,1436
sub-010250,ep03,10,2,1407
sub-010250,ep03,20,2,1471
sub-010250,ep03,30,0,1526
sub-010250,ep03,50,0,1526
sub-010250,ep03,100,0,1526
sub-010250,ep03,150,0,1526
sub-010250,ep03,200,0,1526
sub-010250,ep04,3,13,247
sub-010250,ep04,5,3,977
sub-010250,ep04,7,3,1569
sub-010250,ep04,8,3,1574
sub-010250,ep04,10,2,1610
sub-010250,ep04,20,2,1625
sub-010250,ep04,30,2,1602
sub-010250,ep04,50,0,1698
sub-010250,ep04,100,0,1698
sub-010250,ep04,150,0,1698
sub-010250,ep04,200,0,1698
sub-010250,ep05,3,8,206
sub-010250,ep05,5,4,735
sub-010250,ep05,7,2,643
sub-010250,ep05,8,2,643
sub-010250,ep05,10,2,1365
sub-010250,ep05,20,2,1402
sub-010250,ep05,30,2,1379
sub-010250,ep05,50,0,1497
sub-010250,ep05,100,0,1497
sub-010250,ep05,150,0,1497
sub-010250,ep05,200,0,1497
sub-010251,ep00,3,3,6
sub-010251,ep00,5,2,1144
sub-010251,ep00,7,3,1386
sub-010251,ep00,8,2,1397
sub-010251,ep00,10,2,1400
sub-010251,ep00,20,0,1468
sub-010251,ep00,30,0,1468
sub-010251,ep00,50,0,1468
sub-010251,ep00,100,0,1468
sub-010251,ep00,150,0,1468
sub-010251,ep00,200,0,1468
sub-010251,ep01,3,2,1
sub-010251,ep01,5,5,1326
sub-010251,ep01,7,3,1372
sub-010251,ep01,8,2,1389
sub-010251,ep01,10,2,1425
sub-010251,ep01,20,2,1440
sub-010251,ep01,30,0,1503
sub-010251,ep01,50,0,1503
sub-010251,ep01,100,0,1503
sub-010251,ep01,150,0,1503
sub-010251,ep01,200,0,1503
sub-010251,ep02,3,4,76
sub-010251,ep02,5,2,1375
sub-010251,ep02,7,2,1589
sub-010251,ep02,8,2,1633
sub-010251,ep02,10,2,1641
sub-010251,ep02,20,2,1682
sub-010251,ep02,30,0,1754
sub-010251,ep02,50,0,1754
sub-010251,ep02,100,0,1754
sub-010251,ep02,150,0,1754
sub-010251,ep02,200,0,1754
sub-010251,ep03,3,4,76
sub-010251,ep03,5,2,1342
sub-010251,ep03,7,2,1387
sub-010251,ep03,8,2,1361
sub-010251,ep03,10,2,1352
sub-010251,ep03,20,0,1444
sub-010251,ep03,30,0,1444
sub-010251,ep03,50,0,1444
sub-010251,ep03,100,0,1444
sub-010251,ep03,150,0,1444
sub-010251,ep03,200,0,1444
sub-010251,ep04,3,2,103
sub-010251,ep04,5,2,969
sub-010251,ep04,7,2,1345
sub-010251,ep04,8,2,1429
sub-010251,ep04,10,2,1417
sub-010251,ep04,20,2,1502
sub-010251,ep04,30,0,1569
sub-010251,ep04,50,0,1569
sub-010251,ep04,100,0,1569
sub-010251,ep04,150,0,1569
sub-010251,ep04,200,0,1569
sub-010251,ep05,3,2,3
sub-010251,ep05,5,2,520
sub-010251,ep05,7,4,1456
sub-010251,ep05,8,2,1468
sub-010251,ep05,10,2,1482
sub-010251,ep05,20,2,1487
sub-010251,ep05,30,0,1578
sub-010251,ep05,50,0,1578
sub-010251,ep05,100,0,1578
sub-010251,ep05,150,0,1578
sub-010251,ep05,200,0,1578
sub-010251,ep06,3,2,8
sub-010251,ep06,5,3,1078
sub-010251,ep06,7,3,1365
sub-010251,ep06,8,2,1363
sub-010251,ep06,10,3,1377
sub-010251,ep06,20,0,1442
sub-010251,ep06,30,0,1442
sub-010251,ep06,50,0,1442
sub-010251,ep06,100,0,1442
sub-010251,ep06,150,0,1442
sub-010251,ep06,200,0,1442
sub-010252,ep00,3,4,199
sub-010252,ep00,5,2,554
sub-010252,ep00,7,2,1327
sub-010252,ep00,8,2,1317
sub-010252,ep00,10,2,1341
sub-010252,ep00,20,0,1401
sub-010252,ep00,30,0,1401
sub-010252,ep00,50,0,1401
sub-010252,ep00,100,0,1401
sub-010252,ep00,150,0,1401
sub-010252,ep00,200,0,1401
sub-010252,ep01,3,2,40
sub-010252,ep01,5,3,924
sub-010252,ep01,7,2,1011
sub-010252,ep01,8,2,1048
sub-010252,ep01,10,2,983
sub-010252,ep01,20,2,1113
sub-010252,ep01,30,2,1093
sub-010252,ep01,50,2,1096
sub-010252,ep01,100,0,1328
sub-010252,ep01,150,0,1328
sub-010252,ep01,200,0,1328
sub-010252,ep02,3,2,141
sub-010252,ep02,5,2,1092
sub-010252,ep02,7,2,1153
sub-010252,ep02,8,3,1295
sub-010252,ep02,10,2,1303
sub-010252,ep02,20,0,1350
sub-010252,ep02,30,0,1350
sub-010252,ep02,50,0,1350
sub-010252,ep02,100,0,1350
sub-010252,ep02,150,0,1350
sub-010252,ep02,200,0,1350
sub-010252,ep03,3,6,233
sub-010252,ep03,5,2,1038
sub-010252,ep03,7,3,1166
sub-010252,ep03,8,3,1189
sub-010252,ep03,10,3,1245
sub-010252,ep03,20,0,1342
sub-010252,ep03,30,0,1342
sub-010252,ep03,50,0,1342
sub-010252,ep03,100,0,1342
sub-010252,ep03,150,0,1342
sub-010252,ep03,200,0,1342
sub-010252,ep04,3,2,14
sub-010252,ep04,5,2,1217
sub-010252,ep04,7,2,1274
sub-010252,ep04,8,2,1280
sub-010252,ep04,10,2,1304
sub-010252,ep04,20,0,1377
sub-010252,ep04,30,0,1377
sub-010252,ep04,50,0,1377
sub-010252,ep04,100,0,1377
sub-010252,ep04,150,0,1377
sub-010252,ep04,200,0,1377
sub-010252,ep05,3,2,197
sub-010252,ep05,5,2,1032
sub-010252,ep05,7,3,1358
sub-010252,ep05,8,0,1451
sub-010252,ep05,10,2,1412
sub-010252,ep05,20,0,1451
sub-010252,ep05,30,0,1451
sub-010252,ep05,50,0,1451
sub-010252,ep05,100,0,1451
sub-010252,ep05,150,0,1451
sub-010252,ep05,200,0,1451
sub-010252,ep06,3,2,124
sub-010252,ep06,5,2,496
sub-010252,ep06,7,3,1217
sub-010252,ep06,8,0,1258
sub-010252,ep06,10,2,1222
sub-010252,ep06,20,0,1258
sub-010252,ep06,30,0,1258
sub-010252,ep06,50,0,1258
sub-010252,ep06,100,0,1258
sub-010252,ep06,150,0,1258
sub-010252,ep06,200,0,1258
sub-010254,ep00,3,5,153
sub-010254,ep00,5,6,1350
sub-010254,ep00,7,4,1432
sub-010254,ep00,8,3,1457
sub-010254,ep00,10,2,1438
sub-010254,ep00,20,2,1497
sub-010254,ep00,30,0,1558
sub-010254,ep00,50,0,1558
sub-010254,ep00,100,0,1558
sub-010254,ep00,150,0,1558
sub-010254,ep00,200,0,1558
sub-010254,ep01,3,2,183
sub-010254,ep01,5,3,1494
sub-010254,ep01,7,3,2098
sub-010254,ep01,8,3,2136
sub-010254,ep01,10,3,2140
sub-010254,ep01,20,2,2196
sub-010254,ep01,30,2,2168
sub-010254,ep01,50,0,2314
sub-010254,ep01,100,0,2314
sub-010254,ep01,150,0,2314
sub-010254,ep01,200,0,2314
sub-010254,ep02,3,2,31
sub-010254,ep02,5,3,892
sub-010254,ep02,7,2,1202
sub-010254,ep02,8,2,1302
sub-010254,ep02,10,3,1376
sub-010254,ep02,20,0,1437
sub-010254,ep02,30,0,1437
sub-010254,ep02,50,0,1437
sub-010254,ep02,100,0,1437
sub-010254,ep02,150,0,1437
sub-010254,ep02,200,0,1437
sub-010254,ep03,3,2,90
sub-010254,ep03,5,2,945
sub-010254,ep03,7,2,1381
sub-010254,ep03,8,2,1325
sub-010254,ep03,10,2,1373
sub-010254,ep03,20,2,1382
sub-010254,ep03,30,2,1412
sub-010254,ep03,50,0,1477
sub-010254,ep03,100,0,1477
sub-010254,ep03,150,0,1477
sub-010254,ep03,200,0,1477
sub-010254,ep04,3,4,118
sub-010254,ep04,5,2,1130
sub-010254,ep04,7,2,1351
sub-010254,ep04,8,4,1375
sub-010254,ep04,10,2,1365
sub-010254,ep04,20,2,1389
sub-010254,ep04,30,0,1453
sub-010254,ep04,50,0,1453
sub-010254,ep04,100,0,1453
sub-010254,ep04,150,0,1453
sub-010254,ep04,200,0,1453
sub-010254,ep05,3,8,319
sub-010254,ep05,5,3,575
sub-010254,ep05,7,0,1480
sub-010254,ep05,8,2,1452
sub-010254,ep05,10,0,1480
sub-010254,ep05,20,0,1480
sub-010254,ep05,30,0,1480
sub-010254,ep05,50,0,1480
sub-010254,ep05,100,0,1480
sub-010254,ep05,150,0,1480
sub-010254,ep05,200,0,1480
sub-010254,ep06,3,2,34
sub-010254,ep06,5,2,974
sub-010254,ep06,7,5,1171
sub-010254,ep06,8,3,1169
sub-010254,ep06,10,3,1184
sub-010254,ep06,20,0,1317
sub-010254,ep06,30,0,1317
sub-010254,ep06,50,0,1317
sub-010254,ep06,100,0,1317
sub-010254,ep06,150,0,1317
sub-010254,ep06,200,0,1317
sub-010255,ep00,3,2,60
sub-010255,ep00,5,4,1180
sub-010255,ep00,7,8,1490
sub-010255,ep00,8,4,1486
sub-010255,ep00,10,2,1498
sub-010255,ep00,20,2,1507
sub-010255,ep00,30,0,1610
sub-010255,ep00,50,0,1610
sub-010255,ep00,100,0,1610
sub-010255,ep00,150,0,1610
sub-010255,ep00,200,0,1610
sub-010255,ep01,3,2,234
sub-010255,ep01,5,2,1162
sub-010255,ep01,7,2,1321
sub-010255,ep01,8,2,1432
sub-010255,ep01,10,2,1376
sub-010255,ep01,20,0,1497
sub-010255,ep01,30,0,1497
sub-010255,ep01,50,0,1497
sub-010255,ep01,100,0,1497
sub-010255,ep01,150,0,1497
sub-010255,ep01,200,0,1497
sub-010255,ep02,3,2,120
sub-010255,ep02,5,2,1223
sub-010255,ep02,7,3,1675
sub-010255,ep02,8,2,1667
sub-010255,ep02,10,0,1927
sub-010255,ep02,20,0,1927
sub-010255,ep02,30,0,1927
sub-010255,ep02,50,0,1927
sub-010255,ep02,100,0,1927
sub-010255,ep02,150,0,1927
sub-010255,ep02,200,0,1927
sub-010255,ep03,3,2,346
sub-010255,ep03,5,2,1032
sub-010255,ep03,7,6,1379
sub-010255,ep03,8,4,1385
sub-010255,ep03,10,3,1420
sub-010255,ep03,20,0,1492
sub-010255,ep03,30,0,1492
sub-010255,ep03,50,0,1492
sub-010255,ep03,100,0,1492
sub-010255,ep03,150,0,1492
sub-010255,ep03,200,0,1492
sub-010255,ep04,3,2,21
sub-010255,ep04,5,2,1093
sub-010255,ep04,7,3,1355
sub-010255,ep04,8,3,1320
sub-010255,ep04,10,3,1352
sub-010255,ep04,20,2,1365
sub-010255,ep04,30,0,1453
sub-010255,ep04,50,0,1453
sub-010255,ep04,100,0,1453
sub-010255,ep04,150,0,1453
sub-010255,ep04,200,0,1453
sub-010255,ep05,3,7,501
sub-010255,ep05,5,7,1244
sub-010255,ep05,7,2,1158
sub-010255,ep05,8,3,1338
sub-010255,ep05,10,2,1310
sub-010255,ep05,20,2,1387
sub-010255,ep05,30,0,1441
sub-010255,ep05,50,0,1441
sub-010255,ep05,100,0,1441
sub-010255,ep05,150,0,1441
sub-010255,ep05,200,0,1441
sub-010255,ep06,3,2,321
sub-010255,ep06,5,5,1240
sub-010255,ep06,7,2,1289
sub-010255,ep06,8,3,1318
sub-010255,ep06,10,2,1373
sub-010255,ep06,20,2,1383
sub-010255,ep06,30,0,1436
sub-010255,ep06,50,0,1436
sub-010255,ep06,100,0,1436
sub-010255,ep06,150,0,1436
sub-010255,ep06,200,0,1436
sub-010256,ep00,3,4,323
sub-010256,ep00,5,3,1123
sub-010256,ep00,7,2,1481
sub-010256,ep00,8,2,1496
sub-010256,ep00,10,2,1511
sub-010256,ep00,20,2,1529
sub-010256,ep00,30,0,1582
sub-010256,ep00,50,0,1582
sub-010256,ep00,100,0,1582
sub-010256,ep00,150,0,1582
sub-010256,ep00,200,0,1582
sub-010256,ep01,3,2,58
sub-010256,ep01,5,3,1529
sub-010256,ep01,7,2,1671
sub-010256,ep01,8,3,1684
sub-010256,ep01,10,3,1710
sub-010256,ep01,20,2,1733
sub-010256,ep01,30,2,1731
sub-010256,ep01,50,0,1831
sub-010256,ep01,100,0,1831
sub-010256,ep01,150,0,1831
sub-010256,ep01,200,0,1831
sub-010256,ep02,3,2,30
sub-010256,ep02,5,8,1412
sub-010256,ep02,7,4,1450
sub-010256,ep02,8,2,1450
sub-010256,ep02,10,2,1463
sub-010256,ep02,20,2,1491
sub-010256,ep02,30,2,1496
sub-010256,ep02,50,0,1593
sub-010256,ep02,100,0,1593
sub-010256,ep02,150,0,1593
sub-010256,ep02,200,0,1593
sub-010256,ep03,3,6,580
sub-010256,ep03,5,2,1897
sub-010256,ep03,7,2,3439
sub-010256,ep03,8,3,3441
sub-010256,ep03,10,2,3496
sub-010256,ep03,20,2,3572
sub-010256,ep03,30,2,3532
sub-010256,ep03,50,2,3484
sub-010256,ep03,100,0,3700
sub-010256,ep03,150,0,3700
sub-010256,ep03,200,0,3700
sub-010256,ep04,3,2,3
sub-010256,ep04,5,2,1419
sub-010256,ep04,7,2,1362
sub-010256,ep04,8,2,1517
sub-010256,ep04,10,3,1555
sub-010256,ep04,20,2,1570
sub-010256,ep04,30,0,1654
sub-010256,ep04,50,0,1654
sub-010256,ep04,100,0,1654
sub-010256,ep04,150,0,1654
sub-010256,ep04,200,0,1654
sub-010256,ep05,3,2,51
sub-010256,ep05,5,2,1498
sub-010256,ep05,7,3,1736
sub-010256,ep05,8,2,1649
sub-010256,ep05,10,2,1688
sub-010256,ep05,20,2,1706
sub-010256,ep05,30,2,1793
sub-010256,ep05,50,2,1765
sub-010256,ep05,100,0,1874
sub-010256,ep05,150,0,1874
sub-010256,ep05,200,0,1874
sub-010256,ep06,3,3,170
sub-010256,ep06,5,5,1278
sub-010256,ep06,7,2,1253
sub-010256,ep06,8,2,1286
sub-010256,ep06,10,2,1287
sub-010256,ep06,20,0,1397
sub-010256,ep06,30,0,1397
sub-010256,ep06,50,0,1397
sub-010256,ep06,100,0,1397
sub-010256,ep06,150,0,1397
sub-010256,ep06,200,0,1397
sub-010257,ep00,3,2,143
sub-010257,ep00,5,4,1329
sub-010257,ep00,7,2,1313
sub-010257,ep00,8,3,1347
sub-010257,ep00,10,2,1378
sub-010257,ep00,20,0,1495
sub-010257,ep00,30,0,1495
sub-010257,ep00,50,0,1495
sub-010257,ep00,100,0,1495
sub-010257,ep00,150,0,1495
sub-010257,ep00,200,0,1495
sub-010257,ep01,3,2,203
sub-010257,ep01,5,3,1509
sub-010257,ep01,7,2,1673
sub-010257,ep01,8,2,1704
sub-010257,ep01,10,2,1717
sub-010257,ep01,20,0,1750
sub-010257,ep01,30,0,1750
sub-010257,ep01,50,0,1750
sub-010257,ep01,100,0,1750
sub-010257,ep01,150,0,1750
sub-010257,ep01,200,0,1750
sub-010257,ep02,3,2,290
sub-010257,ep02,5,2,1243
sub-010257,ep02,7,5,1553
sub-010257,ep02,8,2,1552
sub-010257,ep02,10,2,1563
sub-010257,ep02,20,0,1615
sub-010257,ep02,30,0,1615
sub-010257,ep02,50,0,1615
sub-010257,ep02,100,0,1615
sub-010257,ep02,150,0,1615
sub-010257,ep02,200,0,1615
sub-010257,ep03,3,2,551
sub-010257,ep03,5,8,1609
sub-010257,ep03,7,3,1514
sub-010257,ep03,8,2,1621
sub-010257,ep03,10,2,1635
sub-010257,ep03,20,0,1689
sub-010257,ep03,30,0,1689
sub-010257,ep03,50,0,1689
sub-010257,ep03,100,0,1689
sub-010257,ep03,150,0,1689
sub-010257,ep03,200,0,1689
sub-010257,ep04,3,3,346
sub-010257,ep04,5,4,1381
sub-010257,ep04,7,6,1463
sub-010257,ep04,8,4,1482
sub-010257,ep04,10,2,1421
sub-010257,ep04,20,0,1564
sub-010257,ep04,30,0,1564
sub-010257,ep04,50,0,1564
sub-010257,ep04,100,0,1564
sub-010257,ep04,150,0,1564
sub-010257,ep04,200,0,1564
sub-010257,ep05,3,5,636
sub-010257,ep05,5,3,1544
sub-010257,ep05,7,2,1624
sub-010257,ep05,8,2,1780
sub-010257,ep05,10,2,1789
sub-010257,ep05,20,0,1825
sub-010257,ep05,30,0,1825
sub-010257,ep05,50,0,1825
sub-010257,ep05,100,0,1825
sub-010257,ep05,150,0,1825
sub-010257,ep05,200,0,1825
sub-010257,ep06,3,4,253
sub-010257,ep06,5,3,1125
sub-010257,ep06,7,2,1169
sub-010257,ep06,8,2,1181
sub-010257,ep06,10,2,1297
sub-010257,ep06,20,0,1371
sub-010257,ep06,30,0,1371
sub-010257,ep06,50,0,1371
sub-010257,ep06,100,0,1371
sub-010257,ep06,150,0,1371
sub-010257,ep06,200,0,1371
sub-010258,ep00,3,2,153
sub-010258,ep00,5,3,1951
sub-010258,ep00,7,4,2067
sub-010258,ep00,8,3,2088
sub-010258,ep00,10,2,2047
sub-010258,ep00,20,0,2193
sub-010258,ep00,30,0,2193
sub-010258,ep00,50,0,2193
sub-010258,ep00,100,0,2193
sub-010258,ep00,150,0,2193
sub-010258,ep00,200,0,2193
sub-010258,ep01,3,2,502
sub-010258,ep01,5,4,2140
sub-010258,ep01,7,3,2276
sub-010258,ep01,8,2,2277
sub-010258,ep01,10,3,2387
sub-010258,ep01,20,2,2418
sub-010258,ep01,30,0,2478
sub-010258,ep01,50,0,2478
sub-010258,ep01,100,0,2478
sub-010258,ep01,150,0,2478
sub-010258,ep01,200,0,2478
sub-010258,ep02,3,2,236
sub-010258,ep02,5,2,973
sub-010258,ep02,7,2,1511
sub-010258,ep02,8,2,1516
sub-010258,ep02,10,3,1557
sub-010258,ep02,20,2,1581
sub-010258,ep02,30,0,1640
sub-010258,ep02,50,0,1640
sub-010258,ep02,100,0,1640
sub-010258,ep02,150,0,1640
sub-010258,ep02,200,0,1640
sub-010258,ep03,3,2,91
sub-010258,ep03,5,6,1520
sub-010258,ep03,7,3,1533
sub-010258,ep03,8,3,1560
sub-010258,ep03,10,3,1570
sub-010258,ep03,20,0,1664
sub-010258,ep03,30,0,1664
sub-010258,ep03,50,0,1664
sub-010258,ep03,100,0,1664
sub-010258,ep03,150,0,1664
sub-010258,ep03,200,0,1664
sub-010258,ep04,3,5,518
sub-010258,ep04,5,2,1224
sub-010258,ep04,7,3,1458
sub-010258,ep04,8,2,1485
sub-010258,ep04,10,3,1508
sub-010258,ep04,20,0,1566
sub-010258,ep04,30,0,1566
sub-010258,ep04,50,0,1566
sub-010258,ep04,100,0,1566
sub-010258,ep04,150,0,1566
sub-010258,ep04,200,0,1566
sub-010258,ep05,3,8,661
sub-010258,ep05,5,3,1470
sub-010258,ep05,7,4,1566
sub-010258,ep05,8,3,1583
sub-010258,ep05,10,3,1576
sub-010258,ep05,20,0,1638
sub-010258,ep05,30,0,1638
sub-010258,ep05,50,0,1638
sub-010258,ep05,100,0,1638
sub-010258,ep05,150,0,1638
sub-010258,ep05,200,0,1638
sub-010258,ep06,3,3,291
sub-010258,ep06,5,5,1333
sub-010258,ep06,7,2,1381
sub-010258,ep06,8,0,1499
sub-010258,ep06,10,0,1499
sub-010258,ep06,20,0,1499
sub-010258,ep06,30,0,1499
sub-010258,ep06,50,0,1499
sub-010258,ep06,100,0,1499
sub-010258,ep06,150,0,1499
sub-010258,ep06,200,0,1499
sub-010260,ep00,3,2,40
sub-010260,ep00,5,6,784
sub-010260,ep00,7,2,1311
sub-010260,ep00,8,2,1323
sub-010260,ep00,10,2,1348
sub-010260,ep00,20,2,1351
sub-010260,ep00,30,0,1433
sub-010260,ep00,50,0,1433
sub-010260,ep00,100,0,1433
sub-010260,ep00,150,0,1433
sub-010260,ep00,200,0,1433
sub-010260,ep01,3,2,68
sub-010260,ep01,5,5,778
sub-010260,ep01,7,2,796
sub-010260,ep01,8,3,1452
sub-010260,ep01,10,2,1441
sub-010260,ep01,20,0,1500
sub-010260,ep01,30,0,1500
sub-010260,ep01,50,0,1500
sub-010260,ep01,100,0,1500
sub-010260,ep01,150,0,1500
sub-010260,ep01,200,0,1500
sub-010260,ep02,3,4,53
sub-010260,ep02,5,2,325
sub-010260,ep02,7,2,1235
sub-010260,ep02,8,3,1261
sub-010260,ep02,10,3,1274
sub-010260,ep02,20,0,1345
sub-010260,ep02,30,0,1345
sub-010260,ep02,50,0,1345
sub-010260,ep02,100,0,1345
sub-010260,ep02,150,0,1345
sub-010260,ep02,200,0,1345
sub-010260,ep03,3,2,30
sub-010260,ep03,5,2,215
sub-010260,ep03,7,2,1272
sub-010260,ep03,8,2,1296
sub-010260,ep03,10,2,1269
sub-010260,ep03,20,2,1298
sub-010260,ep03,30,0,1389
sub-010260,ep03,50,0,1389
sub-010260,ep03,100,0,1389
sub-010260,ep03,150,0,1389
sub-010260,ep03,200,0,1389
sub-010260,ep04,3,2,128
sub-010260,ep04,5,4,594
sub-010260,ep04,7,4,1297
sub-010260,ep04,8,4,1309
sub-010260,ep04,10,2,1319
sub-010260,ep04,20,2,1337
sub-010260,ep04,30,0,1389
sub-010260,ep04,50,0,1389
sub-010260,ep04,100,0,1389
sub-010260,ep04,150,0,1389
sub-010260,ep04,200,0,1389
sub-010260,ep05,3,11,240
sub-010260,ep05,5,2,249
sub-010260,ep05,7,4,1266
sub-010260,ep05,8,3,1225
sub-010260,ep05,10,3,1258
sub-010260,ep05,20,2,1273
sub-010260,ep05,30,0,1354
sub-010260,ep05,50,0,1354
sub-010260,ep05,100,0,1354
sub-010260,ep05,150,0,1354
sub-010260,ep05,200,0,1354
sub-010260,ep06,3,4,118
sub-010260,ep06,5,2,337
sub-010260,ep06,7,2,1109
sub-010260,ep06,8,2,1120
sub-010260,ep06,10,2,1135
sub-010260,ep06,20,2,1150
sub-010260,ep06,30,0,1224
sub-010260,ep06,50,0,1224
sub-010260,ep06,100,0,1224
sub-010260,ep06,150,0,1224
sub-010260,ep06,200,0,1224
sub-010261,ep00,3,2,311
sub-010261,ep00,5,6,1152
sub-010261,ep00,7,3,1211
sub-010261,ep00,8,3,1259
sub-010261,ep00,10,3,1316
sub-010261,ep00,20,0,1399
sub-010261,ep00,30,0,1399
sub-010261,ep00,50,0,1399
sub-010261,ep00,100,0,1399
sub-010261,ep00,150,0,1399
sub-010261,ep00,200,0,1399
sub-010261,ep01,3,2,329
sub-010261,ep01,5,2,932
sub-010261,ep01,7,2,1111
sub-010261,ep01,8,2,1267
sub-010261,ep01,10,2,1252
sub-010261,ep01,20,0,1355
sub-010261,ep01,30,0,1355
sub-010261,ep01,50,0,1355
sub-010261,ep01,100,0,1355
sub-010261,ep01,150,0,1355
sub-010261,ep01,200,0,1355
sub-010261,ep02,3,4,369
sub-010261,ep02,5,2,1004
sub-010261,ep02,7,2,1183
sub-010261,ep02,8,3,1272
sub-010261,ep02,10,2,1305
sub-010261,ep02,20,2,1303
sub-010261,ep02,30,0,1396
sub-010261,ep02,50,0,1396
sub-010261,ep02,100,0,1396
sub-010261,ep02,150,0,1396
sub-010261,ep02,200,0,1396
sub-010261,ep03,3,2,201
sub-010261,ep03,5,2,875
sub-010261,ep03,7,3,1244
sub-010261,ep03,8,2,1210
sub-010261,ep03,10,2,1207
sub-010261,ep03,20,0,1411
sub-010261,ep03,30,0,1411
sub-010261,ep03,50,0,1411
sub-010261,ep03,100,0,1411
sub-010261,ep03,150,0,1411
sub-010261,ep03,200,0,1411
sub-010261,ep04,3,3,175
sub-010261,ep04,5,3,1126
sub-010261,ep04,7,2,1135
sub-010261,ep04,8,2,1177
sub-010261,ep04,10,2,1205
sub-010261,ep04,20,0,1292
sub-010261,ep04,30,0,1292
sub-010261,ep04,50,0,1292
sub-010261,ep04,100,0,1292
sub-010261,ep04,150,0,1292
sub-010261,ep04,200,0,1292
sub-010261,ep05,3,2,92
sub-010261,ep05,5,2,1090
sub-010261,ep05,7,2,1158
sub-010261,ep05,8,3,1197
sub-010261,ep05,10,2,1219
sub-010261,ep05,20,0,1281
sub-010261,ep05,30,0,1281
sub-010261,ep05,50,0,1281
sub-010261,ep05,100,0,1281
sub-010261,ep05,150,0,1281
sub-010261,ep05,200,0,1281
sub-010262,ep00,3,2,112
sub-010262,ep00,5,4,1013
sub-010262,ep00,7,2,1057
sub-010262,ep00,8,2,1095
sub-010262,ep00,10,2,1055
sub-010262,ep00,20,2,1145
sub-010262,ep00,30,2,1092
sub-010262,ep00,50,2,1073
sub-010262,ep00,100,2,1147
sub-010262,ep00,150,2,1163
sub-010262,ep00,200,2,1167
sub-010262,ep01,3,7,231
sub-010262,ep01,5,2,771
sub-010262,ep01,7,3,999
sub-010262,ep01,8,3,1036
sub-010262,ep01,10,2,999
sub-010262,ep01,20,2,996
sub-010262,ep01,30,2,1049
sub-010262,ep01,50,2,1040
sub-010262,ep01,100,2,1068
sub-010262,ep01,150,0,1426
sub-010262,ep01,200,0,1426
sub-010262,ep02,3,3,79
sub-010262,ep02,5,3,570
sub-010262,ep02,7,2,885
sub-010262,ep02,8,2,940
sub-010262,ep02,10,2,828
sub-010262,ep02,20,2,851
sub-010262,ep02,30,2,747
sub-010262,ep02,50,2,780
sub-010262,ep02,100,2,804
sub-010262,ep02,150,0,1283
sub-010262,ep02,200,0,1283
sub-010262,ep03,3,3,185
sub-010262,ep03,5,3,1165
sub-010262,ep03,7,3,1872
sub-010262,ep03,8,3,1886
sub-010262,ep03,10,3,1922
sub-010262,ep03,20,2,1935
sub-010262,ep03,30,0,1987
sub-010262,ep03,50,0,1987
sub-010262,ep03,100,0,1987
sub-010262,ep03,150,0,1987
sub-010262,ep03,200,0,1987
sub-010262,ep04,3,4,104
sub-010262,ep04,5,2,559
sub-010262,ep04,7,2,1233
sub-010262,ep04,8,2,1220
sub-010262,ep04,10,2,1273
sub-010262,ep04,20,0,1353
sub-010262,ep04,30,0,1353
sub-010262,ep04,50,0,1353
sub-010262,ep04,100,0,1353
sub-010262,ep04,150,0,1353
sub-010262,ep04,200,0,1353
sub-010262,ep05,3,6,245
sub-010262,ep05,5,4,1069
sub-010262,ep05,7,3,1250
sub-010262,ep05,8,2,1178
sub-010262,ep05,10,3,1334
sub-010262,ep05,20,0,1451
sub-010262,ep05,30,0,1451
sub-010262,ep05,50,0,1451
sub-010262,ep05,100,0,1451
sub-010262,ep05,150,0,1451
sub-010262,ep05,200,0,1451
sub-010262,ep06,3,6,307
sub-010262,ep06,5,2,574
sub-010262,ep06,7,2,950
sub-010262,ep06,8,2,991
sub-010262,ep06,10,2,963
sub-010262,ep06,20,2,1003
sub-010262,ep06,30,2,1064
sub-010262,ep06,50,0,1206
sub-010262,ep06,100,0,1206
sub-010262,ep06,150,0,1206
sub-010262,ep06,200,0,1206
sub-010263,ep00,3,29,498
sub-010263,ep00,5,2,468
sub-010263,ep00,7,2,480
sub-010263,ep00,8,2,492
sub-010263,ep00,10,2,530
sub-010263,ep00,20,2,367
sub-010263,ep00,30,2,372
sub-010263,ep00,50,2,378
sub-010263,ep00,100,2,470
sub-010263,ep00,150,2,543
sub-010263,ep00,200,2,601
sub-010263,ep01,3,2,40
sub-010263,ep01,5,2,605
sub-010263,ep01,7,2,516
sub-010263,ep01,8,2,546
sub-010263,ep01,10,2,571
sub-010263,ep01,20,2,584
sub-010263,ep01,30,2,556
sub-010263,ep01,50,2,578
sub-010263,ep01,100,2,614
sub-010263,ep01,150,2,637
sub-010263,ep01,200,0,1300
sub-010263,ep02,3,36,705
sub-010263,ep02,5,5,786
sub-010263,ep02,7,3,864
sub-010263,ep02,8,3,862
sub-010263,ep02,10,3,876
sub-010263,ep02,20,2,842
sub-010263,ep02,30,2,870
sub-010263,ep02,50,2,864
sub-010263,ep02,100,0,1332
sub-010263,ep02,150,0,1332
sub-010263,ep02,200,0,1332
sub-010263,ep03,3,14,353
sub-010263,ep03,5,6,865
sub-010263,ep03,7,3,764
sub-010263,ep03,8,2,817
sub-010263,ep03,10,2,857
sub-010263,ep03,20,2,821
sub-010263,ep03,30,2,829
sub-010263,ep03,50,2,839
sub-010263,ep03,100,0,1247
sub-010263,ep03,150,0,1247
sub-010263,ep03,200,0,1247
sub-010263,ep04,3,4,55
sub-010263,ep04,5,2,365
sub-010263,ep04,7,2,624
sub-010263,ep04,8,2,560
sub-010263,ep04,10,2,969
sub-010263,ep04,20,2,936
sub-010263,ep04,30,2,883
sub-010263,ep04,50,2,901
sub-010263,ep04,100,0,1237
sub-010263,ep04,150,0,1237
sub-010263,ep04,200,0,1237
sub-010263,ep05,3,9,222
sub-010263,ep05,5,2,436
sub-010263,ep05,7,2,858
sub-010263,ep05,8,2,898
sub-010263,ep05,10,3,1027
sub-010263,ep05,20,2,972
sub-010263,ep05,30,2,975
sub-010263,ep05,50,0,1245
sub-010263,ep05,100,0,1245
sub-010263,ep05,150,0,1245
sub-010263,ep05,200,0,1245
sub-010263,ep06,3,3,68
sub-010263,ep06,5,3,123
sub-010263,ep06,7,2,79
sub-010263,ep06,8,2,1049
sub-010263,ep06,10,2,1105
sub-010263,ep06,20,0,1162
sub-010263,ep06,30,0,1162
sub-010263,ep06,50,0,1162
sub-010263,ep06,100,0,1162
sub-010263,ep06,150,0,1162
sub-010263,ep06,200,0,1162
sub-010264,ep00,3,8,251
sub-010264,ep00,5,4,1200
sub-010264,ep00,7,2,1575
sub-010264,ep00,8,2,1576
sub-010264,ep00,10,2,1597
sub-010264,ep00,20,2,1591
sub-010264,ep00,30,2,1605
sub-010264,ep00,50,0,1702
sub-010264,ep00,100,0,1702
sub-010264,ep00,150,0,1702
sub-010264,ep00,200,0,1702
sub-010264,ep01,3,2,98
sub-010264,ep01,5,3,634
sub-010264,ep01,7,2,1533
sub-010264,ep01,8,2,1568
sub-010264,ep01,10,3,1625
sub-010264,ep01,20,2,1590
sub-010264,ep01,30,2,1551
sub-010264,ep01,50,0,1691
sub-010264,ep01,100,0,1691
sub-010264,ep01,150,0,1691
sub-010264,ep01,200,0,1691
sub-010264,ep02,3,2,157
sub-010264,ep02,5,3,1439
sub-010264,ep02,7,2,1434
sub-010264,ep02,8,2,1457
sub-010264,ep02,10,2,1474
sub-010264,ep02,20,2,1751
sub-010264,ep02,30,0,1844
sub-010264,ep02,50,0,1844
sub-010264,ep02,100,0,1844
sub-010264,ep02,150,0,1844
sub-010264,ep02,200,0,1844
sub-010264,ep03,3,2,214
sub-010264,ep03,5,2,414
sub-010264,ep03,7,2,1643
sub-010264,ep03,8,2,1650
sub-010264,ep03,10,2,1692
sub-010264,ep03,20,2,1714
sub-010264,ep03,30,2,1710
sub-010264,ep03,50,0,1789
sub-010264,ep03,100,0,1789
sub-010264,ep03,150,0,1789
sub-010264,ep03,200,0,1789
sub-010264,ep04,3,8,245
sub-010264,ep04,5,3,962
sub-010264,ep04,7,2,1476
sub-010264,ep04,8,2,1449
sub-010264,ep04,10,2,1476
sub-010264,ep04,20,2,1511
sub-010264,ep04,30,0,1607
sub-010264,ep04,50,0,1607
sub-010264,ep04,100,0,1607
sub-010264,ep04,150,0,1607
sub-010264,ep04,200,0,1607
sub-010264,ep05,3,2,48
sub-010264,ep05,5,6,1340
sub-010264,ep05,7,2,1422
sub-010264,ep05,8,3,1460
sub-010264,ep05,10,2,1457
sub-010264,ep05,20,0,1523
sub-010264,ep05,30,2,1420
sub-010264,ep05,50,0,1523
sub-010264,ep05,100,0,1523
sub-010264,ep05,150,0,1523
sub-010264,ep05,200,0,1523
sub-010264,ep06,3,3,78
sub-010264,ep06,5,2,871
sub-010264,ep06,7,3,1237
sub-010264,ep06,8,3,1263
sub-010264,ep06,10,2,1293
sub-010264,ep06,20,2,1280
sub-010264,ep06,30,0,1359
sub-010264,ep06,50,0,1359
sub-010264,ep06,100,0,1359
sub-010264,ep06,150,0,1359
sub-010264,ep06,200,0,1359
sub-010265,ep00,3,6,414
sub-010265,ep00,5,2,914
sub-010265,ep00,7,2,1480
sub-010265,ep00,8,2,1484
sub-010265,ep00,10,2,1502
sub-010265,ep00,20,2,1531
sub-010265,ep00,30,0,1572
sub-010265,ep00,50,0,1572
sub-010265,ep00,100,0,1572
sub-010265,ep00,150,0,1572
sub-010265,ep00,200,0,1572
sub-010265,ep01,3,19,614
sub-010265,ep01,5,2,360
sub-010265,ep01,7,2,1024
sub-010265,ep01,8,3,1486
sub-010265,ep01,10,2,1424
sub-010265,ep01,20,0,1548
sub-010265,ep01,30,0,1548
sub-010265,ep01,50,0,1548
sub-010265,ep01,100,0,1548
sub-010265,ep01,150,0,1548
sub-010265,ep01,200,0,1548
sub-010265,ep02,3,2,43
sub-010265,ep02,5,4,840
sub-010265,ep02,7,3,1478
sub-010265,ep02,8,3,1486
sub-010265,ep02,10,2,1485
sub-010265,ep02,20,2,1483
sub-010265,ep02,30,0,1552
sub-010265,ep02,50,0,1552
sub-010265,ep02,100,0,1552
sub-010265,ep02,150,0,1552
sub-010265,ep02,200,0,1552
sub-010265,ep03,3,2,149
sub-010265,ep03,5,5,1222
sub-010265,ep03,7,5,1442
sub-010265,ep03,8,4,1426
sub-010265,ep03,10,2,1429
sub-010265,ep03,20,2,1447
sub-010265,ep03,30,2,1462
sub-010265,ep03,50,0,1562
sub-010265,ep03,100,0,1562
sub-010265,ep03,150,0,1562
sub-010265,ep03,200,0,1562
sub-010265,ep04,3,2,108
sub-010265,ep04,5,2,870
sub-010265,ep04,7,2,910
sub-010265,ep04,8,2,1396
sub-010265,ep04,10,2,1421
sub-010265,ep04,20,2,1434
sub-010265,ep04,30,2,1412
sub-010265,ep04,50,0,1496
sub-010265,ep04,100,0,1496
sub-010265,ep04,150,0,1496
sub-010265,ep04,200,0,1496
sub-010265,ep05,3,3,147
sub-010265,ep05,5,2,796
sub-010265,ep05,7,2,1178
sub-010265,ep05,8,2,1430
sub-010265,ep05,10,2,1465
sub-010265,ep05,20,0,1498
sub-010265,ep05,30,0,1498
sub-010265,ep05,50,0,1498
sub-010265,ep05,100,0,1498
sub-010265,ep05,150,0,1498
sub-010265,ep05,200,0,1498
sub-010265,ep06,3,3,176
sub-010265,ep06,5,4,675
sub-010265,ep06,7,3,1241
sub-010265,ep06,8,2,1276
sub-010265,ep06,10,2,1319
sub-010265,ep06,20,2,1331
sub-010265,ep06,30,0,1388
sub-010265,ep06,50,0,1388
sub-010265,ep06,100,0,1388
sub-010265,ep06,150,0,1388
sub-010265,ep06,200,0,1388
sub-010266,ep00,3,3,180
sub-010266,ep00,5,2,1026
sub-010266,ep00,7,2,1224
sub-010266,ep00,8,2,1265
sub-010266,ep00,10,2,1284
sub-010266,ep00,20,0,1385
sub-010266,ep00,30,0,1385
sub-010266,ep00,50,0,1385
sub-010266,ep00,100,0,1385
sub-010266,ep00,150,0,1385
sub-010266,ep00,200,0,1385
sub-010266,ep01,3,3,194
sub-010266,ep01,5,2,431
sub-010266,ep01,7,3,1386
sub-010266,ep01,8,3,1403
sub-010266,ep01,10,2,1358
sub-010266,ep01,20,2,1402
sub-010266,ep01,30,0,1457
sub-010266,ep01,50,0,1457
sub-010266,ep01,100,0,1457
sub-010266,ep01,150,0,1457
sub-010266,ep01,200,0,1457
sub-010266,ep02,3,3,316
sub-010266,ep02,5,4,1330
sub-010266,ep02,7,2,1282
sub-010266,ep02,8,3,1320
sub-010266,ep02,10,2,1313
sub-010266,ep02,20,2,1334
sub-010266,ep02,30,0,1432
sub-010266,ep02,50,0,1432
sub-010266,ep02,100,0,1432
sub-010266,ep02,150,0,1432
sub-010266,ep02,200,0,1432
sub-010266,ep03,3,2,102
sub-010266,ep03,5,6,1264
sub-010266,ep03,7,2,1223
sub-010266,ep03,8,2,1194
sub-010266,ep03,10,2,1376
sub-010266,ep03,20,0,1438
sub-010266,ep03,30,0,1438
sub-010266,ep03,50,0,1438
sub-010266,ep03,100,0,1438
sub-010266,ep03,150,0,1438
sub-010266,ep03,200,0,1438
sub-010266,ep04,3,2,167
sub-010266,ep04,5,2,1209
sub-010266,ep04,7,3,1284
sub-010266,ep04,8,2,1289
sub-010266,ep04,10,2,1316
sub-010266,ep04,20,2,1353
sub-010266,ep04,30,0,1419
sub-010266,ep04,50,0,1419
sub-010266,ep04,100,0,1419
sub-010266,ep04,150,0,1419
sub-010266,ep04,200,0,1419
sub-010266,ep05,3,4,260
sub-010266,ep05,5,2,1301
sub-010266,ep05,7,2,1392
sub-010266,ep05,8,2,1388
sub-010266,ep05,10,2,1407
sub-010266,ep05,20,0,1458
sub-010266,ep05,30,0,1458
sub-010266,ep05,50,0,1458
sub-010266,ep05,100,0,1458
sub-010266,ep05,150,0,1458
sub-010266,ep05,200,0,1458
sub-010267,ep00,3,2,7
sub-010267,ep00,5,4,1214
sub-010267,ep00,7,3,1231
sub-010267,ep00,8,2,1241
sub-010267,ep00,10,2,1235
sub-010267,ep00,20,0,1313
sub-010267,ep00,30,0,1313
sub-010267,ep00,50,0,1313
sub-010267,ep00,100,0,1313
sub-010267,ep00,150,0,1313
sub-010267,ep00,200,0,1313
sub-010267,ep01,3,2,6
sub-010267,ep01,5,2,746
sub-010267,ep01,7,4,1250
sub-010267,ep01,8,2,1253
sub-010267,ep01,10,2,1264
sub-010267,ep01,20,2,1268
sub-010267,ep01,30,2,1259
sub-010267,ep01,50,2,1277
sub-010267,ep01,100,0,1412
sub-010267,ep01,150,0,1412
sub-010267,ep01,200,0,1412
sub-010267,ep02,3,4,343
sub-010267,ep02,5,2,1008
sub-010267,ep02,7,2,1064
sub-010267,ep02,8,2,1010
sub-010267,ep02,10,2,1047
sub-010267,ep02,20,2,1092
sub-010267,ep02,30,2,1068
sub-010267,ep02,50,0,1183
sub-010267,ep02,100,0,1183
sub-010267,ep02,150,0,1183
sub-010267,ep02,200,0,1183
sub-010267,ep03,3,3,73
sub-010267,ep03,5,2,560
sub-010267,ep03,7,2,1188
sub-010267,ep03,8,3,1204
sub-010267,ep03,10,0,1273
sub-010267,ep03,20,0,1273
sub-010267,ep03,30,0,1273
sub-010267,ep03,50,0,1273
sub-010267,ep03,100,0,1273
sub-010267,ep03,150,0,1273
sub-010267,ep03,200,0,1273
sub-010267,ep04,3,2,97
sub-010267,ep04,5,2,815
sub-010267,ep04,7,2,1176
sub-010267,ep04,8,2,1169
sub-010267,ep04,10,2,1184
sub-010267,ep04,20,0,1211
sub-010267,ep04,30,0,1211
sub-010267,ep04,50,0,1211
sub-010267,ep04,100,0,1211
sub-010267,ep04,150,0,1211
sub-010267,ep04,200,0,1211
sub-010267,ep05,3,6,232
sub-010267,ep05,5,3,466
sub-010267,ep05,7,3,1139
sub-010267,ep05,8,2,1142
sub-010267,ep05,10,2,1151
sub-010267,ep05,20,0,1236
sub-010267,ep05,30,0,1236
sub-010267,ep05,50,0,1236
sub-010267,ep05,100,0,1236
sub-010267,ep05,150,0,1236
sub-010267,ep05,200,0,1236
sub-010267,ep06,3,2,125
sub-010267,ep06,5,5,801
sub-010267,ep06,7,2,1093
sub-010267,ep06,8,2,1100
sub-010267,ep06,10,2,1108
sub-010267,ep06,20,0,1143
sub-010267,ep06,30,0,1143
sub-010267,ep06,50,0,1143
sub-010267,ep06,100,0,1143
sub-010267,ep06,150,0,1143
sub-010267,ep06,200,0,1143
sub-010268,ep00,3,2,26
sub-010268,ep00,5,2,966
sub-010268,ep00,7,3,1317
sub-010268,ep00,8,4,1354
sub-010268,ep00,10,2,1335
sub-010268,ep00,20,2,1384
sub-010268,ep00,30,2,1349
sub-010268,ep00,50,2,1281
sub-010268,ep00,100,0,1488
sub-010268,ep00,150,0,1488
sub-010268,ep00,200,0,1488
sub-010268,ep01,3,3,79
sub-010268,ep01,5,2,1079
sub-010268,ep01,7,3,1482
sub-010268,ep01,8,3,1507
sub-010268,ep01,10,3,1513
sub-010268,ep01,20,0,1575
sub-010268,ep01,30,0,1575
sub-010268,ep01,50,0,1575
sub-010268,ep01,100,0,1575
sub-010268,ep01,150,0,1575
sub-010268,ep01,200,0,1575
sub-010268,ep02,3,4,316
sub-010268,ep02,5,2,1344
sub-010268,ep02,7,2,1475
sub-010268,ep02,8,2,1482
sub-010268,ep02,10,2,1631
sub-010268,ep02,20,0,1705
sub-010268,ep02,30,0,1705
sub-010268,ep02,50,0,1705
sub-010268,ep02,100,0,1705
sub-010268,ep02,150,0,1705
sub-010268,ep02,200,0,1705
sub-010268,ep03,3,3,67
sub-010268,ep03,5,8,1545
sub-010268,ep03,7,3,1564
sub-010268,ep03,8,3,1588
sub-010268,ep03,10,2,1562
sub-010268,ep03,20,2,1553
sub-010268,ep03,30,2,1533
sub-010268,ep03,50,0,1647
sub-010268,ep03,100,0,1647
sub-010268,ep03,150,0,1647
sub-010268,ep03,200,0,1647
sub-010268,ep04,3,2,99
sub-010268,ep04,5,2,1223
sub-010268,ep04,7,2,1527
sub-010268,ep04,8,2,1514
sub-010268,ep04,10,2,1521
sub-010268,ep04,20,2,1484
sub-010268,ep04,30,2,1507
sub-010268,ep04,50,0,1596
sub-010268,ep04,100,0,1596
sub-010268,ep04,150,0,1596
sub-010268,ep04,200,0,1596
sub-010268,ep05,3,2,119
sub-010268,ep05,5,2,185
sub-010268,ep05,7,2,1495
sub-010268,ep05,8,3,1568
sub-010268,ep05,10,2,1530
sub-010268,ep05,20,0,1632
sub-010268,ep05,30,0,1632
sub-010268,ep05,50,0,1632
sub-010268,ep05,100,0,1632
sub-010268,ep05,150,0,1632
sub-010268,ep05,200,0,1632
sub-010268,ep06,3,2,89
sub-010268,ep06,5,2,1051
sub-010268,ep06,7,2,1128
sub-010268,ep06,8,2,1437
sub-010268,ep06,10,2,1431
sub-010268,ep06,20,0,1460
sub-010268,ep06,30,0,1460
sub-010268,ep06,50,0,1460
sub-010268,ep06,100,0,1460
sub-010268,ep06,150,0,1460
sub-010268,ep06,200,0,1460
sub-010269,ep00,3,3,81
sub-010269,ep00,5,2,1046
sub-010269,ep00,7,4,1294
sub-010269,ep00,8,2,1302
sub-010269,ep00,10,2,1337
sub-010269,ep00,20,2,1372
sub-010269,ep00,30,2,1355
sub-010269,ep00,50,0,1464
sub-010269,ep00,100,0,1464
sub-010269,ep00,150,0,1464
sub-010269,ep00,200,0,1464
sub-010269,ep01,3,3,202
sub-010269,ep01,5,2,1072
sub-010269,ep01,7,2,1210
sub-010269,ep01,8,2,1194
sub-010269,ep01,10,2,1216
sub-010269,ep01,20,2,1292
sub-010269,ep01,30,2,1300
sub-010269,ep01,50,0,1397
sub-010269,ep01,100,0,1397
sub-010269,ep01,150,0,1397
sub-010269,ep01,200,0,1397
sub-010269,ep02,3,3,148
sub-010269,ep02,5,3,902
sub-010269,ep02,7,2,1285
sub-010269,ep02,8,2,1331
sub-010269,ep02,10,2,1340
sub-010269,ep02,20,0,1377
sub-010269,ep02,30,0,1377
sub-010269,ep02,50,0,1377
sub-010269,ep02,100,0,1377
sub-010269,ep02,150,0,1377
sub-010269,ep02,200,0,1377
sub-010269,ep03,3,5,251
sub-010269,ep03,5,3,300
sub-010269,ep03,7,3,1294
sub-010269,ep03,8,2,1293
sub-010269,ep03,10,2,1305
sub-010269,ep03,20,2,1306
sub-010269,ep03,30,0,1380
sub-010269,ep03,50,0,1380
sub-010269,ep03,100,0,1380
sub-010269,ep03,150,0,1380
sub-010269,ep03,200,0,1380
sub-010269,ep04,3,2,68
sub-010269,ep04,5,6,1266
sub-010269,ep04,7,3,1267
sub-010269,ep04,8,2,1270
sub-010269,ep04,10,2,1258
sub-010269,ep04,20,2,1316
sub-010269,ep04,30,2,1305
sub-010269,ep04,50,0,1385
sub-010269,ep04,100,0,1385
sub-010269,ep04,150,0,1385
sub-010269,ep04,200,0,1385
sub-010269,ep05,3,4,63
sub-010269,ep05,5,2,1245
sub-010269,ep05,7,3,1303
sub-010269,ep05,8,2,1347
sub-010269,ep05,10,3,1312
sub-010269,ep05,20,0,1400
sub-010269,ep05,30,0,1400
sub-010269,ep05,50,0,1400
sub-010269,ep05,100,0,1400
sub-010269,ep05,150,0,1400
sub-010269,ep05,200,0,1400
sub-010269,ep06,3,3,153
sub-010269,ep06,5,2,815
sub-010269,ep06,7,2,1150
sub-010269,ep06,8,2,1192
sub-010269,ep06,10,2,1173
sub-010269,ep06,20,2,1196
sub-010269,ep06,30,0,1251
sub-010269,ep06,50,0,1251
sub-010269,ep06,100,0,1251
sub-010269,ep06,150,0,1251
sub-010269,ep06,200,0,1251
sub-010270,ep00,3,2,190
sub-010270,ep00,5,2,1324
sub-010270,ep00,7,2,1463
sub-010270,ep00,8,2,1477
sub-010270,ep00,10,2,1446
sub-010270,ep00,20,0,1502
sub-010270,ep00,30,0,1502
sub-010270,ep00,50,0,1502
sub-010270,ep00,100,0,1502
sub-010270,ep00,150,0,1502
sub-010270,ep00,200,0,1502
sub-010270,ep01,3,2,56
sub-010270,ep01,5,9,1420
sub-010270,ep01,7,2,1407
sub-010270,ep01,8,3,1456
sub-010270,ep01,10,2,1491
sub-010270,ep01,20,0,1523
sub-010270,ep01,30,0,1523
sub-010270,ep01,50,0,1523
sub-010270,ep01,100,0,1523
sub-010270,ep01,150,0,1523
sub-010270,ep01,200,0,1523
sub-010270,ep02,3,4,285
sub-010270,ep02,5,2,1051
sub-010270,ep02,7,2,1311
sub-010270,ep02,8,2,1413
sub-010270,ep02,10,0,1446
sub-010270,ep02,20,0,1446
sub-010270,ep02,30,0,1446
sub-010270,ep02,50,0,1446
sub-010270,ep02,100,0,1446
sub-010270,ep02,150,0,1446
sub-010270,ep02,200,0,1446
sub-010270,ep03,3,5,221
sub-010270,ep03,5,2,1395
sub-010270,ep03,7,2,1525
sub-010270,ep03,8,2,1530
sub-010270,ep03,10,0,1583
sub-010270,ep03,20,0,1583
sub-010270,ep03,30,0,1583
sub-010270,ep03,50,0,1583
sub-010270,ep03,100,0,1583
sub-010270,ep03,150,0,1583
sub-010270,ep03,200,0,1583
sub-010270,ep04,3,3,192
sub-010270,ep04,5,2,1371
sub-010270,ep04,7,2,1510
sub-010270,ep04,8,2,1513
sub-010270,ep04,10,2,1538
sub-010270,ep04,20,0,1579
sub-010270,ep04,30,0,1579
sub-010270,ep04,50,0,1579
sub-010270,ep04,100,0,1579
sub-010270,ep04,150,0,1579
sub-010270,ep04,200,0,1579
sub-010270,ep05,3,4,355
sub-010270,ep05,5,2,364
sub-010270,ep05,7,2,1406
sub-010270,ep05,8,2,1393
sub-010270,ep05,10,2,1421
sub-010270,ep05,20,0,1484
sub-010270,ep05,30,0,1484
sub-010270,ep05,50,0,1484
sub-010270,ep05,100,0,1484
sub-010270,ep05,150,0,1484
sub-010270,ep05,200,0,1484
sub-010270,ep06,3,2,91
sub-010270,ep06,5,2,841
sub-010270,ep06,7,4,1345
sub-010270,ep06,8,2,1361
sub-010270,ep06,10,2,1355
sub-010270,ep06,20,2,1343
sub-010270,ep06,30,0,1412
sub-010270,ep06,50,0,1412
sub-010270,ep06,100,0,1412
sub-010270,ep06,150,0,1412
sub-010270,ep06,200,0,1412
sub-010271,ep00,3,2,18
sub-010271,ep00,5,5,625
sub-010271,ep00,7,2,2446
sub-010271,ep00,8,2,2471
sub-010271,ep00,10,2,2519
sub-010271,ep00,20,0,2705
sub-010271,ep00,30,0,2705
sub-010271,ep00,50,0,2705
sub-010271,ep00,100,0,2705
sub-010271,ep00,150,0,2705
sub-010271,ep00,200,0,2705
sub-010271,ep01,3,20,258
sub-010271,ep01,5,5,1173
sub-010271,ep01,7,3,1191
sub-010271,ep01,8,2,1182
sub-010271,ep01,10,3,1197
sub-010271,ep01,20,0,1291
sub-010271,ep01,30,0,1291
sub-010271,ep01,50,0,1291
sub-010271,ep01,100,0,1291
sub-010271,ep01,150,0,1291
sub-010271,ep01,200,0,1291
sub-010271,ep02,3,2,0
sub-010271,ep02,5,2,118
sub-010271,ep02,7,3,1461
sub-010271,ep02,8,3,1467
sub-010271,ep02,10,3,1465
sub-010271,ep02,20,0,1536
sub-010271,ep02,30,0,1536
sub-010271,ep02,50,0,1536
sub-010271,ep02,100,0,1536
sub-010271,ep02,150,0,1536
sub-010271,ep02,200,0,1536
sub-010271,ep03,3,8,243
sub-010271,ep03,5,2,1070
sub-010271,ep03,7,2,1104
sub-010271,ep03,8,2,1205
sub-010271,ep03,10,2,1234
sub-010271,ep03,20,2,1251
sub-010271,ep03,30,0,1329
sub-010271,ep03,50,0,1329
sub-010271,ep03,100,0,1329
sub-010271,ep03,150,0,1329
sub-010271,ep03,200,0,1329
sub-010271,ep04,3,4,75
sub-010271,ep04,5,3,302
sub-010271,ep04,7,2,1135
sub-010271,ep04,8,2,1165
sub-010271,ep04,10,2,1162
sub-010271,ep04,20,2,1216
sub-010271,ep04,30,2,1224
sub-010271,ep04,50,0,1298
sub-010271,ep04,100,0,1298
sub-010271,ep04,150,0,1298
sub-010271,ep04,200,0,1298
sub-010271,ep05,3,2,18
sub-010271,ep05,5,4,330
sub-010271,ep05,7,2,91
sub-010271,ep05,8,2,1418
sub-010271,ep05,10,2,1386
sub-010271,ep05,20,0,1485
sub-010271,ep05,30,0,1485
sub-010271,ep05,50,0,1485
sub-010271,ep05,100,0,1485
sub-010271,ep05,150,0,1485
sub-010271,ep05,200,0,1485
sub-010271,ep06,3,3,47
sub-010271,ep06,5,2,208
sub-010271,ep06,7,3,1154
sub-010271,ep06,8,2,1173
sub-010271,ep06,10,2,1202
sub-010271,ep06,20,0,1257
sub-010271,ep06,30,0,1257
sub-010271,ep06,50,0,1257
sub-010271,ep06,100,0,1257
sub-010271,ep06,150,0,1257
sub-010271,ep06,200,0,1257
sub-010272,ep00,3,5,205
sub-010272,ep00,5,2,813
sub-010272,ep00,7,2,1314
sub-010272,ep00,8,2,1342
sub-010272,ep00,10,3,1372
sub-010272,ep00,20,0,1483
sub-010272,ep00,30,0,1483
sub-010272,ep00,50,0,1483
sub-010272,ep00,100,0,1483
sub-010272,ep00,150,0,1483
sub-010272,ep00,200,0,1483
sub-010272,ep01,3,3,241
sub-010272,ep01,5,2,1170
sub-010272,ep01,7,2,1499
sub-010272,ep01,8,2,1508
sub-010272,ep01,10,2,1534
sub-010272,ep01,20,2,1601
sub-010272,ep01,30,0,1712
sub-010272,ep01,50,0,1712
sub-010272,ep01,100,0,1712
sub-010272,ep01,150,0,1712
sub-010272,ep01,200,0,1712
sub-010272,ep02,3,7,659
sub-010272,ep02,5,2,599
sub-010272,ep02,7,2,639
sub-010272,ep02,8,3,1594
sub-010272,ep02,10,2,1577
sub-010272,ep02,20,0,1667
sub-010272,ep02,30,0,1667
sub-010272,ep02,50,0,1667
sub-010272,ep02,100,0,1667
sub-010272,ep02,150,0,1667
sub-010272,ep02,200,0,1667
sub-010272,ep03,3,3,343
sub-010272,ep03,5,2,1318
sub-010272,ep03,7,4,1498
sub-010272,ep03,8,2,1517
sub-010272,ep03,10,2,1500
sub-010272,ep03,20,0,1559
sub-010272,ep03,30,0,1559
sub-010272,ep03,50,0,1559
sub-010272,ep03,100,0,1559
sub-010272,ep03,150,0,1559
sub-010272,ep03,200,0,1559
sub-010272,ep04,3,3,276
sub-010272,ep04,5,2,1446
sub-010272,ep04,7,2,1488
sub-010272,ep04,8,2,1499
sub-010272,ep04,10,2,1516
sub-010272,ep04,20,0,1551
sub-010272,ep04,30,0,1551
sub-010272,ep04,50,0,1551
sub-010272,ep04,100,0,1551
sub-010272,ep04,150,0,1551
sub-010272,ep04,200,0,1551
sub-010272,ep05,3,4,258
sub-010272,ep05,5,2,1474
sub-010272,ep05,7,2,1686
sub-010272,ep05,8,2,1679
sub-010272,ep05,10,2,1693
sub-010272,ep05,20,0,1746
sub-010272,ep05,30,0,1746
sub-010272,ep05,50,0,1746
sub-010272,ep05,100,0,1746
sub-010272,ep05,150,0,1746
sub-010272,ep05,200,0,1746
sub-010272,ep06,3,2,217
sub-010272,ep06,5,2,965
sub-010272,ep06,7,5,1162
sub-010272,ep06,8,4,1174
sub-010272,ep06,10,3,1173
sub-010272,ep06,20,2,1199
sub-010272,ep06,30,0,1269
sub-010272,ep06,50,0,1269
sub-010272,ep06,100,0,1269
sub-010272,ep06,150,0,1269
sub-010272,ep06,200,0,1269
sub-010273,ep00,3,4,205
sub-010273,ep00,5,2,256
sub-010273,ep00,7,2,1181
sub-010273,ep00,8,2,1184
sub-010273,ep00,10,2,1171
sub-010273,ep00,20,2,1214
sub-010273,ep00,30,2,1191
sub-010273,ep00,50,2,1176
sub-010273,ep00,100,0,1373
sub-010273,ep00,150,0,1373
sub-010273,ep00,200,0,1373
sub-010273,ep01,3,2,74
sub-010273,ep01,5,3,846
sub-010273,ep01,7,2,898
sub-010273,ep01,8,2,1129
sub-010273,ep01,10,2,1245
sub-010273,ep01,20,2,1252
sub-010273,ep01,30,2,1297
sub-010273,ep01,50,2,1277
sub-010273,ep01,100,0,1446
sub-010273,ep01,150,0,1446
sub-010273,ep01,200,0,1446
sub-010273,ep02,3,2,32
sub-010273,ep02,5,4,563
sub-010273,ep02,7,2,1173
sub-010273,ep02,8,2,1233
sub-010273,ep02,10,2,1311
sub-010273,ep02,20,2,1320
sub-010273,ep02,30,2,1387
sub-010273,ep02,50,2,1340
sub-010273,ep02,100,0,1506
sub-010273,ep02,150,0,1506
sub-010273,ep02,200,0,1506
sub-010273,ep03,3,2,174
sub-010273,ep03,5,3,1108
sub-010273,ep03,7,4,1145
sub-010273,ep03,8,3,1152
sub-010273,ep03,10,2,1188
sub-010273,ep03,20,2,1209
sub-010273,ep03,30,2,1238
sub-010273,ep03,50,2,1234
sub-010273,ep03,100,0,1466
sub-010273,ep03,150,0,1466
sub-010273,ep03,200,0,1466
sub-010273,ep04,3,2,104
sub-010273,ep04,5,2,970
sub-010273,ep04,7,3,1117
sub-010273,ep04,8,2,1198
sub-010273,ep04,10,2,1300
sub-010273,ep04,20,2,1362
sub-010273,ep04,30,0,1459
sub-010273,ep04,50,0,1459
sub-010273,ep04,100,0,1459
sub-010273,ep04,150,0,1459
sub-010273,ep04,200,0,1459
sub-010273,ep05,3,2,44
sub-010273,ep05,5,8,1071
sub-010273,ep05,7,3,1205
sub-010273,ep05,8,2,1223
sub-010273,ep05,10,2,1208
sub-010273,ep05,20,2,1225
sub-010273,ep05,30,2,1247
sub-010273,ep05,50,0,1434
sub-010273,ep05,100,0,1434
sub-010273,ep05,150,0,1434
sub-010273,ep05,200,0,1434
sub-010273,ep06,3,7,396
sub-010273,ep06,5,2,821
sub-010273,ep06,7,2,923
sub-010273,ep06,8,2,935
sub-010273,ep06,10,2,1026
sub-010273,ep06,20,2,906
sub-010273,ep06,30,2,1047
sub-010273,ep06,50,2,1034
sub-010273,ep06,100,0,1264
sub-010273,ep06,150,0,1264
sub-010273,ep06,200,0,1264
sub-010274,ep00,3,8,161
sub-010274,ep00,5,2,46
sub-010274,ep00,7,4,1581
sub-010274,ep00,8,3,1617
sub-010274,ep00,10,2,1624
sub-010274,ep00,20,0,1718
sub-010274,ep00,30,0,1718
sub-010274,ep00,50,0,1718
sub-010274,ep00,100,0,1718
sub-010274,ep00,150,0,1718
sub-010274,ep00,200,0,1718
sub-010274,ep01,3,2,7
sub-010274,ep01,5,2,193
sub-010274,ep01,7,3,451
sub-010274,ep01,8,2,1554
sub-010274,ep01,10,2,1589
sub-010274,ep01,20,0,1633
sub-010274,ep01,30,0,1633
sub-010274,ep01,50,0,1633
sub-010274,ep01,100,0,1633
sub-010274,ep01,150,0,1633
sub-010274,ep01,200,0,1633
sub-010274,ep02,3,2,58
sub-010274,ep02,5,2,392
sub-010274,ep02,7,2,1406
sub-010274,ep02,8,2,1418
sub-010274,ep02,10,2,1417
sub-010274,ep02,20,2,1459
sub-010274,ep02,30,2,1480
sub-010274,ep02,50,0,1576
sub-010274,ep02,100,0,1576
sub-010274,ep02,150,0,1576
sub-010274,ep02,200,0,1576
sub-010274,ep03,3,2,30
sub-010274,ep03,5,2,1024
sub-010274,ep03,7,2,1442
sub-010274,ep03,8,3,1495
sub-010274,ep03,10,3,1517
sub-010274,ep03,20,0,1600
sub-010274,ep03,30,0,1600
sub-010274,ep03,50,0,1600
sub-010274,ep03,100,0,1600
sub-010274,ep03,150,0,1600
sub-010274,ep03,200,0,1600
sub-010274,ep04,3,4,290
sub-010274,ep04,5,2,305
sub-010274,ep04,7,3,1486
sub-010274,ep04,8,3,1472
sub-010274,ep04,10,2,1486
sub-010274,ep04,20,2,1531
sub-010274,ep04,30,0,1582
sub-010274,ep04,50,0,1582
sub-010274,ep04,100,0,1582
sub-010274,ep04,150,0,1582
sub-010274,ep04,200,0,1582
sub-010274,ep05,3,2,67
sub-010274,ep05,5,10,1476
sub-010274,ep05,7,5,1548
sub-010274,ep05,8,2,1549
sub-010274,ep05,10,2,1601
sub-010274,ep05,20,0,1647
sub-010274,ep05,30,0,1647
sub-010274,ep05,50,0,1647
sub-010274,ep05,100,0,1647
sub-010274,ep05,150,0,1647
sub-010274,ep05,200,0,1647
sub-010274,ep06,3,2,125
sub-010274,ep06,5,2,254
sub-010274,ep06,7,2,233
sub-010274,ep06,8,2,187
sub-010274,ep06,10,2,1429
sub-010274,ep06,20,0,1462
sub-010274,ep06,30,0,1462
sub-010274,ep06,50,0,1462
sub-010274,ep06,100,0,1462
sub-010274,ep06,150,0,1462
sub-010274,ep06,200,0,1462
sub-010275,ep00,3,2,77
sub-010275,ep00,5,2,1091
sub-010275,ep00,7,4,1702
sub-010275,ep00,8,2,1665
sub-010275,ep00,10,3,1714
sub-010275,ep00,20,0,1806
sub-010275,ep00,30,2,1741
sub-010275,ep00,50,0,1806
sub-010275,ep00,100,0,1806
sub-010275,ep00,150,0,1806
sub-010275,ep00,200,0,1806
sub-010275,ep01,3,3,90
sub-010275,ep01,5,5,1479
sub-010275,ep01,7,3,1546
sub-010275,ep01,8,3,1598
sub-010275,ep01,10,2,1581
sub-010275,ep01,20,0,1671
sub-010275,ep01,30,0,1671
sub-010275,ep01,50,0,1671
sub-010275,ep01,100,0,1671
sub-010275,ep01,150,0,1671
sub-010275,ep01,200,0,1671
sub-010275,ep02,3,3,250
sub-010275,ep02,5,3,1419
sub-010275,ep02,7,5,1561
sub-010275,ep02,8,2,1521
sub-010275,ep02,10,3,1579
sub-010275,ep02,20,0,1647
sub-010275,ep02,30,0,1647
sub-010275,ep02,50,0,1647
sub-010275,ep02,100,0,1647
sub-010275,ep02,150,0,1647
sub-010275,ep02,200,0,1647
sub-010275,ep03,3,2,160
sub-010275,ep03,5,3,1265
sub-010275,ep03,7,2,1479
sub-010275,ep03,8,2,1500
sub-010275,ep03,10,0,1616
sub-010275,ep03,20,0,1616
sub-010275,ep03,30,0,1616
sub-010275,ep03,50,0,1616
sub-010275,ep03,100,0,1616
sub-010275,ep03,150,0,1616
sub-010275,ep03,200,0,1616
sub-010275,ep04,3,2,132
sub-010275,ep04,5,3,1256
sub-010275,ep04,7,2,1403
sub-010275,ep04,8,2,1361
sub-010275,ep04,10,2,1528
sub-010275,ep04,20,0,1606
sub-010275,ep04,30,0,1606
sub-010275,ep04,50,0,1606
sub-010275,ep04,100,0,1606
sub-010275,ep04,150,0,1606
sub-010275,ep04,200,0,1606
sub-010275,ep05,3,2,350
sub-010275,ep05,5,4,1370
sub-010275,ep05,7,4,1575
sub-010275,ep05,8,2,1419
sub-010275,ep05,10,3,1590
sub-010275,ep05,20,2,1610
sub-010275,ep05,30,0,1723
sub-010275,ep05,50,0,1723
sub-010275,ep05,100,0,1723
sub-010275,ep05,150,0,1723
sub-010275,ep05,200,0,1723
sub-010275,ep06,3,3,405
sub-010275,ep06,5,2,1189
sub-010275,ep06,7,3,1397
sub-010275,ep06,8,4,1428
sub-010275,ep06,10,0,1535
sub-010275,ep06,20,0,1535
sub-010275,ep06,30,0,1535
sub-010275,ep06,50,0,1535
sub-010275,ep06,100,0,1535
sub-010275,ep06,150,0,1535
sub-010275,ep06,200,0,1535
sub-010283,ep00,3,5,307
sub-010283,ep00,5,2,885
sub-010283,ep00,7,5,1247
sub-010283,ep00,8,5,1253
sub-010283,ep00,10,2,1236
sub-010283,ep00,20,2,1284
sub-010283,ep00,30,2,1292
sub-010283,ep00,50,0,1364
sub-010283,ep00,100,0,1364
sub-010283,ep00,150,0,1364
sub-010283,ep00,200,0,1364
sub-010283,ep01,3,3,127
sub-010283,ep01,5,2,1139
sub-010283,ep01,7,6,1609
sub-010283,ep01,8,3,1626
sub-010283,ep01,10,3,1629
sub-010283,ep01,20,2,1666
sub-010283,ep01,30,2,1671
sub-010283,ep01,50,2,1660
sub-010283,ep01,100,0,1768
sub-010283,ep01,150,0,1768
sub-010283,ep01,200,0,1768
sub-010283,ep02,3,2,106
sub-010283,ep02,5,2,922
sub-010283,ep02,7,4,1403
sub-010283,ep02,8,2,1259
sub-010283,ep02,10,2,1490
sub-010283,ep02,20,2,1495
sub-010283,ep02,30,0,1538
sub-010283,ep02,50,0,1538
sub-010283,ep02,100,0,1538
sub-010283,ep02,150,0,1538
sub-010283,ep02,200,0,1538
sub-010283,ep03,3,5,134
sub-010283,ep03,5,3,1010
sub-010283,ep03,7,4,1280
sub-010283,ep03,8,5,1315
sub-010283,ep03,10,3,1349
sub-010283,ep03,20,2,1368
sub-010283,ep03,30,0,1434
sub-010283,ep03,50,0,1434
sub-010283,ep03,100,0,1434
sub-010283,ep03,150,0,1434
sub-010283,ep03,200,0,1434
sub-010283,ep04,3,2,125
sub-010283,ep04,5,8,1236
sub-010283,ep04,7,2,1238
sub-010283,ep04,8,5,1346
sub-010283,ep04,10,4,1360
sub-010283,ep04,20,0,1449
sub-010283,ep04,30,0,1449
sub-010283,ep04,50,0,1449
sub-010283,ep04,100,0,1449
sub-010283,ep04,150,0,1449
sub-010283,ep04,200,0,1449
sub-010283,ep05,3,3,324
sub-010283,ep05,5,10,1147
sub-010283,ep05,7,4,1183
sub-010283,ep05,8,4,1223
sub-010283,ep05,10,2,1238
sub-010283,ep05,20,2,1313
sub-010283,ep05,30,0,1379
sub-010283,ep05,50,0,1379
sub-010283,ep05,100,0,1379
sub-010283,ep05,150,0,1379
sub-010283,ep05,200,0,1379
sub-010284,ep00,3,2,350
sub-010284,ep00,5,10,1475
sub-010284,ep00,7,6,1525
sub-010284,ep00,8,5,1546
sub-010284,ep00,10,2,1545
sub-010284,ep00,20,2,1599
sub-010284,ep00,30,0,1660
sub-010284,ep00,50,0,1660
sub-010284,ep00,100,0,1660
sub-010284,ep00,150,0,1660
sub-010284,ep00,200,0,1660
sub-010284,ep01,3,2,153
sub-010284,ep01,5,5,1539
sub-010284,ep01,7,4,1674
sub-010284,ep01,8,2,1646
sub-010284,ep01,10,2,1708
sub-010284,ep01,20,2,1733
sub-010284,ep01,30,0,1821
sub-010284,ep01,50,0,1821
sub-010284,ep01,100,0,1821
sub-010284,ep01,150,0,1821
sub-010284,ep01,200,0,1821
sub-010284,ep02,3,2,118
sub-010284,ep02,5,2,985
sub-010284,ep02,7,6,1399
sub-010284,ep02,8,3,1419
sub-010284,ep02,10,3,1408
sub-010284,ep02,20,0,1493
sub-010284,ep02,30,0,1493
sub-010284,ep02,50,0,1493
sub-010284,ep02,100,0,1493
sub-010284,ep02,150,0,1493
sub-010284,ep02,200,0,1493
sub-010284,ep03,3,2,100
sub-010284,ep03,5,9,1485
sub-010284,ep03,7,2,1497
sub-010284,ep03,8,2,1491
sub-010284,ep03,10,2,1474
sub-010284,ep03,20,2,1572
sub-010284,ep03,30,2,1520
sub-010284,ep03,50,0,1645
sub-010284,ep03,100,0,1645
sub-010284,ep03,150,0,1645
sub-010284,ep03,200,0,1645
sub-010284,ep04,3,3,57
sub-010284,ep04,5,2,1227
sub-010284,ep04,7,4,2026
sub-010284,ep04,8,2,2013
sub-010284,ep04,10,3,2038
sub-010284,ep04,20,2,2103
sub-010284,ep04,30,0,2166
sub-010284,ep04,50,0,2166
sub-010284,ep04,100,0,2166
sub-010284,ep04,150,0,2166
sub-010284,ep04,200,0,2166
sub-010284,ep05,3,2,56
sub-010284,ep05,5,3,1195
sub-010284,ep05,7,5,1397
sub-010284,ep05,8,3,1415
sub-010284,ep05,10,3,1420
sub-010284,ep05,20,0,1491
sub-010284,ep05,30,0,1491
sub-010284,ep05,50,0,1491
sub-010284,ep05,100,0,1491
sub-010284,ep05,150,0,1491
sub-010284,ep05,200,0,1491
sub-010284,ep06,3,2,58
sub-010284,ep06,5,2,795
sub-010284,ep06,7,5,1315
sub-010284,ep06,8,3,1304
sub-010284,ep06,10,2,1333
sub-010284,ep06,20,0,1399
sub-010284,ep06,30,0,1399
sub-010284,ep06,50,0,1399
sub-010284,ep06,100,0,1399
sub-010284,ep06,150,0,1399
sub-010284,ep06,200,0,1399
sub-010286,ep00,3,6,218
sub-010286,ep00,5,2,273
sub-010286,ep00,7,2,1041
sub-010286,ep00,8,2,1078
sub-010286,ep00,10,0,1403
sub-010286,ep00,20,0,1403
sub-010286,ep00,30,0,1403
sub-010286,ep00,50,0,1403
sub-010286,ep00,100,0,1403
sub-010286,ep00,150,0,1403
sub-010286,ep00,200,0,1403
sub-010286,ep01,3,20,647
sub-010286,ep01,5,2,685
sub-010286,ep01,7,2,418
sub-010286,ep01,8,2,1303
sub-010286,ep01,10,2,1312
sub-010286,ep01,20,0,1442
sub-010286,ep01,30,0,1442
sub-010286,ep01,50,0,1442
sub-010286,ep01,100,0,1442
sub-010286,ep01,150,0,1442
sub-010286,ep01,200,0,1442
sub-010286,ep02,3,3,133
sub-010286,ep02,5,2,2912
sub-010286,ep02,7,2,3017
sub-010286,ep02,8,3,3054
sub-010286,ep02,10,3,3084
sub-010286,ep02,20,2,3086
sub-010286,ep02,30,0,3188
sub-010286,ep02,50,0,3188
sub-010286,ep02,100,0,3188
sub-010286,ep02,150,0,3188
sub-010286,ep02,200,0,3188
sub-010286,ep03,3,2,30
sub-010286,ep03,5,2,1199
sub-010286,ep03,7,2,1322
sub-010286,ep03,8,2,1276
sub-010286,ep03,10,2,1300
sub-010286,ep03,20,2,1423
sub-010286,ep03,30,0,1490
sub-010286,ep03,50,0,1490
sub-010286,ep03,100,0,1490
sub-010286,ep03,150,0,1490
sub-010286,ep03,200,0,1490
sub-010286,ep04,3,2,67
sub-010286,ep04,5,3,1209
sub-010286,ep04,7,2,1961
sub-010286,ep04,8,2,1990
sub-010286,ep04,10,2,1970
sub-010286,ep04,20,0,2015
sub-010286,ep04,30,0,2015
sub-010286,ep04,50,0,2015
sub-010286,ep04,100,0,2015
sub-010286,ep04,150,0,2015
sub-010286,ep04,200,0,2015
sub-010286,ep05,3,7,319
sub-010286,ep05,5,2,675
sub-010286,ep05,7,3,1956
sub-010286,ep05,8,3,1965
sub-010286,ep05,10,2,1979
sub-010286,ep05,20,0,2015
sub-010286,ep05,30,0,2015
sub-010286,ep05,50,0,2015
sub-010286,ep05,100,0,2015
sub-010286,ep05,150,0,2015
sub-010286,ep05,200,0,2015
sub-010286,ep06,3,4,196
sub-010286,ep06,5,3,1249
sub-010286,ep06,7,2,1336
sub-010286,ep06,8,2,1348
sub-010286,ep06,10,2,1356
sub-010286,ep06,20,0,1410
sub-010286,ep06,30,0,1410
sub-010286,ep06,50,0,1410
sub-010286,ep06,100,0,1410
sub-010286,ep06,150,0,1410
sub-010286,ep06,200,0,1410
sub-010287,ep00,3,6,190
sub-010287,ep00,5,2,632
sub-010287,ep00,7,2,1385
sub-010287,ep00,8,3,1401
sub-010287,ep00,10,2,1397
sub-010287,ep00,20,2,1411
sub-010287,ep00,30,0,1451
sub-010287,ep00,50,0,1451
sub-010287,ep00,100,0,1451
sub-010287,ep00,150,0,1451
sub-010287,ep00,200,0,1451
sub-010287,ep01,3,4,166
sub-010287,ep01,5,2,1169
sub-010287,ep01,7,2,1271
sub-010287,ep01,8,2,1306
sub-010287,ep01,10,2,1324
sub-010287,ep01,20,0,1417
sub-010287,ep01,30,0,1417
sub-010287,ep01,50,0,1417
sub-010287,ep01,100,0,1417
sub-010287,ep01,150,0,1417
sub-010287,ep01,200,0,1417
sub-010287,ep02,3,3,180
sub-010287,ep02,5,2,1241
sub-010287,ep02,7,2,1329
sub-010287,ep02,8,2,1309
sub-010287,ep02,10,0,1361
sub-010287,ep02,20,0,1361
sub-010287,ep02,30,0,1361
sub-010287,ep02,50,0,1361
sub-010287,ep02,100,0,1361
sub-010287,ep02,150,0,1361
sub-010287,ep02,200,0,1361
sub-010287,ep03,3,11,556
sub-010287,ep03,5,2,259
sub-010287,ep03,7,2,1143
sub-010287,ep03,8,2,1239
sub-010287,ep03,10,2,1294
sub-010287,ep03,20,0,1343
sub-010287,ep03,30,0,1343
sub-010287,ep03,50,0,1343
sub-010287,ep03,100,0,1343
sub-010287,ep03,150,0,1343
sub-010287,ep03,200,0,1343
sub-010287,ep04,3,2,428
sub-010287,ep04,5,2,1100
sub-010287,ep04,7,3,1245
sub-010287,ep04,8,2,1278
sub-010287,ep04,10,0,1376
sub-010287,ep04,20,0,1376
sub-010287,ep04,30,0,1376
sub-010287,ep04,50,0,1376
sub-010287,ep04,100,0,1376
sub-010287,ep04,150,0,1376
sub-010287,ep04,200,0,1376
sub-010287,ep05,3,3,105
sub-010287,ep05,5,2,1072
sub-010287,ep05,7,2,1259
sub-010287,ep05,8,2,1240
sub-010287,ep05,10,2,1316
sub-010287,ep05,20,0,1351
sub-010287,ep05,30,0,1351
sub-010287,ep05,50,0,1351
sub-010287,ep05,100,0,1351
sub-010287,ep05,150,0,1351
sub-010287,ep05,200,0,1351
sub-010287,ep06,3,4,215
sub-010287,ep06,5,2,860
sub-010287,ep06,7,5,1110
sub-010287,ep06,8,3,1086
sub-010287,ep06,10,2,1138
sub-010287,ep06,20,2,1175
sub-010287,ep06,30,0,1222
sub-010287,ep06,50,0,1222
sub-010287,ep06,100,0,1222
sub-010287,ep06,150,0,1222
sub-010287,ep06,200,0,1222
sub-010288,ep00,3,5,231
sub-010288,ep00,5,2,1141
sub-010288,ep00,7,3,1515
sub-010288,ep00,8,3,1507
sub-010288,ep00,10,2,1530
sub-010288,ep00,20,2,1566
sub-010288,ep00,30,0,1621
sub-010288,ep00,50,0,1621
sub-010288,ep00,100,0,1621
sub-010288,ep00,150,0,1621
sub-010288,ep00,200,0,1621
sub-010288,ep01,3,2,159
sub-010288,ep01,5,8,1457
sub-010288,ep01,7,3,1495
sub-010288,ep01,8,2,1499
sub-010288,ep01,10,2,1528
sub-010288,ep01,20,0,1617
sub-010288,ep01,30,0,1617
sub-010288,ep01,50,0,1617
sub-010288,ep01,100,0,1617
sub-010288,ep01,150,0,1617
sub-010288,ep01,200,0,1617
sub-010288,ep02,3,4,414
sub-010288,ep02,5,2,1035
sub-010288,ep02,7,2,1618
sub-010288,ep02,8,3,1653
sub-010288,ep02,10,2,1709
sub-010288,ep02,20,2,1690
sub-010288,ep02,30,2,1714
sub-010288,ep02,50,0,1792
sub-010288,ep02,100,0,1792
sub-010288,ep02,150,0,1792
sub-010288,ep02,200,0,1792
sub-010288,ep03,3,2,30
sub-010288,ep03,5,2,1329
sub-010288,ep03,7,2,1376
sub-010288,ep03,8,4,1482
sub-010288,ep03,10,3,1485
sub-010288,ep03,20,0,1559
sub-010288,ep03,30,0,1559
sub-010288,ep03,50,0,1559
sub-010288,ep03,100,0,1559
sub-010288,ep03,150,0,1559
sub-010288,ep03,200,0,1559
sub-010288,ep04,3,3,245
sub-010288,ep04,5,2,1186
sub-010288,ep04,7,2,1491
sub-010288,ep04,8,2,1462
sub-010288,ep04,10,2,1524
sub-010288,ep04,20,2,1560
sub-010288,ep04,30,2,1562
sub-010288,ep04,50,0,1679
sub-010288,ep04,100,0,1679
sub-010288,ep04,150,0,1679
sub-010288,ep04,200,0,1679
sub-010288,ep05,3,2,106
sub-010288,ep05,5,3,1317
sub-010288,ep05,7,3,1555
sub-010288,ep05,8,2,1545
sub-010288,ep05,10,2,1546
sub-010288,ep05,20,2,1605
sub-010288,ep05,30,0,1731
sub-010288,ep05,50,0,1731
sub-010288,ep05,100,0,1731
sub-010288,ep05,150,0,1731
sub-010288,ep05,200,0,1731
sub-010288,ep06,3,3,220
sub-010288,ep06,5,2,1273
sub-010288,ep06,7,3,1405
sub-010288,ep06,8,3,1415
sub-010288,ep06,10,3,1451
sub-010288,ep06,20,0,1519
sub-010288,ep06,30,0,1519
sub-010288,ep06,50,0,1519
sub-010288,ep06,100,0,1519
sub-010288,ep06,150,0,1519
sub-010288,ep06,200,0,1519
sub-010289,ep00,3,4,141
sub-010289,ep00,5,4,801
sub-010289,ep00,7,2,1108
sub-010289,ep00,8,2,1542
sub-010289,ep00,10,2,1509
sub-010289,ep00,20,0,1627
sub-010289,ep00,30,0,1627
sub-010289,ep00,50,0,1627
sub-010289,ep00,100,0,1627
sub-010289,ep00,150,0,1627
sub-010289,ep00,200,0,1627
sub-010289,ep01,3,4,166
sub-010289,ep01,5,2,418
sub-010289,ep01,7,2,1739
sub-010289,ep01,8,2,1767
sub-010289,ep01,10,2,1788
sub-010289,ep01,20,2,1768
sub-010289,ep01,30,0,1877
sub-010289,ep01,50,0,1877
sub-010289,ep01,100,0,1877
sub-010289,ep01,150,0,1877
sub-010289,ep01,200,0,1877
sub-010289,ep02,3,8,293
sub-010289,ep02,5,2,250
sub-010289,ep02,7,2,1860
sub-010289,ep02,8,2,1856
sub-010289,ep02,10,2,1864
sub-010289,ep02,20,2,1921
sub-010289,ep02,30,2,1891
sub-010289,ep02,50,2,1930
sub-010289,ep02,100,0,2116
sub-010289,ep02,150,0,2116
sub-010289,ep02,200,0,2116
sub-010289,ep03,3,3,199
sub-010289,ep03,5,2,531
sub-010289,ep03,7,2,1887
sub-010289,ep03,8,2,1936
sub-010289,ep03,10,2,2011
sub-010289,ep03,20,2,1957
sub-010289,ep03,30,2,1945
sub-010289,ep03,50,2,1941
sub-010289,ep03,100,0,2190
sub-010289,ep03,150,0,2190
sub-010289,ep03,200,0,2190
sub-010289,ep04,3,4,98
sub-010289,ep04,5,2,489
sub-010289,ep04,7,3,1099
sub-010289,ep04,8,2,1037
sub-010289,ep04,10,2,1052
sub-010289,ep04,20,2,1137
sub-010289,ep04,30,2,1167
sub-010289,ep04,50,0,1327
sub-010289,ep04,100,0,1327
sub-010289,ep04,150,0,1327
sub-010289,ep04,200,0,1327
sub-010289,ep05,3,4,88
sub-010289,ep05,5,2,108
sub-010289,ep05,7,3,1419
sub-010289,ep05,8,2,1464
sub-010289,ep05,10,2,1465
sub-010289,ep05,20,2,1426
sub-010289,ep05,30,2,1417
sub-010289,ep05,50,0,1595
sub-010289,ep05,100,0,1595
sub-010289,ep05,150,0,1595
sub-010289,ep05,200,0,1595
sub-010289,ep06,3,4,167
sub-010289,ep06,5,2,387
sub-010289,ep06,7,2,1071
sub-010289,ep06,8,2,1100
sub-010289,ep06,10,2,1131
sub-010289,ep06,20,2,1121
sub-010289,ep06,30,0,1188
sub-010289,ep06,50,0,1188
sub-010289,ep06,100,0,1188
sub-010289,ep06,150,0,1188
sub-010289,ep06,200,0,1188
sub-010290,ep00,3,13,602
sub-010290,ep00,5,4,1595
sub-010290,ep00,7,2,1585
sub-010290,ep00,8,2,1619
sub-010290,ep00,10,2,1655
sub-010290,ep00,20,0,1857
sub-010290,ep00,30,0,1857
sub-010290,ep00,50,0,1857
sub-010290,ep00,100,0,1857
sub-010290,ep00,150,0,1857
sub-010290,ep00,200,0,1857
sub-010290,ep01,3,3,324
sub-010290,ep01,5,6,1330
sub-010290,ep01,7,2,1352
sub-010290,ep01,8,2,1325
sub-010290,ep01,10,2,1373
sub-010290,ep01,20,2,1355
sub-010290,ep01,30,0,1429
sub-010290,ep01,50,0,1429
sub-010290,ep01,100,0,1429
sub-010290,ep01,150,0,1429
sub-010290,ep01,200,0,1429
sub-010290,ep02,3,3,147
sub-010290,ep02,5,2,486
sub-010290,ep02,7,2,1291
sub-010290,ep02,8,2,1289
sub-010290,ep02,10,2,1296
sub-010290,ep02,20,2,1323
sub-010290,ep02,30,0,1369
sub-010290,ep02,50,0,1369
sub-010290,ep02,100,0,1369
sub-010290,ep02,150,0,1369
sub-010290,ep02,200,0,1369
sub-010290,ep03,3,3,75
sub-010290,ep03,5,6,1309
sub-010290,ep03,7,3,1312
sub-010290,ep03,8,2,1327
sub-010290,ep03,10,2,1334
sub-010290,ep03,20,2,1373
sub-010290,ep03,30,0,1425
sub-010290,ep03,50,0,1425
sub-010290,ep03,100,0,1425
sub-010290,ep03,150,0,1425
sub-010290,ep03,200,0,1425
sub-010290,ep04,3,2,62
sub-010290,ep04,5,3,1136
sub-010290,ep04,7,2,1321
sub-010290,ep04,8,2,1342
sub-010290,ep04,10,2,1385
sub-010290,ep04,20,2,1391
sub-010290,ep04,30,0,1442
sub-010290,ep04,50,0,1442
sub-010290,ep04,100,0,1442
sub-010290,ep04,150,0,1442
sub-010290,ep04,200,0,1442
sub-010290,ep05,3,2,109
sub-010290,ep05,5,2,513
sub-010290,ep05,7,2,1321
sub-010290,ep05,8,2,1339
sub-010290,ep05,10,2,1329
sub-010290,ep05,20,0,1374
sub-010290,ep05,30,0,1374
sub-010290,ep05,50,0,1374
sub-010290,ep05,100,0,1374
sub-010290,ep05,150,0,1374
sub-010290,ep05,200,0,1374
sub-010290,ep06,3,21,744
sub-010290,ep06,5,2,1137
sub-010290,ep06,7,2,1275
sub-010290,ep06,8,2,1314
sub-010290,ep06,10,0,1345
sub-010290,ep06,20,0,1345
sub-010290,ep06,30,0,1345
sub-010290,ep06,50,0,1345
sub-010290,ep06,100,0,1345
sub-010290,ep06,150,0,1345
sub-010290,ep06,200,0,1345
sub-010291,ep00,3,2,141
sub-010291,ep00,5,4,1281
sub-010291,ep00,7,4,1479
sub-010291,ep00,8,3,1453
sub-010291,ep00,10,2,1508
sub-010291,ep00,20,0,1591
sub-010291,ep00,30,0,1591
sub-010291,ep00,50,0,1591
sub-010291,ep00,100,0,1591
sub-010291,ep00,150,0,1591
sub-010291,ep00,200,0,1591
sub-010291,ep01,3,2,58
sub-010291,ep01,5,7,1313
sub-010291,ep01,7,3,1302
sub-010291,ep01,8,3,1340
sub-010291,ep01,10,2,1372
sub-010291,ep01,20,2,1412
sub-010291,ep01,30,0,1490
sub-010291,ep01,50,0,1490
sub-010291,ep01,100,0,1490
sub-010291,ep01,150,0,1490
sub-010291,ep01,200,0,1490
sub-010291,ep02,3,3,388
sub-010291,ep02,5,10,1779
sub-010291,ep02,7,5,1819
sub-010291,ep02,8,6,1854
sub-010291,ep02,10,2,1885
sub-010291,ep02,20,0,1970
sub-010291,ep02,30,0,1970
sub-010291,ep02,50,0,1970
sub-010291,ep02,100,0,1970
sub-010291,ep02,150,0,1970
sub-010291,ep02,200,0,1970
sub-010291,ep03,3,2,220
sub-010291,ep03,5,5,1318
sub-010291,ep03,7,3,1466
sub-010291,ep03,8,2,1465
sub-010291,ep03,10,3,1492
sub-010291,ep03,20,0,1582
sub-010291,ep03,30,0,1582
sub-010291,ep03,50,0,1582
sub-010291,ep03,100,0,1582
sub-010291,ep03,150,0,1582
sub-010291,ep03,200,0,1582
sub-010291,ep04,3,2,113
sub-010291,ep04,5,2,1199
sub-010291,ep04,7,4,1404
sub-010291,ep04,8,4,1421
sub-010291,ep04,10,2,1472
sub-010291,ep04,20,0,1507
sub-010291,ep04,30,0,1507
sub-010291,ep04,50,0,1507
sub-010291,ep04,100,0,1507
sub-010291,ep04,150,0,1507
sub-010291,ep04,200,0,1507
sub-010291,ep05,3,2,459
sub-010291,ep05,5,2,713
sub-010291,ep05,7,4,1489
sub-010291,ep05,8,4,1481
sub-010291,ep05,10,2,1423
sub-010291,ep05,20,0,1598
sub-010291,ep05,30,0,1598
sub-010291,ep05,50,0,1598
sub-010291,ep05,100,0,1598
sub-010291,ep05,150,0,1598
sub-010291,ep05,200,0,1598
sub-010291,ep06,3,4,69
sub-010291,ep06,5,2,685
sub-010291,ep06,7,2,1077
sub-010291,ep06,8,2,1301
sub-010291,ep06,10,2,1346
sub-010291,ep06,20,2,1289
sub-010291,ep06,30,0,1399
sub-010291,ep06,50,0,1399
sub-010291,ep06,100,0,1399
sub-010291,ep06,150,0,1399
sub-010291,ep06,200,0,1399
sub-010292,ep00,3,6,90
sub-010292,ep00,5,2,1013
sub-010292,ep00,7,2,1204
sub-010292,ep00,8,2,1249
sub-010292,ep00,10,2,1273
sub-010292,ep00,20,2,1328
sub-010292,ep00,30,0,1397
sub-010292,ep00,50,0,1397
sub-010292,ep00,100,0,1397
sub-010292,ep00,150,0,1397
sub-010292,ep00,200,0,1397
sub-010292,ep01,3,2,80
sub-010292,ep01,5,2,598
sub-010292,ep01,7,2,1131
sub-010292,ep01,8,3,1251
sub-010292,ep01,10,2,1209
sub-010292,ep01,20,2,1288
sub-010292,ep01,30,0,1339
sub-010292,ep01,50,0,1339
sub-010292,ep01,100,0,1339
sub-010292,ep01,150,0,1339
sub-010292,ep01,200,0,1339
sub-010292,ep02,3,2,125
sub-010292,ep02,5,2,198
sub-010292,ep02,7,5,2020
sub-010292,ep02,8,3,1967
sub-010292,ep02,10,3,2016
sub-010292,ep02,20,0,2107
sub-010292,ep02,30,0,2107
sub-010292,ep02,50,0,2107
sub-010292,ep02,100,0,2107
sub-010292,ep02,150,0,2107
sub-010292,ep02,200,0,2107
sub-010292,ep03,3,4,129
sub-010292,ep03,5,2,219
sub-010292,ep03,7,3,1270
sub-010292,ep03,8,3,1269
sub-010292,ep03,10,3,1298
sub-010292,ep03,20,2,1294
sub-010292,ep03,30,2,1301
sub-010292,ep03,50,0,1390
sub-010292,ep03,100,0,1390
sub-010292,ep03,150,0,1390
sub-010292,ep03,200,0,1390
sub-010292,ep04,3,2,26
sub-010292,ep04,5,2,1073
sub-010292,ep04,7,3,1409
sub-010292,ep04,8,2,1407
sub-010292,ep04,10,2,1425
sub-010292,ep04,20,2,1449
sub-010292,ep04,30,0,1555
sub-010292,ep04,50,0,1555
sub-010292,ep04,100,0,1555
sub-010292,ep04,150,0,1555
sub-010292,ep04,200,0,1555
sub-010292,ep05,3,2,3
sub-010292,ep05,5,2,1177
sub-010292,ep05,7,3,1244
sub-010292,ep05,8,3,1234
sub-010292,ep05,10,2,1267
sub-010292,ep05,20,2,1271
sub-010292,ep05,30,0,1337
sub-010292,ep05,50,0,1337
sub-010292,ep05,100,0,1337
sub-010292,ep05,150,0,1337
sub-010292,ep05,200,0,1337
sub-010292,ep06,3,6,328
sub-010292,ep06,5,2,930
sub-010292,ep06,7,3,1163
sub-010292,ep06,8,2,1051
sub-010292,ep06,10,2,1095
sub-010292,ep06,20,2,1160
sub-010292,ep06,30,2,1150
sub-010292,ep06,50,0,1283
sub-010292,ep06,100,0,1283
sub-010292,ep06,150,0,1283
sub-010292,ep06,200,0,1283
sub-010294,ep00,3,4,217
sub-010294,ep00,5,6,1107
sub-010294,ep00,7,3,1078
sub-010294,ep00,8,3,1079
sub-010294,ep00,10,3,1120
sub-010294,ep00,20,2,1178
sub-010294,ep00,30,2,1191
sub-010294,ep00,50,2,1066
sub-010294,ep00,100,0,1454
sub-010294,ep00,150,0,1454
sub-010294,ep00,200,0,1454
sub-010294,ep01,3,2,39
sub-010294,ep01,5,2,336
sub-010294,ep01,7,3,741
sub-010294,ep01,8,2,1301
sub-010294,ep01,10,2,1335
sub-010294,ep01,20,2,1356
sub-010294,ep01,30,0,1456
sub-010294,ep01,50,0,1456
sub-010294,ep01,100,0,1456
sub-010294,ep01,150,0,1456
sub-010294,ep01,200,0,1456
sub-010294,ep02,3,4,165
sub-010294,ep02,5,2,692
sub-010294,ep02,7,2,1039
sub-010294,ep02,8,2,1068
sub-010294,ep02,10,3,1167
sub-010294,ep02,20,2,1235
sub-010294,ep02,30,2,1243
sub-010294,ep02,50,0,1406
sub-010294,ep02,100,0,1406
sub-010294,ep02,150,0,1406
sub-010294,ep02,200,0,1406
sub-010294,ep03,3,3,68
sub-010294,ep03,5,2,467
sub-010294,ep03,7,2,1061
sub-010294,ep03,8,2,1065
sub-010294,ep03,10,2,1492
sub-010294,ep03,20,2,1492
sub-010294,ep03,30,0,1619
sub-010294,ep03,50,0,1619
sub-010294,ep03,100,0,1619
sub-010294,ep03,150,0,1619
sub-010294,ep03,200,0,1619
sub-010294,ep04,3,5,114
sub-010294,ep04,5,2,587
sub-010294,ep04,7,2,1338
sub-010294,ep04,8,2,1321
sub-010294,ep04,10,2,1346
sub-010294,ep04,20,2,1376
sub-010294,ep04,30,0,1472
sub-010294,ep04,50,0,1472
sub-010294,ep04,100,0,1472
sub-010294,ep04,150,0,1472
sub-010294,ep04,200,0,1472
sub-010294,ep05,3,10,371
sub-010294,ep05,5,2,360
sub-010294,ep05,7,3,1524
sub-010294,ep05,8,2,1544
sub-010294,ep05,10,2,1526
sub-010294,ep05,20,2,1528
sub-010294,ep05,30,0,1689
sub-010294,ep05,50,0,1689
sub-010294,ep05,100,0,1689
sub-010294,ep05,150,0,1689
sub-010294,ep05,200,0,1689
sub-010294,ep06,3,7,170
sub-010294,ep06,5,3,1151
sub-010294,ep06,7,2,1178
sub-010294,ep06,8,2,1201
sub-010294,ep06,10,2,1213
sub-010294,ep06,20,0,1276
sub-010294,ep06,30,0,1276
sub-010294,ep06,50,0,1276
sub-010294,ep06,100,0,1276
sub-010294,ep06,150,0,1276
sub-010294,ep06,200,0,1276
sub-010295,ep00,3,2,8
sub-010295,ep00,5,2,942
sub-010295,ep00,7,2,1236
sub-010295,ep00,8,2,1245
sub-010295,ep00,10,2,1255
sub-010295,ep00,20,2,1276
sub-010295,ep00,30,0,1357
sub-010295,ep00,50,0,1357
sub-010295,ep00,100,0,1357
sub-010295,ep00,150,0,1357
sub-010295,ep00,200,0,1357
sub-010295,ep01,3,3,192
sub-010295,ep01,5,2,745
sub-010295,ep01,7,5,1276
sub-010295,ep01,8,3,1300
sub-010295,ep01,10,3,1290
sub-010295,ep01,20,0,1366
sub-010295,ep01,30,0,1366
sub-010295,ep01,50,0,1366
sub-010295,ep01,100,0,1366
sub-010295,ep01,150,0,1366
sub-010295,ep01,200,0,1366
sub-010295,ep02,3,4,220
sub-010295,ep02,5,3,793
sub-010295,ep02,7,2,1232
sub-010295,ep02,8,2,1238
sub-010295,ep02,10,2,1385
sub-010295,ep02,20,0,1429
sub-010295,ep02,30,0,1429
sub-010295,ep02,50,0,1429
sub-010295,ep02,100,0,1429
sub-010295,ep02,150,0,1429
sub-010295,ep02,200,0,1429
sub-010295,ep03,3,4,197
sub-010295,ep03,5,2,1218
sub-010295,ep03,7,4,1582
sub-010295,ep03,8,3,1567
sub-010295,ep03,10,2,1576
sub-010295,ep03,20,2,1586
sub-010295,ep03,30,2,1580
sub-010295,ep03,50,0,1666
sub-010295,ep03,100,0,1666
sub-010295,ep03,150,0,1666
sub-010295,ep03,200,0,1666
sub-010295,ep04,3,2,222
sub-010295,ep04,5,2,909
sub-010295,ep04,7,6,1272
sub-010295,ep04,8,3,1205
sub-010295,ep04,10,2,1279
sub-010295,ep04,20,2,1294
sub-010295,ep04,30,2,1284
sub-010295,ep04,50,0,1424
sub-010295,ep04,100,0,1424
sub-010295,ep04,150,0,1424
sub-010295,ep04,200,0,1424
sub-010295,ep05,3,2,93
sub-010295,ep05,5,2,1085
sub-010295,ep05,7,2,1153
sub-010295,ep05,8,2,1357
sub-010295,ep05,10,2,1391
sub-010295,ep05,20,2,1380
sub-010295,ep05,30,2,1362
sub-010295,ep05,50,2,1246
sub-010295,ep05,100,0,1562
sub-010295,ep05,150,0,1562
sub-010295,ep05,200,0,1562
sub-010295,ep06,3,5,162
sub-010295,ep06,5,2,349
sub-010295,ep06,7,3,960
sub-010295,ep06,8,3,986
sub-010295,ep06,10,2,1022
sub-010295,ep06,20,2,1031
sub-010295,ep06,30,2,1029
sub-010295,ep06,50,0,1202
sub-010295,ep06,100,0,1202
sub-010295,ep06,150,0,1202
sub-010295,ep06,200,0,1202
sub-010296,ep00,3,2,219
sub-010296,ep00,5,9,1235
sub-010296,ep00,7,4,1324
sub-010296,ep00,8,2,1337
sub-010296,ep00,10,2,1350
sub-010296,ep00,20,0,1410
sub-010296,ep00,30,0,1410
sub-010296,ep00,50,0,1410
sub-010296,ep00,100,0,1410
sub-010296,ep00,150,0,1410
sub-010296,ep00,200,0,1410
sub-010296,ep01,3,3,90
sub-010296,ep01,5,5,1159
sub-010296,ep01,7,2,1043
sub-010296,ep01,8,2,1813
sub-010296,ep01,10,2,1816
sub-010296,ep01,20,0,1872
sub-010296,ep01,30,0,1872
sub-010296,ep01,50,0,1872
sub-010296,ep01,100,0,1872
sub-010296,ep01,150,0,1872
sub-010296,ep01,200,0,1872
sub-010296,ep02,3,32,833
sub-010296,ep02,5,5,880
sub-010296,ep02,7,2,812
sub-010296,ep02,8,2,1886
sub-010296,ep02,10,2,1937
sub-010296,ep02,20,0,2037
sub-010296,ep02,30,0,2037
sub-010296,ep02,50,0,2037
sub-010296,ep02,100,0,2037
sub-010296,ep02,150,0,2037
sub-010296,ep02,200,0,2037
sub-010296,ep03,3,2,81
sub-010296,ep03,5,4,1610
sub-010296,ep03,7,3,1644
sub-010296,ep03,8,2,1642
sub-010296,ep03,10,2,1682
sub-010296,ep03,20,2,1709
sub-010296,ep03,30,0,1761
sub-010296,ep03,50,0,1761
sub-010296,ep03,100,0,1761
sub-010296,ep03,150,0,1761
sub-010296,ep03,200,0,1761
sub-010296,ep04,3,2,20
sub-010296,ep04,5,2,1284
sub-010296,ep04,7,4,1402
sub-010296,ep04,8,2,1402
sub-010296,ep04,10,4,1426
sub-010296,ep04,20,0,1497
sub-010296,ep04,30,0,1497
sub-010296,ep04,50,0,1497
sub-010296,ep04,100,0,1497
sub-010296,ep04,150,0,1497
sub-010296,ep04,200,0,1497
sub-010296,ep05,3,2,83
sub-010296,ep05,5,3,944
sub-010296,ep05,7,3,1611
sub-010296,ep05,8,3,1642
sub-010296,ep05,10,2,1675
sub-010296,ep05,20,0,1743
sub-010296,ep05,30,0,1743
sub-010296,ep05,50,0,1743
sub-010296,ep05,100,0,1743
sub-010296,ep05,150,0,1743
sub-010296,ep05,200,0,1743
sub-010296,ep06,3,3,170
sub-010296,ep06,5,2,607
sub-010296,ep06,7,2,1354
sub-010296,ep06,8,2,1273
sub-010296,ep06,10,0,1369
sub-010296,ep06,20,0,1369
sub-010296,ep06,30,0,1369
sub-010296,ep06,50,0,1369
sub-010296,ep06,100,0,1369
sub-010296,ep06,150,0,1369
sub-010296,ep06,200,0,1369
sub-010297,ep00,3,3,239
sub-010297,ep00,5,5,1075
sub-010297,ep00,7,2,1180
sub-010297,ep00,8,2,1212
sub-010297,ep00,10,2,1204
sub-010297,ep00,20,2,1224
sub-010297,ep00,30,2,1259
sub-010297,ep00,50,2,1211
sub-010297,ep00,100,0,1348
sub-010297,ep00,150,0,1348
sub-010297,ep00,200,0,1348
sub-010297,ep01,3,3,162
sub-010297,ep01,5,2,1032
sub-010297,ep01,7,2,1161
sub-010297,ep01,8,2,1145
sub-010297,ep01,10,2,1210
sub-010297,ep01,20,2,1250
sub-010297,ep01,30,2,1200
sub-010297,ep01,50,2,1193
sub-010297,ep01,100,0,1349
sub-010297,ep01,150,0,1349
sub-010297,ep01,200,0,1349
sub-010297,ep02,3,3,207
sub-010297,ep02,5,5,1105
sub-010297,ep02,7,2,1110
sub-010297,ep02,8,2,1155
sub-010297,ep02,10,2,1210
sub-010297,ep02,20,2,1239
sub-010297,ep02,30,0,1317
sub-010297,ep02,50,0,1317
sub-010297,ep02,100,0,1317
sub-010297,ep02,150,0,1317
sub-010297,ep02,200,0,1317
sub-010297,ep03,3,2,89
sub-010297,ep03,5,4,1016
sub-010297,ep03,7,2,1250
sub-010297,ep03,8,2,1268
sub-010297,ep03,10,2,1200
sub-010297,ep03,20,0,1307
sub-010297,ep03,30,0,1307
sub-010297,ep03,50,0,1307
sub-010297,ep03,100,0,1307
sub-010297,ep03,150,0,1307
sub-010297,ep03,200,0,1307
sub-010297,ep04,3,2,44
sub-010297,ep04,5,2,990
sub-010297,ep04,7,2,1195
sub-010297,ep04,8,2,1199
sub-010297,ep04,10,2,1184
sub-010297,ep04,20,2,1205
sub-010297,ep04,30,0,1254
sub-010297,ep04,50,0,1254
sub-010297,ep04,100,0,1254
sub-010297,ep04,150,0,1254
sub-010297,ep04,200,0,1254
sub-010297,ep05,3,2,331
sub-010297,ep05,5,3,995
sub-010297,ep05,7,3,1079
sub-010297,ep05,8,2,1044
sub-010297,ep05,10,2,1103
sub-010297,ep05,20,2,1128
sub-010297,ep05,30,2,1149
sub-010297,ep05,50,0,1248
sub-010297,ep05,100,0,1248
sub-010297,ep05,150,0,1248
sub-010297,ep05,200,0,1248
sub-010297,ep06,3,2,0
sub-010297,ep06,5,8,1067
sub-010297,ep06,7,2,1029
sub-010297,ep06,8,2,1049
sub-010297,ep06,10,2,1115
sub-010297,ep06,20,2,1072
sub-010297,ep06,30,2,1113
sub-010297,ep06,50,0,1182
sub-010297,ep06,100,0,1182
sub-010297,ep06,150,0,1182
sub-010297,ep06,200,0,1182
sub-010298,ep00,3,2,138
sub-010298,ep00,5,4,1040
sub-010298,ep00,7,2,1071
sub-010298,ep00,8,2,1080
sub-010298,ep00,10,2,1089
sub-010298,ep00,20,2,1118
sub-010298,ep00,30,2,1087
sub-010298,ep00,50,0,1212
sub-010298,ep00,100,0,1212
sub-010298,ep00,150,0,1212
sub-010298,ep00,200,0,1212
sub-010298,ep01,3,2,50
sub-010298,ep01,5,6,1018
sub-010298,ep01,7,3,1012
sub-010298,ep01,8,3,1026
sub-010298,ep01,10,2,1124
sub-010298,ep01,20,2,1128
sub-010298,ep01,30,0,1170
sub-010298,ep01,50,0,1170
sub-010298,ep01,100,0,1170
sub-010298,ep01,150,0,1170
sub-010298,ep01,200,0,1170
sub-010298,ep02,3,2,206
sub-010298,ep02,5,8,1084
sub-010298,ep02,7,4,1096
sub-010298,ep02,8,4,1118
sub-010298,ep02,10,3,1152
sub-010298,ep02,20,0,1215
sub-010298,ep02,30,0,1215
sub-010298,ep02,50,0,1215
sub-010298,ep02,100,0,1215
sub-010298,ep02,150,0,1215
sub-010298,ep02,200,0,1215
sub-010298,ep03,3,3,237
sub-010298,ep03,5,2,1004
sub-010298,ep03,7,2,1080
sub-010298,ep03,8,2,1109
sub-010298,ep03,10,2,1127
sub-010298,ep03,20,2,1150
sub-010298,ep03,30,0,1227
sub-010298,ep03,50,0,1227
sub-010298,ep03,100,0,1227
sub-010298,ep03,150,0,1227
sub-010298,ep03,200,0,1227
sub-010298,ep04,3,2,237
sub-010298,ep04,5,2,1248
sub-010298,ep04,7,3,1510
sub-010298,ep04,8,2,1388
sub-010298,ep04,10,2,1482
sub-010298,ep04,20,2,1518
sub-010298,ep04,30,0,1627
sub-010298,ep04,50,0,1627
sub-010298,ep04,100,0,1627
sub-010298,ep04,150,0,1627
sub-010298,ep04,200,0,1627
sub-010298,ep05,3,2,107
sub-010298,ep05,5,2,413
sub-010298,ep05,7,2,1101
sub-010298,ep05,8,2,1151
sub-010298,ep05,10,2,1172
sub-010298,ep05,20,2,1202
sub-010298,ep05,30,0,1312
sub-010298,ep05,50,0,1312
sub-010298,ep05,100,0,1312
sub-010298,ep05,150,0,1312
sub-010298,ep05,200,0,1312
sub-010298,ep06,3,2,184
sub-010298,ep06,5,2,740
sub-010298,ep06,7,3,1042
sub-010298,ep06,8,2,1062
sub-010298,ep06,10,2,1088
sub-010298,ep06,20,0,1122
sub-010298,ep06,30,0,1122
sub-010298,ep06,50,0,1122
sub-010298,ep06,100,0,1122
sub-010298,ep06,150,0,1122
sub-010298,ep06,200,0,1122
sub-010299,ep00,3,11,555
sub-010299,ep00,5,7,1133
sub-010299,ep00,7,2,1192
sub-010299,ep00,8,2,1180
sub-010299,ep00,10,2,1182
sub-010299,ep00,20,2,1207
sub-010299,ep00,30,2,1229
sub-010299,ep00,50,0,1413
sub-010299,ep00,100,0,1413
sub-010299,ep00,150,0,1413
sub-010299,ep00,200,0,1413
sub-010299,ep01,3,13,583
sub-010299,ep01,5,3,598
sub-010299,ep01,7,2,1300
sub-010299,ep01,8,2,1257
sub-010299,ep01,10,0,1420
sub-010299,ep01,20,0,1420
sub-010299,ep01,30,0,1420
sub-010299,ep01,50,0,1420
sub-010299,ep01,100,0,1420
sub-010299,ep01,150,0,1420
sub-010299,ep01,200,0,1420
sub-010299,ep02,3,2,96
sub-010299,ep02,5,2,1793
sub-010299,ep02,7,3,1948
sub-010299,ep02,8,2,1945
sub-010299,ep02,10,2,1961
sub-010299,ep02,20,0,2023
sub-010299,ep02,30,0,2023
sub-010299,ep02,50,0,2023
sub-010299,ep02,100,0,2023
sub-010299,ep02,150,0,2023
sub-010299,ep02,200,0,2023
sub-010299,ep03,3,3,169
sub-010299,ep03,5,2,1350
sub-010299,ep03,7,2,1509
sub-010299,ep03,8,2,1520
sub-010299,ep03,10,0,1585
sub-010299,ep03,20,0,1585
sub-010299,ep03,30,0,1585
sub-010299,ep03,50,0,1585
sub-010299,ep03,100,0,1585
sub-010299,ep03,150,0,1585
sub-010299,ep03,200,0,1585
sub-010299,ep04,3,2,85
sub-010299,ep04,5,2,1239
sub-010299,ep04,7,3,1293
sub-010299,ep04,8,3,1318
sub-010299,ep04,10,2,1321
sub-010299,ep04,20,0,1405
sub-010299,ep04,30,0,1405
sub-010299,ep04,50,0,1405
sub-010299,ep04,100,0,1405
sub-010299,ep04,150,0,1405
sub-010299,ep04,200,0,1405
sub-010299,ep05,3,2,228
sub-010299,ep05,5,2,1081
sub-010299,ep05,7,2,1363
sub-010299,ep05,8,2,1348
sub-010299,ep05,10,2,1375
sub-010299,ep05,20,2,1398
sub-010299,ep05,30,0,1473
sub-010299,ep05,50,0,1473
sub-010299,ep05,100,0,1473
sub-010299,ep05,150,0,1473
sub-010299,ep05,200,0,1473
sub-010299,ep06,3,2,13
sub-010299,ep06,5,3,1113
sub-010299,ep06,7,2,1167
sub-010299,ep06,8,2,1161
sub-010299,ep06,10,2,1160
sub-010299,ep06,20,2,1202
sub-010299,ep06,30,2,1167
sub-010299,ep06,50,0,1320
sub-010299,ep06,100,0,1320
sub-010299,ep06,150,0,1320
sub-010299,ep06,200,0,1320
sub-010300,ep00,3,2,149
sub-010300,ep00,5,2,407
sub-010300,ep00,7,2,1013
sub-010300,ep00,8,2,1007
sub-010300,ep00,10,2,1028
sub-010300,ep00,20,2,1078
sub-010300,ep00,30,2,1080
sub-010300,ep00,50,2,1087
sub-010300,ep00,100,0,1351
sub-010300,ep00,150,0,1351
sub-010300,ep00,200,0,1351
sub-010300,ep01,3,11,460
sub-010300,ep01,5,3,974
sub-010300,ep01,7,3,1193
sub-010300,ep01,8,3,1209
sub-010300,ep01,10,2,1248
sub-010300,ep01,20,2,1259
sub-010300,ep01,30,0,1414
sub-010300,ep01,50,0,1414
sub-010300,ep01,100,0,1414
sub-010300,ep01,150,0,1414
sub-010300,ep01,200,0,1414
sub-010300,ep02,3,2,147
sub-010300,ep02,5,2,579
sub-010300,ep02,7,3,1339
sub-010300,ep02,8,2,1350
sub-010300,ep02,10,2,1362
sub-010300,ep02,20,0,1396
sub-010300,ep02,30,0,1396
sub-010300,ep02,50,0,1396
sub-010300,ep02,100,0,1396
sub-010300,ep02,150,0,1396
sub-010300,ep02,200,0,1396
sub-010300,ep03,3,2,83
sub-010300,ep03,5,3,380
sub-010300,ep03,7,3,1347
sub-010300,ep03,8,3,1369
sub-010300,ep03,10,2,1352
sub-010300,ep03,20,0,1417
sub-010300,ep03,30,0,1417
sub-010300,ep03,50,0,1417
sub-010300,ep03,100,0,1417
sub-010300,ep03,150,0,1417
sub-010300,ep03,200,0,1417
sub-010300,ep04,3,2,58
sub-010300,ep04,5,2,622
sub-010300,ep04,7,3,1435
sub-010300,ep04,8,2,1431
sub-010300,ep04,10,2,1441
sub-010300,ep04,20,2,1483
sub-010300,ep04,30,0,1532
sub-010300,ep04,50,0,1532
sub-010300,ep04,100,0,1532
sub-010300,ep04,150,0,1532
sub-010300,ep04,200,0,1532
sub-010300,ep05,3,5,203
sub-010300,ep05,5,4,882
sub-010300,ep05,7,2,1548
sub-010300,ep05,8,2,1540
sub-010300,ep05,10,2,1551
sub-010300,ep05,20,0,1618
sub-010300,ep05,30,0,1618
sub-010300,ep05,50,0,1618
sub-010300,ep05,100,0,1618
sub-010300,ep05,150,0,1618
sub-010300,ep05,200,0,1618
sub-010300,ep06,3,4,136
sub-010300,ep06,5,3,464
sub-010300,ep06,7,2,1055
sub-010300,ep06,8,2,1194
sub-010300,ep06,10,2,1218
sub-010300,ep06,20,0,1250
sub-010300,ep06,30,0,1250
sub-010300,ep06,50,0,1250
sub-010300,ep06,100,0,1250
sub-010300,ep06,150,0,1250
sub-010300,ep06,200,0,1250
sub-010301,ep00,3,8,356
sub-010301,ep00,5,3,960
sub-010301,ep00,7,3,1105
sub-010301,ep00,8,2,1084
sub-010301,ep00,10,2,1154
sub-010301,ep00,20,2,1166
sub-010301,ep00,30,2,1240
sub-010301,ep00,50,2,1202
sub-010301,ep00,100,0,1393
sub-010301,ep00,150,0,1393
sub-010301,ep00,200,0,1393
sub-010301,ep01,3,2,2
sub-010301,ep01,5,2,819
sub-010301,ep01,7,2,694
sub-010301,ep01,8,2,744
sub-010301,ep01,10,2,749
sub-010301,ep01,20,2,676
sub-010301,ep01,30,2,713
sub-010301,ep01,50,2,701
sub-010301,ep01,100,2,722
sub-010301,ep01,150,2,732
sub-010301,ep01,200,2,806
sub-010301,ep02,3,41,641
sub-010301,ep02,5,6,750
sub-010301,ep02,7,2,795
sub-010301,ep02,8,2,766
sub-010301,ep02,10,2,685
sub-010301,ep02,20,2,682
sub-010301,ep02,30,2,637
sub-010301,ep02,50,2,734
sub-010301,ep02,100,2,771
sub-010301,ep02,150,2,797
sub-010301,ep02,200,0,1296
sub-010301,ep03,3,2,111
sub-010301,ep03,5,2,1026
sub-010301,ep03,7,2,1019
sub-010301,ep03,8,2,1004
sub-010301,ep03,10,2,1026
sub-010301,ep03,20,2,955
sub-010301,ep03,30,2,946
sub-010301,ep03,50,2,911
sub-010301,ep03,100,2,917
sub-010301,ep03,150,0,1309
sub-010301,ep03,200,0,1309
sub-010301,ep04,3,2,94
sub-010301,ep04,5,2,359
sub-010301,ep04,7,2,1005
sub-010301,ep04,8,2,1025
sub-010301,ep04,10,2,969
sub-010301,ep04,20,2,949
sub-010301,ep04,30,2,927
sub-010301,ep04,50,2,869
sub-010301,ep04,100,2,909
sub-010301,ep04,150,0,1299
sub-010301,ep04,200,0,1299
sub-010301,ep05,3,10,455
sub-010301,ep05,5,3,906
sub-010301,ep05,7,2,637
sub-010301,ep05,8,2,663
sub-010301,ep05,10,2,708
sub-010301,ep05,20,2,710
sub-010301,ep05,30,2,625
sub-010301,ep05,50,2,556
sub-010301,ep05,100,2,526
sub-010301,ep05,150,2,548
sub-010301,ep05,200,2,608
sub-010301,ep06,3,3,135
sub-010301,ep06,5,3,591
sub-010301,ep06,7,2,722
sub-010301,ep06,8,2,679
sub-010301,ep06,10,2,761
sub-010301,ep06,20,2,650
sub-010301,ep06,30,2,670
sub-010301,ep06,50,2,697
sub-010301,ep06,100,2,711
sub-010301,ep06,150,2,710
sub-010301,ep06,200,0,1231
sub-010302,ep00,3,5,217
sub-010302,ep00,5,3,1411
sub-010302,ep00,7,3,1551
sub-010302,ep00,8,3,1598
sub-010302,ep00,10,2,1534
sub-010302,ep00,20,2,1624
sub-010302,ep00,30,0,1695
sub-010302,ep00,50,0,1695
sub-010302,ep00,100,0,1695
sub-010302,ep00,150,0,1695
sub-010302,ep00,200,0,1695
sub-010302,ep01,3,2,461
sub-010302,ep01,5,6,2016
sub-010302,ep01,7,2,1998
sub-010302,ep01,8,3,2049
sub-010302,ep01,10,2,2039
sub-010302,ep01,20,2,2064
sub-010302,ep01,30,0,2125
sub-010302,ep01,50,0,2125
sub-010302,ep01,100,0,2125
sub-010302,ep01,150,0,2125
sub-010302,ep01,200,0,2125
sub-010302,ep02,3,3,122
sub-010302,ep02,5,3,1442
sub-010302,ep02,7,2,1545
sub-010302,ep02,8,2,1582
sub-010302,ep02,10,2,1608
sub-010302,ep02,20,2,1581
sub-010302,ep02,30,2,1600
sub-010302,ep02,50,2,1542
sub-010302,ep02,100,0,1704
sub-010302,ep02,150,0,1704
sub-010302,ep02,200,0,1704
sub-010302,ep03,3,2,198
sub-010302,ep03,5,2,1057
sub-010302,ep03,7,2,1665
sub-010302,ep03,8,2,1604
sub-010302,ep03,10,2,1663
sub-010302,ep03,20,2,1671
sub-010302,ep03,30,2,1705
sub-010302,ep03,50,0,1801
sub-010302,ep03,100,0,1801
sub-010302,ep03,150,0,1801
sub-010302,ep03,200,0,1801
sub-010302,ep04,3,3,191
sub-010302,ep04,5,7,1822
sub-010302,ep04,7,2,1790
sub-010302,ep04,8,2,1807
sub-010302,ep04,10,2,1857
sub-010302,ep04,20,2,1850
sub-010302,ep04,30,2,1853
sub-010302,ep04,50,2,1794
sub-010302,ep04,100,2,1860
sub-010302,ep04,150,0,2116
sub-010302,ep04,200,0,2116
sub-010302,ep05,3,9,384
sub-010302,ep05,5,2,337
sub-010302,ep05,7,2,1698
sub-010302,ep05,8,2,1732
sub-010302,ep05,10,2,1764
sub-010302,ep05,20,2,1733
sub-010302,ep05,30,2,1796
sub-010302,ep05,50,2,1832
sub-010302,ep05,100,2,1747
sub-010302,ep05,150,0,2076
sub-010302,ep05,200,0,2076
sub-010303,ep00,3,2,57
sub-010303,ep00,5,3,1098
sub-010303,ep00,7,4,1368
sub-010303,ep00,8,2,1377
sub-010303,ep00,10,2,1350
sub-010303,ep00,20,2,1396
sub-010303,ep00,30,2,1360
sub-010303,ep00,50,0,1456
sub-010303,ep00,100,0,1456
sub-010303,ep00,150,0,1456
sub-010303,ep00,200,0,1456
sub-010303,ep01,3,4,345
sub-010303,ep01,5,4,1474
sub-010303,ep01,7,3,1594
sub-010303,ep01,8,2,1553
sub-010303,ep01,10,2,1568
sub-010303,ep01,20,2,1657
sub-010303,ep01,30,2,1673
sub-010303,ep01,50,2,1683
sub-010303,ep01,100,0,1799
sub-010303,ep01,150,0,1799
sub-010303,ep01,200,0,1799
sub-010303,ep02,3,2,181
sub-010303,ep02,5,5,1350
sub-010303,ep02,7,2,1489
sub-010303,ep02,8,3,1467
sub-010303,ep02,10,2,1474
sub-010303,ep02,20,0,1512
sub-010303,ep02,30,0,1512
sub-010303,ep02,50,0,1512
sub-010303,ep02,100,0,1512
sub-010303,ep02,150,0,1512
sub-010303,ep02,200,0,1512
sub-010303,ep03,3,3,376
sub-010303,ep03,5,3,1045
sub-010303,ep03,7,4,1533
sub-010303,ep03,8,3,1602
sub-010303,ep03,10,2,1592
sub-010303,ep03,20,2,1616
sub-010303,ep03,30,2,1611
sub-010303,ep03,50,0,1679
sub-010303,ep03,100,0,1679
sub-010303,ep03,150,0,1679
sub-010303,ep03,200,0,1679
sub-010303,ep04,3,2,104
sub-010303,ep04,5,2,1341
sub-010303,ep04,7,2,1450
sub-010303,ep04,8,2,1432
sub-010303,ep04,10,2,1445
sub-010303,ep04,20,0,1529
sub-010303,ep04,30,0,1529
sub-010303,ep04,50,0,1529
sub-010303,ep04,100,0,1529
sub-010303,ep04,150,0,1529
sub-010303,ep04,200,0,1529
sub-010303,ep05,3,3,454
sub-010303,ep05,5,2,1333
sub-010303,ep05,7,4,1417
sub-010303,ep05,8,2,1428
sub-010303,ep05,10,2,1456
sub-010303,ep05,20,2,1495
sub-010303,ep05,30,0,1566
sub-010303,ep05,50,0,1566
sub-010303,ep05,100,0,1566
sub-010303,ep05,150,0,1566
sub-010303,ep05,200,0,1566
sub-010303,ep06,3,3,345
sub-010303,ep06,5,2,868
sub-010303,ep06,7,3,1305
sub-010303,ep06,8,2,1251
sub-010303,ep06,10,2,1297
sub-010303,ep06,20,0,1419
sub-010303,ep06,30,0,1419
sub-010303,ep06,50,0,1419
sub-010303,ep06,100,0,1419
sub-010303,ep06,150,0,1419
sub-010303,ep06,200,0,1419
sub-010304,ep00,3,3,95
sub-010304,ep00,5,2,442
sub-010304,ep00,7,2,1047
sub-010304,ep00,8,2,1205
sub-010304,ep00,10,2,1202
sub-010304,ep00,20,0,1278
sub-010304,ep00,30,0,1278
sub-010304,ep00,50,0,1278
sub-010304,ep00,100,0,1278
sub-010304,ep00,150,0,1278
sub-010304,ep00,200,0,1278
sub-010304,ep01,3,4,269
sub-010304,ep01,5,2,297
sub-010304,ep01,7,2,969
sub-010304,ep01,8,2,834
sub-010304,ep01,10,2,925
sub-010304,ep01,20,2,897
sub-010304,ep01,30,2,926
sub-010304,ep01,50,2,957
sub-010304,ep01,100,2,979
sub-010304,ep01,150,0,1349
sub-010304,ep01,200,0,1349
sub-010304,ep02,3,2,117
sub-010304,ep02,5,2,534
sub-010304,ep02,7,2,829
sub-010304,ep02,8,2,850
sub-010304,ep02,10,2,765
sub-010304,ep02,20,2,843
sub-010304,ep02,30,2,829
sub-010304,ep02,50,2,903
sub-010304,ep02,100,2,897
sub-010304,ep02,150,0,1271
sub-010304,ep02,200,0,1271
sub-010304,ep03,3,2,70
sub-010304,ep03,5,3,955
sub-010304,ep03,7,2,1030
sub-010304,ep03,8,2,1029
sub-010304,ep03,10,2,1048
sub-010304,ep03,20,2,1045
sub-010304,ep03,30,2,997
sub-010304,ep03,50,2,1026
sub-010304,ep03,100,2,948
sub-010304,ep03,150,2,1067
sub-010304,ep03,200,0,1576
sub-010304,ep04,3,2,38
sub-010304,ep04,5,2,801
sub-010304,ep04,7,2,767
sub-010304,ep04,8,5,1663
sub-010304,ep04,10,3,1626
sub-010304,ep04,20,2,1622
sub-010304,ep04,30,2,1655
sub-010304,ep04,50,0,2067
sub-010304,ep04,100,0,2067
sub-010304,ep04,150,0,2067
sub-010304,ep04,200,0,2067
sub-010304,ep05,3,4,310
sub-010304,ep05,5,2,401
sub-010304,ep05,7,3,901
sub-010304,ep05,8,2,886
sub-010304,ep05,10,2,879
sub-010304,ep05,20,2,943
sub-010304,ep05,30,2,930
sub-010304,ep05,50,2,953
sub-010304,ep05,100,0,1441
sub-010304,ep05,150,0,1441
sub-010304,ep05,200,0,1441
sub-010304,ep06,3,2,72
sub-010304,ep06,5,5,611
sub-010304,ep06,7,2,664
sub-010304,ep06,8,2,728
sub-010304,ep06,10,2,758
sub-010304,ep06,20,2,715
sub-010304,ep06,30,2,687
sub-010304,ep06,50,2,678
sub-010304,ep06,100,2,726
sub-010304,ep06,150,0,1147
sub-010304,ep06,200,0,1147
sub-010305,ep00,3,2,85
sub-010305,ep00,5,4,961
sub-010305,ep00,7,4,1072
sub-010305,ep00,8,3,1093
sub-010305,ep00,10,2,1104
sub-010305,ep00,20,2,1069
sub-010305,ep00,30,2,1068
sub-010305,ep00,50,0,1322
sub-010305,ep00,100,0,1322
sub-010305,ep00,150,0,1322
sub-010305,ep00,200,0,1322
sub-010305,ep01,3,3,111
sub-010305,ep01,5,3,242
sub-010305,ep01,7,2,1279
sub-010305,ep01,8,2,1283
sub-010305,ep01,10,2,1255
sub-010305,ep01,20,0,1311
sub-010305,ep01,30,0,1311
sub-010305,ep01,50,0,1311
sub-010305,ep01,100,0,1311
sub-010305,ep01,150,0,1311
sub-010305,ep01,200,0,1311
sub-010305,ep02,3,3,126
sub-010305,ep02,5,6,1197
sub-010305,ep02,7,2,1269
sub-010305,ep02,8,2,1267
sub-010305,ep02,10,2,1278
sub-010305,ep02,20,0,1313
sub-010305,ep02,30,0,1313
sub-010305,ep02,50,0,1313
sub-010305,ep02,100,0,1313
sub-010305,ep02,150,0,1313
sub-010305,ep02,200,0,1313
sub-010305,ep03,3,4,86
sub-010305,ep03,5,2,857
sub-010305,ep03,7,2,1176
sub-010305,ep03,8,3,1179
sub-010305,ep03,10,0,1300
sub-010305,ep03,20,0,1300
sub-010305,ep03,30,0,1300
sub-010305,ep03,50,0,1300
sub-010305,ep03,100,0,1300
sub-010305,ep03,150,0,1300
sub-010305,ep03,200,0,1300
sub-010305,ep04,3,11,306
sub-010305,ep04,5,2,891
sub-010305,ep04,7,3,1230
sub-010305,ep04,8,2,1246
sub-010305,ep04,10,2,1263
sub-010305,ep04,20,0,1300
sub-010305,ep04,30,0,1300
sub-010305,ep04,50,0,1300
sub-010305,ep04,100,0,1300
sub-010305,ep04,150,0,1300
sub-010305,ep04,200,0,1300
sub-010305,ep05,3,14,532
sub-010305,ep05,5,2,276
sub-010305,ep05,7,3,1412
sub-010305,ep05,8,2,1395
sub-010305,ep05,10,2,1396
sub-010305,ep05,20,0,1454
sub-010305,ep05,30,0,1454
sub-010305,ep05,50,0,1454
sub-010305,ep05,100,0,1454
sub-010305,ep05,150,0,1454
sub-010305,ep05,200,0,1454
sub-010305,ep06,3,5,139
sub-010305,ep06,5,2,736
sub-010305,ep06,7,4,1086
sub-010305,ep06,8,4,1114
sub-010305,ep06,10,2,1139
sub-010305,ep06,20,0,1207
sub-010305,ep06,30,0,1207
sub-010305,ep06,50,0,1207
sub-010305,ep06,100,0,1207
sub-010305,ep06,150,0,1207
sub-010305,ep06,200,0,1207
sub-010306,ep00,3,2,192
sub-010306,ep00,5,2,723
sub-010306,ep00,7,3,1150
sub-010306,ep00,8,3,1172
sub-010306,ep00,10,3,1206
sub-010306,ep00,20,2,1249
sub-010306,ep00,30,0,1330
sub-010306,ep00,50,0,1330
sub-010306,ep00,100,0,1330
sub-010306,ep00,150,0,1330
sub-010306,ep00,200,0,1330
sub-010306,ep01,3,2,89
sub-010306,ep01,5,6,1155
sub-010306,ep01,7,5,1243
sub-010306,ep01,8,4,1278
sub-010306,ep01,10,3,1297
sub-010306,ep01,20,2,1311
sub-010306,ep01,30,0,1379
sub-010306,ep01,50,0,1379
sub-010306,ep01,100,0,1379
sub-010306,ep01,150,0,1379
sub-010306,ep01,200,0,1379
sub-010306,ep02,3,7,393
sub-010306,ep02,5,2,953
sub-010306,ep02,7,2,1036
sub-010306,ep02,8,3,1110
sub-010306,ep02,10,2,1165
sub-010306,ep02,20,0,1268
sub-010306,ep02,30,0,1268
sub-010306,ep02,50,0,1268
sub-010306,ep02,100,0,1268
sub-010306,ep02,150,0,1268
sub-010306,ep02,200,0,1268
sub-010306,ep03,3,4,229
sub-010306,ep03,5,12,1156
sub-010306,ep03,7,4,1147
sub-010306,ep03,8,6,1181
sub-010306,ep03,10,3,1220
sub-010306,ep03,20,0,1310
sub-010306,ep03,30,0,1310
sub-010306,ep03,50,0,1310
sub-010306,ep03,100,0,1310
sub-010306,ep03,150,0,1310
sub-010306,ep03,200,0,1310
sub-010306,ep04,3,4,358
sub-010306,ep04,5,2,962
sub-010306,ep04,7,2,1110
sub-010306,ep04,8,5,1188
sub-010306,ep04,10,2,1192
sub-010306,ep04,20,2,1267
sub-010306,ep04,30,0,1321
sub-010306,ep04,50,0,1321
sub-010306,ep04,100,0,1321
sub-010306,ep04,150,0,1321
sub-010306,ep04,200,0,1321
sub-010306,ep05,3,5,365
sub-010306,ep05,5,2,974
sub-010306,ep05,7,2,1128
sub-010306,ep05,8,2,1132
sub-010306,ep05,10,2,1167
sub-010306,ep05,20,2,1207
sub-010306,ep05,30,0,1335
sub-010306,ep05,50,0,1335
sub-010306,ep05,100,0,1335
sub-010306,ep05,150,0,1335
sub-010306,ep05,200,0,1335
sub-010306,ep06,3,2,314
sub-010306,ep06,5,2,770
sub-010306,ep06,7,2,954
sub-010306,ep06,8,2,1076
sub-010306,ep06,10,2,1115
sub-010306,ep06,20,0,1144
sub-010306,ep06,30,0,1144
sub-010306,ep06,50,0,1144
sub-010306,ep06,100,0,1144
sub-010306,ep06,150,0,1144
sub-010306,ep06,200,0,1144
sub-010307,ep00,3,2,220
sub-010307,ep00,5,4,1367
sub-010307,ep00,7,2,1216
sub-010307,ep00,8,3,1443
sub-010307,ep00,10,2,1479
sub-010307,ep00,20,2,1434
sub-010307,ep00,30,2,1399
sub-010307,ep00,50,2,1491
sub-010307,ep00,100,2,1477
sub-010307,ep00,150,0,1716
sub-010307,ep00,200,0,1716
sub-010307,ep01,3,2,81
sub-010307,ep01,5,3,1409
sub-010307,ep01,7,3,1495
sub-010307,ep01,8,2,1468
sub-010307,ep01,10,2,1454
sub-010307,ep01,20,2,1506
sub-010307,ep01,30,2,1506
sub-010307,ep01,50,2,1558
sub-010307,ep01,100,0,1674
sub-010307,ep01,150,0,1674
sub-010307,ep01,200,0,1674
sub-010307,ep02,3,3,90
sub-010307,ep02,5,2,1312
sub-010307,ep02,7,4,1877
sub-010307,ep02,8,2,1857
sub-010307,ep02,10,3,1885
sub-010307,ep02,20,2,1893
sub-010307,ep02,30,2,1874
sub-010307,ep02,50,0,1988
sub-010307,ep02,100,0,1988
sub-010307,ep02,150,0,1988
sub-010307,ep02,200,0,1988
sub-010307,ep03,3,5,230
sub-010307,ep03,5,4,1425
sub-010307,ep03,7,3,1458
sub-010307,ep03,8,2,1398
sub-010307,ep03,10,2,1352
sub-010307,ep03,20,2,1482
sub-010307,ep03,30,2,1476
sub-010307,ep03,50,2,1494
sub-010307,ep03,100,0,1635
sub-010307,ep03,150,0,1635
sub-010307,ep03,200,0,1635
sub-010307,ep04,3,8,484
sub-010307,ep04,5,6,1140
sub-010307,ep04,7,2,1495
sub-010307,ep04,8,2,1508
sub-010307,ep04,10,2,1525
sub-010307,ep04,20,2,1543
sub-010307,ep04,30,2,1577
sub-010307,ep04,50,0,1680
sub-010307,ep04,100,0,1680
sub-010307,ep04,150,0,1680
sub-010307,ep04,200,0,1680
sub-010307,ep05,3,9,425
sub-010307,ep05,5,5,1313
sub-010307,ep05,7,2,1094
sub-010307,ep05,8,2,1355
sub-010307,ep05,10,2,1361
sub-010307,ep05,20,2,1443
sub-010307,ep05,30,2,1478
sub-010307,ep05,50,2,1459
sub-010307,ep05,100,0,1594
sub-010307,ep05,150,0,1594
sub-010307,ep05,200,0,1594
sub-010307,ep06,3,2,16
sub-010307,ep06,5,3,1220
sub-010307,ep06,7,2,1294
sub-010307,ep06,8,2,1290
sub-010307,ep06,10,2,1315
sub-010307,ep06,20,2,1316
sub-010307,ep06,30,2,1292
sub-010307,ep06,50,0,1442
sub-010307,ep06,100,0,1442
sub-010307,ep06,150,0,1442
sub-010307,ep06,200,0,1442
sub-010308,ep00,3,2,96
sub-010308,ep00,5,2,1003
sub-010308,ep00,7,3,1270
sub-010308,ep00,8,2,1277
sub-010308,ep00,10,2,1304
sub-010308,ep00,20,2,1339
sub-010308,ep00,30,0,1415
sub-010308,ep00,50,0,1415
sub-010308,ep00,100,0,1415
sub-010308,ep00,150,0,1415
sub-010308,ep00,200,0,1415
sub-010308,ep01,3,6,559
sub-010308,ep01,5,2,1362
sub-010308,ep01,7,2,1448
sub-010308,ep01,8,6,1650
sub-010308,ep01,10,3,1698
sub-010308,ep01,20,0,1742
sub-010308,ep01,30,0,1742
sub-010308,ep01,50,0,1742
sub-010308,ep01,100,0,1742
sub-010308,ep01,150,0,1742
sub-010308,ep01,200,0,1742
sub-010308,ep02,3,3,163
sub-010308,ep02,5,2,791
sub-010308,ep02,7,2,1121
sub-010308,ep02,8,2,1138
sub-010308,ep02,10,2,1161
sub-010308,ep02,20,2,1210
sub-010308,ep02,30,0,1313
sub-010308,ep02,50,0,1313
sub-010308,ep02,100,0,1313
sub-010308,ep02,150,0,1313
sub-010308,ep02,200,0,1313
sub-010308,ep03,3,3,58
sub-010308,ep03,5,2,1287
sub-010308,ep03,7,2,1524
sub-010308,ep03,8,2,1519
sub-010308,ep03,10,2,1567
sub-010308,ep03,20,2,1638
sub-010308,ep03,30,2,1630
sub-010308,ep03,50,0,1726
sub-010308,ep03,100,0,1726
sub-010308,ep03,150,0,1726
sub-010308,ep03,200,0,1726
sub-010308,ep04,3,2,24
sub-010308,ep04,5,2,1339
sub-010308,ep04,7,5,1624
sub-010308,ep04,8,2,1546
sub-010308,ep04,10,3,1593
sub-010308,ep04,20,0,1690
sub-010308,ep04,30,0,1690
sub-010308,ep04,50,0,1690
sub-010308,ep04,100,0,1690
sub-010308,ep04,150,0,1690
sub-010308,ep04,200,0,1690
sub-010308,ep05,3,2,97
sub-010308,ep05,5,2,1264
sub-010308,ep05,7,3,1571
sub-010308,ep05,8,2,1491
sub-010308,ep05,10,2,1522
sub-010308,ep05,20,2,1574
sub-010308,ep05,30,0,1620
sub-010308,ep05,50,0,1620
sub-010308,ep05,100,0,1620
sub-010308,ep05,150,0,1620
sub-010308,ep05,200,0,1620
sub-010308,ep06,3,2,227
sub-010308,ep06,5,2,969
sub-010308,ep06,7,3,1161
sub-010308,ep06,8,2,1167
sub-010308,ep06,10,2,1184
sub-010308,ep06,20,2,1185
sub-010308,ep06,30,0,1279
sub-010308,ep06,50,0,1279
sub-010308,ep06,100,0,1279
sub-010308,ep06,150,0,1279
sub-010308,ep06,200,0,1279
sub-010309,ep00,3,2,102
sub-010309,ep00,5,2,394
sub-010309,ep00,7,4,768
sub-010309,ep00,8,3,763
sub-010309,ep00,10,2,672
sub-010309,ep00,20,2,778
sub-010309,ep00,30,2,779
sub-010309,ep00,50,2,795
sub-010309,ep00,100,2,802
sub-010309,ep00,150,0,1355
sub-010309,ep00,200,0,1355
sub-010309,ep01,3,2,47
sub-010309,ep01,5,4,798
sub-010309,ep01,7,2,606
sub-010309,ep01,8,2,616
sub-010309,ep01,10,3,1366
sub-010309,ep01,20,0,1668
sub-010309,ep01,30,0,1668
sub-010309,ep01,50,0,1668
sub-010309,ep01,100,0,1668
sub-010309,ep01,150,0,1668
sub-010309,ep01,200,0,1668
sub-010309,ep02,3,2,15
sub-010309,ep02,5,7,891
sub-010309,ep02,7,4,927
sub-010309,ep02,8,2,914
sub-010309,ep02,10,2,912
sub-010309,ep02,20,2,996
sub-010309,ep02,30,2,1000
sub-010309,ep02,50,2,1025
sub-010309,ep02,100,0,1559
sub-010309,ep02,150,0,1559
sub-010309,ep02,200,0,1559
sub-010309,ep03,3,2,17
sub-010309,ep03,5,5,894
sub-010309,ep03,7,2,1100
sub-010309,ep03,8,2,1118
sub-010309,ep03,10,2,1199
sub-010309,ep03,20,2,1178
sub-010309,ep03,30,2,1186
sub-010309,ep03,50,0,1359
sub-010309,ep03,100,0,1359
sub-010309,ep03,150,0,1359
sub-010309,ep03,200,0,1359
sub-010309,ep04,3,5,213
sub-010309,ep04,5,2,308
sub-010309,ep04,7,2,1446
sub-010309,ep04,8,4,1479
sub-010309,ep04,10,2,1493
sub-010309,ep04,20,2,1557
sub-010309,ep04,30,2,1544
sub-010309,ep04,50,0,1943
sub-010309,ep04,100,0,1943
sub-010309,ep04,150,0,1943
sub-010309,ep04,200,0,1943
sub-010309,ep05,3,2,7
sub-010309,ep05,5,2,551
sub-010309,ep05,7,3,1083
sub-010309,ep05,8,4,1091
sub-010309,ep05,10,2,1063
sub-010309,ep05,20,0,1764
sub-010309,ep05,30,0,1764
sub-010309,ep05,50,0,1764
sub-010309,ep05,100,0,1764
sub-010309,ep05,150,0,1764
sub-010309,ep05,200,0,1764
sub-010309,ep06,3,2,34
sub-010309,ep06,5,5,403
sub-010309,ep06,7,3,534
sub-010309,ep06,8,2,318
sub-010309,ep06,10,3,1210
sub-010309,ep06,20,0,1273
sub-010309,ep06,30,0,1273
sub-010309,ep06,50,0,1273
sub-010309,ep06,100,0,1273
sub-010309,ep06,150,0,1273
sub-010309,ep06,200,0,1273
sub-010310,ep00,3,7,333
sub-010310,ep00,5,2,947
sub-010310,ep00,7,2,865
sub-010310,ep00,8,3,1473
sub-010310,ep00,10,2,1524
sub-010310,ep00,20,0,1561
sub-010310,ep00,30,0,1561
sub-010310,ep00,50,0,1561
sub-010310,ep00,100,0,1561
sub-010310,ep00,150,0,1561
sub-010310,ep00,200,0,1561
sub-010310,ep01,3,5,372
sub-010310,ep01,5,4,1225
sub-010310,ep01,7,2,1559
sub-010310,ep01,8,2,1629
sub-010310,ep01,10,2,1658
sub-010310,ep01,20,0,1725
sub-010310,ep01,30,0,1725
sub-010310,ep01,50,0,1725
sub-010310,ep01,100,0,1725
sub-010310,ep01,150,0,1725
sub-010310,ep01,200,0,1725
sub-010310,ep02,3,2,48
sub-010310,ep02,5,2,720
sub-010310,ep02,7,3,1399
sub-010310,ep02,8,2,1389
sub-010310,ep02,10,2,1382
sub-010310,ep02,20,2,1422
sub-010310,ep02,30,2,1443
sub-010310,ep02,50,0,1514
sub-010310,ep02,100,0,1514
sub-010310,ep02,150,0,1514
sub-010310,ep02,200,0,1514
sub-010310,ep03,3,5,100
sub-010310,ep03,5,3,1212
sub-010310,ep03,7,2,1550
sub-010310,ep03,8,2,1579
sub-010310,ep03,10,2,1581
sub-010310,ep03,20,2,1591
sub-010310,ep03,30,0,1679
sub-010310,ep03,50,0,1679
sub-010310,ep03,100,0,1679
sub-010310,ep03,150,0,1679
sub-010310,ep03,200,0,1679
sub-010310,ep04,3,2,16
sub-010310,ep04,5,3,1014
sub-010310,ep04,7,2,1096
sub-010310,ep04,8,2,1292
sub-010310,ep04,10,2,1291
sub-010310,ep04,20,2,1327
sub-010310,ep04,30,0,1418
sub-010310,ep04,50,0,1418
sub-010310,ep04,100,0,1418
sub-010310,ep04,150,0,1418
sub-010310,ep04,200,0,1418
sub-010310,ep05,3,8,444
sub-010310,ep05,5,2,912
sub-010310,ep05,7,2,1537
sub-010310,ep05,8,2,1576
sub-010310,ep05,10,2,1565
sub-010310,ep05,20,2,1576
sub-010310,ep05,30,0,1656
sub-010310,ep05,50,0,1656
sub-010310,ep05,100,0,1656
sub-010310,ep05,150,0,1656
sub-010310,ep05,200,0,1656
sub-010310,ep06,3,3,223
sub-010310,ep06,5,2,651
sub-010310,ep06,7,3,1235
sub-010310,ep06,8,3,1259
sub-010310,ep06,10,3,1272
sub-010310,ep06,20,0,1324
sub-010310,ep06,30,0,1324
sub-010310,ep06,50,0,1324
sub-010310,ep06,100,0,1324
sub-010310,ep06,150,0,1324
sub-010310,ep06,200,0,1324
sub-010311,ep00,3,3,179
sub-010311,ep00,5,2,152
sub-010311,ep00,7,2,1184
sub-010311,ep00,8,2,1239
sub-010311,ep00,10,2,1219
sub-010311,ep00,20,2,1316
sub-010311,ep00,30,2,1297
sub-010311,ep00,50,2,1323
sub-010311,ep00,100,0,1486
sub-010311,ep00,150,0,1486
sub-010311,ep00,200,0,1486
sub-010311,ep01,3,4,282
sub-010311,ep01,5,2,753
sub-010311,ep01,7,4,1365
sub-010311,ep01,8,4,1463
sub-010311,ep01,10,2,1446
sub-010311,ep01,20,2,1397
sub-010311,ep01,30,2,1410
sub-010311,ep01,50,2,1383
sub-010311,ep01,100,0,1697
sub-010311,ep01,150,0,1697
sub-010311,ep01,200,0,1697
sub-010311,ep02,3,2,324
sub-010311,ep02,5,2,747
sub-010311,ep02,7,2,1187
sub-010311,ep02,8,2,1240
sub-010311,ep02,10,2,1129
sub-010311,ep02,20,2,1137
sub-010311,ep02,30,2,1183
sub-010311,ep02,50,2,1177
sub-010311,ep02,100,0,1386
sub-010311,ep02,150,0,1386
sub-010311,ep02,200,0,1386
sub-010311,ep03,3,2,104
sub-010311,ep03,5,3,1052
sub-010311,ep03,7,2,1076
sub-010311,ep03,8,2,1127
sub-010311,ep03,10,2,1119
sub-010311,ep03,20,2,1160
sub-010311,ep03,30,2,1199
sub-010311,ep03,50,2,1193
sub-010311,ep03,100,0,1360
sub-010311,ep03,150,0,1360
sub-010311,ep03,200,0,1360
sub-010311,ep04,3,2,230
sub-010311,ep04,5,2,1001
sub-010311,ep04,7,2,1146
sub-010311,ep04,8,2,1199
sub-010311,ep04,10,2,1181
sub-010311,ep04,20,2,1072
sub-010311,ep04,30,2,1142
sub-010311,ep04,50,2,1176
sub-010311,ep04,100,0,1399
sub-010311,ep04,150,0,1399
sub-010311,ep04,200,0,1399
sub-010311,ep05,3,2,190
sub-010311,ep05,5,3,984
sub-010311,ep05,7,2,1021
sub-010311,ep05,8,2,1052
sub-010311,ep05,10,2,1073
sub-010311,ep05,20,2,1172
sub-010311,ep05,30,2,1093
sub-010311,ep05,50,2,1123
sub-010311,ep05,100,2,1148
sub-010311,ep05,150,0,1362
sub-010311,ep05,200,0,1362
sub-010314,ep00,3,5,162
sub-010314,ep00,5,2,980
sub-010314,ep00,7,2,1348
sub-010314,ep00,8,2,1363
sub-010314,ep00,10,2,1404
sub-010314,ep00,20,0,1446
sub-010314,ep00,30,0,1446
sub-010314,ep00,50,0,1446
sub-010314,ep00,100,0,1446
sub-010314,ep00,150,0,1446
sub-010314,ep00,200,0,1446
sub-010314,ep01,3,3,235
sub-010314,ep01,5,7,1417
sub-010314,ep01,7,3,1436
sub-010314,ep01,8,2,1449
sub-010314,ep01,10,2,1427
sub-010314,ep01,20,2,1427
sub-010314,ep01,30,2,1409
sub-010314,ep01,50,0,1549
sub-010314,ep01,100,0,1549
sub-010314,ep01,150,0,1549
sub-010314,ep01,200,0,1549
sub-010314,ep02,3,2,24
sub-010314,ep02,5,3,948
sub-010314,ep02,7,2,1955
sub-010314,ep02,8,2,2058
sub-010314,ep02,10,2,2043
sub-010314,ep02,20,2,2102
sub-010314,ep02,30,2,2108
sub-010314,ep02,50,0,2209
sub-010314,ep02,100,0,2209
sub-010314,ep02,150,0,2209
sub-010314,ep02,200,0,2209
sub-010314,ep03,3,2,40
sub-010314,ep03,5,2,861
sub-010314,ep03,7,2,842
sub-010314,ep03,8,2,1405
sub-010314,ep03,10,2,1462
sub-010314,ep03,20,2,1418
sub-010314,ep03,30,0,1501
sub-010314,ep03,50,0,1501
sub-010314,ep03,100,0,1501
sub-010314,ep03,150,0,1501
sub-010314,ep03,200,0,1501
sub-010314,ep04,3,2,35
sub-010314,ep04,5,2,435
sub-010314,ep04,7,2,1353
sub-010314,ep04,8,2,1387
sub-010314,ep04,10,2,1349
sub-010314,ep04,20,2,1367
sub-010314,ep04,30,2,1410
sub-010314,ep04,50,0,1487
sub-010314,ep04,100,0,1487
sub-010314,ep04,150,0,1487
sub-010314,ep04,200,0,1487
sub-010314,ep05,3,10,517
sub-010314,ep05,5,2,993
sub-010314,ep05,7,3,1389
sub-010314,ep05,8,3,1398
sub-010314,ep05,10,2,1358
sub-010314,ep05,20,2,1382
sub-010314,ep05,30,2,1403
sub-010314,ep05,50,2,1385
sub-010314,ep05,100,0,1529
sub-010314,ep05,150,0,1529
sub-010314,ep05,200,0,1529
sub-010314,ep06,3,9,432
sub-010314,ep06,5,2,1127
sub-010314,ep06,7,2,1210
sub-010314,ep06,8,2,1266
sub-010314,ep06,10,2,1237
sub-010314,ep06,20,2,1270
sub-010314,ep06,30,2,1272
sub-010314,ep06,50,0,1383
sub-010314,ep06,100,0,1383
sub-010314,ep06,150,0,1383
sub-010314,ep06,200,0,1383
sub-010315,ep00,3,8,406
sub-010315,ep00,5,2,512
sub-010315,ep00,7,2,1384
sub-010315,ep00,8,2,1400
sub-010315,ep00,10,2,1382
sub-010315,ep00,20,2,1389
sub-010315,ep00,30,2,1429
sub-010315,ep00,50,2,1450
sub-010315,ep00,100,0,1560
sub-010315,ep00,150,0,1560
sub-010315,ep00,200,0,1560
sub-010315,ep01,3,3,344
sub-010315,ep01,5,2,1278
sub-010315,ep01,7,3,1572
sub-010315,ep01,8,3,1603
sub-010315,ep01,10,2,1622
sub-010315,ep01,20,2,1567
sub-010315,ep01,30,0,1687
sub-010315,ep01,50,0,1687
sub-010315,ep01,100,0,1687
sub-010315,ep01,150,0,1687
sub-010315,ep01,200,0,1687
sub-010315,ep02,3,2,207
sub-010315,ep02,5,2,1413
sub-010315,ep02,7,3,1757
sub-010315,ep02,8,3,1852
sub-010315,ep02,10,2,1800
sub-010315,ep02,20,2,1890
sub-010315,ep02,30,2,1885
sub-010315,ep02,50,0,1963
sub-010315,ep02,100,0,1963
sub-010315,ep02,150,0,1963
sub-010315,ep02,200,0,1963
sub-010315,ep03,3,3,207
sub-010315,ep03,5,2,977
sub-010315,ep03,7,3,1432
sub-010315,ep03,8,3,1436
sub-010315,ep03,10,3,1440
sub-010315,ep03,20,0,1538
sub-010315,ep03,30,0,1538
sub-010315,ep03,50,0,1538
sub-010315,ep03,100,0,1538
sub-010315,ep03,150,0,1538
sub-010315,ep03,200,0,1538
sub-010315,ep04,3,3,141
sub-010315,ep04,5,5,1259
sub-010315,ep04,7,2,1157
sub-010315,ep04,8,2,1229
sub-010315,ep04,10,2,1473
sub-010315,ep04,20,2,1473
sub-010315,ep04,30,2,1479
sub-010315,ep04,50,0,1566
sub-010315,ep04,100,0,1566
sub-010315,ep04,150,0,1566
sub-010315,ep04,200,0,1566
sub-010315,ep05,3,9,631
sub-010315,ep05,5,2,1275
sub-010315,ep05,7,3,1946
sub-010315,ep05,8,3,1913
sub-010315,ep05,10,2,1935
sub-010315,ep05,20,2,1909
sub-010315,ep05,30,0,2070
sub-010315,ep05,50,0,2070
sub-010315,ep05,100,0,2070
sub-010315,ep05,150,0,2070
sub-010315,ep05,200,0,2070
sub-010315,ep06,3,2,195
sub-010315,ep06,5,7,1310
sub-010315,ep06,7,5,1343
sub-010315,ep06,8,2,1316
sub-010315,ep06,10,3,1351
sub-010315,ep06,20,2,1351
sub-010315,ep06,30,2,1350
sub-010315,ep06,50,0,1420
sub-010315,ep06,100,0,1420
sub-010315,ep06,150,0,1420
sub-010315,ep06,200,0,1420
sub-010316,ep00,3,8,328
sub-010316,ep00,5,3,619
sub-010316,ep00,7,2,969
sub-010316,ep00,8,2,937
sub-010316,ep00,10,2,1231
sub-010316,ep00,20,0,1311
sub-010316,ep00,30,0,1311
sub-010316,ep00,50,0,1311
sub-010316,ep00,100,0,1311
sub-010316,ep00,150,0,1311
sub-010316,ep00,200,0,1311
sub-010316,ep01,3,3,138
sub-010316,ep01,5,3,823
sub-010316,ep01,7,3,1046
sub-010316,ep01,8,4,1118
sub-010316,ep01,10,2,1095
sub-010316,ep01,20,0,1328
sub-010316,ep01,30,0,1328
sub-010316,ep01,50,0,1328
sub-010316,ep01,100,0,1328
sub-010316,ep01,150,0,1328
sub-010316,ep01,200,0,1328
sub-010316,ep02,3,2,90
sub-010316,ep02,5,3,996
sub-010316,ep02,7,2,1771
sub-010316,ep02,8,3,1779
sub-010316,ep02,10,2,1766
sub-010316,ep02,20,2,1841
sub-010316,ep02,30,0,1951
sub-010316,ep02,50,0,1951
sub-010316,ep02,100,0,1951
sub-010316,ep02,150,0,1951
sub-010316,ep02,200,0,1951
sub-010316,ep03,3,2,67
sub-010316,ep03,5,3,908
sub-010316,ep03,7,3,1283
sub-010316,ep03,8,2,1191
sub-010316,ep03,10,2,1420
sub-010316,ep03,20,0,1530
sub-010316,ep03,30,0,1530
sub-010316,ep03,50,0,1530
sub-010316,ep03,100,0,1530
sub-010316,ep03,150,0,1530
sub-010316,ep03,200,0,1530
sub-010316,ep04,3,3,242
sub-010316,ep04,5,2,772
sub-010316,ep04,7,3,1320
sub-010316,ep04,8,3,1366
sub-010316,ep04,10,2,1429
sub-010316,ep04,20,2,1670
sub-010316,ep04,30,0,1732
sub-010316,ep04,50,0,1732
sub-010316,ep04,100,0,1732
sub-010316,ep04,150,0,1732
sub-010316,ep04,200,0,1732
sub-010316,ep05,3,3,184
sub-010316,ep05,5,5,1167
sub-010316,ep05,7,2,1646
sub-010316,ep05,8,2,1660
sub-010316,ep05,10,2,1618
sub-010316,ep05,20,2,1677
sub-010316,ep05,30,0,1752
sub-010316,ep05,50,0,1752
sub-010316,ep05,100,0,1752
sub-010316,ep05,150,0,1752
sub-010316,ep05,200,0,1752
sub-010316,ep06,3,2,154
sub-010316,ep06,5,2,205
sub-010316,ep06,7,4,1012
sub-010316,ep06,8,3,1047
sub-010316,ep06,10,2,1028
sub-010316,ep06,20,2,1080
sub-010316,ep06,30,2,1108
sub-010316,ep06,50,0,1189
sub-010316,ep06,100,0,1189
sub-010316,ep06,150,0,1189
sub-010316,ep06,200,0,1189
sub-010317,ep00,3,3,129
sub-010317,ep00,5,2,205
sub-010317,ep00,7,2,1175
sub-010317,ep00,8,2,1221
sub-010317,ep00,10,2,1246
sub-010317,ep00,20,0,1354
sub-010317,ep00,30,0,1354
sub-010317,ep00,50,0,1354
sub-010317,ep00,100,0,1354
sub-010317,ep00,150,0,1354
sub-010317,ep00,200,0,1354
sub-010317,ep01,3,8,205
sub-010317,ep01,5,2,1137
sub-010317,ep01,7,4,1781
sub-010317,ep01,8,3,1763
sub-010317,ep01,10,2,1765
sub-010317,ep01,20,2,1782
sub-010317,ep01,30,0,1855
sub-010317,ep01,50,0,1855
sub-010317,ep01,100,0,1855
sub-010317,ep01,150,0,1855
sub-010317,ep01,200,0,1855
sub-010317,ep02,3,3,248
sub-010317,ep02,5,3,1115
sub-010317,ep02,7,2,1234
sub-010317,ep02,8,2,1228
sub-010317,ep02,10,2,1187
sub-010317,ep02,20,2,1226
sub-010317,ep02,30,2,1205
sub-010317,ep02,50,2,1226
sub-010317,ep02,100,0,1334
sub-010317,ep02,150,0,1334
sub-010317,ep02,200,0,1334
sub-010317,ep03,3,2,109
sub-010317,ep03,5,2,953
sub-010317,ep03,7,2,1058
sub-010317,ep03,8,4,1136
sub-010317,ep03,10,2,1129
sub-010317,ep03,20,0,1354
sub-010317,ep03,30,0,1354
sub-010317,ep03,50,0,1354
sub-010317,ep03,100,0,1354
sub-010317,ep03,150,0,1354
sub-010317,ep03,200,0,1354
sub-010317,ep04,3,2,113
sub-010317,ep04,5,5,1523
sub-010317,ep04,7,3,1553
sub-010317,ep04,8,2,1620
sub-010317,ep04,10,2,1619
sub-010317,ep04,20,2,1629
sub-010317,ep04,30,2,1619
sub-010317,ep04,50,2,1609
sub-010317,ep04,100,0,1838
sub-010317,ep04,150,0,1838
sub-010317,ep04,200,0,1838
sub-010317,ep05,3,3,181
sub-010317,ep05,5,2,1013
sub-010317,ep05,7,3,1224
sub-010317,ep05,8,3,1174
sub-010317,ep05,10,3,1213
sub-010317,ep05,20,2,1203
sub-010317,ep05,30,2,1191
sub-010317,ep05,50,2,1217
sub-010317,ep05,100,0,1404
sub-010317,ep05,150,0,1404
sub-010317,ep05,200,0,1404
sub-010317,ep06,3,3,53
sub-010317,ep06,5,5,960
sub-010317,ep06,7,2,1037
sub-010317,ep06,8,2,1024
sub-010317,ep06,10,2,1010
sub-010317,ep06,20,2,1050
sub-010317,ep06,30,2,1060
sub-010317,ep06,50,2,1017
sub-010317,ep06,100,0,1226
sub-010317,ep06,150,0,1226
sub-010317,ep06,200,0,1226
sub-010318,ep00,3,2,114
sub-010318,ep00,5,4,655
sub-010318,ep00,7,2,413
sub-010318,ep00,8,2,1410
sub-010318,ep00,10,2,1378
sub-010318,ep00,20,0,1527
sub-010318,ep00,30,0,1527
sub-010318,ep00,50,0,1527
sub-010318,ep00,100,0,1527
sub-010318,ep00,150,0,1527
sub-010318,ep00,200,0,1527
sub-010318,ep01,3,2,124
sub-010318,ep01,5,2,1009
sub-010318,ep01,7,2,1079
sub-010318,ep01,8,2,1347
sub-010318,ep01,10,2,1346
sub-010318,ep01,20,2,1405
sub-010318,ep01,30,2,1417
sub-010318,ep01,50,0,1503
sub-010318,ep01,100,0,1503
sub-010318,ep01,150,0,1503
sub-010318,ep01,200,0,1503
sub-010318,ep02,3,2,39
sub-010318,ep02,5,2,1084
sub-010318,ep02,7,2,1702
sub-010318,ep02,8,2,1683
sub-010318,ep02,10,2,1705
sub-010318,ep02,20,2,1696
sub-010318,ep02,30,2,1700
sub-010318,ep02,50,0,1762
sub-010318,ep02,100,0,1762
sub-010318,ep02,150,0,1762
sub-010318,ep02,200,0,1762
sub-010318,ep03,3,14,303
sub-010318,ep03,5,2,1279
sub-010318,ep03,7,4,1685
sub-010318,ep03,8,2,1656
sub-010318,ep03,10,2,1673
sub-010318,ep03,20,2,1676
sub-010318,ep03,30,0,1752
sub-010318,ep03,50,0,1752
sub-010318,ep03,100,0,1752
sub-010318,ep03,150,0,1752
sub-010318,ep03,200,0,1752
sub-010318,ep04,3,2,13
sub-010318,ep04,5,9,1262
sub-010318,ep04,7,3,1305
sub-010318,ep04,8,3,1319
sub-010318,ep04,10,2,1289
sub-010318,ep04,20,2,1285
sub-010318,ep04,30,2,1312
sub-010318,ep04,50,0,1388
sub-010318,ep04,100,0,1388
sub-010318,ep04,150,0,1388
sub-010318,ep04,200,0,1388
sub-010318,ep05,3,3,80
sub-010318,ep05,5,3,1218
sub-010318,ep05,7,4,1442
sub-010318,ep05,8,2,1381
sub-010318,ep05,10,2,1424
sub-010318,ep05,20,2,1458
sub-010318,ep05,30,0,1547
sub-010318,ep05,50,0,1547
sub-010318,ep05,100,0,1547
sub-010318,ep05,150,0,1547
sub-010318,ep05,200,0,1547
sub-010318,ep06,3,7,157
sub-010318,ep06,5,2,988
sub-010318,ep06,7,2,1221
sub-010318,ep06,8,2,1229
sub-010318,ep06,10,2,1206
sub-010318,ep06,20,2,1211
sub-010318,ep06,30,2,1216
sub-010318,ep06,50,0,1287
sub-010318,ep06,100,0,1287
sub-010318,ep06,150,0,1287
sub-010318,ep06,200,0,1287
sub-010319,ep00,3,11,477
sub-010319,ep00,5,7,1039
sub-010319,ep00,7,2,1100
sub-010319,ep00,8,3,1106
sub-010319,ep00,10,3,1143
sub-010319,ep00,20,2,1204
sub-010319,ep00,30,2,1188
sub-010319,ep00,50,0,1295
sub-010319,ep00,100,0,1295
sub-010319,ep00,150,0,1295
sub-010319,ep00,200,0,1295
sub-010319,ep01,3,2,155
sub-010319,ep01,5,2,698
sub-010319,ep01,7,2,794
sub-010319,ep01,8,3,1173
sub-010319,ep01,10,2,1177
sub-010319,ep01,20,2,1136
sub-010319,ep01,30,2,1197
sub-010319,ep01,50,2,1155
sub-010319,ep01,100,0,1335
sub-010319,ep01,150,0,1335
sub-010319,ep01,200,0,1335
sub-010319,ep02,3,2,183
sub-010319,ep02,5,2,438
sub-010319,ep02,7,2,1077
sub-010319,ep02,8,3,1113
sub-010319,ep02,10,2,1108
sub-010319,ep02,20,2,1137
sub-010319,ep02,30,2,1139
sub-010319,ep02,50,0,1306
sub-010319,ep02,100,0,1306
sub-010319,ep02,150,0,1306
sub-010319,ep02,200,0,1306
sub-010319,ep03,3,2,57
sub-010319,ep03,5,3,936
sub-010319,ep03,7,4,1269
sub-010319,ep03,8,3,1313
sub-010319,ep03,10,3,1232
sub-010319,ep03,20,2,1312
sub-010319,ep03,30,2,1278
sub-010319,ep03,50,0,1450
sub-010319,ep03,100,0,1450
sub-010319,ep03,150,0,1450
sub-010319,ep03,200,0,1450
sub-010319,ep04,3,4,296
sub-010319,ep04,5,3,1185
sub-010319,ep04,7,2,1356
sub-010319,ep04,8,2,1365
sub-010319,ep04,10,2,1380
sub-010319,ep04,20,2,1401
sub-010319,ep04,30,0,1470
sub-010319,ep04,50,0,1470
sub-010319,ep04,100,0,1470
sub-010319,ep04,150,0,1470
sub-010319,ep04,200,0,1470
sub-010319,ep05,3,2,47
sub-010319,ep05,5,2,672
sub-010319,ep05,7,5,1229
sub-010319,ep05,8,3,1209
sub-010319,ep05,10,2,1192
sub-010319,ep05,20,2,1248
sub-010319,ep05,30,0,1338
sub-010319,ep05,50,0,1338
sub-010319,ep05,100,0,1338
sub-010319,ep05,150,0,1338
sub-010319,ep05,200,0,1338
sub-010319,ep06,3,2,98
sub-010319,ep06,5,2,671
sub-010319,ep06,7,3,1179
sub-010319,ep06,8,2,1193
sub-010319,ep06,10,0,1224
sub-010319,ep06,20,0,1224
sub-010319,ep06,30,0,1224
sub-010319,ep06,50,0,1224
sub-010319,ep06,100,0,1224
sub-010319,ep06,150,0,1224
sub-010319,ep06,200,0,1224
sub-010321,ep00,3,2,64
sub-010321,ep00,5,6,913
sub-010321,ep00,7,3,983
sub-010321,ep00,8,2,971
sub-010321,ep00,10,3,958
sub-010321,ep00,20,2,923
sub-010321,ep00,30,2,1003
sub-010321,ep00,50,2,980
sub-010321,ep00,100,0,1332
sub-010321,ep00,150,0,1332
sub-010321,ep00,200,0,1332
sub-010321,ep01,3,33,767
sub-010321,ep01,5,7,885
sub-010321,ep01,7,2,747
sub-010321,ep01,8,2,762
sub-010321,ep01,10,2,827
sub-010321,ep01,20,2,895
sub-010321,ep01,30,2,794
sub-010321,ep01,50,2,885
sub-010321,ep01,100,2,912
sub-010321,ep01,150,0,1323
sub-010321,ep01,200,0,1323
sub-010321,ep02,3,2,71
sub-010321,ep02,5,4,601
sub-010321,ep02,7,2,677
sub-010321,ep02,8,2,636
sub-010321,ep02,10,2,663
sub-010321,ep02,20,2,706
sub-010321,ep02,30,2,816
sub-010321,ep02,50,2,856
sub-010321,ep02,100,2,913
sub-010321,ep02,150,0,1339
sub-010321,ep02,200,0,1339
sub-010321,ep03,3,6,208
sub-010321,ep03,5,2,820
sub-010321,ep03,7,2,843
sub-010321,ep03,8,2,903
sub-010321,ep03,10,2,1675
sub-010321,ep03,20,0,1714
sub-010321,ep03,30,0,1714
sub-010321,ep03,50,0,1714
sub-010321,ep03,100,0,1714
sub-010321,ep03,150,0,1714
sub-010321,ep03,200,0,1714
sub-010321,ep04,3,3,170
sub-010321,ep04,5,7,1131
sub-010321,ep04,7,3,1025
sub-010321,ep04,8,2,906
sub-010321,ep04,10,2,930
sub-010321,ep04,20,0,1390
sub-010321,ep04,30,0,1390
sub-010321,ep04,50,0,1390
sub-010321,ep04,100,0,1390
sub-010321,ep04,150,0,1390
sub-010321,ep04,200,0,1390
sub-010321,ep05,3,2,40
sub-010321,ep05,5,2,250
sub-010321,ep05,7,2,838
sub-010321,ep05,8,2,1273
sub-010321,ep05,10,2,1280
sub-010321,ep05,20,0,1315
sub-010321,ep05,30,0,1315
sub-010321,ep05,50,0,1315
sub-010321,ep05,100,0,1315
sub-010321,ep05,150,0,1315
sub-010321,ep05,200,0,1315
sub-010321,ep06,3,2,73
sub-010321,ep06,5,2,557
sub-010321,ep06,7,2,971
sub-010321,ep06,8,2,1195
sub-010321,ep06,10,0,1237
sub-010321,ep06,20,0,1237
sub-010321,ep06,30,0,1237
sub-010321,ep06,50,0,1237
sub-010321,ep06,100,0,1237
sub-010321,ep06,150,0,1237
sub-010321,ep06,200,0,1237
