subject,epoch,min_cluster_size,n_peaks,n_clusters,n_noise
sub-010002,ep00,3,1772,1,438
sub-010002,ep00,5,1772,1,1021
sub-010002,ep00,7,1772,1,1682
sub-010002,ep00,8,1772,1,1685
sub-010002,ep00,10,1772,1,1762
sub-010002,ep00,20,1772,1,1752
sub-010002,ep00,30,1772,1,1742
sub-010002,ep00,50,1772,1,1722
sub-010002,ep00,100,1772,1,1672
sub-010002,ep00,150,1772,1,1622
sub-010002,ep00,200,1772,1,1572
sub-010002,ep01,3,1767,1,127
sub-010002,ep01,5,1767,1,1565
sub-010002,ep01,7,1767,1,1621
sub-010002,ep01,8,1767,1,1621
sub-010002,ep01,10,1767,1,1681
sub-010002,ep01,20,1767,1,1747
sub-010002,ep01,30,1767,1,1736
sub-010002,ep01,50,1767,1,1717
sub-010002,ep01,100,1767,1,1667
sub-010002,ep01,150,1767,1,1617
sub-010002,ep01,200,1767,1,1567
sub-010002,ep02,3,1787,1,380
sub-010002,ep02,5,1787,1,1348
sub-010002,ep02,7,1787,1,1612
sub-010002,ep02,8,1787,1,1642
sub-010002,ep02,10,1787,1,1777
sub-010002,ep02,20,1787,1,1767
sub-010002,ep02,30,1787,1,1757
sub-010002,ep02,50,1787,1,1737
sub-010002,ep02,100,1787,1,1687
sub-010002,ep02,150,1787,1,1637
sub-010002,ep02,200,1787,1,1587
sub-010002,ep03,3,1815,1,319
sub-010002,ep03,5,1815,1,1415
sub-010002,ep03,7,1815,1,1577
sub-010002,ep03,8,1815,1,1663
sub-010002,ep03,10,1815,1,1757
sub-010002,ep03,20,1815,1,1795
sub-010002,ep03,30,1815,1,1785
sub-010002,ep03,50,1815,1,1765
sub-010002,ep03,100,1815,1,1715
sub-010002,ep03,150,1815,1,1665
sub-010002,ep03,200,1815,1,1615
sub-010002,ep04,3,1780,1,288
sub-010002,ep04,5,1780,1,1511
sub-010002,ep04,7,1780,1,1563
sub-010002,ep04,8,1780,1,1611
sub-010002,ep04,10,1780,1,1770
sub-010002,ep04,20,1780,1,1760
sub-010002,ep04,30,1780,1,1750
sub-010002,ep04,50,1780,1,1730
sub-010002,ep04,100,1780,1,1680
sub-010002,ep04,150,1780,1,1630
sub-010002,ep04,200,1780,1,1580
sub-010002,ep05,3,1755,1,303
sub-010002,ep05,5,1755,1,1579
sub-010002,ep05,7,1755,1,1594
sub-010002,ep05,8,1755,1,1612
sub-010002,ep05,10,1755,1,1631
sub-010002,ep05,20,1755,1,1735
sub-010002,ep05,30,1755,1,1721
sub-010002,ep05,50,1755,1,1705
sub-010002,ep05,100,1755,1,1655
sub-010002,ep05,150,1755,1,1605
sub-010002,ep05,200,1755,1,1555
sub-010002,ep06,3,1657,1,307
sub-010002,ep06,5,1657,1,1172
sub-010002,ep06,7,1657,1,1520
sub-010002,ep06,8,1657,1,1547
sub-010002,ep06,10,1657,1,1647
sub-010002,ep06,20,1657,1,1637
sub-010002,ep06,30,1657,1,1627
sub-010002,ep06,50,1657,1,1607
sub-010002,ep06,100,1657,1,1557
sub-010002,ep06,150,1657,1,1507
sub-010002,ep06,200,1657,1,1457
sub-010003,ep00,3,1247,1,58
sub-010003,ep00,5,1247,1,366
sub-010003,ep00,7,1247,1,430
sub-010003,ep00,8,1247,1,1239
sub-010003,ep00,10,1247,1,1235
sub-010003,ep00,20,1247,1,1227
sub-010003,ep00,30,1247,1,1217
sub-010003,ep00,50,1247,1,1197
sub-010003,ep00,100,1247,1,1147
sub-010003,ep00,150,1247,1,1097
sub-010003,ep00,200,1247,1,1047
sub-010003,ep01,3,1241,1,87
sub-010003,ep01,5,1241,1,734
sub-010003,ep01,7,1241,1,1205
sub-010003,ep01,8,1241,1,1233
sub-010003,ep01,10,1241,1,1231
sub-010003,ep01,20,1241,1,1221
sub-010003,ep01,30,1241,1,1211
sub-010003,ep01,50,1241,1,1191
sub-010003,ep01,100,1241,1,1141
sub-010003,ep01,150,1241,1,1091
sub-010003,ep01,200,1241,1,1041
sub-010003,ep02,3,1241,1,29
sub-010003,ep02,5,1241,1,760
sub-010003,ep02,7,1241,1,745
sub-010003,ep02,8,1241,1,1216
sub-010003,ep02,10,1241,1,1231
sub-010003,ep02,20,1241,1,1221
sub-010003,ep02,30,1241,1,1211
sub-010003,ep02,50,1241,1,1191
sub-010003,ep02,100,1241,1,1141
sub-010003,ep02,150,1241,1,1091
sub-010003,ep02,200,1241,1,1041
sub-010003,ep03,3,1218,1,213
sub-010003,ep03,5,1218,1,729
sub-010003,ep03,7,1218,1,1191
sub-010003,ep03,8,1218,1,1189
sub-010003,ep03,10,1218,1,1208
sub-010003,ep03,20,1218,1,1198
sub-010003,ep03,30,1218,1,1188
sub-010003,ep03,50,1218,1,1168
sub-010003,ep03,100,1218,1,1118
sub-010003,ep03,150,1218,1,1068
sub-010003,ep03,200,1218,1,1018
sub-010003,ep04,3,1236,1,217
sub-010003,ep04,5,1236,1,901
sub-010003,ep04,7,1236,1,1229
sub-010003,ep04,8,1236,1,1228
sub-010003,ep04,10,1236,1,1226
sub-010003,ep04,20,1236,1,1216
sub-010003,ep04,30,1236,1,1206
sub-010003,ep04,50,1236,1,1186
sub-010003,ep04,100,1236,1,1136
sub-010003,ep04,150,1236,1,1086
sub-010003,ep04,200,1236,1,1036
sub-010003,ep05,3,1288,1,182
sub-010003,ep05,5,1288,1,621
sub-010003,ep05,7,1288,1,969
sub-010003,ep05,8,1288,1,992
sub-010003,ep05,10,1288,1,1278
sub-010003,ep05,20,1288,1,1268
sub-010003,ep05,30,1288,1,1258
sub-010003,ep05,50,1288,1,1238
sub-010003,ep05,100,1288,1,1188
sub-010003,ep05,150,1288,1,1138
sub-010003,ep05,200,1288,1,1088
sub-010003,ep06,3,1182,1,239
sub-010003,ep06,5,1182,1,1141
sub-010003,ep06,7,1182,1,1175
sub-010003,ep06,8,1182,1,1173
sub-010003,ep06,10,1182,1,1170
sub-010003,ep06,20,1182,1,1162
sub-010003,ep06,30,1182,1,1152
sub-010003,ep06,50,1182,1,1132
sub-010003,ep06,100,1182,1,1082
sub-010003,ep06,150,1182,1,1032
sub-010003,ep06,200,1182,1,982
sub-010004,ep00,3,1584,1,98
sub-010004,ep00,5,1584,1,1228
sub-010004,ep00,7,1584,1,1301
sub-010004,ep00,8,1584,1,1306
sub-010004,ep00,10,1584,1,1353
sub-010004,ep00,20,1584,1,1558
sub-010004,ep00,30,1584,1,1554
sub-010004,ep00,50,1584,1,1534
sub-010004,ep00,100,1584,1,1484
sub-010004,ep00,150,1584,1,1434
sub-010004,ep00,200,1584,1,1384
sub-010004,ep01,3,1424,1,296
sub-010004,ep01,5,1424,1,988
sub-010004,ep01,7,1424,1,1330
sub-010004,ep01,8,1424,1,1351
sub-010004,ep01,10,1424,1,1414
sub-010004,ep01,20,1424,1,1404
sub-010004,ep01,30,1424,1,1394
sub-010004,ep01,50,1424,1,1374
sub-010004,ep01,100,1424,1,1324
sub-010004,ep01,150,1424,1,1274
sub-010004,ep01,200,1424,1,1224
sub-010004,ep02,3,1401,1,336
sub-010004,ep02,5,1401,1,956
sub-010004,ep02,7,1401,1,1320
sub-010004,ep02,8,1401,1,1327
sub-010004,ep02,10,1401,1,1391
sub-010004,ep02,20,1401,1,1381
sub-010004,ep02,30,1401,1,1371
sub-010004,ep02,50,1401,1,1351
sub-010004,ep02,100,1401,1,1301
sub-010004,ep02,150,1401,1,1251
sub-010004,ep02,200,1401,1,1201
sub-010004,ep03,3,1414,1,384
sub-010004,ep03,5,1414,1,1044
sub-010004,ep03,7,1414,1,1289
sub-010004,ep03,8,1414,1,1392
sub-010004,ep03,10,1414,1,1403
sub-010004,ep03,20,1414,1,1394
sub-010004,ep03,30,1414,1,1384
sub-010004,ep03,50,1414,1,1364
sub-010004,ep03,100,1414,1,1314
sub-010004,ep03,150,1414,1,1264
sub-010004,ep03,200,1414,1,1214
sub-010004,ep04,3,1567,1,356
sub-010004,ep04,5,1567,1,872
sub-010004,ep04,7,1567,1,1084
sub-010004,ep04,8,1567,1,1127
sub-010004,ep04,10,1567,1,1036
sub-010004,ep04,20,1567,1,1547
sub-010004,ep04,30,1567,1,1537
sub-010004,ep04,50,1567,1,1517
sub-010004,ep04,100,1567,1,1467
sub-010004,ep04,150,1567,1,1417
sub-010004,ep04,200,1567,1,1367
sub-010004,ep05,3,1436,1,288
sub-010004,ep05,5,1436,1,859
sub-010004,ep05,7,1436,1,1155
sub-010004,ep05,8,1436,1,1266
sub-010004,ep05,10,1436,1,1291
sub-010004,ep05,20,1436,1,1416
sub-010004,ep05,30,1436,1,1406
sub-010004,ep05,50,1436,1,1386
sub-010004,ep05,100,1436,1,1336
sub-010004,ep05,150,1436,1,1286
sub-010004,ep05,200,1436,1,1236
sub-010004,ep06,3,1283,1,396
sub-010004,ep06,5,1283,1,763
sub-010004,ep06,7,1283,1,906
sub-010004,ep06,8,1283,1,954
sub-010004,ep06,10,1283,1,1273
sub-010004,ep06,20,1283,1,1263
sub-010004,ep06,30,1283,1,1253
sub-010004,ep06,50,1283,1,1233
sub-010004,ep06,100,1283,1,1183
sub-010004,ep06,150,1283,1,1133
sub-010004,ep06,200,1283,1,1083
sub-010005,ep00,3,1228,1,179
sub-010005,ep00,5,1228,1,430
sub-010005,ep00,7,1228,1,1221
sub-010005,ep00,8,1228,1,1220
sub-010005,ep00,10,1228,1,1218
sub-010005,ep00,20,1228,1,1208
sub-010005,ep00,30,1228,1,1198
sub-010005,ep00,50,1228,1,1178
sub-010005,ep00,100,1228,1,1128
sub-010005,ep00,150,1228,1,1078
sub-010005,ep00,200,1228,1,1028
sub-010005,ep01,3,1462,1,227
sub-010005,ep01,5,1462,1,1145
sub-010005,ep01,7,1462,1,1147
sub-010005,ep01,8,1462,1,1454
sub-010005,ep01,10,1462,1,1452
sub-010005,ep01,20,1462,1,1442
sub-010005,ep01,30,1462,1,1432
sub-010005,ep01,50,1462,1,1412
sub-010005,ep01,100,1462,1,1362
sub-010005,ep01,150,1462,1,1312
sub-010005,ep01,200,1462,1,1262
sub-010005,ep02,3,1329,1,290
sub-010005,ep02,5,1329,1,405
sub-010005,ep02,7,1329,1,1302
sub-010005,ep02,8,1329,1,1316
sub-010005,ep02,10,1329,1,1317
sub-010005,ep02,20,1329,1,1309
sub-010005,ep02,30,1329,1,1299
sub-010005,ep02,50,1329,1,1279
sub-010005,ep02,100,1329,1,1229
sub-010005,ep02,150,1329,1,1179
sub-010005,ep02,200,1329,1,1129
sub-010005,ep03,3,1865,1,304
sub-010005,ep03,5,1865,1,858
sub-010005,ep03,7,1865,1,1655
sub-010005,ep03,8,1865,1,1857
sub-010005,ep03,10,1865,1,1855
sub-010005,ep03,20,1865,1,1845
sub-010005,ep03,30,1865,1,1834
sub-010005,ep03,50,1865,1,1815
sub-010005,ep03,100,1865,1,1765
sub-010005,ep03,150,1865,1,1715
sub-010005,ep03,200,1865,1,1665
sub-010005,ep04,3,1352,1,302
sub-010005,ep04,5,1352,1,627
sub-010005,ep04,7,1352,1,1345
sub-010005,ep04,8,1352,1,1344
sub-010005,ep04,10,1352,1,1341
sub-010005,ep04,20,1352,1,1332
sub-010005,ep04,30,1352,1,1322
sub-010005,ep04,50,1352,1,1302
sub-010005,ep04,100,1352,1,1252
sub-010005,ep04,150,1352,1,1202
sub-010005,ep04,200,1352,1,1152
sub-010005,ep05,3,1879,1,438
sub-010005,ep05,5,1879,1,795
sub-010005,ep05,7,1879,1,1872
sub-010005,ep05,8,1879,1,1870
sub-010005,ep05,10,1879,1,1869
sub-010005,ep05,20,1879,1,1859
sub-010005,ep05,30,1879,1,1849
sub-010005,ep05,50,1879,1,1829
sub-010005,ep05,100,1879,1,1779
sub-010005,ep05,150,1879,1,1729
sub-010005,ep05,200,1879,1,1679
sub-010005,ep06,3,1188,1,197
sub-010005,ep06,5,1188,1,316
sub-010005,ep06,7,1188,1,1180
sub-010005,ep06,8,1188,1,1180
sub-010005,ep06,10,1188,1,1178
sub-010005,ep06,20,1188,1,1168
sub-010005,ep06,30,1188,1,1158
sub-010005,ep06,50,1188,1,1138
sub-010005,ep06,100,1188,1,1088
sub-010005,ep06,150,1188,1,1038
sub-010005,ep06,200,1188,1,988
sub-010006,ep00,3,1517,1,255
sub-010006,ep00,5,1517,1,1071
sub-010006,ep00,7,1517,1,1067
sub-010006,ep00,8,1517,1,1199
sub-010006,ep00,10,1517,1,1049
sub-010006,ep00,20,1517,1,1497
sub-010006,ep00,30,1517,1,1487
sub-010006,ep00,50,1517,1,1467
sub-010006,ep00,100,1517,1,1417
sub-010006,ep00,150,1517,1,1367
sub-010006,ep00,200,1517,1,1317
sub-010006,ep01,3,1452,1,207
sub-010006,ep01,5,1452,1,643
sub-010006,ep01,7,1452,1,977
sub-010006,ep01,8,1452,1,1141
sub-010006,ep01,10,1452,1,1146
sub-010006,ep01,20,1452,1,1432
sub-010006,ep01,30,1452,1,1422
sub-010006,ep01,50,1452,1,1402
sub-010006,ep01,100,1452,1,1352
sub-010006,ep01,150,1452,1,1302
sub-010006,ep01,200,1452,1,1252
sub-010006,ep02,3,1469,1,576
sub-010006,ep02,5,1469,1,977
sub-010006,ep02,7,1469,1,1038
sub-010006,ep02,8,1469,1,1066
sub-010006,ep02,10,1469,1,1103
sub-010006,ep02,20,1469,1,1449
sub-010006,ep02,30,1469,1,1439
sub-010006,ep02,50,1469,1,1419
sub-010006,ep02,100,1469,1,1369
sub-010006,ep02,150,1469,1,1319
sub-010006,ep02,200,1469,1,1269
sub-010006,ep03,3,1764,1,445
sub-010006,ep03,5,1764,1,1231
sub-010006,ep03,7,1764,1,1312
sub-010006,ep03,8,1764,1,1315
sub-010006,ep03,10,1764,1,1754
sub-010006,ep03,20,1764,1,1744
sub-010006,ep03,30,1764,1,1734
sub-010006,ep03,50,1764,1,1714
sub-010006,ep03,100,1764,1,1664
sub-010006,ep03,150,1764,1,1614
sub-010006,ep03,200,1764,1,1564
sub-010006,ep04,3,1453,1,402
sub-010006,ep04,5,1453,1,851
sub-010006,ep04,7,1453,1,880
sub-010006,ep04,8,1453,1,1125
sub-010006,ep04,10,1453,1,1443
sub-010006,ep04,20,1453,1,1433
sub-010006,ep04,30,1453,1,1423
sub-010006,ep04,50,1453,1,1403
sub-010006,ep04,100,1453,1,1353
sub-010006,ep04,150,1453,1,1303
sub-010006,ep04,200,1453,1,1253
sub-010006,ep05,3,1575,1,474
sub-010006,ep05,5,1575,1,922
sub-010006,ep05,7,1575,1,1002
sub-010006,ep05,8,1575,1,1005
sub-010006,ep05,10,1575,1,967
sub-010006,ep05,20,1575,1,1555
sub-010006,ep05,30,1575,1,1545
sub-010006,ep05,50,1575,1,1525
sub-010006,ep05,100,1575,1,1475
sub-010006,ep05,150,1575,1,1425
sub-010006,ep05,200,1575,1,1375
sub-010006,ep06,3,1290,1,70
sub-010006,ep06,5,1290,1,497
sub-010006,ep06,7,1290,1,1022
sub-010006,ep06,8,1290,1,1049
sub-010006,ep06,10,1290,1,1227
sub-010006,ep06,20,1290,1,1270
sub-010006,ep06,30,1290,1,1260
sub-010006,ep06,50,1290,1,1240
sub-010006,ep06,100,1290,1,1190
sub-010006,ep06,150,1290,1,1140
sub-010006,ep06,200,1290,1,1090
sub-010007,ep00,3,1548,1,306
sub-010007,ep00,5,1548,1,678
sub-010007,ep00,7,1548,1,1500
sub-010007,ep00,8,1548,1,1506
sub-010007,ep00,10,1548,1,1512
sub-010007,ep00,20,1548,1,1519
sub-010007,ep00,30,1548,1,1518
sub-010007,ep00,50,1548,1,1498
sub-010007,ep00,100,1548,1,1448
sub-010007,ep00,150,1548,1,1398
sub-010007,ep00,200,1548,1,1348
sub-010007,ep01,3,1504,1,194
sub-010007,ep01,5,1504,1,378
sub-010007,ep01,7,1504,1,681
sub-010007,ep01,8,1504,1,669
sub-010007,ep01,10,1504,1,1466
sub-010007,ep01,20,1504,1,1484
sub-010007,ep01,30,1504,1,1474
sub-010007,ep01,50,1504,1,1454
sub-010007,ep01,100,1504,1,1404
sub-010007,ep01,150,1504,1,1354
sub-010007,ep01,200,1504,1,1304
sub-010007,ep02,3,1644,1,141
sub-010007,ep02,5,1644,1,582
sub-010007,ep02,7,1644,1,1424
sub-010007,ep02,8,1644,1,1636
sub-010007,ep02,10,1644,1,1634
sub-010007,ep02,20,1644,1,1624
sub-010007,ep02,30,1644,1,1614
sub-010007,ep02,50,1644,1,1594
sub-010007,ep02,100,1644,1,1544
sub-010007,ep02,150,1644,1,1494
sub-010007,ep02,200,1644,1,1444
sub-010007,ep03,3,1622,1,381
sub-010007,ep03,5,1622,1,324
sub-010007,ep03,7,1622,2,498
sub-010007,ep03,8,1622,1,1614
sub-010007,ep03,10,1622,1,1612
sub-010007,ep03,20,1622,1,1602
sub-010007,ep03,30,1622,1,1592
sub-010007,ep03,50,1622,1,1572
sub-010007,ep03,100,1622,1,1522
sub-010007,ep03,150,1622,1,1472
sub-010007,ep03,200,1622,1,1422
sub-010007,ep04,3,1482,1,234
sub-010007,ep04,5,1482,1,219
sub-010007,ep04,7,1482,3,566
sub-010007,ep04,8,1482,1,546
sub-010007,ep04,10,1482,1,1469
sub-010007,ep04,20,1482,1,1462
sub-010007,ep04,30,1482,1,1450
sub-010007,ep04,50,1482,1,1432
sub-010007,ep04,100,1482,1,1382
sub-010007,ep04,150,1482,1,1332
sub-010007,ep04,200,1482,1,1282
sub-010007,ep05,3,1582,1,110
sub-010007,ep05,5,1582,1,216
sub-010007,ep05,7,1582,2,252
sub-010007,ep05,8,1582,2,264
sub-010007,ep05,10,1582,1,1572
sub-010007,ep05,20,1582,1,1562
sub-010007,ep05,30,1582,1,1552
sub-010007,ep05,50,1582,1,1532
sub-010007,ep05,100,1582,1,1482
sub-010007,ep05,150,1582,1,1432
sub-010007,ep05,200,1582,1,1382
sub-010007,ep06,3,1365,1,222
sub-010007,ep06,5,1365,1,262
sub-010007,ep06,7,1365,3,302
sub-010007,ep06,8,1365,2,300
sub-010007,ep06,10,1365,1,1353
sub-010007,ep06,20,1365,1,1345
sub-010007,ep06,30,1365,1,1335
sub-010007,ep06,50,1365,1,1315
sub-010007,ep06,100,1365,1,1265
sub-010007,ep06,150,1365,1,1215
sub-010007,ep06,200,1365,1,1165
sub-010010,ep00,3,1347,1,223
sub-010010,ep00,5,1347,1,1239
sub-010010,ep00,7,1347,1,1262
sub-010010,ep00,8,1347,1,1235
sub-010010,ep00,10,1347,1,1256
sub-010010,ep00,20,1347,1,1327
sub-010010,ep00,30,1347,1,1317
sub-010010,ep00,50,1347,1,1297
sub-010010,ep00,100,1347,1,1247
sub-010010,ep00,150,1347,1,1197
sub-010010,ep00,200,1347,1,1147
sub-010010,ep01,3,1375,1,149
sub-010010,ep01,5,1375,1,910
sub-010010,ep01,7,1375,1,1347
sub-010010,ep01,8,1375,1,1367
sub-010010,ep01,10,1375,1,1362
sub-010010,ep01,20,1375,1,1355
sub-010010,ep01,30,1375,1,1345
sub-010010,ep01,50,1375,1,1325
sub-010010,ep01,100,1375,1,1275
sub-010010,ep01,150,1375,1,1225
sub-010010,ep01,200,1375,1,1175
sub-010010,ep02,3,1425,1,99
sub-010010,ep02,5,1425,1,712
sub-010010,ep02,7,1425,1,927
sub-010010,ep02,8,1425,1,1414
sub-010010,ep02,10,1425,1,1415
sub-010010,ep02,20,1425,1,1405
sub-010010,ep02,30,1425,1,1395
sub-010010,ep02,50,1425,1,1375
sub-010010,ep02,100,1425,1,1325
sub-010010,ep02,150,1425,1,1275
sub-010010,ep02,200,1425,1,1225
sub-010010,ep03,3,1476,1,366
sub-010010,ep03,5,1476,1,941
sub-010010,ep03,7,1476,1,1004
sub-010010,ep03,8,1476,1,1468
sub-010010,ep03,10,1476,1,1460
sub-010010,ep03,20,1476,1,1456
sub-010010,ep03,30,1476,1,1446
sub-010010,ep03,50,1476,1,1426
sub-010010,ep03,100,1476,1,1376
sub-010010,ep03,150,1476,1,1326
sub-010010,ep03,200,1476,1,1276
sub-010010,ep04,3,1359,1,357
sub-010010,ep04,5,1359,1,496
sub-010010,ep04,7,1359,1,948
sub-010010,ep04,8,1359,1,821
sub-010010,ep04,10,1359,1,1349
sub-010010,ep04,20,1359,1,1339
sub-010010,ep04,30,1359,1,1329
sub-010010,ep04,50,1359,1,1309
sub-010010,ep04,100,1359,1,1259
sub-010010,ep04,150,1359,1,1209
sub-010010,ep04,200,1359,1,1159
sub-010010,ep05,3,1412,1,32
sub-010010,ep05,5,1412,1,894
sub-010010,ep05,7,1412,1,1009
sub-010010,ep05,8,1412,1,1403
sub-010010,ep05,10,1412,1,1002
sub-010010,ep05,20,1412,1,1392
sub-010010,ep05,30,1412,1,1382
sub-010010,ep05,50,1412,1,1362
sub-010010,ep05,100,1412,1,1312
sub-010010,ep05,150,1412,1,1262
sub-010010,ep05,200,1412,1,1212
sub-010010,ep06,3,1268,1,104
sub-010010,ep06,5,1268,1,791
sub-010010,ep06,7,1268,1,838
sub-010010,ep06,8,1268,1,1234
sub-010010,ep06,10,1268,1,1258
sub-010010,ep06,20,1268,1,1248
sub-010010,ep06,30,1268,1,1238
sub-010010,ep06,50,1268,1,1218
sub-010010,ep06,100,1268,1,1168
sub-010010,ep06,150,1268,1,1118
sub-010010,ep06,200,1268,1,1068
sub-010012,ep00,3,1596,1,256
sub-010012,ep00,5,1596,1,372
sub-010012,ep00,7,1596,1,1573
sub-010012,ep00,8,1596,1,1584
sub-010012,ep00,10,1596,1,1584
sub-010012,ep00,20,1596,1,1576
sub-010012,ep00,30,1596,1,1566
sub-010012,ep00,50,1596,1,1546
sub-010012,ep00,100,1596,1,1496
sub-010012,ep00,150,1596,1,1446
sub-010012,ep00,200,1596,1,1396
sub-010012,ep01,3,1873,1,380
sub-010012,ep01,5,1873,1,1217
sub-010012,ep01,7,1873,1,1852
sub-010012,ep01,8,1873,1,1850
sub-010012,ep01,10,1873,1,1863
sub-010012,ep01,20,1873,1,1853
sub-010012,ep01,30,1873,1,1843
sub-010012,ep01,50,1873,1,1823
sub-010012,ep01,100,1873,1,1773
sub-010012,ep01,150,1873,1,1723
sub-010012,ep01,200,1873,1,1673
sub-010012,ep02,3,1667,1,327
sub-010012,ep02,5,1667,1,865
sub-010012,ep02,7,1667,1,852
sub-010012,ep02,8,1667,1,853
sub-010012,ep02,10,1667,1,805
sub-010012,ep02,20,1667,1,1646
sub-010012,ep02,30,1667,1,1637
sub-010012,ep02,50,1667,1,1617
sub-010012,ep02,100,1667,1,1567
sub-010012,ep02,150,1667,1,1517
sub-010012,ep02,200,1667,1,1467
sub-010012,ep03,3,1611,1,99
sub-010012,ep03,5,1611,1,617
sub-010012,ep03,7,1611,1,1603
sub-010012,ep03,8,1611,1,1603
sub-010012,ep03,10,1611,1,1601
sub-010012,ep03,20,1611,1,1591
sub-010012,ep03,30,1611,1,1581
sub-010012,ep03,50,1611,1,1561
sub-010012,ep03,100,1611,1,1511
sub-010012,ep03,150,1611,1,1461
sub-010012,ep03,200,1611,1,1411
sub-010012,ep04,3,1634,1,281
sub-010012,ep04,5,1634,1,894
sub-010012,ep04,7,1634,1,865
sub-010012,ep04,8,1634,1,883
sub-010012,ep04,10,1634,1,893
sub-010012,ep04,20,1634,1,1614
sub-010012,ep04,30,1634,1,1603
sub-010012,ep04,50,1634,1,1584
sub-010012,ep04,100,1634,1,1534
sub-010012,ep04,150,1634,1,1484
sub-010012,ep04,200,1634,1,1434
sub-010012,ep05,3,1785,1,145
sub-010012,ep05,5,1785,1,908
sub-010012,ep05,7,1785,1,1776
sub-010012,ep05,8,1785,1,1777
sub-010012,ep05,10,1785,1,1775
sub-010012,ep05,20,1785,1,1765
sub-010012,ep05,30,1785,1,1755
sub-010012,ep05,50,1785,1,1735
sub-010012,ep05,100,1785,1,1685
sub-010012,ep05,150,1785,1,1635
sub-010012,ep05,200,1785,1,1585
sub-010012,ep06,3,1465,1,145
sub-010012,ep06,5,1465,1,436
sub-010012,ep06,7,1465,1,1046
sub-010012,ep06,8,1465,1,1420
sub-010012,ep06,10,1465,1,1455
sub-010012,ep06,20,1465,1,1445
sub-010012,ep06,30,1465,1,1435
sub-010012,ep06,50,1465,1,1415
sub-010012,ep06,100,1465,1,1365
sub-010012,ep06,150,1465,1,1315
sub-010012,ep06,200,1465,1,1265
sub-010016,ep00,3,1474,1,255
sub-010016,ep00,5,1474,1,1050
sub-010016,ep00,7,1474,1,1467
sub-010016,ep00,8,1474,1,1061
sub-010016,ep00,10,1474,1,1464
sub-010016,ep00,20,1474,1,1453
sub-010016,ep00,30,1474,1,1444
sub-010016,ep00,50,1474,1,1424
sub-010016,ep00,100,1474,1,1374
sub-010016,ep00,150,1474,1,1324
sub-010016,ep00,200,1474,1,1274
sub-010016,ep01,3,1502,1,437
sub-010016,ep01,5,1502,1,1091
sub-010016,ep01,7,1502,1,1495
sub-010016,ep01,8,1502,1,1494
sub-010016,ep01,10,1502,1,1492
sub-010016,ep01,20,1502,1,1482
sub-010016,ep01,30,1502,1,1472
sub-010016,ep01,50,1502,1,1452
sub-010016,ep01,100,1502,1,1402
sub-010016,ep01,150,1502,1,1352
sub-010016,ep01,200,1502,1,1302
sub-010016,ep02,3,1512,1,535
sub-010016,ep02,5,1512,1,779
sub-010016,ep02,7,1512,1,1346
sub-010016,ep02,8,1512,1,1504
sub-010016,ep02,10,1512,1,1502
sub-010016,ep02,20,1512,1,1492
sub-010016,ep02,30,1512,1,1482
sub-010016,ep02,50,1512,1,1462
sub-010016,ep02,100,1512,1,1412
sub-010016,ep02,150,1512,1,1362
sub-010016,ep02,200,1512,1,1312
sub-010016,ep03,3,1442,1,351
sub-010016,ep03,5,1442,1,1066
sub-010016,ep03,7,1442,1,1090
sub-010016,ep03,8,1442,1,1092
sub-010016,ep03,10,1442,1,1431
sub-010016,ep03,20,1442,1,1422
sub-010016,ep03,30,1442,1,1412
sub-010016,ep03,50,1442,1,1392
sub-010016,ep03,100,1442,1,1342
sub-010016,ep03,150,1442,1,1292
sub-010016,ep03,200,1442,1,1242
sub-010016,ep04,3,1475,1,431
sub-010016,ep04,5,1475,1,954
sub-010016,ep04,7,1475,1,1468
sub-010016,ep04,8,1475,1,1467
sub-010016,ep04,10,1475,1,1463
sub-010016,ep04,20,1475,1,1454
sub-010016,ep04,30,1475,1,1445
sub-010016,ep04,50,1475,1,1425
sub-010016,ep04,100,1475,1,1375
sub-010016,ep04,150,1475,1,1325
sub-010016,ep04,200,1475,1,1275
sub-010016,ep05,3,1518,1,687
sub-010016,ep05,5,1518,1,934
sub-010016,ep05,7,1518,1,1489
sub-010016,ep05,8,1518,1,1393
sub-010016,ep05,10,1518,1,1491
sub-010016,ep05,20,1518,1,1498
sub-010016,ep05,30,1518,1,1488
sub-010016,ep05,50,1518,1,1468
sub-010016,ep05,100,1518,1,1418
sub-010016,ep05,150,1518,1,1368
sub-010016,ep05,200,1518,1,1318
sub-010016,ep06,3,1386,1,137
sub-010016,ep06,5,1386,1,749
sub-010016,ep06,7,1386,1,944
sub-010016,ep06,8,1386,1,1378
sub-010016,ep06,10,1386,1,1376
sub-010016,ep06,20,1386,1,1366
sub-010016,ep06,30,1386,1,1356
sub-010016,ep06,50,1386,1,1336
sub-010016,ep06,100,1386,1,1286
sub-010016,ep06,150,1386,1,1236
sub-010016,ep06,200,1386,1,1186
sub-010017,ep00,3,1395,1,102
sub-010017,ep00,5,1395,1,544
sub-010017,ep00,7,1395,1,1388
sub-010017,ep00,8,1395,1,1387
sub-010017,ep00,10,1395,1,1385
sub-010017,ep00,20,1395,1,1375
sub-010017,ep00,30,1395,1,1365
sub-010017,ep00,50,1395,1,1345
sub-010017,ep00,100,1395,1,1295
sub-010017,ep00,150,1395,1,1245
sub-010017,ep00,200,1395,1,1195
sub-010017,ep01,3,1409,1,201
sub-010017,ep01,5,1409,1,686
sub-010017,ep01,7,1409,1,1402
sub-010017,ep01,8,1409,1,1401
sub-010017,ep01,10,1409,1,1399
sub-010017,ep01,20,1409,1,1389
sub-010017,ep01,30,1409,1,1379
sub-010017,ep01,50,1409,1,1359
sub-010017,ep01,100,1409,1,1309
sub-010017,ep01,150,1409,1,1259
sub-010017,ep01,200,1409,1,1209
sub-010017,ep02,3,1424,1,160
sub-010017,ep02,5,1424,1,757
sub-010017,ep02,7,1424,1,1383
sub-010017,ep02,8,1424,1,1416
sub-010017,ep02,10,1424,1,1414
sub-010017,ep02,20,1424,1,1404
sub-010017,ep02,30,1424,1,1394
sub-010017,ep02,50,1424,1,1374
sub-010017,ep02,100,1424,1,1324
sub-010017,ep02,150,1424,1,1274
sub-010017,ep02,200,1424,1,1224
sub-010017,ep03,3,1433,1,181
sub-010017,ep03,5,1433,1,739
sub-010017,ep03,7,1433,1,968
sub-010017,ep03,8,1433,1,1425
sub-010017,ep03,10,1433,1,1423
sub-010017,ep03,20,1433,1,1413
sub-010017,ep03,30,1433,1,1403
sub-010017,ep03,50,1433,1,1383
sub-010017,ep03,100,1433,1,1333
sub-010017,ep03,150,1433,1,1283
sub-010017,ep03,200,1433,1,1233
sub-010017,ep04,3,1566,1,540
sub-010017,ep04,5,1566,1,790
sub-010017,ep04,7,1566,1,1558
sub-010017,ep04,8,1566,1,1556
sub-010017,ep04,10,1566,1,1556
sub-010017,ep04,20,1566,1,1546
sub-010017,ep04,30,1566,1,1536
sub-010017,ep04,50,1566,1,1516
sub-010017,ep04,100,1566,1,1466
sub-010017,ep04,150,1566,1,1416
sub-010017,ep04,200,1566,1,1366
sub-010017,ep05,3,1408,1,204
sub-010017,ep05,5,1408,1,994
sub-010017,ep05,7,1408,1,1384
sub-010017,ep05,8,1408,1,1400
sub-010017,ep05,10,1408,1,1398
sub-010017,ep05,20,1408,1,1388
sub-010017,ep05,30,1408,1,1378
sub-010017,ep05,50,1408,1,1358
sub-010017,ep05,100,1408,1,1308
sub-010017,ep05,150,1408,1,1258
sub-010017,ep05,200,1408,1,1208
sub-010017,ep06,3,1316,1,6
sub-010017,ep06,5,1316,1,863
sub-010017,ep06,7,1316,1,919
sub-010017,ep06,8,1316,1,935
sub-010017,ep06,10,1316,1,872
sub-010017,ep06,20,1316,1,1296
sub-010017,ep06,30,1316,1,1286
sub-010017,ep06,50,1316,1,1266
sub-010017,ep06,100,1316,1,1216
sub-010017,ep06,150,1316,1,1166
sub-010017,ep06,200,1316,1,1116
sub-010019,ep00,3,1490,1,53
sub-010019,ep00,5,1490,1,676
sub-010019,ep00,7,1490,1,1460
sub-010019,ep00,8,1490,1,1482
sub-010019,ep00,10,1490,1,1480
sub-010019,ep00,20,1490,1,1470
sub-010019,ep00,30,1490,1,1460
sub-010019,ep00,50,1490,1,1440
sub-010019,ep00,100,1490,1,1390
sub-010019,ep00,150,1490,1,1340
sub-010019,ep00,200,1490,1,1290
sub-010019,ep01,3,1482,1,268
sub-010019,ep01,5,1482,1,393
sub-010019,ep01,7,1482,1,1405
sub-010019,ep01,8,1482,1,1412
sub-010019,ep01,10,1482,1,1472
sub-010019,ep01,20,1482,1,1462
sub-010019,ep01,30,1482,1,1452
sub-010019,ep01,50,1482,1,1432
sub-010019,ep01,100,1482,1,1382
sub-010019,ep01,150,1482,1,1332
sub-010019,ep01,200,1482,1,1282
sub-010019,ep02,3,1483,1,224
sub-010019,ep02,5,1483,1,1203
sub-010019,ep02,7,1483,1,1476
sub-010019,ep02,8,1483,1,1473
sub-010019,ep02,10,1483,1,1473
sub-010019,ep02,20,1483,1,1463
sub-010019,ep02,30,1483,1,1453
sub-010019,ep02,50,1483,1,1433
sub-010019,ep02,100,1483,1,1383
sub-010019,ep02,150,1483,1,1333
sub-010019,ep02,200,1483,1,1283
sub-010019,ep03,3,1467,1,156
sub-010019,ep03,5,1467,1,579
sub-010019,ep03,7,1467,1,1457
sub-010019,ep03,8,1467,1,1459
sub-010019,ep03,10,1467,1,1457
sub-010019,ep03,20,1467,1,1447
sub-010019,ep03,30,1467,1,1437
sub-010019,ep03,50,1467,1,1417
sub-010019,ep03,100,1467,1,1367
sub-010019,ep03,150,1467,1,1317
sub-010019,ep03,200,1467,1,1267
sub-010019,ep04,3,1416,1,150
sub-010019,ep04,5,1416,1,575
sub-010019,ep04,7,1416,1,1377
sub-010019,ep04,8,1416,1,1385
sub-010019,ep04,10,1416,1,1389
sub-010019,ep04,20,1416,1,1396
sub-010019,ep04,30,1416,1,1386
sub-010019,ep04,50,1416,1,1366
sub-010019,ep04,100,1416,1,1316
sub-010019,ep04,150,1416,1,1266
sub-010019,ep04,200,1416,1,1216
sub-010019,ep05,3,2301,1,197
sub-010019,ep05,5,2301,1,733
sub-010019,ep05,7,2301,1,2294
sub-010019,ep05,8,2301,1,2289
sub-010019,ep05,10,2301,1,2290
sub-010019,ep05,20,2301,1,2281
sub-010019,ep05,30,2301,1,2271
sub-010019,ep05,50,2301,1,2251
sub-010019,ep05,100,2301,1,2201
sub-010019,ep05,150,2301,1,2151
sub-010019,ep05,200,2301,1,2101
sub-010019,ep06,3,1342,1,217
sub-010019,ep06,5,1342,1,472
sub-010019,ep06,7,1342,1,1315
sub-010019,ep06,8,1342,1,1334
sub-010019,ep06,10,1342,1,1332
sub-010019,ep06,20,1342,1,1322
sub-010019,ep06,30,1342,1,1312
sub-010019,ep06,50,1342,1,1292
sub-010019,ep06,100,1342,1,1242
sub-010019,ep06,150,1342,1,1192
sub-010019,ep06,200,1342,1,1142
sub-010020,ep00,3,1285,1,253
sub-010020,ep00,5,1285,1,669
sub-010020,ep00,7,1285,1,1076
sub-010020,ep00,8,1285,1,1277
sub-010020,ep00,10,1285,1,1275
sub-010020,ep00,20,1285,1,1265
sub-010020,ep00,30,1285,1,1255
sub-010020,ep00,50,1285,1,1235
sub-010020,ep00,100,1285,1,1185
sub-010020,ep00,150,1285,1,1135
sub-010020,ep00,200,1285,1,1085
sub-010020,ep01,3,1670,1,392
sub-010020,ep01,5,1670,1,1096
sub-010020,ep01,7,1670,1,1530
sub-010020,ep01,8,1670,1,1554
sub-010020,ep01,10,1670,1,1660
sub-010020,ep01,20,1670,1,1650
sub-010020,ep01,30,1670,1,1640
sub-010020,ep01,50,1670,1,1620
sub-010020,ep01,100,1670,1,1570
sub-010020,ep01,150,1670,1,1520
sub-010020,ep01,200,1670,1,1470
sub-010020,ep02,3,1292,1,327
sub-010020,ep02,5,1292,1,671
sub-010020,ep02,7,1292,1,1238
sub-010020,ep02,8,1292,1,1241
sub-010020,ep02,10,1292,1,1279
sub-010020,ep02,20,1292,1,1272
sub-010020,ep02,30,1292,1,1262
sub-010020,ep02,50,1292,1,1242
sub-010020,ep02,100,1292,1,1192
sub-010020,ep02,150,1292,1,1142
sub-010020,ep02,200,1292,1,1092
sub-010020,ep03,3,1270,1,364
sub-010020,ep03,5,1270,1,861
sub-010020,ep03,7,1270,1,1263
sub-010020,ep03,8,1270,1,1258
sub-010020,ep03,10,1270,1,1259
sub-010020,ep03,20,1270,1,1250
sub-010020,ep03,30,1270,1,1240
sub-010020,ep03,50,1270,1,1220
sub-010020,ep03,100,1270,1,1170
sub-010020,ep03,150,1270,1,1120
sub-010020,ep03,200,1270,1,1070
sub-010020,ep04,3,1261,1,388
sub-010020,ep04,5,1261,1,801
sub-010020,ep04,7,1261,1,669
sub-010020,ep04,8,1261,1,1253
sub-010020,ep04,10,1261,1,1251
sub-010020,ep04,20,1261,1,1241
sub-010020,ep04,30,1261,1,1231
sub-010020,ep04,50,1261,1,1211
sub-010020,ep04,100,1261,1,1161
sub-010020,ep04,150,1261,1,1111
sub-010020,ep04,200,1261,1,1061
sub-010020,ep05,3,1301,1,240
sub-010020,ep05,5,1301,1,590
sub-010020,ep05,7,1301,1,996
sub-010020,ep05,8,1301,1,1293
sub-010020,ep05,10,1301,1,1291
sub-010020,ep05,20,1301,1,1281
sub-010020,ep05,30,1301,1,1271
sub-010020,ep05,50,1301,1,1251
sub-010020,ep05,100,1301,1,1201
sub-010020,ep05,150,1301,1,1151
sub-010020,ep05,200,1301,1,1101
sub-010021,ep00,3,1325,1,93
sub-010021,ep00,5,1325,1,525
sub-010021,ep00,7,1325,1,783
sub-010021,ep00,8,1325,1,1317
sub-010021,ep00,10,1325,1,1315
sub-010021,ep00,20,1325,1,1305
sub-010021,ep00,30,1325,1,1295
sub-010021,ep00,50,1325,1,1275
sub-010021,ep00,100,1325,1,1225
sub-010021,ep00,150,1325,1,1175
sub-010021,ep00,200,1325,1,1125
sub-010021,ep01,3,1337,1,293
sub-010021,ep01,5,1337,1,405
sub-010021,ep01,7,1337,1,647
sub-010021,ep01,8,1337,1,1328
sub-010021,ep01,10,1337,1,1327
sub-010021,ep01,20,1337,1,1317
sub-010021,ep01,30,1337,1,1307
sub-010021,ep01,50,1337,1,1287
sub-010021,ep01,100,1337,1,1237
sub-010021,ep01,150,1337,1,1187
sub-010021,ep01,200,1337,1,1137
sub-010021,ep02,3,1312,1,164
sub-010021,ep02,5,1312,1,934
sub-010021,ep02,7,1312,1,1282
sub-010021,ep02,8,1312,1,1290
sub-010021,ep02,10,1312,1,1302
sub-010021,ep02,20,1312,1,1284
sub-010021,ep02,30,1312,1,1282
sub-010021,ep02,50,1312,1,1262
sub-010021,ep02,100,1312,1,1212
sub-010021,ep02,150,1312,1,1162
sub-010021,ep02,200,1312,1,1112
sub-010021,ep03,3,1337,1,285
sub-010021,ep03,5,1337,1,1332
sub-010021,ep03,7,1337,1,1330
sub-010021,ep03,8,1337,1,1329
sub-010021,ep03,10,1337,1,1326
sub-010021,ep03,20,1337,1,1317
sub-010021,ep03,30,1337,1,1307
sub-010021,ep03,50,1337,1,1287
sub-010021,ep03,100,1337,1,1237
sub-010021,ep03,150,1337,1,1187
sub-010021,ep03,200,1337,1,1137
sub-010021,ep04,3,1378,1,296
sub-010021,ep04,5,1378,1,940
sub-010021,ep04,7,1378,1,917
sub-010021,ep04,8,1378,1,1369
sub-010021,ep04,10,1378,1,1368
sub-010021,ep04,20,1378,1,1358
sub-010021,ep04,30,1378,1,1348
sub-010021,ep04,50,1378,1,1328
sub-010021,ep04,100,1378,1,1278
sub-010021,ep04,150,1378,1,1228
sub-010021,ep04,200,1378,1,1178
sub-010021,ep05,3,1394,1,172
sub-010021,ep05,5,1394,1,649
sub-010021,ep05,7,1394,1,1200
sub-010021,ep05,8,1394,1,1385
sub-010021,ep05,10,1394,1,1383
sub-010021,ep05,20,1394,1,1371
sub-010021,ep05,30,1394,1,1364
sub-010021,ep05,50,1394,1,1344
sub-010021,ep05,100,1394,1,1294
sub-010021,ep05,150,1394,1,1244
sub-010021,ep05,200,1394,1,1194
sub-010021,ep06,3,1282,1,414
sub-010021,ep06,5,1282,1,1096
sub-010021,ep06,7,1282,1,1275
sub-010021,ep06,8,1282,1,1273
sub-010021,ep06,10,1282,1,1271
sub-010021,ep06,20,1282,1,1262
sub-010021,ep06,30,1282,1,1252
sub-010021,ep06,50,1282,1,1232
sub-010021,ep06,100,1282,1,1182
sub-010021,ep06,150,1282,1,1132
sub-010021,ep06,200,1282,1,1082
sub-010022,ep00,3,1364,1,524
sub-010022,ep00,5,1364,1,1358
sub-010022,ep00,7,1364,1,1357
sub-010022,ep00,8,1364,1,1356
sub-010022,ep00,10,1364,1,1354
sub-010022,ep00,20,1364,1,1344
sub-010022,ep00,30,1364,1,1334
sub-010022,ep00,50,1364,1,1314
sub-010022,ep00,100,1364,1,1264
sub-010022,ep00,150,1364,1,1214
sub-010022,ep00,200,1364,1,1164
sub-010022,ep01,3,1298,1,426
sub-010022,ep01,5,1298,1,1290
sub-010022,ep01,7,1298,1,1291
sub-010022,ep01,8,1298,1,1290
sub-010022,ep01,10,1298,1,1288
sub-010022,ep01,20,1298,1,1278
sub-010022,ep01,30,1298,1,1268
sub-010022,ep01,50,1298,1,1248
sub-010022,ep01,100,1298,1,1198
sub-010022,ep01,150,1298,1,1148
sub-010022,ep01,200,1298,1,1098
sub-010022,ep02,3,1286,1,444
sub-010022,ep02,5,1286,1,1281
sub-010022,ep02,7,1286,1,1279
sub-010022,ep02,8,1286,1,1278
sub-010022,ep02,10,1286,1,1276
sub-010022,ep02,20,1286,1,1266
sub-010022,ep02,30,1286,1,1256
sub-010022,ep02,50,1286,1,1236
sub-010022,ep02,100,1286,1,1186
sub-010022,ep02,150,1286,1,1136
sub-010022,ep02,200,1286,1,1086
sub-010022,ep03,3,1326,1,434
sub-010022,ep03,5,1326,1,642
sub-010022,ep03,7,1326,1,1319
sub-010022,ep03,8,1326,1,1318
sub-010022,ep03,10,1326,1,1316
sub-010022,ep03,20,1326,1,1306
sub-010022,ep03,30,1326,1,1296
sub-010022,ep03,50,1326,1,1276
sub-010022,ep03,100,1326,1,1226
sub-010022,ep03,150,1326,1,1176
sub-010022,ep03,200,1326,1,1126
sub-010022,ep04,3,1328,1,535
sub-010022,ep04,5,1328,1,845
sub-010022,ep04,7,1328,1,774
sub-010022,ep04,8,1328,1,1320
sub-010022,ep04,10,1328,1,1318
sub-010022,ep04,20,1328,1,1308
sub-010022,ep04,30,1328,1,1298
sub-010022,ep04,50,1328,1,1278
sub-010022,ep04,100,1328,1,1228
sub-010022,ep04,150,1328,1,1178
sub-010022,ep04,200,1328,1,1128
sub-010022,ep05,3,1363,1,413
sub-010022,ep05,5,1363,1,1342
sub-010022,ep05,7,1363,1,1356
sub-010022,ep05,8,1363,1,1353
sub-010022,ep05,10,1363,1,1353
sub-010022,ep05,20,1363,1,1343
sub-010022,ep05,30,1363,1,1333
sub-010022,ep05,50,1363,1,1313
sub-010022,ep05,100,1363,1,1263
sub-010022,ep05,150,1363,1,1213
sub-010022,ep05,200,1363,1,1163
sub-010023,ep00,3,1351,1,332
sub-010023,ep00,5,1351,1,886
sub-010023,ep00,7,1351,1,933
sub-010023,ep00,8,1351,1,973
sub-010023,ep00,10,1351,1,1341
sub-010023,ep00,20,1351,1,1331
sub-010023,ep00,30,1351,1,1321
sub-010023,ep00,50,1351,1,1301
sub-010023,ep00,100,1351,1,1251
sub-010023,ep00,150,1351,1,1201
sub-010023,ep00,200,1351,1,1151
sub-010023,ep01,3,1332,1,438
sub-010023,ep01,5,1332,1,754
sub-010023,ep01,7,1332,1,599
sub-010023,ep01,8,1332,1,1319
sub-010023,ep01,10,1332,1,1322
sub-010023,ep01,20,1332,1,1312
sub-010023,ep01,30,1332,1,1302
sub-010023,ep01,50,1332,1,1282
sub-010023,ep01,100,1332,1,1232
sub-010023,ep01,150,1332,1,1182
sub-010023,ep01,200,1332,1,1132
sub-010023,ep02,3,1334,1,315
sub-010023,ep02,5,1334,1,665
sub-010023,ep02,7,1334,1,1327
sub-010023,ep02,8,1334,1,1326
sub-010023,ep02,10,1334,1,1324
sub-010023,ep02,20,1334,1,1314
sub-010023,ep02,30,1334,1,1304
sub-010023,ep02,50,1334,1,1284
sub-010023,ep02,100,1334,1,1234
sub-010023,ep02,150,1334,1,1184
sub-010023,ep02,200,1334,1,1134
sub-010023,ep03,3,1319,1,261
sub-010023,ep03,5,1319,1,680
sub-010023,ep03,7,1319,1,857
sub-010023,ep03,8,1319,1,853
sub-010023,ep03,10,1319,1,1309
sub-010023,ep03,20,1319,1,1299
sub-010023,ep03,30,1319,1,1289
sub-010023,ep03,50,1319,1,1269
sub-010023,ep03,100,1319,1,1219
sub-010023,ep03,150,1319,1,1169
sub-010023,ep03,200,1319,1,1119
sub-010023,ep04,3,1413,1,217
sub-010023,ep04,5,1413,1,1003
sub-010023,ep04,7,1413,1,1405
sub-010023,ep04,8,1413,1,1405
sub-010023,ep04,10,1413,1,1397
sub-010023,ep04,20,1413,1,1393
sub-010023,ep04,30,1413,1,1383
sub-010023,ep04,50,1413,1,1363
sub-010023,ep04,100,1413,1,1313
sub-010023,ep04,150,1413,1,1263
sub-010023,ep04,200,1413,1,1213
sub-010023,ep05,3,1367,1,398
sub-010023,ep05,5,1367,1,749
sub-010023,ep05,7,1367,1,1328
sub-010023,ep05,8,1367,1,1359
sub-010023,ep05,10,1367,1,1357
sub-010023,ep05,20,1367,1,1347
sub-010023,ep05,30,1367,1,1337
sub-010023,ep05,50,1367,1,1317
sub-010023,ep05,100,1367,1,1267
sub-010023,ep05,150,1367,1,1217
sub-010023,ep05,200,1367,1,1167
sub-010023,ep06,3,1236,1,294
sub-010023,ep06,5,1236,1,678
sub-010023,ep06,7,1236,1,748
sub-010023,ep06,8,1236,1,798
sub-010023,ep06,10,1236,1,1226
sub-010023,ep06,20,1236,1,1216
sub-010023,ep06,30,1236,1,1206
sub-010023,ep06,50,1236,1,1186
sub-010023,ep06,100,1236,1,1136
sub-010023,ep06,150,1236,1,1086
sub-010023,ep06,200,1236,1,1036
sub-010024,ep00,3,1227,1,30
sub-010024,ep00,5,1227,1,260
sub-010024,ep00,7,1227,1,917
sub-010024,ep00,8,1227,1,1205
sub-010024,ep00,10,1227,1,1217
sub-010024,ep00,20,1227,1,1207
sub-010024,ep00,30,1227,1,1197
sub-010024,ep00,50,1227,1,1177
sub-010024,ep00,100,1227,1,1127
sub-010024,ep00,150,1227,1,1077
sub-010024,ep00,200,1227,1,1027
sub-010024,ep01,3,1347,1,62
sub-010024,ep01,5,1347,1,180
sub-010024,ep01,7,1347,3,470
sub-010024,ep01,8,1347,2,213
sub-010024,ep01,10,1347,2,217
sub-010024,ep01,20,1347,1,1327
sub-010024,ep01,30,1347,1,1317
sub-010024,ep01,50,1347,1,1297
sub-010024,ep01,100,1347,1,1247
sub-010024,ep01,150,1347,1,1197
sub-010024,ep01,200,1347,1,1147
sub-010024,ep02,3,1274,2,10
sub-010024,ep02,5,1274,1,195
sub-010024,ep02,7,1274,1,1267
sub-010024,ep02,8,1274,1,1265
sub-010024,ep02,10,1274,1,1264
sub-010024,ep02,20,1274,1,1254
sub-010024,ep02,30,1274,1,1244
sub-010024,ep02,50,1274,1,1224
sub-010024,ep02,100,1274,1,1174
sub-010024,ep02,150,1274,1,1124
sub-010024,ep02,200,1274,1,1074
sub-010024,ep03,3,1244,1,63
sub-010024,ep03,5,1244,1,490
sub-010024,ep03,7,1244,1,1219
sub-010024,ep03,8,1244,1,1236
sub-010024,ep03,10,1244,1,1233
sub-010024,ep03,20,1244,1,1224
sub-010024,ep03,30,1244,1,1214
sub-010024,ep03,50,1244,1,1194
sub-010024,ep03,100,1244,1,1144
sub-010024,ep03,150,1244,1,1094
sub-010024,ep03,200,1244,1,1044
sub-010024,ep04,3,1325,1,154
sub-010024,ep04,5,1325,2,292
sub-010024,ep04,7,1325,1,1283
sub-010024,ep04,8,1325,1,1282
sub-010024,ep04,10,1325,1,1296
sub-010024,ep04,20,1325,1,1305
sub-010024,ep04,30,1325,1,1295
sub-010024,ep04,50,1325,1,1275
sub-010024,ep04,100,1325,1,1225
sub-010024,ep04,150,1325,1,1175
sub-010024,ep04,200,1325,1,1125
sub-010024,ep05,3,1257,1,58
sub-010024,ep05,5,1257,1,512
sub-010024,ep05,7,1257,1,1250
sub-010024,ep05,8,1257,1,1249
sub-010024,ep05,10,1257,1,1247
sub-010024,ep05,20,1257,1,1237
sub-010024,ep05,30,1257,1,1227
sub-010024,ep05,50,1257,1,1207
sub-010024,ep05,100,1257,1,1157
sub-010024,ep05,150,1257,1,1107
sub-010024,ep05,200,1257,1,1057
sub-010026,ep00,3,1333,1,282
sub-010026,ep00,5,1333,2,507
sub-010026,ep00,7,1333,2,557
sub-010026,ep00,8,1333,1,1324
sub-010026,ep00,10,1333,1,1323
sub-010026,ep00,20,1333,1,1313
sub-010026,ep00,30,1333,1,1303
sub-010026,ep00,50,1333,1,1283
sub-010026,ep00,100,1333,1,1233
sub-010026,ep00,150,1333,1,1183
sub-010026,ep00,200,1333,1,1133
sub-010026,ep01,3,1428,1,258
sub-010026,ep01,5,1428,2,396
sub-010026,ep01,7,1428,1,1414
sub-010026,ep01,8,1428,1,1416
sub-010026,ep01,10,1428,1,1418
sub-010026,ep01,20,1428,1,1408
sub-010026,ep01,30,1428,1,1398
sub-010026,ep01,50,1428,1,1378
sub-010026,ep01,100,1428,1,1328
sub-010026,ep01,150,1428,1,1278
sub-010026,ep01,200,1428,1,1228
sub-010026,ep02,3,1685,1,209
sub-010026,ep02,5,1685,4,556
sub-010026,ep02,7,1685,1,1678
sub-010026,ep02,8,1685,1,1677
sub-010026,ep02,10,1685,1,1674
sub-010026,ep02,20,1685,1,1665
sub-010026,ep02,30,1685,1,1655
sub-010026,ep02,50,1685,1,1635
sub-010026,ep02,100,1685,1,1585
sub-010026,ep02,150,1685,1,1535
sub-010026,ep02,200,1685,1,1485
sub-010026,ep03,3,1340,1,244
sub-010026,ep03,5,1340,2,444
sub-010026,ep03,7,1340,1,1333
sub-010026,ep03,8,1340,1,1330
sub-010026,ep03,10,1340,1,1330
sub-010026,ep03,20,1340,1,1320
sub-010026,ep03,30,1340,1,1310
sub-010026,ep03,50,1340,1,1290
sub-010026,ep03,100,1340,1,1240
sub-010026,ep03,150,1340,1,1190
sub-010026,ep03,200,1340,1,1140
sub-010026,ep04,3,1448,11,585
sub-010026,ep04,5,1448,1,1279
sub-010026,ep04,7,1448,1,1441
sub-010026,ep04,8,1448,1,1440
sub-010026,ep04,10,1448,1,1438
sub-010026,ep04,20,1448,1,1428
sub-010026,ep04,30,1448,1,1418
sub-010026,ep04,50,1448,1,1398
sub-010026,ep04,100,1448,1,1348
sub-010026,ep04,150,1448,1,1298
sub-010026,ep04,200,1448,1,1248
sub-010026,ep05,3,1335,1,118
sub-010026,ep05,5,1335,1,377
sub-010026,ep05,7,1335,1,1328
sub-010026,ep05,8,1335,1,1326
sub-010026,ep05,10,1335,1,1325
sub-010026,ep05,20,1335,1,1315
sub-010026,ep05,30,1335,1,1305
sub-010026,ep05,50,1335,1,1285
sub-010026,ep05,100,1335,1,1235
sub-010026,ep05,150,1335,1,1185
sub-010026,ep05,200,1335,1,1135
sub-010026,ep06,3,1199,1,156
sub-010026,ep06,5,1199,2,291
sub-010026,ep06,7,1199,2,294
sub-010026,ep06,8,1199,1,1191
sub-010026,ep06,10,1199,1,1189
sub-010026,ep06,20,1199,1,1179
sub-010026,ep06,30,1199,1,1169
sub-010026,ep06,50,1199,1,1149
sub-010026,ep06,100,1199,1,1099
sub-010026,ep06,150,1199,1,1049
sub-010026,ep06,200,1199,1,999
sub-010027,ep00,3,1255,1,200
sub-010027,ep00,5,1255,1,694
sub-010027,ep00,7,1255,1,762
sub-010027,ep00,8,1255,1,1221
sub-010027,ep00,10,1255,1,1244
sub-010027,ep00,20,1255,1,1235
sub-010027,ep00,30,1255,1,1225
sub-010027,ep00,50,1255,1,1205
sub-010027,ep00,100,1255,1,1155
sub-010027,ep00,150,1255,1,1105
sub-010027,ep00,200,1255,1,1055
sub-010027,ep01,3,1233,1,107
sub-010027,ep01,5,1233,1,340
sub-010027,ep01,7,1233,1,1226
sub-010027,ep01,8,1233,1,1223
sub-010027,ep01,10,1233,1,1222
sub-010027,ep01,20,1233,1,1212
sub-010027,ep01,30,1233,1,1203
sub-010027,ep01,50,1233,1,1183
sub-010027,ep01,100,1233,1,1133
sub-010027,ep01,150,1233,1,1083
sub-010027,ep01,200,1233,1,1033
sub-010027,ep02,3,1242,1,109
sub-010027,ep02,5,1242,1,309
sub-010027,ep02,7,1242,1,1235
sub-010027,ep02,8,1242,1,1234
sub-010027,ep02,10,1242,1,1232
sub-010027,ep02,20,1242,1,1222
sub-010027,ep02,30,1242,1,1212
sub-010027,ep02,50,1242,1,1192
sub-010027,ep02,100,1242,1,1142
sub-010027,ep02,150,1242,1,1092
sub-010027,ep02,200,1242,1,1042
sub-010027,ep03,3,1247,1,285
sub-010027,ep03,5,1247,1,1159
sub-010027,ep03,7,1247,1,1202
sub-010027,ep03,8,1247,1,1207
sub-010027,ep03,10,1247,1,1234
sub-010027,ep03,20,1247,1,1227
sub-010027,ep03,30,1247,1,1217
sub-010027,ep03,50,1247,1,1197
sub-010027,ep03,100,1247,1,1147
sub-010027,ep03,150,1247,1,1097
sub-010027,ep03,200,1247,1,1047
sub-010027,ep04,3,1257,1,187
sub-010027,ep04,5,1257,1,700
sub-010027,ep04,7,1257,1,1250
sub-010027,ep04,8,1257,1,1249
sub-010027,ep04,10,1257,1,1247
sub-010027,ep04,20,1257,1,1237
sub-010027,ep04,30,1257,1,1227
sub-010027,ep04,50,1257,1,1207
sub-010027,ep04,100,1257,1,1157
sub-010027,ep04,150,1257,1,1107
sub-010027,ep04,200,1257,1,1057
sub-010027,ep05,3,1269,1,198
sub-010027,ep05,5,1269,1,382
sub-010027,ep05,7,1269,1,1026
sub-010027,ep05,8,1269,1,1059
sub-010027,ep05,10,1269,1,1259
sub-010027,ep05,20,1269,1,1249
sub-010027,ep05,30,1269,1,1239
sub-010027,ep05,50,1269,1,1219
sub-010027,ep05,100,1269,1,1169
sub-010027,ep05,150,1269,1,1119
sub-010027,ep05,200,1269,1,1069
sub-010027,ep06,3,1130,1,223
sub-010027,ep06,5,1130,1,1114
sub-010027,ep06,7,1130,1,1121
sub-010027,ep06,8,1130,1,1121
sub-010027,ep06,10,1130,1,1117
sub-010027,ep06,20,1130,1,1110
sub-010027,ep06,30,1130,1,1100
sub-010027,ep06,50,1130,1,1080
sub-010027,ep06,100,1130,1,1030
sub-010027,ep06,150,1130,1,980
sub-010027,ep06,200,1130,1,930
sub-010028,ep00,3,1366,1,304
sub-010028,ep00,5,1366,1,614
sub-010028,ep00,7,1366,1,691
sub-010028,ep00,8,1366,1,655
sub-010028,ep00,10,1366,1,1337
sub-010028,ep00,20,1366,1,1346
sub-010028,ep00,30,1366,1,1336
sub-010028,ep00,50,1366,1,1316
sub-010028,ep00,100,1366,1,1266
sub-010028,ep00,150,1366,1,1216
sub-010028,ep00,200,1366,1,1166
sub-010028,ep01,3,1723,1,190
sub-010028,ep01,5,1723,1,850
sub-010028,ep01,7,1723,1,1449
sub-010028,ep01,8,1723,1,1486
sub-010028,ep01,10,1723,1,1513
sub-010028,ep01,20,1723,1,1703
sub-010028,ep01,30,1723,1,1693
sub-010028,ep01,50,1723,1,1673
sub-010028,ep01,100,1723,1,1623
sub-010028,ep01,150,1723,1,1573
sub-010028,ep01,200,1723,1,1523
sub-010028,ep02,3,1350,1,280
sub-010028,ep02,5,1350,1,633
sub-010028,ep02,7,1350,1,1053
sub-010028,ep02,8,1350,1,1337
sub-010028,ep02,10,1350,1,1339
sub-010028,ep02,20,1350,1,1330
sub-010028,ep02,30,1350,1,1320
sub-010028,ep02,50,1350,1,1300
sub-010028,ep02,100,1350,1,1250
sub-010028,ep02,150,1350,1,1200
sub-010028,ep02,200,1350,1,1150
sub-010028,ep03,3,1383,1,181
sub-010028,ep03,5,1383,1,805
sub-010028,ep03,7,1383,1,810
sub-010028,ep03,8,1383,1,1354
sub-010028,ep03,10,1383,1,1365
sub-010028,ep03,20,1383,1,1363
sub-010028,ep03,30,1383,1,1353
sub-010028,ep03,50,1383,1,1333
sub-010028,ep03,100,1383,1,1283
sub-010028,ep03,150,1383,1,1233
sub-010028,ep03,200,1383,1,1183
sub-010028,ep04,3,1344,1,323
sub-010028,ep04,5,1344,1,744
sub-010028,ep04,7,1344,1,718
sub-010028,ep04,8,1344,1,666
sub-010028,ep04,10,1344,1,1272
sub-010028,ep04,20,1344,1,1324
sub-010028,ep04,30,1344,1,1314
sub-010028,ep04,50,1344,1,1294
sub-010028,ep04,100,1344,1,1244
sub-010028,ep04,150,1344,1,1194
sub-010028,ep04,200,1344,1,1144
sub-010028,ep05,3,1341,1,46
sub-010028,ep05,5,1341,1,996
sub-010028,ep05,7,1341,1,1030
sub-010028,ep05,8,1341,1,1059
sub-010028,ep05,10,1341,1,1062
sub-010028,ep05,20,1341,1,1321
sub-010028,ep05,30,1341,1,1311
sub-010028,ep05,50,1341,1,1291
sub-010028,ep05,100,1341,1,1241
sub-010028,ep05,150,1341,1,1191
sub-010028,ep05,200,1341,1,1141
sub-010028,ep06,3,1267,1,129
sub-010028,ep06,5,1267,1,510
sub-010028,ep06,7,1267,1,506
sub-010028,ep06,8,1267,1,735
sub-010028,ep06,10,1267,1,1257
sub-010028,ep06,20,1267,1,1247
sub-010028,ep06,30,1267,1,1237
sub-010028,ep06,50,1267,1,1217
sub-010028,ep06,100,1267,1,1167
sub-010028,ep06,150,1267,1,1117
sub-010028,ep06,200,1267,1,1067
sub-010029,ep00,3,1342,1,137
sub-010029,ep00,5,1342,1,389
sub-010029,ep00,7,1342,1,1313
sub-010029,ep00,8,1342,1,1317
sub-010029,ep00,10,1342,1,1326
sub-010029,ep00,20,1342,1,1322
sub-010029,ep00,30,1342,1,1312
sub-010029,ep00,50,1342,1,1292
sub-010029,ep00,100,1342,1,1242
sub-010029,ep00,150,1342,1,1192
sub-010029,ep00,200,1342,1,1142
sub-010029,ep01,3,1413,1,147
sub-010029,ep01,5,1413,1,695
sub-010029,ep01,7,1413,1,1374
sub-010029,ep01,8,1413,1,1379
sub-010029,ep01,10,1413,1,1380
sub-010029,ep01,20,1413,1,1393
sub-010029,ep01,30,1413,1,1383
sub-010029,ep01,50,1413,1,1363
sub-010029,ep01,100,1413,1,1313
sub-010029,ep01,150,1413,1,1263
sub-010029,ep01,200,1413,1,1213
sub-010029,ep02,3,1352,1,97
sub-010029,ep02,5,1352,1,1216
sub-010029,ep02,7,1352,1,1314
sub-010029,ep02,8,1352,1,1325
sub-010029,ep02,10,1352,1,1342
sub-010029,ep02,20,1352,1,1332
sub-010029,ep02,30,1352,1,1322
sub-010029,ep02,50,1352,1,1302
sub-010029,ep02,100,1352,1,1252
sub-010029,ep02,150,1352,1,1202
sub-010029,ep02,200,1352,1,1152
sub-010029,ep03,3,1348,1,57
sub-010029,ep03,5,1348,1,550
sub-010029,ep03,7,1348,1,1341
sub-010029,ep03,8,1348,1,1340
sub-010029,ep03,10,1348,1,1337
sub-010029,ep03,20,1348,1,1328
sub-010029,ep03,30,1348,1,1318
sub-010029,ep03,50,1348,1,1298
sub-010029,ep03,100,1348,1,1248
sub-010029,ep03,150,1348,1,1198
sub-010029,ep03,200,1348,1,1148
sub-010029,ep04,3,1330,1,157
sub-010029,ep04,5,1330,1,1161
sub-010029,ep04,7,1330,1,1322
sub-010029,ep04,8,1330,1,1322
sub-010029,ep04,10,1330,1,1319
sub-010029,ep04,20,1330,1,1310
sub-010029,ep04,30,1330,1,1300
sub-010029,ep04,50,1330,1,1280
sub-010029,ep04,100,1330,1,1230
sub-010029,ep04,150,1330,1,1180
sub-010029,ep04,200,1330,1,1130
sub-010029,ep05,3,1281,1,100
sub-010029,ep05,5,1281,2,116
sub-010029,ep05,7,1281,1,1274
sub-010029,ep05,8,1281,1,1273
sub-010029,ep05,10,1281,1,1271
sub-010029,ep05,20,1281,1,1261
sub-010029,ep05,30,1281,1,1251
sub-010029,ep05,50,1281,1,1231
sub-010029,ep05,100,1281,1,1181
sub-010029,ep05,150,1281,1,1131
sub-010029,ep05,200,1281,1,1081
sub-010029,ep06,3,1212,1,56
sub-010029,ep06,5,1212,2,166
sub-010029,ep06,7,1212,1,1205
sub-010029,ep06,8,1212,1,1203
sub-010029,ep06,10,1212,1,1202
sub-010029,ep06,20,1212,1,1192
sub-010029,ep06,30,1212,1,1182
sub-010029,ep06,50,1212,1,1162
sub-010029,ep06,100,1212,1,1112
sub-010029,ep06,150,1212,1,1062
sub-010029,ep06,200,1212,1,1012
sub-010030,ep00,3,1306,1,160
sub-010030,ep00,5,1306,3,609
sub-010030,ep00,7,1306,1,1288
sub-010030,ep00,8,1306,1,1292
sub-010030,ep00,10,1306,1,1291
sub-010030,ep00,20,1306,1,1286
sub-010030,ep00,30,1306,1,1276
sub-010030,ep00,50,1306,1,1256
sub-010030,ep00,100,1306,1,1206
sub-010030,ep00,150,1306,1,1156
sub-010030,ep00,200,1306,1,1106
sub-010030,ep01,3,1275,1,111
sub-010030,ep01,5,1275,1,362
sub-010030,ep01,7,1275,1,1268
sub-010030,ep01,8,1275,1,1267
sub-010030,ep01,10,1275,1,1265
sub-010030,ep01,20,1275,1,1255
sub-010030,ep01,30,1275,1,1245
sub-010030,ep01,50,1275,1,1225
sub-010030,ep01,100,1275,1,1175
sub-010030,ep01,150,1275,1,1125
sub-010030,ep01,200,1275,1,1075
sub-010030,ep02,3,1288,1,152
sub-010030,ep02,5,1288,1,1194
sub-010030,ep02,7,1288,1,1256
sub-010030,ep02,8,1288,1,1277
sub-010030,ep02,10,1288,1,1278
sub-010030,ep02,20,1288,1,1268
sub-010030,ep02,30,1288,1,1258
sub-010030,ep02,50,1288,1,1238
sub-010030,ep02,100,1288,1,1188
sub-010030,ep02,150,1288,1,1138
sub-010030,ep02,200,1288,1,1088
sub-010030,ep03,3,1325,1,131
sub-010030,ep03,5,1325,1,420
sub-010030,ep03,7,1325,1,923
sub-010030,ep03,8,1325,1,1317
sub-010030,ep03,10,1325,1,1315
sub-010030,ep03,20,1325,1,1305
sub-010030,ep03,30,1325,1,1295
sub-010030,ep03,50,1325,1,1275
sub-010030,ep03,100,1325,1,1225
sub-010030,ep03,150,1325,1,1175
sub-010030,ep03,200,1325,1,1125
sub-010030,ep04,3,1303,1,111
sub-010030,ep04,5,1303,1,469
sub-010030,ep04,7,1303,1,609
sub-010030,ep04,8,1303,2,437
sub-010030,ep04,10,1303,1,1293
sub-010030,ep04,20,1303,1,1283
sub-010030,ep04,30,1303,1,1273
sub-010030,ep04,50,1303,1,1253
sub-010030,ep04,100,1303,1,1203
sub-010030,ep04,150,1303,1,1153
sub-010030,ep04,200,1303,1,1103
sub-010030,ep05,3,1425,1,96
sub-010030,ep05,5,1425,1,435
sub-010030,ep05,7,1425,1,468
sub-010030,ep05,8,1425,1,1396
sub-010030,ep05,10,1425,1,1415
sub-010030,ep05,20,1425,1,1405
sub-010030,ep05,30,1425,1,1395
sub-010030,ep05,50,1425,1,1375
sub-010030,ep05,100,1425,1,1325
sub-010030,ep05,150,1425,1,1275
sub-010030,ep05,200,1425,1,1225
sub-010030,ep06,3,1226,1,174
sub-010030,ep06,5,1226,1,298
sub-010030,ep06,7,1226,1,1178
sub-010030,ep06,8,1226,1,1181
sub-010030,ep06,10,1226,1,1195
sub-010030,ep06,20,1226,1,1206
sub-010030,ep06,30,1226,1,1196
sub-010030,ep06,50,1226,1,1176
sub-010030,ep06,100,1226,1,1126
sub-010030,ep06,150,1226,1,1076
sub-010030,ep06,200,1226,1,1026
sub-010031,ep00,3,1498,1,144
sub-010031,ep00,5,1498,1,815
sub-010031,ep00,7,1498,1,1472
sub-010031,ep00,8,1498,1,1473
sub-010031,ep00,10,1498,1,1471
sub-010031,ep00,20,1498,1,1478
sub-010031,ep00,30,1498,1,1468
sub-010031,ep00,50,1498,1,1448
sub-010031,ep00,100,1498,1,1398
sub-010031,ep00,150,1498,1,1348
sub-010031,ep00,200,1498,1,1298
sub-010031,ep01,3,1478,1,341
sub-010031,ep01,5,1478,1,851
sub-010031,ep01,7,1478,1,1245
sub-010031,ep01,8,1478,1,1470
sub-010031,ep01,10,1478,1,1468
sub-010031,ep01,20,1478,1,1458
sub-010031,ep01,30,1478,1,1448
sub-010031,ep01,50,1478,1,1428
sub-010031,ep01,100,1478,1,1378
sub-010031,ep01,150,1478,1,1328
sub-010031,ep01,200,1478,1,1278
sub-010031,ep02,3,1531,1,279
sub-010031,ep02,5,1531,1,789
sub-010031,ep02,7,1531,1,1524
sub-010031,ep02,8,1531,1,1522
sub-010031,ep02,10,1531,1,1521
sub-010031,ep02,20,1531,1,1511
sub-010031,ep02,30,1531,1,1501
sub-010031,ep02,50,1531,1,1481
sub-010031,ep02,100,1531,1,1431
sub-010031,ep02,150,1531,1,1381
sub-010031,ep02,200,1531,1,1331
sub-010031,ep03,3,1455,1,543
sub-010031,ep03,5,1455,1,873
sub-010031,ep03,7,1455,1,1372
sub-010031,ep03,8,1455,1,1383
sub-010031,ep03,10,1455,1,916
sub-010031,ep03,20,1455,1,1435
sub-010031,ep03,30,1455,1,1425
sub-010031,ep03,50,1455,1,1405
sub-010031,ep03,100,1455,1,1355
sub-010031,ep03,150,1455,1,1305
sub-010031,ep03,200,1455,1,1255
sub-010031,ep04,3,1471,1,449
sub-010031,ep04,5,1471,1,1059
sub-010031,ep04,7,1471,1,1459
sub-010031,ep04,8,1471,1,1463
sub-010031,ep04,10,1471,1,1461
sub-010031,ep04,20,1471,1,1451
sub-010031,ep04,30,1471,1,1441
sub-010031,ep04,50,1471,1,1421
sub-010031,ep04,100,1471,1,1371
sub-010031,ep04,150,1471,1,1321
sub-010031,ep04,200,1471,1,1271
sub-010031,ep05,3,1466,1,126
sub-010031,ep05,5,1466,1,589
sub-010031,ep05,7,1466,1,1458
sub-010031,ep05,8,1466,1,1405
sub-010031,ep05,10,1466,1,1400
sub-010031,ep05,20,1466,1,1446
sub-010031,ep05,30,1466,1,1436
sub-010031,ep05,50,1466,1,1416
sub-010031,ep05,100,1466,1,1366
sub-010031,ep05,150,1466,1,1316
sub-010031,ep05,200,1466,1,1266
sub-010031,ep06,3,1357,1,137
sub-010031,ep06,5,1357,1,821
sub-010031,ep06,7,1357,1,1350
sub-010031,ep06,8,1357,1,1139
sub-010031,ep06,10,1357,1,1347
sub-010031,ep06,20,1357,1,1337
sub-010031,ep06,30,1357,1,1327
sub-010031,ep06,50,1357,1,1307
sub-010031,ep06,100,1357,1,1257
sub-010031,ep06,150,1357,1,1207
sub-010031,ep06,200,1357,1,1157
sub-010032,ep00,3,1445,1,233
sub-010032,ep00,5,1445,1,765
sub-010032,ep00,7,1445,1,796
sub-010032,ep00,8,1445,1,1435
sub-010032,ep00,10,1445,1,1435
sub-010032,ep00,20,1445,1,1425
sub-010032,ep00,30,1445,1,1415
sub-010032,ep00,50,1445,1,1395
sub-010032,ep00,100,1445,1,1345
sub-010032,ep00,150,1445,1,1295
sub-010032,ep00,200,1445,1,1245
sub-010032,ep01,3,1475,1,327
sub-010032,ep01,5,1475,1,1088
sub-010032,ep01,7,1475,1,1020
sub-010032,ep01,8,1475,1,1024
sub-010032,ep01,10,1475,1,1038
sub-010032,ep01,20,1475,1,1455
sub-010032,ep01,30,1475,1,1445
sub-010032,ep01,50,1475,1,1425
sub-010032,ep01,100,1475,1,1375
sub-010032,ep01,150,1475,1,1325
sub-010032,ep01,200,1475,1,1275
sub-010032,ep02,3,1438,1,375
sub-010032,ep02,5,1438,1,1383
sub-010032,ep02,7,1438,1,1431
sub-010032,ep02,8,1438,1,1430
sub-010032,ep02,10,1438,1,1428
sub-010032,ep02,20,1438,1,1418
sub-010032,ep02,30,1438,1,1408
sub-010032,ep02,50,1438,1,1388
sub-010032,ep02,100,1438,1,1338
sub-010032,ep02,150,1438,1,1288
sub-010032,ep02,200,1438,1,1238
sub-010032,ep03,3,1428,1,267
sub-010032,ep03,5,1428,1,1120
sub-010032,ep03,7,1428,1,1161
sub-010032,ep03,8,1428,1,1195
sub-010032,ep03,10,1428,1,1418
sub-010032,ep03,20,1428,1,1408
sub-010032,ep03,30,1428,1,1398
sub-010032,ep03,50,1428,1,1378
sub-010032,ep03,100,1428,1,1328
sub-010032,ep03,150,1428,1,1278
sub-010032,ep03,200,1428,1,1228
sub-010032,ep04,3,1420,1,219
sub-010032,ep04,5,1420,1,809
sub-010032,ep04,7,1420,1,906
sub-010032,ep04,8,1420,1,1374
sub-010032,ep04,10,1420,1,1384
sub-010032,ep04,20,1420,1,1400
sub-010032,ep04,30,1420,1,1390
sub-010032,ep04,50,1420,1,1370
sub-010032,ep04,100,1420,1,1320
sub-010032,ep04,150,1420,1,1270
sub-010032,ep04,200,1420,1,1220
sub-010032,ep05,3,1447,1,545
sub-010032,ep05,5,1447,1,731
sub-010032,ep05,7,1447,1,866
sub-010032,ep05,8,1447,1,1436
sub-010032,ep05,10,1447,1,1437
sub-010032,ep05,20,1447,1,1427
sub-010032,ep05,30,1447,1,1417
sub-010032,ep05,50,1447,1,1397
sub-010032,ep05,100,1447,1,1347
sub-010032,ep05,150,1447,1,1297
sub-010032,ep05,200,1447,1,1247
sub-010032,ep06,3,1354,1,138
sub-010032,ep06,5,1354,1,907
sub-010032,ep06,7,1354,1,877
sub-010032,ep06,8,1354,1,838
sub-010032,ep06,10,1354,1,1344
sub-010032,ep06,20,1354,1,1334
sub-010032,ep06,30,1354,1,1324
sub-010032,ep06,50,1354,1,1304
sub-010032,ep06,100,1354,1,1254
sub-010032,ep06,150,1354,1,1204
sub-010032,ep06,200,1354,1,1154
sub-010033,ep00,3,1429,1,266
sub-010033,ep00,5,1429,1,701
sub-010033,ep00,7,1429,1,799
sub-010033,ep00,8,1429,1,1420
sub-010033,ep00,10,1429,1,1418
sub-010033,ep00,20,1429,1,1409
sub-010033,ep00,30,1429,1,1399
sub-010033,ep00,50,1429,1,1379
sub-010033,ep00,100,1429,1,1329
sub-010033,ep00,150,1429,1,1279
sub-010033,ep00,200,1429,1,1229
sub-010033,ep01,3,1455,1,304
sub-010033,ep01,5,1455,1,715
sub-010033,ep01,7,1455,1,830
sub-010033,ep01,8,1455,1,845
sub-010033,ep01,10,1455,1,885
sub-010033,ep01,20,1455,1,1435
sub-010033,ep01,30,1455,1,1425
sub-010033,ep01,50,1455,1,1405
sub-010033,ep01,100,1455,1,1355
sub-010033,ep01,150,1455,1,1305
sub-010033,ep01,200,1455,1,1255
sub-010033,ep02,3,1417,1,168
sub-010033,ep02,5,1417,1,455
sub-010033,ep02,7,1417,1,1081
sub-010033,ep02,8,1417,1,1378
sub-010033,ep02,10,1417,1,1094
sub-010033,ep02,20,1417,1,1397
sub-010033,ep02,30,1417,1,1387
sub-010033,ep02,50,1417,1,1367
sub-010033,ep02,100,1417,1,1317
sub-010033,ep02,150,1417,1,1267
sub-010033,ep02,200,1417,1,1217
sub-010033,ep03,3,1408,1,239
sub-010033,ep03,5,1408,1,1336
sub-010033,ep03,7,1408,1,1349
sub-010033,ep03,8,1408,1,1361
sub-010033,ep03,10,1408,1,1358
sub-010033,ep03,20,1408,1,1387
sub-010033,ep03,30,1408,1,1378
sub-010033,ep03,50,1408,1,1358
sub-010033,ep03,100,1408,1,1308
sub-010033,ep03,150,1408,1,1258
sub-010033,ep03,200,1408,1,1208
sub-010033,ep04,3,1461,1,104
sub-010033,ep04,5,1461,1,1020
sub-010033,ep04,7,1461,1,1354
sub-010033,ep04,8,1461,1,1380
sub-010033,ep04,10,1461,1,1451
sub-010033,ep04,20,1461,1,1440
sub-010033,ep04,30,1461,1,1431
sub-010033,ep04,50,1461,1,1411
sub-010033,ep04,100,1461,1,1361
sub-010033,ep04,150,1461,1,1311
sub-010033,ep04,200,1461,1,1261
sub-010033,ep05,3,1501,1,364
sub-010033,ep05,5,1501,1,1124
sub-010033,ep05,7,1501,1,1470
sub-010033,ep05,8,1501,1,1473
sub-010033,ep05,10,1501,1,1491
sub-010033,ep05,20,1501,1,1481
sub-010033,ep05,30,1501,1,1471
sub-010033,ep05,50,1501,1,1451
sub-010033,ep05,100,1501,1,1401
sub-010033,ep05,150,1501,1,1351
sub-010033,ep05,200,1501,1,1301
sub-010033,ep06,3,1324,1,309
sub-010033,ep06,5,1324,1,764
sub-010033,ep06,7,1324,1,1316
sub-010033,ep06,8,1324,1,1315
sub-010033,ep06,10,1324,1,1314
sub-010033,ep06,20,1324,1,1304
sub-010033,ep06,30,1324,1,1294
sub-010033,ep06,50,1324,1,1274
sub-010033,ep06,100,1324,1,1224
sub-010033,ep06,150,1324,1,1174
sub-010033,ep06,200,1324,1,1124
sub-010034,ep00,3,1744,1,168
sub-010034,ep00,5,1744,1,669
sub-010034,ep00,7,1744,1,1735
sub-010034,ep00,8,1744,1,1736
sub-010034,ep00,10,1744,1,1734
sub-010034,ep00,20,1744,1,1724
sub-010034,ep00,30,1744,1,1714
sub-010034,ep00,50,1744,1,1694
sub-010034,ep00,100,1744,1,1644
sub-010034,ep00,150,1744,1,1594
sub-010034,ep00,200,1744,1,1544
sub-010034,ep01,3,1803,1,321
sub-010034,ep01,5,1803,1,1749
sub-010034,ep01,7,1803,1,1766
sub-010034,ep01,8,1803,1,1775
sub-010034,ep01,10,1803,1,1793
sub-010034,ep01,20,1803,1,1783
sub-010034,ep01,30,1803,1,1773
sub-010034,ep01,50,1803,1,1753
sub-010034,ep01,100,1803,1,1703
sub-010034,ep01,150,1803,1,1653
sub-010034,ep01,200,1803,1,1603
sub-010034,ep02,3,1874,1,576
sub-010034,ep02,5,1874,1,513
sub-010034,ep02,7,1874,1,1866
sub-010034,ep02,8,1874,1,1864
sub-010034,ep02,10,1874,1,1862
sub-010034,ep02,20,1874,1,1853
sub-010034,ep02,30,1874,1,1844
sub-010034,ep02,50,1874,1,1824
sub-010034,ep02,100,1874,1,1774
sub-010034,ep02,150,1874,1,1724
sub-010034,ep02,200,1874,1,1674
sub-010034,ep03,3,2070,1,223
sub-010034,ep03,5,2070,1,601
sub-010034,ep03,7,2070,1,2018
sub-010034,ep03,8,2070,1,2008
sub-010034,ep03,10,2070,1,2060
sub-010034,ep03,20,2070,1,2050
sub-010034,ep03,30,2070,1,2040
sub-010034,ep03,50,2070,1,2020
sub-010034,ep03,100,2070,1,1970
sub-010034,ep03,150,2070,1,1920
sub-010034,ep03,200,2070,1,1870
sub-010034,ep04,3,1857,1,209
sub-010034,ep04,5,1857,1,870
sub-010034,ep04,7,1857,1,885
sub-010034,ep04,8,1857,1,883
sub-010034,ep04,10,1857,1,1847
sub-010034,ep04,20,1857,1,1837
sub-010034,ep04,30,1857,1,1827
sub-010034,ep04,50,1857,1,1807
sub-010034,ep04,100,1857,1,1757
sub-010034,ep04,150,1857,1,1707
sub-010034,ep04,200,1857,1,1657
sub-010034,ep05,3,2381,1,167
sub-010034,ep05,5,2381,1,1049
sub-010034,ep05,7,2381,1,2350
sub-010034,ep05,8,2381,1,2347
sub-010034,ep05,10,2381,1,2371
sub-010034,ep05,20,2381,1,2361
sub-010034,ep05,30,2381,1,2351
sub-010034,ep05,50,2381,1,2331
sub-010034,ep05,100,2381,1,2281
sub-010034,ep05,150,2381,1,2231
sub-010034,ep05,200,2381,1,2181
sub-010034,ep06,3,1616,1,347
sub-010034,ep06,5,1616,1,742
sub-010034,ep06,7,1616,1,1575
sub-010034,ep06,8,1616,1,1582
sub-010034,ep06,10,1616,1,1606
sub-010034,ep06,20,1616,1,1596
sub-010034,ep06,30,1616,1,1586
sub-010034,ep06,50,1616,1,1566
sub-010034,ep06,100,1616,1,1516
sub-010034,ep06,150,1616,1,1466
sub-010034,ep06,200,1616,1,1416
sub-010035,ep00,3,1405,1,69
sub-010035,ep00,5,1405,1,1378
sub-010035,ep00,7,1405,1,1375
sub-010035,ep00,8,1405,1,1377
sub-010035,ep00,10,1405,1,1394
sub-010035,ep00,20,1405,1,1385
sub-010035,ep00,30,1405,1,1375
sub-010035,ep00,50,1405,1,1355
sub-010035,ep00,100,1405,1,1305
sub-010035,ep00,150,1405,1,1255
sub-010035,ep00,200,1405,1,1205
sub-010035,ep01,3,1427,1,85
sub-010035,ep01,5,1427,3,461
sub-010035,ep01,7,1427,1,1420
sub-010035,ep01,8,1427,1,1418
sub-010035,ep01,10,1427,1,1416
sub-010035,ep01,20,1427,1,1407
sub-010035,ep01,30,1427,1,1397
sub-010035,ep01,50,1427,1,1377
sub-010035,ep01,100,1427,1,1327
sub-010035,ep01,150,1427,1,1277
sub-010035,ep01,200,1427,1,1227
sub-010035,ep02,3,1493,1,143
sub-010035,ep02,5,1493,5,648
sub-010035,ep02,7,1493,2,545
sub-010035,ep02,8,1493,1,1474
sub-010035,ep02,10,1493,1,1483
sub-010035,ep02,20,1493,1,1473
sub-010035,ep02,30,1493,1,1463
sub-010035,ep02,50,1493,1,1443
sub-010035,ep02,100,1493,1,1393
sub-010035,ep02,150,1493,1,1343
sub-010035,ep02,200,1493,1,1293
sub-010035,ep03,3,1435,1,126
sub-010035,ep03,5,1435,1,1152
sub-010035,ep03,7,1435,1,1428
sub-010035,ep03,8,1435,1,1425
sub-010035,ep03,10,1435,1,1425
sub-010035,ep03,20,1435,1,1415
sub-010035,ep03,30,1435,1,1405
sub-010035,ep03,50,1435,1,1385
sub-010035,ep03,100,1435,1,1335
sub-010035,ep03,150,1435,1,1285
sub-010035,ep03,200,1435,1,1235
sub-010035,ep04,3,1497,1,352
sub-010035,ep04,5,1497,1,580
sub-010035,ep04,7,1497,1,551
sub-010035,ep04,8,1497,1,1467
sub-010035,ep04,10,1497,1,1460
sub-010035,ep04,20,1497,1,1477
sub-010035,ep04,30,1497,1,1467
sub-010035,ep04,50,1497,1,1447
sub-010035,ep04,100,1497,1,1397
sub-010035,ep04,150,1497,1,1347
sub-010035,ep04,200,1497,1,1297
sub-010035,ep05,3,1450,1,251
sub-010035,ep05,5,1450,3,388
sub-010035,ep05,7,1450,1,1430
sub-010035,ep05,8,1450,1,1427
sub-010035,ep05,10,1450,1,1427
sub-010035,ep05,20,1450,1,1430
sub-010035,ep05,30,1450,1,1420
sub-010035,ep05,50,1450,1,1400
sub-010035,ep05,100,1450,1,1350
sub-010035,ep05,150,1450,1,1300
sub-010035,ep05,200,1450,1,1250
sub-010035,ep06,3,1323,1,253
sub-010035,ep06,5,1323,1,334
sub-010035,ep06,7,1323,1,1290
sub-010035,ep06,8,1323,1,1315
sub-010035,ep06,10,1323,1,1310
sub-010035,ep06,20,1323,1,1303
sub-010035,ep06,30,1323,1,1293
sub-010035,ep06,50,1323,1,1273
sub-010035,ep06,100,1323,1,1223
sub-010035,ep06,150,1323,1,1173
sub-010035,ep06,200,1323,1,1123
sub-010036,ep00,3,1821,1,616
sub-010036,ep00,5,1821,1,1306
sub-010036,ep00,7,1821,1,1407
sub-010036,ep00,8,1821,1,1479
sub-010036,ep00,10,1821,1,1509
sub-010036,ep00,20,1821,1,1769
sub-010036,ep00,30,1821,1,1791
sub-010036,ep00,50,1821,1,1771
sub-010036,ep00,100,1821,1,1721
sub-010036,ep00,150,1821,1,1671
sub-010036,ep00,200,1821,1,1621
sub-010036,ep01,3,1580,1,561
sub-010036,ep01,5,1580,1,914
sub-010036,ep01,7,1580,1,1406
sub-010036,ep01,8,1580,1,1441
sub-010036,ep01,10,1580,1,1461
sub-010036,ep01,20,1580,1,1556
sub-010036,ep01,30,1580,1,1550
sub-010036,ep01,50,1580,1,1529
sub-010036,ep01,100,1580,1,1480
sub-010036,ep01,150,1580,1,1430
sub-010036,ep01,200,1580,1,1380
sub-010036,ep02,3,1661,2,11
sub-010036,ep02,5,1661,1,1234
sub-010036,ep02,7,1661,1,1364
sub-010036,ep02,8,1661,1,1432
sub-010036,ep02,10,1661,1,1471
sub-010036,ep02,20,1661,1,1501
sub-010036,ep02,30,1661,1,1624
sub-010036,ep02,50,1661,1,1611
sub-010036,ep02,100,1661,1,1561
sub-010036,ep02,150,1661,1,1511
sub-010036,ep02,200,1661,1,1461
sub-010036,ep03,3,1586,1,339
sub-010036,ep03,5,1586,1,929
sub-010036,ep03,7,1586,1,1417
sub-010036,ep03,8,1586,1,1453
sub-010036,ep03,10,1586,1,1560
sub-010036,ep03,20,1586,1,1566
sub-010036,ep03,30,1586,1,1556
sub-010036,ep03,50,1586,1,1536
sub-010036,ep03,100,1586,1,1486
sub-010036,ep03,150,1586,1,1436
sub-010036,ep03,200,1586,1,1386
sub-010036,ep04,3,1684,1,777
sub-010036,ep04,5,1684,1,1167
sub-010036,ep04,7,1684,1,1130
sub-010036,ep04,8,1684,1,1203
sub-010036,ep04,10,1684,1,1147
sub-010036,ep04,20,1684,1,1664
sub-010036,ep04,30,1684,1,1654
sub-010036,ep04,50,1684,1,1634
sub-010036,ep04,100,1684,1,1584
sub-010036,ep04,150,1684,1,1534
sub-010036,ep04,200,1684,1,1484
sub-010036,ep05,3,1607,1,375
sub-010036,ep05,5,1607,1,1039
sub-010036,ep05,7,1607,1,1138
sub-010036,ep05,8,1607,1,1110
sub-010036,ep05,10,1607,1,1120
sub-010036,ep05,20,1607,1,1587
sub-010036,ep05,30,1607,1,1577
sub-010036,ep05,50,1607,1,1557
sub-010036,ep05,100,1607,1,1507
sub-010036,ep05,150,1607,1,1457
sub-010036,ep05,200,1607,1,1407
sub-010036,ep06,3,1456,1,381
sub-010036,ep06,5,1456,1,901
sub-010036,ep06,7,1456,1,1036
sub-010036,ep06,8,1456,1,1157
sub-010036,ep06,10,1456,1,1446
sub-010036,ep06,20,1456,1,1436
sub-010036,ep06,30,1456,1,1426
sub-010036,ep06,50,1456,1,1406
sub-010036,ep06,100,1456,1,1356
sub-010036,ep06,150,1456,1,1306
sub-010036,ep06,200,1456,1,1256
sub-010037,ep00,3,1559,1,436
sub-010037,ep00,5,1559,1,1183
sub-010037,ep00,7,1559,1,1244
sub-010037,ep00,8,1559,1,1464
sub-010037,ep00,10,1559,1,1546
sub-010037,ep00,20,1559,1,1539
sub-010037,ep00,30,1559,1,1529
sub-010037,ep00,50,1559,1,1509
sub-010037,ep00,100,1559,1,1459
sub-010037,ep00,150,1559,1,1409
sub-010037,ep00,200,1559,1,1359
sub-010037,ep01,3,1543,1,239
sub-010037,ep01,5,1543,1,1134
sub-010037,ep01,7,1543,1,1492
sub-010037,ep01,8,1543,1,1535
sub-010037,ep01,10,1543,1,1533
sub-010037,ep01,20,1543,1,1523
sub-010037,ep01,30,1543,1,1513
sub-010037,ep01,50,1543,1,1493
sub-010037,ep01,100,1543,1,1443
sub-010037,ep01,150,1543,1,1393
sub-010037,ep01,200,1543,1,1343
sub-010037,ep02,3,1517,1,133
sub-010037,ep02,5,1517,1,1122
sub-010037,ep02,7,1517,1,1260
sub-010037,ep02,8,1517,1,1248
sub-010037,ep02,10,1517,1,1507
sub-010037,ep02,20,1517,1,1497
sub-010037,ep02,30,1517,1,1487
sub-010037,ep02,50,1517,1,1467
sub-010037,ep02,100,1517,1,1416
sub-010037,ep02,150,1517,1,1367
sub-010037,ep02,200,1517,1,1317
sub-010037,ep03,3,1534,1,444
sub-010037,ep03,5,1534,1,1082
sub-010037,ep03,7,1534,1,1100
sub-010037,ep03,8,1534,1,1526
sub-010037,ep03,10,1534,1,1524
sub-010037,ep03,20,1534,1,1514
sub-010037,ep03,30,1534,1,1504
sub-010037,ep03,50,1534,1,1484
sub-010037,ep03,100,1534,1,1434
sub-010037,ep03,150,1534,1,1384
sub-010037,ep03,200,1534,1,1334
sub-010037,ep04,3,1501,1,322
sub-010037,ep04,5,1501,1,865
sub-010037,ep04,7,1501,1,1048
sub-010037,ep04,8,1501,1,1488
sub-010037,ep04,10,1501,1,1487
sub-010037,ep04,20,1501,1,1480
sub-010037,ep04,30,1501,1,1471
sub-010037,ep04,50,1501,1,1451
sub-010037,ep04,100,1501,1,1401
sub-010037,ep04,150,1501,1,1351
sub-010037,ep04,200,1501,1,1301
sub-010037,ep05,3,1431,1,241
sub-010037,ep05,5,1431,1,839
sub-010037,ep05,7,1431,1,894
sub-010037,ep05,8,1431,1,1422
sub-010037,ep05,10,1431,1,1421
sub-010037,ep05,20,1431,1,1411
sub-010037,ep05,30,1431,1,1401
sub-010037,ep05,50,1431,1,1381
sub-010037,ep05,100,1431,1,1331
sub-010037,ep05,150,1431,1,1281
sub-010037,ep05,200,1431,1,1231
sub-010037,ep06,3,1360,1,231
sub-010037,ep06,5,1360,1,510
sub-010037,ep06,7,1360,1,1334
sub-010037,ep06,8,1360,1,1350
sub-010037,ep06,10,1360,1,1350
sub-010037,ep06,20,1360,1,1340
sub-010037,ep06,30,1360,1,1330
sub-010037,ep06,50,1360,1,1310
sub-010037,ep06,100,1360,1,1260
sub-010037,ep06,150,1360,1,1210
sub-010037,ep06,200,1360,1,1160
sub-010038,ep00,3,1383,2,50
sub-010038,ep00,5,1383,1,461
sub-010038,ep00,7,1383,1,1351
sub-010038,ep00,8,1383,1,1375
sub-010038,ep00,10,1383,1,1373
sub-010038,ep00,20,1383,1,1363
sub-010038,ep00,30,1383,1,1353
sub-010038,ep00,50,1383,1,1333
sub-010038,ep00,100,1383,1,1283
sub-010038,ep00,150,1383,1,1233
sub-010038,ep00,200,1383,1,1183
sub-010038,ep01,3,1401,1,239
sub-010038,ep01,5,1401,1,457
sub-010038,ep01,7,1401,1,506
sub-010038,ep01,8,1401,1,523
sub-010038,ep01,10,1401,1,1388
sub-010038,ep01,20,1401,1,1381
sub-010038,ep01,30,1401,1,1371
sub-010038,ep01,50,1401,1,1351
sub-010038,ep01,100,1401,1,1301
sub-010038,ep01,150,1401,1,1251
sub-010038,ep01,200,1401,1,1201
sub-010038,ep02,3,2686,1,463
sub-010038,ep02,5,2686,1,1162
sub-010038,ep02,7,2686,1,1362
sub-010038,ep02,8,2686,1,1372
sub-010038,ep02,10,2686,1,2676
sub-010038,ep02,20,2686,1,2666
sub-010038,ep02,30,2686,1,2656
sub-010038,ep02,50,2686,1,2636
sub-010038,ep02,100,2686,1,2586
sub-010038,ep02,150,2686,1,2536
sub-010038,ep02,200,2686,1,2486
sub-010038,ep03,3,1308,1,258
sub-010038,ep03,5,1308,1,711
sub-010038,ep03,7,1308,1,1301
sub-010038,ep03,8,1308,1,1300
sub-010038,ep03,10,1308,1,1298
sub-010038,ep03,20,1308,1,1288
sub-010038,ep03,30,1308,1,1278
sub-010038,ep03,50,1308,1,1258
sub-010038,ep03,100,1308,1,1208
sub-010038,ep03,150,1308,1,1158
sub-010038,ep03,200,1308,1,1108
sub-010038,ep04,3,1316,1,201
sub-010038,ep04,5,1316,1,762
sub-010038,ep04,7,1316,1,1178
sub-010038,ep04,8,1316,1,1184
sub-010038,ep04,10,1316,1,1211
sub-010038,ep04,20,1316,1,1296
sub-010038,ep04,30,1316,1,1286
sub-010038,ep04,50,1316,1,1266
sub-010038,ep04,100,1316,1,1216
sub-010038,ep04,150,1316,1,1166
sub-010038,ep04,200,1316,1,1116
sub-010038,ep05,3,1315,1,268
sub-010038,ep05,5,1315,1,696
sub-010038,ep05,7,1315,1,1308
sub-010038,ep05,8,1315,1,1307
sub-010038,ep05,10,1315,1,1305
sub-010038,ep05,20,1315,1,1295
sub-010038,ep05,30,1315,1,1285
sub-010038,ep05,50,1315,1,1265
sub-010038,ep05,100,1315,1,1215
sub-010038,ep05,150,1315,1,1165
sub-010038,ep05,200,1315,1,1115
sub-010038,ep06,3,1195,1,234
sub-010038,ep06,5,1195,1,805
sub-010038,ep06,7,1195,1,1188
sub-010038,ep06,8,1195,1,1187
sub-010038,ep06,10,1195,1,1185
sub-010038,ep06,20,1195,1,1175
sub-010038,ep06,30,1195,1,1165
sub-010038,ep06,50,1195,1,1145
sub-010038,ep06,100,1195,1,1095
sub-010038,ep06,150,1195,1,1045
sub-010038,ep06,200,1195,1,995
sub-010039,ep00,3,1605,1,163
sub-010039,ep00,5,1605,1,1115
sub-010039,ep00,7,1605,1,1375
sub-010039,ep00,8,1605,1,1411
sub-010039,ep00,10,1605,1,1587
sub-010039,ep00,20,1605,1,1585
sub-010039,ep00,30,1605,1,1575
sub-010039,ep00,50,1605,1,1555
sub-010039,ep00,100,1605,1,1505
sub-010039,ep00,150,1605,1,1455
sub-010039,ep00,200,1605,1,1405
sub-010039,ep01,3,1665,1,300
sub-010039,ep01,5,1665,1,1223
sub-010039,ep01,7,1665,1,1526
sub-010039,ep01,8,1665,1,1515
sub-010039,ep01,10,1665,1,1525
sub-010039,ep01,20,1665,1,1645
sub-010039,ep01,30,1665,1,1635
sub-010039,ep01,50,1665,1,1615
sub-010039,ep01,100,1665,1,1565
sub-010039,ep01,150,1665,1,1515
sub-010039,ep01,200,1665,1,1465
sub-010039,ep02,3,1625,1,192
sub-010039,ep02,5,1625,1,847
sub-010039,ep02,7,1625,1,865
sub-010039,ep02,8,1625,1,898
sub-010039,ep02,10,1625,1,840
sub-010039,ep02,20,1625,1,1605
sub-010039,ep02,30,1625,1,1595
sub-010039,ep02,50,1625,1,1575
sub-010039,ep02,100,1625,1,1525
sub-010039,ep02,150,1625,1,1475
sub-010039,ep02,200,1625,1,1425
sub-010039,ep03,3,1572,1,262
sub-010039,ep03,5,1572,1,1124
sub-010039,ep03,7,1572,1,1391
sub-010039,ep03,8,1572,1,1418
sub-010039,ep03,10,1572,1,1452
sub-010039,ep03,20,1572,1,1552
sub-010039,ep03,30,1572,1,1542
sub-010039,ep03,50,1572,1,1522
sub-010039,ep03,100,1572,1,1472
sub-010039,ep03,150,1572,1,1422
sub-010039,ep03,200,1572,1,1372
sub-010039,ep04,3,1532,1,116
sub-010039,ep04,5,1532,1,1071
sub-010039,ep04,7,1532,1,1328
sub-010039,ep04,8,1532,1,1284
sub-010039,ep04,10,1532,1,1309
sub-010039,ep04,20,1532,1,1508
sub-010039,ep04,30,1532,1,1502
sub-010039,ep04,50,1532,1,1482
sub-010039,ep04,100,1532,1,1432
sub-010039,ep04,150,1532,1,1382
sub-010039,ep04,200,1532,1,1332
sub-010039,ep05,3,1603,1,104
sub-010039,ep05,5,1603,1,1139
sub-010039,ep05,7,1603,1,1433
sub-010039,ep05,8,1603,1,1501
sub-010039,ep05,10,1603,1,1519
sub-010039,ep05,20,1603,1,1583
sub-010039,ep05,30,1603,1,1573
sub-010039,ep05,50,1603,1,1553
sub-010039,ep05,100,1603,1,1503
sub-010039,ep05,150,1603,1,1453
sub-010039,ep05,200,1603,1,1403
sub-010039,ep06,3,1423,1,666
sub-010039,ep06,5,1423,1,1064
sub-010039,ep06,7,1423,1,1162
sub-010039,ep06,8,1423,1,1198
sub-010039,ep06,10,1423,1,1192
sub-010039,ep06,20,1423,1,1403
sub-010039,ep06,30,1423,1,1393
sub-010039,ep06,50,1423,1,1373
sub-010039,ep06,100,1423,1,1323
sub-010039,ep06,150,1423,1,1273
sub-010039,ep06,200,1423,1,1223
sub-010040,ep00,3,1342,1,118
sub-010040,ep00,5,1342,1,465
sub-010040,ep00,7,1342,1,1082
sub-010040,ep00,8,1342,2,389
sub-010040,ep00,10,1342,1,1332
sub-010040,ep00,20,1342,1,1322
sub-010040,ep00,30,1342,1,1312
sub-010040,ep00,50,1342,1,1292
sub-010040,ep00,100,1342,1,1242
sub-010040,ep00,150,1342,1,1192
sub-010040,ep00,200,1342,1,1142
sub-010040,ep01,3,1283,1,51
sub-010040,ep01,5,1283,1,593
sub-010040,ep01,7,1283,1,1274
sub-010040,ep01,8,1283,1,1273
sub-010040,ep01,10,1283,1,1272
sub-010040,ep01,20,1283,1,1263
sub-010040,ep01,30,1283,1,1253
sub-010040,ep01,50,1283,1,1233
sub-010040,ep01,100,1283,1,1183
sub-010040,ep01,150,1283,1,1133
sub-010040,ep01,200,1283,1,1083
sub-010040,ep02,3,1314,1,108
sub-010040,ep02,5,1314,1,1220
sub-010040,ep02,7,1314,1,1253
sub-010040,ep02,8,1314,1,1306
sub-010040,ep02,10,1314,1,1304
sub-010040,ep02,20,1314,1,1294
sub-010040,ep02,30,1314,1,1284
sub-010040,ep02,50,1314,1,1264
sub-010040,ep02,100,1314,1,1214
sub-010040,ep02,150,1314,1,1164
sub-010040,ep02,200,1314,1,1114
sub-010040,ep03,3,1264,1,98
sub-010040,ep03,5,1264,1,1032
sub-010040,ep03,7,1264,1,1254
sub-010040,ep03,8,1264,1,1256
sub-010040,ep03,10,1264,1,1254
sub-010040,ep03,20,1264,1,1244
sub-010040,ep03,30,1264,1,1234
sub-010040,ep03,50,1264,1,1214
sub-010040,ep03,100,1264,1,1164
sub-010040,ep03,150,1264,1,1114
sub-010040,ep03,200,1264,1,1064
sub-010040,ep04,3,1293,1,99
sub-010040,ep04,5,1293,1,711
sub-010040,ep04,7,1293,1,1285
sub-010040,ep04,8,1293,1,1285
sub-010040,ep04,10,1293,1,1283
sub-010040,ep04,20,1293,1,1273
sub-010040,ep04,30,1293,1,1263
sub-010040,ep04,50,1293,1,1243
sub-010040,ep04,100,1293,1,1193
sub-010040,ep04,150,1293,1,1143
sub-010040,ep04,200,1293,1,1093
sub-010040,ep05,3,1344,1,94
sub-010040,ep05,5,1344,1,433
sub-010040,ep05,7,1344,1,1337
sub-010040,ep05,8,1344,1,1334
sub-010040,ep05,10,1344,1,1334
sub-010040,ep05,20,1344,1,1324
sub-010040,ep05,30,1344,1,1314
sub-010040,ep05,50,1344,1,1294
sub-010040,ep05,100,1344,1,1244
sub-010040,ep05,150,1344,1,1194
sub-010040,ep05,200,1344,1,1144
sub-010040,ep06,3,1239,6,154
sub-010040,ep06,5,1239,1,1215
sub-010040,ep06,7,1239,1,1232
sub-010040,ep06,8,1239,1,1163
sub-010040,ep06,10,1239,1,1229
sub-010040,ep06,20,1239,1,1219
sub-010040,ep06,30,1239,1,1209
sub-010040,ep06,50,1239,1,1189
sub-010040,ep06,100,1239,1,1139
sub-010040,ep06,150,1239,1,1089
sub-010040,ep06,200,1239,1,1039
sub-010041,ep00,3,1637,1,600
sub-010041,ep00,5,1637,1,1524
sub-010041,ep00,7,1637,1,1630
sub-010041,ep00,8,1637,1,1629
sub-010041,ep00,10,1637,1,1627
sub-010041,ep00,20,1637,1,1617
sub-010041,ep00,30,1637,1,1607
sub-010041,ep00,50,1637,1,1587
sub-010041,ep00,100,1637,1,1537
sub-010041,ep00,150,1637,1,1487
sub-010041,ep00,200,1637,1,1437
sub-010041,ep01,3,1638,1,413
sub-010041,ep01,5,1638,1,934
sub-010041,ep01,7,1638,1,1629
sub-010041,ep01,8,1638,1,1630
sub-010041,ep01,10,1638,1,1628
sub-010041,ep01,20,1638,1,1618
sub-010041,ep01,30,1638,1,1608
sub-010041,ep01,50,1638,1,1588
sub-010041,ep01,100,1638,1,1538
sub-010041,ep01,150,1638,1,1488
sub-010041,ep01,200,1638,1,1438
sub-010041,ep02,3,1855,1,367
sub-010041,ep02,5,1855,1,1292
sub-010041,ep02,7,1855,1,1326
sub-010041,ep02,8,1855,1,1366
sub-010041,ep02,10,1855,1,1821
sub-010041,ep02,20,1855,1,1835
sub-010041,ep02,30,1855,1,1825
sub-010041,ep02,50,1855,1,1805
sub-010041,ep02,100,1855,1,1755
sub-010041,ep02,150,1855,1,1705
sub-010041,ep02,200,1855,1,1655
sub-010041,ep03,3,1627,1,770
sub-010041,ep03,5,1627,1,1326
sub-010041,ep03,7,1627,1,1249
sub-010041,ep03,8,1627,1,1249
sub-010041,ep03,10,1627,1,1559
sub-010041,ep03,20,1627,1,1607
sub-010041,ep03,30,1627,1,1597
sub-010041,ep03,50,1627,1,1577
sub-010041,ep03,100,1627,1,1527
sub-010041,ep03,150,1627,1,1477
sub-010041,ep03,200,1627,1,1427
sub-010041,ep04,3,1745,1,628
sub-010041,ep04,5,1745,1,1218
sub-010041,ep04,7,1745,1,1703
sub-010041,ep04,8,1745,1,1714
sub-010041,ep04,10,1745,1,1712
sub-010041,ep04,20,1745,1,1725
sub-010041,ep04,30,1745,1,1715
sub-010041,ep04,50,1745,1,1695
sub-010041,ep04,100,1745,1,1645
sub-010041,ep04,150,1745,1,1595
sub-010041,ep04,200,1745,1,1545
sub-010041,ep05,3,1542,1,454
sub-010041,ep05,5,1542,1,1112
sub-010041,ep05,7,1542,1,1173
sub-010041,ep05,8,1542,1,1534
sub-010041,ep05,10,1542,1,1531
sub-010041,ep05,20,1542,1,1522
sub-010041,ep05,30,1542,1,1512
sub-010041,ep05,50,1542,1,1492
sub-010041,ep05,100,1542,1,1442
sub-010041,ep05,150,1542,1,1392
sub-010041,ep05,200,1542,1,1342
sub-010041,ep06,3,1479,1,276
sub-010041,ep06,5,1479,1,386
sub-010041,ep06,7,1479,1,1472
sub-010041,ep06,8,1479,1,1471
sub-010041,ep06,10,1479,1,1469
sub-010041,ep06,20,1479,1,1459
sub-010041,ep06,30,1479,1,1449
sub-010041,ep06,50,1479,1,1429
sub-010041,ep06,100,1479,1,1379
sub-010041,ep06,150,1479,1,1329
sub-010041,ep06,200,1479,1,1279
sub-010042,ep00,3,1825,1,223
sub-010042,ep00,5,1825,1,809
sub-010042,ep00,7,1825,1,1817
sub-010042,ep00,8,1825,1,1817
sub-010042,ep00,10,1825,1,1815
sub-010042,ep00,20,1825,1,1805
sub-010042,ep00,30,1825,1,1795
sub-010042,ep00,50,1825,1,1775
sub-010042,ep00,100,1825,1,1725
sub-010042,ep00,150,1825,1,1675
sub-010042,ep00,200,1825,1,1625
sub-010042,ep01,3,1732,1,467
sub-010042,ep01,5,1732,1,885
sub-010042,ep01,7,1732,1,1681
sub-010042,ep01,8,1732,1,1695
sub-010042,ep01,10,1732,1,1705
sub-010042,ep01,20,1732,1,1712
sub-010042,ep01,30,1732,1,1702
sub-010042,ep01,50,1732,1,1682
sub-010042,ep01,100,1732,1,1632
sub-010042,ep01,150,1732,1,1582
sub-010042,ep01,200,1732,1,1532
sub-010042,ep02,3,1563,1,320
sub-010042,ep02,5,1563,1,1016
sub-010042,ep02,7,1563,1,1556
sub-010042,ep02,8,1563,1,1555
sub-010042,ep02,10,1563,1,1552
sub-010042,ep02,20,1563,1,1543
sub-010042,ep02,30,1563,1,1533
sub-010042,ep02,50,1563,1,1513
sub-010042,ep02,100,1563,1,1463
sub-010042,ep02,150,1563,1,1413
sub-010042,ep02,200,1563,1,1363
sub-010042,ep03,3,1496,1,459
sub-010042,ep03,5,1496,1,1027
sub-010042,ep03,7,1496,1,1489
sub-010042,ep03,8,1496,1,1487
sub-010042,ep03,10,1496,1,1486
sub-010042,ep03,20,1496,1,1476
sub-010042,ep03,30,1496,1,1466
sub-010042,ep03,50,1496,1,1446
sub-010042,ep03,100,1496,1,1396
sub-010042,ep03,150,1496,1,1346
sub-010042,ep03,200,1496,1,1296
sub-010042,ep04,3,1541,1,399
sub-010042,ep04,5,1541,1,594
sub-010042,ep04,7,1541,1,1017
sub-010042,ep04,8,1541,1,1533
sub-010042,ep04,10,1541,1,1531
sub-010042,ep04,20,1541,1,1521
sub-010042,ep04,30,1541,1,1511
sub-010042,ep04,50,1541,1,1491
sub-010042,ep04,100,1541,1,1441
sub-010042,ep04,150,1541,1,1391
sub-010042,ep04,200,1541,1,1341
sub-010042,ep05,3,1816,1,464
sub-010042,ep05,5,1816,1,926
sub-010042,ep05,7,1816,1,934
sub-010042,ep05,8,1816,1,1054
sub-010042,ep05,10,1816,1,1806
sub-010042,ep05,20,1816,1,1796
sub-010042,ep05,30,1816,1,1786
sub-010042,ep05,50,1816,1,1766
sub-010042,ep05,100,1816,1,1716
sub-010042,ep05,150,1816,1,1666
sub-010042,ep05,200,1816,1,1616
sub-010042,ep06,3,1383,1,212
sub-010042,ep06,5,1383,1,825
sub-010042,ep06,7,1383,1,1149
sub-010042,ep06,8,1383,1,1100
sub-010042,ep06,10,1383,1,1373
sub-010042,ep06,20,1383,1,1363
sub-010042,ep06,30,1383,1,1353
sub-010042,ep06,50,1383,1,1333
sub-010042,ep06,100,1383,1,1283
sub-010042,ep06,150,1383,1,1233
sub-010042,ep06,200,1383,1,1183
sub-010044,ep00,3,1723,1,718
sub-010044,ep00,5,1723,1,1315
sub-010044,ep00,7,1723,1,1470
sub-010044,ep00,8,1723,1,1715
sub-010044,ep00,10,1723,1,1713
sub-010044,ep00,20,1723,1,1703
sub-010044,ep00,30,1723,1,1693
sub-010044,ep00,50,1723,1,1673
sub-010044,ep00,100,1723,1,1623
sub-010044,ep00,150,1723,1,1573
sub-010044,ep00,200,1723,1,1523
sub-010044,ep01,3,1765,1,628
sub-010044,ep01,5,1765,1,1176
sub-010044,ep01,7,1765,1,1547
sub-010044,ep01,8,1765,1,1731
sub-010044,ep01,10,1765,1,1557
sub-010044,ep01,20,1765,1,1745
sub-010044,ep01,30,1765,1,1735
sub-010044,ep01,50,1765,1,1715
sub-010044,ep01,100,1765,1,1665
sub-010044,ep01,150,1765,1,1615
sub-010044,ep01,200,1765,1,1565
sub-010044,ep02,3,1733,1,450
sub-010044,ep02,5,1733,1,1543
sub-010044,ep02,7,1733,1,1558
sub-010044,ep02,8,1733,1,1723
sub-010044,ep02,10,1733,1,1723
sub-010044,ep02,20,1733,1,1713
sub-010044,ep02,30,1733,1,1703
sub-010044,ep02,50,1733,1,1683
sub-010044,ep02,100,1733,1,1633
sub-010044,ep02,150,1733,1,1583
sub-010044,ep02,200,1733,1,1533
sub-010044,ep03,3,1745,1,128
sub-010044,ep03,5,1745,1,1226
sub-010044,ep03,7,1745,1,1723
sub-010044,ep03,8,1745,1,1737
sub-010044,ep03,10,1745,1,1735
sub-010044,ep03,20,1745,1,1725
sub-010044,ep03,30,1745,1,1715
sub-010044,ep03,50,1745,1,1695
sub-010044,ep03,100,1745,1,1645
sub-010044,ep03,150,1745,1,1595
sub-010044,ep03,200,1745,1,1545
sub-010044,ep04,3,1927,1,695
sub-010044,ep04,5,1927,1,1580
sub-010044,ep04,7,1927,1,1575
sub-010044,ep04,8,1927,1,1919
sub-010044,ep04,10,1927,1,1914
sub-010044,ep04,20,1927,1,1907
sub-010044,ep04,30,1927,1,1897
sub-010044,ep04,50,1927,1,1877
sub-010044,ep04,100,1927,1,1827
sub-010044,ep04,150,1927,1,1777
sub-010044,ep04,200,1927,1,1727
sub-010044,ep05,3,1726,1,119
sub-010044,ep05,5,1726,1,1369
sub-010044,ep05,7,1726,1,1162
sub-010044,ep05,8,1726,1,1686
sub-010044,ep05,10,1726,1,1712
sub-010044,ep05,20,1726,1,1706
sub-010044,ep05,30,1726,1,1696
sub-010044,ep05,50,1726,1,1676
sub-010044,ep05,100,1726,1,1626
sub-010044,ep05,150,1726,1,1576
sub-010044,ep05,200,1726,1,1526
sub-010044,ep06,3,1654,1,722
sub-010044,ep06,5,1654,1,1288
sub-010044,ep06,7,1654,1,1647
sub-010044,ep06,8,1654,1,1646
sub-010044,ep06,10,1654,1,1644
sub-010044,ep06,20,1654,1,1628
sub-010044,ep06,30,1654,1,1624
sub-010044,ep06,50,1654,1,1604
sub-010044,ep06,100,1654,1,1554
sub-010044,ep06,150,1654,1,1504
sub-010044,ep06,200,1654,1,1454
sub-010045,ep00,3,1646,1,62
sub-010045,ep00,5,1646,1,847
sub-010045,ep00,7,1646,1,1200
sub-010045,ep00,8,1646,1,1207
sub-010045,ep00,10,1646,1,1636
sub-010045,ep00,20,1646,1,1626
sub-010045,ep00,30,1646,1,1616
sub-010045,ep00,50,1646,1,1596
sub-010045,ep00,100,1646,1,1546
sub-010045,ep00,150,1646,1,1496
sub-010045,ep00,200,1646,1,1446
sub-010045,ep01,3,1786,1,533
sub-010045,ep01,5,1786,1,746
sub-010045,ep01,7,1786,1,1031
sub-010045,ep01,8,1786,1,1642
sub-010045,ep01,10,1786,1,1776
sub-010045,ep01,20,1786,1,1766
sub-010045,ep01,30,1786,1,1756
sub-010045,ep01,50,1786,1,1736
sub-010045,ep01,100,1786,1,1686
sub-010045,ep01,150,1786,1,1636
sub-010045,ep01,200,1786,1,1586
sub-010045,ep02,3,1671,1,370
sub-010045,ep02,5,1671,1,930
sub-010045,ep02,7,1671,1,1247
sub-010045,ep02,8,1671,1,1171
sub-010045,ep02,10,1671,1,1661
sub-010045,ep02,20,1671,1,1651
sub-010045,ep02,30,1671,1,1641
sub-010045,ep02,50,1671,1,1621
sub-010045,ep02,100,1671,1,1571
sub-010045,ep02,150,1671,1,1521
sub-010045,ep02,200,1671,1,1471
sub-010045,ep03,3,1682,1,418
sub-010045,ep03,5,1682,1,1117
sub-010045,ep03,7,1682,1,1648
sub-010045,ep03,8,1682,1,1672
sub-010045,ep03,10,1682,1,1162
sub-010045,ep03,20,1682,1,1662
sub-010045,ep03,30,1682,1,1652
sub-010045,ep03,50,1682,1,1632
sub-010045,ep03,100,1682,1,1582
sub-010045,ep03,150,1682,1,1532
sub-010045,ep03,200,1682,1,1482
sub-010045,ep04,3,1704,1,481
sub-010045,ep04,5,1704,1,613
sub-010045,ep04,7,1704,1,775
sub-010045,ep04,8,1704,1,828
sub-010045,ep04,10,1704,1,1681
sub-010045,ep04,20,1704,1,1684
sub-010045,ep04,30,1704,1,1674
sub-010045,ep04,50,1704,1,1654
sub-010045,ep04,100,1704,1,1604
sub-010045,ep04,150,1704,1,1554
sub-010045,ep04,200,1704,1,1504
sub-010045,ep05,3,1869,1,502
sub-010045,ep05,5,1869,1,946
sub-010045,ep05,7,1869,1,1862
sub-010045,ep05,8,1869,1,1861
sub-010045,ep05,10,1869,1,1859
sub-010045,ep05,20,1869,1,1849
sub-010045,ep05,30,1869,1,1839
sub-010045,ep05,50,1869,1,1819
sub-010045,ep05,100,1869,1,1769
sub-010045,ep05,150,1869,1,1719
sub-010045,ep05,200,1869,1,1669
sub-010045,ep06,3,1535,1,436
sub-010045,ep06,5,1535,1,565
sub-010045,ep06,7,1535,1,1306
sub-010045,ep06,8,1535,1,1320
sub-010045,ep06,10,1535,1,1525
sub-010045,ep06,20,1535,1,1515
sub-010045,ep06,30,1535,1,1505
sub-010045,ep06,50,1535,1,1485
sub-010045,ep06,100,1535,1,1435
sub-010045,ep06,150,1535,1,1385
sub-010045,ep06,200,1535,1,1335
sub-010046,ep00,3,1551,1,437
sub-010046,ep00,5,1551,1,917
sub-010046,ep00,7,1551,1,1544
sub-010046,ep00,8,1551,1,1543
sub-010046,ep00,10,1551,1,1541
sub-010046,ep00,20,1551,1,1531
sub-010046,ep00,30,1551,1,1521
sub-010046,ep00,50,1551,1,1501
sub-010046,ep00,100,1551,1,1451
sub-010046,ep00,150,1551,1,1401
sub-010046,ep00,200,1551,1,1351
sub-010046,ep01,3,1541,1,199
sub-010046,ep01,5,1541,1,890
sub-010046,ep01,7,1541,1,1054
sub-010046,ep01,8,1541,1,1533
sub-010046,ep01,10,1541,1,997
sub-010046,ep01,20,1541,1,1521
sub-010046,ep01,30,1541,1,1511
sub-010046,ep01,50,1541,1,1491
sub-010046,ep01,100,1541,1,1441
sub-010046,ep01,150,1541,1,1391
sub-010046,ep01,200,1541,1,1341
sub-010046,ep02,3,1537,1,462
sub-010046,ep02,5,1537,1,994
sub-010046,ep02,7,1537,1,1045
sub-010046,ep02,8,1537,1,1488
sub-010046,ep02,10,1537,1,1527
sub-010046,ep02,20,1537,1,1517
sub-010046,ep02,30,1537,1,1507
sub-010046,ep02,50,1537,1,1487
sub-010046,ep02,100,1537,1,1437
sub-010046,ep02,150,1537,1,1387
sub-010046,ep02,200,1537,1,1337
sub-010046,ep03,3,1550,1,397
sub-010046,ep03,5,1550,1,796
sub-010046,ep03,7,1550,1,873
sub-010046,ep03,8,1550,1,1387
sub-010046,ep03,10,1550,1,1377
sub-010046,ep03,20,1550,1,1529
sub-010046,ep03,30,1550,1,1520
sub-010046,ep03,50,1550,1,1500
sub-010046,ep03,100,1550,1,1450
sub-010046,ep03,150,1550,1,1400
sub-010046,ep03,200,1550,1,1350
sub-010046,ep04,3,1393,1,372
sub-010046,ep04,5,1393,1,1154
sub-010046,ep04,7,1393,1,1386
sub-010046,ep04,8,1393,1,933
sub-010046,ep04,10,1393,1,1383
sub-010046,ep04,20,1393,1,1373
sub-010046,ep04,30,1393,1,1363
sub-010046,ep04,50,1393,1,1343
sub-010046,ep04,100,1393,1,1293
sub-010046,ep04,150,1393,1,1243
sub-010046,ep04,200,1393,1,1193
sub-010046,ep05,3,1515,1,199
sub-010046,ep05,5,1515,1,944
sub-010046,ep05,7,1515,1,1423
sub-010046,ep05,8,1515,1,1506
sub-010046,ep05,10,1515,1,1504
sub-010046,ep05,20,1515,1,1495
sub-010046,ep05,30,1515,1,1485
sub-010046,ep05,50,1515,1,1465
sub-010046,ep05,100,1515,1,1415
sub-010046,ep05,150,1515,1,1365
sub-010046,ep05,200,1515,1,1315
sub-010046,ep06,3,1306,1,273
sub-010046,ep06,5,1306,1,763
sub-010046,ep06,7,1306,1,779
sub-010046,ep06,8,1306,1,1247
sub-010046,ep06,10,1306,1,1273
sub-010046,ep06,20,1306,1,1286
sub-010046,ep06,30,1306,1,1276
sub-010046,ep06,50,1306,1,1256
sub-010046,ep06,100,1306,1,1206
sub-010046,ep06,150,1306,1,1156
sub-010046,ep06,200,1306,1,1106
sub-010047,ep00,3,1456,1,134
sub-010047,ep00,5,1456,2,336
sub-010047,ep00,7,1456,1,1392
sub-010047,ep00,8,1456,1,1395
sub-010047,ep00,10,1456,1,1413
sub-010047,ep00,20,1456,1,1436
sub-010047,ep00,30,1456,1,1426
sub-010047,ep00,50,1456,1,1406
sub-010047,ep00,100,1456,1,1356
sub-010047,ep00,150,1456,1,1306
sub-010047,ep00,200,1456,1,1256
sub-010047,ep01,3,1427,1,195
sub-010047,ep01,5,1427,1,1113
sub-010047,ep01,7,1427,1,1399
sub-010047,ep01,8,1427,1,1409
sub-010047,ep01,10,1427,1,1410
sub-010047,ep01,20,1427,1,1407
sub-010047,ep01,30,1427,1,1397
sub-010047,ep01,50,1427,1,1377
sub-010047,ep01,100,1427,1,1327
sub-010047,ep01,150,1427,1,1277
sub-010047,ep01,200,1427,1,1227
sub-010047,ep02,3,1446,1,19
sub-010047,ep02,5,1446,1,1148
sub-010047,ep02,7,1446,1,1416
sub-010047,ep02,8,1446,1,1424
sub-010047,ep02,10,1446,1,1430
sub-010047,ep02,20,1446,1,1426
sub-010047,ep02,30,1446,1,1416
sub-010047,ep02,50,1446,1,1396
sub-010047,ep02,100,1446,1,1346
sub-010047,ep02,150,1446,1,1296
sub-010047,ep02,200,1446,1,1246
sub-010047,ep03,3,1465,1,86
sub-010047,ep03,5,1465,1,937
sub-010047,ep03,7,1465,1,860
sub-010047,ep03,8,1465,1,843
sub-010047,ep03,10,1465,1,1455
sub-010047,ep03,20,1465,1,1445
sub-010047,ep03,30,1465,1,1435
sub-010047,ep03,50,1465,1,1415
sub-010047,ep03,100,1465,1,1365
sub-010047,ep03,150,1465,1,1315
sub-010047,ep03,200,1465,1,1265
sub-010047,ep04,3,1483,1,123
sub-010047,ep04,5,1483,2,353
sub-010047,ep04,7,1483,1,1476
sub-010047,ep04,8,1483,1,1473
sub-010047,ep04,10,1483,1,1473
sub-010047,ep04,20,1483,1,1463
sub-010047,ep04,30,1483,1,1453
sub-010047,ep04,50,1483,1,1433
sub-010047,ep04,100,1483,1,1383
sub-010047,ep04,150,1483,1,1333
sub-010047,ep04,200,1483,1,1283
sub-010047,ep05,3,1405,1,99
sub-010047,ep05,5,1405,1,1146
sub-010047,ep05,7,1405,1,1354
sub-010047,ep05,8,1405,1,1362
sub-010047,ep05,10,1405,1,1377
sub-010047,ep05,20,1405,1,1385
sub-010047,ep05,30,1405,1,1375
sub-010047,ep05,50,1405,1,1355
sub-010047,ep05,100,1405,1,1305
sub-010047,ep05,150,1405,1,1255
sub-010047,ep05,200,1405,1,1205
sub-010047,ep06,3,1387,1,85
sub-010047,ep06,5,1387,1,1092
sub-010047,ep06,7,1387,1,1353
sub-010047,ep06,8,1387,1,1346
sub-010047,ep06,10,1387,1,1377
sub-010047,ep06,20,1387,1,1367
sub-010047,ep06,30,1387,1,1357
sub-010047,ep06,50,1387,1,1337
sub-010047,ep06,100,1387,1,1287
sub-010047,ep06,150,1387,1,1237
sub-010047,ep06,200,1387,1,1187
sub-010048,ep00,3,1746,1,205
sub-010048,ep00,5,1746,1,966
sub-010048,ep00,7,1746,1,1551
sub-010048,ep00,8,1746,1,1591
sub-010048,ep00,10,1746,1,1736
sub-010048,ep00,20,1746,1,1726
sub-010048,ep00,30,1746,1,1716
sub-010048,ep00,50,1746,1,1696
sub-010048,ep00,100,1746,1,1646
sub-010048,ep00,150,1746,1,1596
sub-010048,ep00,200,1746,1,1546
sub-010048,ep01,3,1737,1,514
sub-010048,ep01,5,1737,1,1027
sub-010048,ep01,7,1737,1,1371
sub-010048,ep01,8,1737,1,1493
sub-010048,ep01,10,1737,1,1407
sub-010048,ep01,20,1737,1,1714
sub-010048,ep01,30,1737,1,1707
sub-010048,ep01,50,1737,1,1687
sub-010048,ep01,100,1737,1,1637
sub-010048,ep01,150,1737,1,1587
sub-010048,ep01,200,1737,1,1537
sub-010048,ep02,3,1788,2,44
sub-010048,ep02,5,1788,1,870
sub-010048,ep02,7,1788,1,1359
sub-010048,ep02,8,1788,1,1365
sub-010048,ep02,10,1788,1,1413
sub-010048,ep02,20,1788,1,1768
sub-010048,ep02,30,1788,1,1758
sub-010048,ep02,50,1788,1,1738
sub-010048,ep02,100,1788,1,1688
sub-010048,ep02,150,1788,1,1638
sub-010048,ep02,200,1788,1,1588
sub-010048,ep03,3,1796,1,138
sub-010048,ep03,5,1796,1,1030
sub-010048,ep03,7,1796,1,1130
sub-010048,ep03,8,1796,1,1608
sub-010048,ep03,10,1796,1,1783
sub-010048,ep03,20,1796,1,1776
sub-010048,ep03,30,1796,1,1766
sub-010048,ep03,50,1796,1,1746
sub-010048,ep03,100,1796,1,1696
sub-010048,ep03,150,1796,1,1646
sub-010048,ep03,200,1796,1,1596
sub-010048,ep04,3,1660,1,366
sub-010048,ep04,5,1660,1,993
sub-010048,ep04,7,1660,1,1186
sub-010048,ep04,8,1660,1,1149
sub-010048,ep04,10,1660,1,1609
sub-010048,ep04,20,1660,1,1638
sub-010048,ep04,30,1660,1,1630
sub-010048,ep04,50,1660,1,1610
sub-010048,ep04,100,1660,1,1560
sub-010048,ep04,150,1660,1,1510
sub-010048,ep04,200,1660,1,1460
sub-010048,ep05,3,1710,1,413
sub-010048,ep05,5,1710,1,1152
sub-010048,ep05,7,1710,1,1127
sub-010048,ep05,8,1710,1,1701
sub-010048,ep05,10,1710,1,1693
sub-010048,ep05,20,1710,1,1690
sub-010048,ep05,30,1710,1,1680
sub-010048,ep05,50,1710,1,1660
sub-010048,ep05,100,1710,1,1610
sub-010048,ep05,150,1710,1,1560
sub-010048,ep05,200,1710,1,1510
sub-010048,ep06,3,1496,1,435
sub-010048,ep06,5,1496,1,1058
sub-010048,ep06,7,1496,1,1101
sub-010048,ep06,8,1496,1,1231
sub-010048,ep06,10,1496,1,1254
sub-010048,ep06,20,1496,1,1476
sub-010048,ep06,30,1496,1,1466
sub-010048,ep06,50,1496,1,1446
sub-010048,ep06,100,1496,1,1396
sub-010048,ep06,150,1496,1,1346
sub-010048,ep06,200,1496,1,1296
sub-010049,ep00,3,1435,1,91
sub-010049,ep00,5,1435,1,665
sub-010049,ep00,7,1435,1,1427
sub-010049,ep00,8,1435,1,1426
sub-010049,ep00,10,1435,1,1425
sub-010049,ep00,20,1435,1,1415
sub-010049,ep00,30,1435,1,1405
sub-010049,ep00,50,1435,1,1385
sub-010049,ep00,100,1435,1,1335
sub-010049,ep00,150,1435,1,1285
sub-010049,ep00,200,1435,1,1235
sub-010049,ep01,3,1448,1,203
sub-010049,ep01,5,1448,1,818
sub-010049,ep01,7,1448,1,1441
sub-010049,ep01,8,1448,1,1440
sub-010049,ep01,10,1448,1,1437
sub-010049,ep01,20,1448,1,1428
sub-010049,ep01,30,1448,1,1418
sub-010049,ep01,50,1448,1,1398
sub-010049,ep01,100,1448,1,1348
sub-010049,ep01,150,1448,1,1298
sub-010049,ep01,200,1448,1,1248
sub-010049,ep02,3,1466,1,113
sub-010049,ep02,5,1466,1,963
sub-010049,ep02,7,1466,1,861
sub-010049,ep02,8,1466,1,1375
sub-010049,ep02,10,1466,1,1456
sub-010049,ep02,20,1466,1,1446
sub-010049,ep02,30,1466,1,1436
sub-010049,ep02,50,1466,1,1416
sub-010049,ep02,100,1466,1,1366
sub-010049,ep02,150,1466,1,1316
sub-010049,ep02,200,1466,1,1266
sub-010049,ep03,3,1653,1,362
sub-010049,ep03,5,1653,1,1344
sub-010049,ep03,7,1653,1,1486
sub-010049,ep03,8,1653,1,1641
sub-010049,ep03,10,1653,1,1643
sub-010049,ep03,20,1653,1,1633
sub-010049,ep03,30,1653,1,1622
sub-010049,ep03,50,1653,1,1603
sub-010049,ep03,100,1653,1,1553
sub-010049,ep03,150,1653,1,1503
sub-010049,ep03,200,1653,1,1453
sub-010049,ep04,3,1538,1,338
sub-010049,ep04,5,1538,1,1073
sub-010049,ep04,7,1538,1,1437
sub-010049,ep04,8,1538,1,1525
sub-010049,ep04,10,1538,1,1527
sub-010049,ep04,20,1538,1,1515
sub-010049,ep04,30,1538,1,1508
sub-010049,ep04,50,1538,1,1488
sub-010049,ep04,100,1538,1,1438
sub-010049,ep04,150,1538,1,1388
sub-010049,ep04,200,1538,1,1338
sub-010049,ep05,3,1490,1,282
sub-010049,ep05,5,1490,1,1037
sub-010049,ep05,7,1490,1,1261
sub-010049,ep05,8,1490,1,1264
sub-010049,ep05,10,1490,1,1477
sub-010049,ep05,20,1490,1,1470
sub-010049,ep05,30,1490,1,1460
sub-010049,ep05,50,1490,1,1440
sub-010049,ep05,100,1490,1,1390
sub-010049,ep05,150,1490,1,1340
sub-010049,ep05,200,1490,1,1290
sub-010049,ep06,3,1443,1,289
sub-010049,ep06,5,1443,1,963
sub-010049,ep06,7,1443,1,1164
sub-010049,ep06,8,1443,1,1434
sub-010049,ep06,10,1443,1,1423
sub-010049,ep06,20,1443,1,1423
sub-010049,ep06,30,1443,1,1413
sub-010049,ep06,50,1443,1,1393
sub-010049,ep06,100,1443,1,1343
sub-010049,ep06,150,1443,1,1293
sub-010049,ep06,200,1443,1,1243
sub-010050,ep00,3,2380,1,704
sub-010050,ep00,5,2380,1,1375
sub-010050,ep00,7,2380,1,1414
sub-010050,ep00,8,2380,1,2367
sub-010050,ep00,10,2380,1,2370
sub-010050,ep00,20,2380,1,2360
sub-010050,ep00,30,2380,1,2350
sub-010050,ep00,50,2380,1,2330
sub-010050,ep00,100,2380,1,2280
sub-010050,ep00,150,2380,1,2230
sub-010050,ep00,200,2380,1,2180
sub-010050,ep01,3,1738,1,225
sub-010050,ep01,5,1738,1,925
sub-010050,ep01,7,1738,1,1689
sub-010050,ep01,8,1738,1,1442
sub-010050,ep01,10,1738,1,1728
sub-010050,ep01,20,1738,1,1716
sub-010050,ep01,30,1738,1,1708
sub-010050,ep01,50,1738,1,1688
sub-010050,ep01,100,1738,1,1638
sub-010050,ep01,150,1738,1,1588
sub-010050,ep01,200,1738,1,1538
sub-010050,ep02,3,1809,1,539
sub-010050,ep02,5,1809,1,1319
sub-010050,ep02,7,1809,1,1777
sub-010050,ep02,8,1809,1,1801
sub-010050,ep02,10,1809,1,1799
sub-010050,ep02,20,1809,1,1789
sub-010050,ep02,30,1809,1,1779
sub-010050,ep02,50,1809,1,1759
sub-010050,ep02,100,1809,1,1709
sub-010050,ep02,150,1809,1,1659
sub-010050,ep02,200,1809,1,1609
sub-010050,ep03,3,1808,1,344
sub-010050,ep03,5,1808,1,727
sub-010050,ep03,7,1808,1,1801
sub-010050,ep03,8,1808,1,1786
sub-010050,ep03,10,1808,1,1796
sub-010050,ep03,20,1808,1,1788
sub-010050,ep03,30,1808,1,1778
sub-010050,ep03,50,1808,1,1758
sub-010050,ep03,100,1808,1,1708
sub-010050,ep03,150,1808,1,1658
sub-010050,ep03,200,1808,1,1608
sub-010050,ep04,3,1716,1,174
sub-010050,ep04,5,1716,1,1027
sub-010050,ep04,7,1716,1,1709
sub-010050,ep04,8,1716,1,1708
sub-010050,ep04,10,1716,1,1706
sub-010050,ep04,20,1716,1,1696
sub-010050,ep04,30,1716,1,1686
sub-010050,ep04,50,1716,1,1666
sub-010050,ep04,100,1716,1,1616
sub-010050,ep04,150,1716,1,1566
sub-010050,ep04,200,1716,1,1516
sub-010050,ep05,3,1710,1,267
sub-010050,ep05,5,1710,1,775
sub-010050,ep05,7,1710,1,1703
sub-010050,ep05,8,1710,1,1702
sub-010050,ep05,10,1710,1,1699
sub-010050,ep05,20,1710,1,1690
sub-010050,ep05,30,1710,1,1680
sub-010050,ep05,50,1710,1,1660
sub-010050,ep05,100,1710,1,1610
sub-010050,ep05,150,1710,1,1560
sub-010050,ep05,200,1710,1,1510
sub-010050,ep06,3,1597,1,41
sub-010050,ep06,5,1597,1,960
sub-010050,ep06,7,1597,1,1141
sub-010050,ep06,8,1597,1,1554
sub-010050,ep06,10,1597,1,1080
sub-010050,ep06,20,1597,1,1574
sub-010050,ep06,30,1597,1,1567
sub-010050,ep06,50,1597,1,1547
sub-010050,ep06,100,1597,1,1497
sub-010050,ep06,150,1597,1,1447
sub-010050,ep06,200,1597,1,1397
sub-010051,ep00,3,1539,1,412
sub-010051,ep00,5,1539,1,752
sub-010051,ep00,7,1539,1,794
sub-010051,ep00,8,1539,1,1531
sub-010051,ep00,10,1539,1,1529
sub-010051,ep00,20,1539,1,1519
sub-010051,ep00,30,1539,1,1509
sub-010051,ep00,50,1539,1,1489
sub-010051,ep00,100,1539,1,1439
sub-010051,ep00,150,1539,1,1389
sub-010051,ep00,200,1539,1,1339
sub-010051,ep01,3,1495,1,186
sub-010051,ep01,5,1495,1,1262
sub-010051,ep01,7,1495,1,1488
sub-010051,ep01,8,1495,1,1487
sub-010051,ep01,10,1495,1,1485
sub-010051,ep01,20,1495,1,1475
sub-010051,ep01,30,1495,1,1465
sub-010051,ep01,50,1495,1,1445
sub-010051,ep01,100,1495,1,1395
sub-010051,ep01,150,1495,1,1345
sub-010051,ep01,200,1495,1,1295
sub-010051,ep02,3,1364,1,252
sub-010051,ep02,5,1364,1,606
sub-010051,ep02,7,1364,1,1357
sub-010051,ep02,8,1364,1,1353
sub-010051,ep02,10,1364,1,1353
sub-010051,ep02,20,1364,1,1344
sub-010051,ep02,30,1364,1,1334
sub-010051,ep02,50,1364,1,1314
sub-010051,ep02,100,1364,1,1264
sub-010051,ep02,150,1364,1,1214
sub-010051,ep02,200,1364,1,1164
sub-010051,ep03,3,1369,1,253
sub-010051,ep03,5,1369,1,337
sub-010051,ep03,7,1369,1,1172
sub-010051,ep03,8,1369,1,1155
sub-010051,ep03,10,1369,1,1279
sub-010051,ep03,20,1369,1,1349
sub-010051,ep03,30,1369,1,1339
sub-010051,ep03,50,1369,1,1319
sub-010051,ep03,100,1369,1,1269
sub-010051,ep03,150,1369,1,1219
sub-010051,ep03,200,1369,1,1169
sub-010051,ep04,3,1613,1,203
sub-010051,ep04,5,1613,1,1440
sub-010051,ep04,7,1613,1,1606
sub-010051,ep04,8,1613,1,1604
sub-010051,ep04,10,1613,1,1603
sub-010051,ep04,20,1613,1,1593
sub-010051,ep04,30,1613,1,1583
sub-010051,ep04,50,1613,1,1563
sub-010051,ep04,100,1613,1,1513
sub-010051,ep04,150,1613,1,1463
sub-010051,ep04,200,1613,1,1413
sub-010051,ep05,3,1356,1,409
sub-010051,ep05,5,1356,1,1309
sub-010051,ep05,7,1356,1,1339
sub-010051,ep05,8,1356,1,1346
sub-010051,ep05,10,1356,1,1339
sub-010051,ep05,20,1356,1,1336
sub-010051,ep05,30,1356,1,1326
sub-010051,ep05,50,1356,1,1306
sub-010051,ep05,100,1356,1,1256
sub-010051,ep05,150,1356,1,1206
sub-010051,ep05,200,1356,1,1156
sub-010051,ep06,3,1256,1,170
sub-010051,ep06,5,1256,1,1211
sub-010051,ep06,7,1256,1,1226
sub-010051,ep06,8,1256,1,1247
sub-010051,ep06,10,1256,1,1246
sub-010051,ep06,20,1256,1,1236
sub-010051,ep06,30,1256,1,1226
sub-010051,ep06,50,1256,1,1206
sub-010051,ep06,100,1256,1,1156
sub-010051,ep06,150,1256,1,1106
sub-010051,ep06,200,1256,1,1056
sub-010052,ep00,3,1368,1,475
sub-010052,ep00,5,1368,1,900
sub-010052,ep00,7,1368,1,1360
sub-010052,ep00,8,1368,1,1360
sub-010052,ep00,10,1368,1,1358
sub-010052,ep00,20,1368,1,1348
sub-010052,ep00,30,1368,1,1338
sub-010052,ep00,50,1368,1,1318
sub-010052,ep00,100,1368,1,1268
sub-010052,ep00,150,1368,1,1218
sub-010052,ep00,200,1368,1,1168
sub-010052,ep01,3,1378,1,435
sub-010052,ep01,5,1378,1,1057
sub-010052,ep01,7,1378,1,1332
sub-010052,ep01,8,1378,1,1338
sub-010052,ep01,10,1378,1,1341
sub-010052,ep01,20,1378,1,1358
sub-010052,ep01,30,1378,1,1348
sub-010052,ep01,50,1378,1,1328
sub-010052,ep01,100,1378,1,1278
sub-010052,ep01,150,1378,1,1228
sub-010052,ep01,200,1378,1,1178
sub-010052,ep02,3,1358,1,535
sub-010052,ep02,5,1358,1,768
sub-010052,ep02,7,1358,1,1351
sub-010052,ep02,8,1358,1,1350
sub-010052,ep02,10,1358,1,1348
sub-010052,ep02,20,1358,1,1338
sub-010052,ep02,30,1358,1,1328
sub-010052,ep02,50,1358,1,1308
sub-010052,ep02,100,1358,1,1258
sub-010052,ep02,150,1358,1,1208
sub-010052,ep02,200,1358,1,1158
sub-010052,ep03,3,2643,1,842
sub-010052,ep03,5,2643,1,1535
sub-010052,ep03,7,2643,1,1830
sub-010052,ep03,8,2643,1,1843
sub-010052,ep03,10,2643,1,2579
sub-010052,ep03,20,2643,1,2622
sub-010052,ep03,30,2643,1,2613
sub-010052,ep03,50,2643,1,2593
sub-010052,ep03,100,2643,1,2543
sub-010052,ep03,150,2643,1,2493
sub-010052,ep03,200,2643,1,2443
sub-010052,ep04,3,1477,1,603
sub-010052,ep04,5,1477,1,1010
sub-010052,ep04,7,1477,1,1395
sub-010052,ep04,8,1477,1,1437
sub-010052,ep04,10,1477,1,1463
sub-010052,ep04,20,1477,1,1457
sub-010052,ep04,30,1477,1,1447
sub-010052,ep04,50,1477,1,1427
sub-010052,ep04,100,1477,1,1377
sub-010052,ep04,150,1477,1,1327
sub-010052,ep04,200,1477,1,1277
sub-010052,ep05,3,2273,1,519
sub-010052,ep05,5,2273,1,1428
sub-010052,ep05,7,2273,1,1697
sub-010052,ep05,8,2273,1,2265
sub-010052,ep05,10,2273,1,2263
sub-010052,ep05,20,2273,1,2253
sub-010052,ep05,30,2273,1,2243
sub-010052,ep05,50,2273,1,2223
sub-010052,ep05,100,2273,1,2173
sub-010052,ep05,150,2273,1,2123
sub-010052,ep05,200,2273,1,2073
sub-010052,ep06,3,1231,1,490
sub-010052,ep06,5,1231,1,802
sub-010052,ep06,7,1231,1,822
sub-010052,ep06,8,1231,1,857
sub-010052,ep06,10,1231,1,814
sub-010052,ep06,20,1231,1,1211
sub-010052,ep06,30,1231,1,1201
sub-010052,ep06,50,1231,1,1181
sub-010052,ep06,100,1231,1,1131
sub-010052,ep06,150,1231,1,1081
sub-010052,ep06,200,1231,1,1031
sub-010053,ep00,3,1441,1,196
sub-010053,ep00,5,1441,1,785
sub-010053,ep00,7,1441,1,1401
sub-010053,ep00,8,1441,1,1406
sub-010053,ep00,10,1441,1,1415
sub-010053,ep00,20,1441,1,1421
sub-010053,ep00,30,1441,1,1411
sub-010053,ep00,50,1441,1,1391
sub-010053,ep00,100,1441,1,1341
sub-010053,ep00,150,1441,1,1291
sub-010053,ep00,200,1441,1,1241
sub-010053,ep01,3,1508,1,354
sub-010053,ep01,5,1508,1,1138
sub-010053,ep01,7,1508,1,1487
sub-010053,ep01,8,1508,1,1484
sub-010053,ep01,10,1508,1,1496
sub-010053,ep01,20,1508,1,1488
sub-010053,ep01,30,1508,1,1478
sub-010053,ep01,50,1508,1,1458
sub-010053,ep01,100,1508,1,1408
sub-010053,ep01,150,1508,1,1358
sub-010053,ep01,200,1508,1,1308
sub-010053,ep02,3,1475,1,124
sub-010053,ep02,5,1475,1,745
sub-010053,ep02,7,1475,1,1066
sub-010053,ep02,8,1475,1,1095
sub-010053,ep02,10,1475,1,1465
sub-010053,ep02,20,1475,1,1455
sub-010053,ep02,30,1475,1,1445
sub-010053,ep02,50,1475,1,1425
sub-010053,ep02,100,1475,1,1375
sub-010053,ep02,150,1475,1,1325
sub-010053,ep02,200,1475,1,1275
sub-010053,ep03,3,1467,1,293
sub-010053,ep03,5,1467,1,806
sub-010053,ep03,7,1467,1,858
sub-010053,ep03,8,1467,1,1459
sub-010053,ep03,10,1467,1,1455
sub-010053,ep03,20,1467,1,1447
sub-010053,ep03,30,1467,1,1437
sub-010053,ep03,50,1467,1,1417
sub-010053,ep03,100,1467,1,1367
sub-010053,ep03,150,1467,1,1317
sub-010053,ep03,200,1467,1,1267
sub-010053,ep04,3,1452,1,327
sub-010053,ep04,5,1452,1,639
sub-010053,ep04,7,1452,1,960
sub-010053,ep04,8,1452,1,1025
sub-010053,ep04,10,1452,1,1442
sub-010053,ep04,20,1452,1,1432
sub-010053,ep04,30,1452,1,1422
sub-010053,ep04,50,1452,1,1402
sub-010053,ep04,100,1452,1,1352
sub-010053,ep04,150,1452,1,1302
sub-010053,ep04,200,1452,1,1252
sub-010053,ep05,3,1519,1,200
sub-010053,ep05,5,1519,1,1131
sub-010053,ep05,7,1519,1,1512
sub-010053,ep05,8,1519,1,1511
sub-010053,ep05,10,1519,1,1509
sub-010053,ep05,20,1519,1,1499
sub-010053,ep05,30,1519,1,1489
sub-010053,ep05,50,1519,1,1469
sub-010053,ep05,100,1519,1,1419
sub-010053,ep05,150,1519,1,1369
sub-010053,ep05,200,1519,1,1319
sub-010053,ep06,3,1362,1,417
sub-010053,ep06,5,1362,1,683
sub-010053,ep06,7,1362,1,1355
sub-010053,ep06,8,1362,1,1354
sub-010053,ep06,10,1362,1,1352
sub-010053,ep06,20,1362,1,1342
sub-010053,ep06,30,1362,1,1332
sub-010053,ep06,50,1362,1,1312
sub-010053,ep06,100,1362,1,1262
sub-010053,ep06,150,1362,1,1212
sub-010053,ep06,200,1362,1,1162
sub-010056,ep00,3,1477,1,175
sub-010056,ep00,5,1477,1,1003
sub-010056,ep00,7,1477,1,1046
sub-010056,ep00,8,1477,1,1059
sub-010056,ep00,10,1477,1,1045
sub-010056,ep00,20,1477,1,1457
sub-010056,ep00,30,1477,1,1447
sub-010056,ep00,50,1477,1,1427
sub-010056,ep00,100,1477,1,1377
sub-010056,ep00,150,1477,1,1327
sub-010056,ep00,200,1477,1,1277
sub-010056,ep01,3,1817,1,375
sub-010056,ep01,5,1817,1,746
sub-010056,ep01,7,1817,1,1441
sub-010056,ep01,8,1817,1,1809
sub-010056,ep01,10,1817,1,1807
sub-010056,ep01,20,1817,1,1797
sub-010056,ep01,30,1817,1,1787
sub-010056,ep01,50,1817,1,1767
sub-010056,ep01,100,1817,1,1717
sub-010056,ep01,150,1817,1,1667
sub-010056,ep01,200,1817,1,1617
sub-010056,ep02,3,1748,1,664
sub-010056,ep02,5,1748,1,777
sub-010056,ep02,7,1748,1,1580
sub-010056,ep02,8,1748,1,1599
sub-010056,ep02,10,1748,1,1738
sub-010056,ep02,20,1748,1,1728
sub-010056,ep02,30,1748,1,1718
sub-010056,ep02,50,1748,1,1698
sub-010056,ep02,100,1748,1,1648
sub-010056,ep02,150,1748,1,1598
sub-010056,ep02,200,1748,1,1548
sub-010056,ep03,3,1452,1,103
sub-010056,ep03,5,1452,1,969
sub-010056,ep03,7,1452,1,942
sub-010056,ep03,8,1452,1,1444
sub-010056,ep03,10,1452,1,1442
sub-010056,ep03,20,1452,1,1432
sub-010056,ep03,30,1452,1,1422
sub-010056,ep03,50,1452,1,1402
sub-010056,ep03,100,1452,1,1352
sub-010056,ep03,150,1452,1,1302
sub-010056,ep03,200,1452,1,1252
sub-010056,ep04,3,1636,1,51
sub-010056,ep04,5,1636,1,1257
sub-010056,ep04,7,1636,1,1262
sub-010056,ep04,8,1636,1,1288
sub-010056,ep04,10,1636,1,1220
sub-010056,ep04,20,1636,1,1616
sub-010056,ep04,30,1636,1,1606
sub-010056,ep04,50,1636,1,1586
sub-010056,ep04,100,1636,1,1536
sub-010056,ep04,150,1636,1,1486
sub-010056,ep04,200,1636,1,1436
sub-010056,ep05,3,1439,1,69
sub-010056,ep05,5,1439,1,828
sub-010056,ep05,7,1439,1,911
sub-010056,ep05,8,1439,1,924
sub-010056,ep05,10,1439,1,1429
sub-010056,ep05,20,1439,1,1419
sub-010056,ep05,30,1439,1,1409
sub-010056,ep05,50,1439,1,1389
sub-010056,ep05,100,1439,1,1339
sub-010056,ep05,150,1439,1,1289
sub-010056,ep05,200,1439,1,1239
sub-010056,ep06,3,1389,1,347
sub-010056,ep06,5,1389,1,661
sub-010056,ep06,7,1389,1,969
sub-010056,ep06,8,1389,1,1379
sub-010056,ep06,10,1389,1,1376
sub-010056,ep06,20,1389,1,1369
sub-010056,ep06,30,1389,1,1359
sub-010056,ep06,50,1389,1,1339
sub-010056,ep06,100,1389,1,1289
sub-010056,ep06,150,1389,1,1239
sub-010056,ep06,200,1389,1,1189
sub-010059,ep00,3,1638,1,105
sub-010059,ep00,5,1638,1,755
sub-010059,ep00,7,1638,1,819
sub-010059,ep00,8,1638,1,785
sub-010059,ep00,10,1638,1,775
sub-010059,ep00,20,1638,1,1618
sub-010059,ep00,30,1638,1,1608
sub-010059,ep00,50,1638,1,1588
sub-010059,ep00,100,1638,1,1538
sub-010059,ep00,150,1638,1,1488
sub-010059,ep00,200,1638,1,1438
sub-010059,ep01,3,1674,1,78
sub-010059,ep01,5,1674,1,1014
sub-010059,ep01,7,1674,1,1051
sub-010059,ep01,8,1674,1,1644
sub-010059,ep01,10,1674,1,1644
sub-010059,ep01,20,1674,1,1654
sub-010059,ep01,30,1674,1,1644
sub-010059,ep01,50,1674,1,1624
sub-010059,ep01,100,1674,1,1574
sub-010059,ep01,150,1674,1,1524
sub-010059,ep01,200,1674,1,1474
sub-010059,ep02,3,1726,1,123
sub-010059,ep02,5,1726,1,702
sub-010059,ep02,7,1726,1,1288
sub-010059,ep02,8,1726,1,1688
sub-010059,ep02,10,1726,1,1716
sub-010059,ep02,20,1726,1,1706
sub-010059,ep02,30,1726,1,1696
sub-010059,ep02,50,1726,1,1676
sub-010059,ep02,100,1726,1,1626
sub-010059,ep02,150,1726,1,1576
sub-010059,ep02,200,1726,1,1526
sub-010059,ep03,3,1637,1,157
sub-010059,ep03,5,1637,1,438
sub-010059,ep03,7,1637,1,1495
sub-010059,ep03,8,1637,1,1520
sub-010059,ep03,10,1637,1,1625
sub-010059,ep03,20,1637,1,1617
sub-010059,ep03,30,1637,1,1607
sub-010059,ep03,50,1637,1,1587
sub-010059,ep03,100,1637,1,1537
sub-010059,ep03,150,1637,1,1487
sub-010059,ep03,200,1637,1,1437
sub-010059,ep04,3,1617,1,120
sub-010059,ep04,5,1617,1,932
sub-010059,ep04,7,1617,1,987
sub-010059,ep04,8,1617,1,1134
sub-010059,ep04,10,1617,1,1153
sub-010059,ep04,20,1617,1,1597
sub-010059,ep04,30,1617,1,1587
sub-010059,ep04,50,1617,1,1567
sub-010059,ep04,100,1617,1,1517
sub-010059,ep04,150,1617,1,1467
sub-010059,ep04,200,1617,1,1417
sub-010059,ep05,3,1658,1,356
sub-010059,ep05,5,1658,1,1046
sub-010059,ep05,7,1658,1,1092
sub-010059,ep05,8,1658,1,1100
sub-010059,ep05,10,1658,1,1064
sub-010059,ep05,20,1658,1,1638
sub-010059,ep05,30,1658,1,1628
sub-010059,ep05,50,1658,1,1608
sub-010059,ep05,100,1658,1,1558
sub-010059,ep05,150,1658,1,1508
sub-010059,ep05,200,1658,1,1458
sub-010059,ep06,3,1510,1,123
sub-010059,ep06,5,1510,1,353
sub-010059,ep06,7,1510,1,978
sub-010059,ep06,8,1510,1,971
sub-010059,ep06,10,1510,1,1500
sub-010059,ep06,20,1510,1,1490
sub-010059,ep06,30,1510,1,1479
sub-010059,ep06,50,1510,1,1460
sub-010059,ep06,100,1510,1,1410
sub-010059,ep06,150,1510,1,1360
sub-010059,ep06,200,1510,1,1310
sub-010060,ep00,3,1143,1,61
sub-010060,ep00,5,1143,2,143
sub-010060,ep00,7,1143,2,149
sub-010060,ep00,8,1143,1,1135
sub-010060,ep00,10,1143,1,1131
sub-010060,ep00,20,1143,1,1123
sub-010060,ep00,30,1143,1,1113
sub-010060,ep00,50,1143,1,1093
sub-010060,ep00,100,1143,1,1043
sub-010060,ep00,150,1143,1,993
sub-010060,ep00,200,1143,1,943
sub-010060,ep01,3,1173,13,411
sub-010060,ep01,5,1173,3,178
sub-010060,ep01,7,1173,1,1157
sub-010060,ep01,8,1173,1,1159
sub-010060,ep01,10,1173,1,1163
sub-010060,ep01,20,1173,1,1153
sub-010060,ep01,30,1173,1,1143
sub-010060,ep01,50,1173,1,1123
sub-010060,ep01,100,1173,1,1073
sub-010060,ep01,150,1173,1,1023
sub-010060,ep01,200,1173,1,973
sub-010060,ep02,3,1445,1,85
sub-010060,ep02,5,1445,3,501
sub-010060,ep02,7,1445,1,1438
sub-010060,ep02,8,1445,1,1437
sub-010060,ep02,10,1445,1,1435
sub-010060,ep02,20,1445,1,1425
sub-010060,ep02,30,1445,1,1415
sub-010060,ep02,50,1445,1,1395
sub-010060,ep02,100,1445,1,1345
sub-010060,ep02,150,1445,1,1295
sub-010060,ep02,200,1445,1,1245
sub-010060,ep03,3,1150,1,82
sub-010060,ep03,5,1150,3,160
sub-010060,ep03,7,1150,1,1143
sub-010060,ep03,8,1150,1,1142
sub-010060,ep03,10,1150,1,1140
sub-010060,ep03,20,1150,1,1130
sub-010060,ep03,30,1150,1,1120
sub-010060,ep03,50,1150,1,1100
sub-010060,ep03,100,1150,1,1050
sub-010060,ep03,150,1150,1,1000
sub-010060,ep03,200,1150,1,950
sub-010060,ep04,3,1203,1,108
sub-010060,ep04,5,1203,3,188
sub-010060,ep04,7,1203,1,1196
sub-010060,ep04,8,1203,1,1193
sub-010060,ep04,10,1203,1,1193
sub-010060,ep04,20,1203,1,1183
sub-010060,ep04,30,1203,1,1173
sub-010060,ep04,50,1203,1,1153
sub-010060,ep04,100,1203,1,1103
sub-010060,ep04,150,1203,1,1053
sub-010060,ep04,200,1203,1,1003
sub-010060,ep05,3,1171,1,116
sub-010060,ep05,5,1171,2,152
sub-010060,ep05,7,1171,1,1141
sub-010060,ep05,8,1171,1,1131
sub-010060,ep05,10,1171,1,1160
sub-010060,ep05,20,1171,1,1151
sub-010060,ep05,30,1171,1,1141
sub-010060,ep05,50,1171,1,1121
sub-010060,ep05,100,1171,1,1071
sub-010060,ep05,150,1171,1,1021
sub-010060,ep05,200,1171,1,971
sub-010061,ep00,3,1664,1,303
sub-010061,ep00,5,1664,1,871
sub-010061,ep00,7,1664,1,959
sub-010061,ep00,8,1664,1,959
sub-010061,ep00,10,1664,1,1654
sub-010061,ep00,20,1664,1,1644
sub-010061,ep00,30,1664,1,1634
sub-010061,ep00,50,1664,1,1614
sub-010061,ep00,100,1664,1,1564
sub-010061,ep00,150,1664,1,1514
sub-010061,ep00,200,1664,1,1464
sub-010061,ep01,3,2188,1,191
sub-010061,ep01,5,2188,1,1353
sub-010061,ep01,7,2188,1,1988
sub-010061,ep01,8,2188,1,2180
sub-010061,ep01,10,2188,1,2178
sub-010061,ep01,20,2188,1,2168
sub-010061,ep01,30,2188,1,2158
sub-010061,ep01,50,2188,1,2138
sub-010061,ep01,100,2188,1,2088
sub-010061,ep01,150,2188,1,2038
sub-010061,ep01,200,2188,1,1988
sub-010061,ep02,3,1562,1,429
sub-010061,ep02,5,1562,1,660
sub-010061,ep02,7,1562,1,1355
sub-010061,ep02,8,1562,1,1511
sub-010061,ep02,10,1562,1,1552
sub-010061,ep02,20,1562,1,1540
sub-010061,ep02,30,1562,1,1532
sub-010061,ep02,50,1562,1,1512
sub-010061,ep02,100,1562,1,1462
sub-010061,ep02,150,1562,1,1412
sub-010061,ep02,200,1562,1,1362
sub-010061,ep03,3,1684,1,441
sub-010061,ep03,5,1684,1,647
sub-010061,ep03,7,1684,1,1542
sub-010061,ep03,8,1684,1,1676
sub-010061,ep03,10,1684,1,1674
sub-010061,ep03,20,1684,1,1664
sub-010061,ep03,30,1684,1,1654
sub-010061,ep03,50,1684,1,1634
sub-010061,ep03,100,1684,1,1584
sub-010061,ep03,150,1684,1,1534
sub-010061,ep03,200,1684,1,1484
sub-010061,ep04,3,1730,1,489
sub-010061,ep04,5,1730,1,961
sub-010061,ep04,7,1730,1,1190
sub-010061,ep04,8,1730,1,864
sub-010061,ep04,10,1730,1,1720
sub-010061,ep04,20,1730,1,1710
sub-010061,ep04,30,1730,1,1700
sub-010061,ep04,50,1730,1,1680
sub-010061,ep04,100,1730,1,1630
sub-010061,ep04,150,1730,1,1580
sub-010061,ep04,200,1730,1,1530
sub-010061,ep05,3,2119,1,706
sub-010061,ep05,5,2119,1,1012
sub-010061,ep05,7,2119,1,1477
sub-010061,ep05,8,2119,1,2073
sub-010061,ep05,10,2119,1,2079
sub-010061,ep05,20,2119,1,2098
sub-010061,ep05,30,2119,1,2089
sub-010061,ep05,50,2119,1,2069
sub-010061,ep05,100,2119,1,2019
sub-010061,ep05,150,2119,1,1969
sub-010061,ep05,200,2119,1,1919
sub-010061,ep06,3,1480,1,348
sub-010061,ep06,5,1480,1,710
sub-010061,ep06,7,1480,1,1324
sub-010061,ep06,8,1480,1,1472
sub-010061,ep06,10,1480,1,1467
sub-010061,ep06,20,1480,1,1460
sub-010061,ep06,30,1480,1,1450
sub-010061,ep06,50,1480,1,1430
sub-010061,ep06,100,1480,1,1380
sub-010061,ep06,150,1480,1,1330
sub-010061,ep06,200,1480,1,1280
sub-010062,ep00,3,1305,1,312
sub-010062,ep00,5,1305,1,520
sub-010062,ep00,7,1305,1,1297
sub-010062,ep00,8,1305,1,1296
sub-010062,ep00,10,1305,1,1295
sub-010062,ep00,20,1305,1,1285
sub-010062,ep00,30,1305,1,1275
sub-010062,ep00,50,1305,1,1255
sub-010062,ep00,100,1305,1,1205
sub-010062,ep00,150,1305,1,1155
sub-010062,ep00,200,1305,1,1105
sub-010062,ep01,3,1342,1,100
sub-010062,ep01,5,1342,1,509
sub-010062,ep01,7,1342,1,537
sub-010062,ep01,8,1342,1,1334
sub-010062,ep01,10,1342,1,1331
sub-010062,ep01,20,1342,1,1322
sub-010062,ep01,30,1342,1,1312
sub-010062,ep01,50,1342,1,1292
sub-010062,ep01,100,1342,1,1242
sub-010062,ep01,150,1342,1,1192
sub-010062,ep01,200,1342,1,1142
sub-010062,ep02,3,1310,1,99
sub-010062,ep02,5,1310,1,474
sub-010062,ep02,7,1310,1,560
sub-010062,ep02,8,1310,1,529
sub-010062,ep02,10,1310,1,1300
sub-010062,ep02,20,1310,1,1290
sub-010062,ep02,30,1310,1,1280
sub-010062,ep02,50,1310,1,1260
sub-010062,ep02,100,1310,1,1210
sub-010062,ep02,150,1310,1,1160
sub-010062,ep02,200,1310,1,1110
sub-010062,ep03,3,1335,1,286
sub-010062,ep03,5,1335,1,624
sub-010062,ep03,7,1335,1,1328
sub-010062,ep03,8,1335,1,1326
sub-010062,ep03,10,1335,1,1325
sub-010062,ep03,20,1335,1,1315
sub-010062,ep03,30,1335,1,1305
sub-010062,ep03,50,1335,1,1285
sub-010062,ep03,100,1335,1,1235
sub-010062,ep03,150,1335,1,1185
sub-010062,ep03,200,1335,1,1135
sub-010062,ep04,3,1275,1,239
sub-010062,ep04,5,1275,1,525
sub-010062,ep04,7,1275,1,1267
sub-010062,ep04,8,1275,1,1231
sub-010062,ep04,10,1275,1,1265
sub-010062,ep04,20,1275,1,1255
sub-010062,ep04,30,1275,1,1245
sub-010062,ep04,50,1275,1,1225
sub-010062,ep04,100,1275,1,1175
sub-010062,ep04,150,1275,1,1125
sub-010062,ep04,200,1275,1,1075
sub-010062,ep05,3,1589,1,160
sub-010062,ep05,5,1589,1,828
sub-010062,ep05,7,1589,1,1582
sub-010062,ep05,8,1589,1,1560
sub-010062,ep05,10,1589,1,1579
sub-010062,ep05,20,1589,1,1569
sub-010062,ep05,30,1589,1,1559
sub-010062,ep05,50,1589,1,1539
sub-010062,ep05,100,1589,1,1489
sub-010062,ep05,150,1589,1,1439
sub-010062,ep05,200,1589,1,1389
sub-010062,ep06,3,1203,1,274
sub-010062,ep06,5,1203,1,440
sub-010062,ep06,7,1203,1,1196
sub-010062,ep06,8,1203,1,1195
sub-010062,ep06,10,1203,1,1193
sub-010062,ep06,20,1203,1,1183
sub-010062,ep06,30,1203,1,1173
sub-010062,ep06,50,1203,1,1153
sub-010062,ep06,100,1203,1,1103
sub-010062,ep06,150,1203,1,1053
sub-010062,ep06,200,1203,1,1003
sub-010063,ep00,3,1480,1,119
sub-010063,ep00,5,1480,1,386
sub-010063,ep00,7,1480,2,400
sub-010063,ep00,8,1480,2,427
sub-010063,ep00,10,1480,1,1445
sub-010063,ep00,20,1480,1,1459
sub-010063,ep00,30,1480,1,1450
sub-010063,ep00,50,1480,1,1430
sub-010063,ep00,100,1480,1,1380
sub-010063,ep00,150,1480,1,1330
sub-010063,ep00,200,1480,1,1280
sub-010063,ep01,3,2086,1,186
sub-010063,ep01,5,2086,1,852
sub-010063,ep01,7,2086,1,1632
sub-010063,ep01,8,2086,1,1142
sub-010063,ep01,10,2086,1,2076
sub-010063,ep01,20,2086,1,2065
sub-010063,ep01,30,2086,1,2056
sub-010063,ep01,50,2086,1,2036
sub-010063,ep01,100,2086,1,1986
sub-010063,ep01,150,2086,1,1936
sub-010063,ep01,200,2086,1,1886
sub-010063,ep02,3,1343,1,60
sub-010063,ep02,5,1343,1,591
sub-010063,ep02,7,1343,1,1302
sub-010063,ep02,8,1343,1,1334
sub-010063,ep02,10,1343,1,1333
sub-010063,ep02,20,1343,1,1323
sub-010063,ep02,30,1343,1,1313
sub-010063,ep02,50,1343,1,1293
sub-010063,ep02,100,1343,1,1243
sub-010063,ep02,150,1343,1,1193
sub-010063,ep02,200,1343,1,1143
sub-010063,ep03,3,1341,1,39
sub-010063,ep03,5,1341,1,539
sub-010063,ep03,7,1341,1,548
sub-010063,ep03,8,1341,1,1333
sub-010063,ep03,10,1341,1,1331
sub-010063,ep03,20,1341,1,1321
sub-010063,ep03,30,1341,1,1311
sub-010063,ep03,50,1341,1,1291
sub-010063,ep03,100,1341,1,1241
sub-010063,ep03,150,1341,1,1191
sub-010063,ep03,200,1341,1,1141
sub-010063,ep04,3,1401,1,111
sub-010063,ep04,5,1401,1,962
sub-010063,ep04,7,1401,1,868
sub-010063,ep04,8,1401,1,1393
sub-010063,ep04,10,1401,1,1391
sub-010063,ep04,20,1401,1,1381
sub-010063,ep04,30,1401,1,1371
sub-010063,ep04,50,1401,1,1351
sub-010063,ep04,100,1401,1,1301
sub-010063,ep04,150,1401,1,1251
sub-010063,ep04,200,1401,1,1201
sub-010063,ep05,3,1363,1,62
sub-010063,ep05,5,1363,1,503
sub-010063,ep05,7,1363,1,554
sub-010063,ep05,8,1363,1,896
sub-010063,ep05,10,1363,1,1344
sub-010063,ep05,20,1363,1,1343
sub-010063,ep05,30,1363,1,1333
sub-010063,ep05,50,1363,1,1313
sub-010063,ep05,100,1363,1,1263
sub-010063,ep05,150,1363,1,1213
sub-010063,ep05,200,1363,1,1163
sub-010064,ep00,3,1284,1,187
sub-010064,ep00,5,1284,1,486
sub-010064,ep00,7,1284,1,951
sub-010064,ep00,8,1284,1,1239
sub-010064,ep00,10,1284,1,1273
sub-010064,ep00,20,1284,1,1264
sub-010064,ep00,30,1284,1,1254
sub-010064,ep00,50,1284,1,1234
sub-010064,ep00,100,1284,1,1184
sub-010064,ep00,150,1284,1,1134
sub-010064,ep00,200,1284,1,1084
sub-010064,ep01,3,1307,1,217
sub-010064,ep01,5,1307,1,711
sub-010064,ep01,7,1307,1,1191
sub-010064,ep01,8,1307,1,1183
sub-010064,ep01,10,1307,1,1293
sub-010064,ep01,20,1307,1,1287
sub-010064,ep01,30,1307,1,1277
sub-010064,ep01,50,1307,1,1257
sub-010064,ep01,100,1307,1,1207
sub-010064,ep01,150,1307,1,1157
sub-010064,ep01,200,1307,1,1107
sub-010064,ep02,3,2030,1,230
sub-010064,ep02,5,2030,1,1100
sub-010064,ep02,7,2030,1,1406
sub-010064,ep02,8,2030,1,1444
sub-010064,ep02,10,2030,1,1463
sub-010064,ep02,20,2030,1,2010
sub-010064,ep02,30,2030,1,1999
sub-010064,ep02,50,2030,1,1980
sub-010064,ep02,100,2030,1,1930
sub-010064,ep02,150,2030,1,1880
sub-010064,ep02,200,2030,1,1830
sub-010064,ep03,3,1722,1,440
sub-010064,ep03,5,1722,1,1230
sub-010064,ep03,7,1722,1,1147
sub-010064,ep03,8,1722,1,1181
sub-010064,ep03,10,1722,1,1683
sub-010064,ep03,20,1722,1,1702
sub-010064,ep03,30,1722,1,1692
sub-010064,ep03,50,1722,1,1672
sub-010064,ep03,100,1722,1,1622
sub-010064,ep03,150,1722,1,1572
sub-010064,ep03,200,1722,1,1522
sub-010064,ep04,3,1479,1,153
sub-010064,ep04,5,1479,1,968
sub-010064,ep04,7,1479,1,982
sub-010064,ep04,8,1479,1,1010
sub-010064,ep04,10,1479,1,1464
sub-010064,ep04,20,1479,1,1459
sub-010064,ep04,30,1479,1,1449
sub-010064,ep04,50,1479,1,1429
sub-010064,ep04,100,1479,1,1379
sub-010064,ep04,150,1479,1,1329
sub-010064,ep04,200,1479,1,1278
sub-010064,ep05,3,1587,1,262
sub-010064,ep05,5,1587,1,953
sub-010064,ep05,7,1587,1,968
sub-010064,ep05,8,1587,1,1574
sub-010064,ep05,10,1587,1,1577
sub-010064,ep05,20,1587,1,1567
sub-010064,ep05,30,1587,1,1557
sub-010064,ep05,50,1587,1,1537
sub-010064,ep05,100,1587,1,1487
sub-010064,ep05,150,1587,1,1437
sub-010064,ep05,200,1587,1,1387
sub-010064,ep06,3,1256,1,494
sub-010064,ep06,5,1256,1,715
sub-010064,ep06,7,1256,1,909
sub-010064,ep06,8,1256,1,948
sub-010064,ep06,10,1256,1,1246
sub-010064,ep06,20,1256,1,1236
sub-010064,ep06,30,1256,1,1226
sub-010064,ep06,50,1256,1,1206
sub-010064,ep06,100,1256,1,1156
sub-010064,ep06,150,1256,1,1106
sub-010064,ep06,200,1256,1,1056
sub-010065,ep00,3,1222,1,322
sub-010065,ep00,5,1222,1,380
sub-010065,ep00,7,1222,1,466
sub-010065,ep00,8,1222,1,1213
sub-010065,ep00,10,1222,1,1212
sub-010065,ep00,20,1222,1,1202
sub-010065,ep00,30,1222,1,1192
sub-010065,ep00,50,1222,1,1172
sub-010065,ep00,100,1222,1,1122
sub-010065,ep00,150,1222,1,1072
sub-010065,ep00,200,1222,1,1022
sub-010065,ep01,3,1378,1,265
sub-010065,ep01,5,1378,1,547
sub-010065,ep01,7,1378,1,578
sub-010065,ep01,8,1378,1,1345
sub-010065,ep01,10,1378,1,1368
sub-010065,ep01,20,1378,1,1358
sub-010065,ep01,30,1378,1,1348
sub-010065,ep01,50,1378,1,1328
sub-010065,ep01,100,1378,1,1278
sub-010065,ep01,150,1378,1,1228
sub-010065,ep01,200,1378,1,1178
sub-010065,ep02,3,1256,1,290
sub-010065,ep02,5,1256,1,430
sub-010065,ep02,7,1256,1,1197
sub-010065,ep02,8,1256,1,1190
sub-010065,ep02,10,1256,1,1246
sub-010065,ep02,20,1256,1,1236
sub-010065,ep02,30,1256,1,1226
sub-010065,ep02,50,1256,1,1206
sub-010065,ep02,100,1256,1,1156
sub-010065,ep02,150,1256,1,1106
sub-010065,ep02,200,1256,1,1056
sub-010065,ep03,3,1216,1,151
sub-010065,ep03,5,1216,1,538
sub-010065,ep03,7,1216,1,720
sub-010065,ep03,8,1216,1,682
sub-010065,ep03,10,1216,1,642
sub-010065,ep03,20,1216,1,1196
sub-010065,ep03,30,1216,1,1185
sub-010065,ep03,50,1216,1,1166
sub-010065,ep03,100,1216,1,1116
sub-010065,ep03,150,1216,1,1066
sub-010065,ep03,200,1216,1,1016
sub-010065,ep04,3,1564,1,148
sub-010065,ep04,5,1564,1,1332
sub-010065,ep04,7,1564,1,1513
sub-010065,ep04,8,1564,1,1505
sub-010065,ep04,10,1564,1,1520
sub-010065,ep04,20,1564,1,1544
sub-010065,ep04,30,1564,1,1534
sub-010065,ep04,50,1564,1,1514
sub-010065,ep04,100,1564,1,1464
sub-010065,ep04,150,1564,1,1414
sub-010065,ep04,200,1564,1,1364
sub-010065,ep05,3,1607,1,79
sub-010065,ep05,5,1607,1,692
sub-010065,ep05,7,1607,1,1546
sub-010065,ep05,8,1607,1,1552
sub-010065,ep05,10,1607,1,1557
sub-010065,ep05,20,1607,1,1586
sub-010065,ep05,30,1607,1,1577
sub-010065,ep05,50,1607,1,1557
sub-010065,ep05,100,1607,1,1507
sub-010065,ep05,150,1607,1,1457
sub-010065,ep05,200,1607,1,1407
sub-010065,ep06,3,1078,1,354
sub-010065,ep06,5,1078,1,391
sub-010065,ep06,7,1078,1,1018
sub-010065,ep06,8,1078,1,1031
sub-010065,ep06,10,1078,1,1068
sub-010065,ep06,20,1078,1,1058
sub-010065,ep06,30,1078,1,1048
sub-010065,ep06,50,1078,1,1028
sub-010065,ep06,100,1078,1,978
sub-010065,ep06,150,1078,1,928
sub-010065,ep06,200,1078,1,878
sub-010066,ep00,3,1324,1,282
sub-010066,ep00,5,1324,1,652
sub-010066,ep00,7,1324,1,660
sub-010066,ep00,8,1324,1,1254
sub-010066,ep00,10,1324,1,1259
sub-010066,ep00,20,1324,1,1304
sub-010066,ep00,30,1324,1,1294
sub-010066,ep00,50,1324,1,1274
sub-010066,ep00,100,1324,1,1224
sub-010066,ep00,150,1324,1,1174
sub-010066,ep00,200,1324,1,1124
sub-010066,ep01,3,1369,1,79
sub-010066,ep01,5,1369,1,829
sub-010066,ep01,7,1369,1,1259
sub-010066,ep01,8,1369,1,1254
sub-010066,ep01,10,1369,1,1351
sub-010066,ep01,20,1369,1,1349
sub-010066,ep01,30,1369,1,1339
sub-010066,ep01,50,1369,1,1319
sub-010066,ep01,100,1369,1,1269
sub-010066,ep01,150,1369,1,1219
sub-010066,ep01,200,1369,1,1169
sub-010066,ep02,3,1372,1,207
sub-010066,ep02,5,1372,1,858
sub-010066,ep02,7,1372,1,1318
sub-010066,ep02,8,1372,1,1325
sub-010066,ep02,10,1372,1,1344
sub-010066,ep02,20,1372,1,1352
sub-010066,ep02,30,1372,1,1342
sub-010066,ep02,50,1372,1,1322
sub-010066,ep02,100,1372,1,1272
sub-010066,ep02,150,1372,1,1222
sub-010066,ep02,200,1372,1,1172
sub-010066,ep03,3,1455,1,81
sub-010066,ep03,5,1455,1,957
sub-010066,ep03,7,1455,1,962
sub-010066,ep03,8,1455,1,1445
sub-010066,ep03,10,1455,1,1445
sub-010066,ep03,20,1455,1,1435
sub-010066,ep03,30,1455,1,1425
sub-010066,ep03,50,1455,1,1405
sub-010066,ep03,100,1455,1,1355
sub-010066,ep03,150,1455,1,1305
sub-010066,ep03,200,1455,1,1255
sub-010066,ep04,3,1399,1,173
sub-010066,ep04,5,1399,1,879
sub-010066,ep04,7,1399,1,996
sub-010066,ep04,8,1399,1,1360
sub-010066,ep04,10,1399,1,1389
sub-010066,ep04,20,1399,1,1379
sub-010066,ep04,30,1399,1,1369
sub-010066,ep04,50,1399,1,1349
sub-010066,ep04,100,1399,1,1299
sub-010066,ep04,150,1399,1,1249
sub-010066,ep04,200,1399,1,1199
sub-010066,ep05,3,1366,1,117
sub-010066,ep05,5,1366,1,718
sub-010066,ep05,7,1366,1,728
sub-010066,ep05,8,1366,1,1285
sub-010066,ep05,10,1366,1,1354
sub-010066,ep05,20,1366,1,1346
sub-010066,ep05,30,1366,1,1336
sub-010066,ep05,50,1366,1,1315
sub-010066,ep05,100,1366,1,1266
sub-010066,ep05,150,1366,1,1216
sub-010066,ep05,200,1366,1,1166
sub-010066,ep06,3,1276,1,211
sub-010066,ep06,5,1276,1,906
sub-010066,ep06,7,1276,1,1269
sub-010066,ep06,8,1276,1,1268
sub-010066,ep06,10,1276,1,1266
sub-010066,ep06,20,1276,1,1256
sub-010066,ep06,30,1276,1,1246
sub-010066,ep06,50,1276,1,1226
sub-010066,ep06,100,1276,1,1176
sub-010066,ep06,150,1276,1,1126
sub-010066,ep06,200,1276,1,1076
sub-010067,ep00,3,1373,1,190
sub-010067,ep00,5,1373,1,292
sub-010067,ep00,7,1373,1,486
sub-010067,ep00,8,1373,1,509
sub-010067,ep00,10,1373,1,1361
sub-010067,ep00,20,1373,1,1353
sub-010067,ep00,30,1373,1,1343
sub-010067,ep00,50,1373,1,1323
sub-010067,ep00,100,1373,1,1273
sub-010067,ep00,150,1373,1,1223
sub-010067,ep00,200,1373,1,1173
sub-010067,ep01,3,1370,1,239
sub-010067,ep01,5,1370,1,1267
sub-010067,ep01,7,1370,1,1255
sub-010067,ep01,8,1370,1,1347
sub-010067,ep01,10,1370,1,1222
sub-010067,ep01,20,1370,1,1350
sub-010067,ep01,30,1370,1,1340
sub-010067,ep01,50,1370,1,1320
sub-010067,ep01,100,1370,1,1270
sub-010067,ep01,150,1370,1,1220
sub-010067,ep01,200,1370,1,1170
sub-010067,ep02,3,1393,1,233
sub-010067,ep02,5,1393,1,793
sub-010067,ep02,7,1393,1,1386
sub-010067,ep02,8,1393,1,1385
sub-010067,ep02,10,1393,1,1381
sub-010067,ep02,20,1393,1,1373
sub-010067,ep02,30,1393,1,1363
sub-010067,ep02,50,1393,1,1343
sub-010067,ep02,100,1393,1,1293
sub-010067,ep02,150,1393,1,1243
sub-010067,ep02,200,1393,1,1193
sub-010067,ep03,3,1493,1,305
sub-010067,ep03,5,1493,1,622
sub-010067,ep03,7,1493,1,1486
sub-010067,ep03,8,1493,1,1485
sub-010067,ep03,10,1493,1,1483
sub-010067,ep03,20,1493,1,1473
sub-010067,ep03,30,1493,1,1463
sub-010067,ep03,50,1493,1,1443
sub-010067,ep03,100,1493,1,1393
sub-010067,ep03,150,1493,1,1343
sub-010067,ep03,200,1493,1,1293
sub-010067,ep04,3,1794,1,443
sub-010067,ep04,5,1794,1,1006
sub-010067,ep04,7,1794,1,1737
sub-010067,ep04,8,1794,1,1745
sub-010067,ep04,10,1794,1,1782
sub-010067,ep04,20,1794,1,1774
sub-010067,ep04,30,1794,1,1763
sub-010067,ep04,50,1794,1,1744
sub-010067,ep04,100,1794,1,1694
sub-010067,ep04,150,1794,1,1644
sub-010067,ep04,200,1794,1,1594
sub-010067,ep05,3,1358,1,124
sub-010067,ep05,5,1358,1,601
sub-010067,ep05,7,1358,1,1305
sub-010067,ep05,8,1358,1,1350
sub-010067,ep05,10,1358,1,1348
sub-010067,ep05,20,1358,1,1338
sub-010067,ep05,30,1358,1,1328
sub-010067,ep05,50,1358,1,1308
sub-010067,ep05,100,1358,1,1258
sub-010067,ep05,150,1358,1,1208
sub-010067,ep05,200,1358,1,1158
sub-010067,ep06,3,1202,1,307
sub-010067,ep06,5,1202,1,735
sub-010067,ep06,7,1202,1,1194
sub-010067,ep06,8,1202,1,1194
sub-010067,ep06,10,1202,1,1192
sub-010067,ep06,20,1202,1,1182
sub-010067,ep06,30,1202,1,1172
sub-010067,ep06,50,1202,1,1152
sub-010067,ep06,100,1202,1,1102
sub-010067,ep06,150,1202,1,1052
sub-010067,ep06,200,1202,1,1002
sub-010068,ep00,3,1424,1,229
sub-010068,ep00,5,1424,1,574
sub-010068,ep00,7,1424,1,526
sub-010068,ep00,8,1424,1,530
sub-010068,ep00,10,1424,1,1413
sub-010068,ep00,20,1424,1,1404
sub-010068,ep00,30,1424,1,1394
sub-010068,ep00,50,1424,1,1374
sub-010068,ep00,100,1424,1,1324
sub-010068,ep00,150,1424,1,1274
sub-010068,ep00,200,1424,1,1224
sub-010068,ep01,3,1391,1,165
sub-010068,ep01,5,1391,1,1386
sub-010068,ep01,7,1391,1,1337
sub-010068,ep01,8,1391,1,1383
sub-010068,ep01,10,1391,1,1381
sub-010068,ep01,20,1391,1,1371
sub-010068,ep01,30,1391,1,1361
sub-010068,ep01,50,1391,1,1341
sub-010068,ep01,100,1391,1,1291
sub-010068,ep01,150,1391,1,1241
sub-010068,ep01,200,1391,1,1191
sub-010068,ep02,3,1430,1,258
sub-010068,ep02,5,1430,2,313
sub-010068,ep02,7,1430,2,283
sub-010068,ep02,8,1430,1,1422
sub-010068,ep02,10,1430,1,1420
sub-010068,ep02,20,1430,1,1410
sub-010068,ep02,30,1430,1,1400
sub-010068,ep02,50,1430,1,1380
sub-010068,ep02,100,1430,1,1330
sub-010068,ep02,150,1430,1,1280
sub-010068,ep02,200,1430,1,1230
sub-010068,ep03,3,2087,1,306
sub-010068,ep03,5,2087,1,572
sub-010068,ep03,7,2087,1,2079
sub-010068,ep03,8,2087,1,2079
sub-010068,ep03,10,2087,1,2077
sub-010068,ep03,20,2087,1,2066
sub-010068,ep03,30,2087,1,2057
sub-010068,ep03,50,2087,1,2037
sub-010068,ep03,100,2087,1,1987
sub-010068,ep03,150,2087,1,1937
sub-010068,ep03,200,2087,1,1887
sub-010068,ep04,3,1449,1,173
sub-010068,ep04,5,1449,2,293
sub-010068,ep04,7,1449,1,1442
sub-010068,ep04,8,1449,1,1441
sub-010068,ep04,10,1449,1,1439
sub-010068,ep04,20,1449,1,1429
sub-010068,ep04,30,1449,1,1419
sub-010068,ep04,50,1449,1,1399
sub-010068,ep04,100,1449,1,1349
sub-010068,ep04,150,1449,1,1299
sub-010068,ep04,200,1449,1,1249
sub-010068,ep05,3,1500,1,218
sub-010068,ep05,5,1500,1,629
sub-010068,ep05,7,1500,1,1492
sub-010068,ep05,8,1500,1,1492
sub-010068,ep05,10,1500,1,1490
sub-010068,ep05,20,1500,1,1480
sub-010068,ep05,30,1500,1,1470
sub-010068,ep05,50,1500,1,1450
sub-010068,ep05,100,1500,1,1400
sub-010068,ep05,150,1500,1,1350
sub-010068,ep05,200,1500,1,1300
sub-010068,ep06,3,1343,1,161
sub-010068,ep06,5,1343,1,557
sub-010068,ep06,7,1343,1,676
sub-010068,ep06,8,1343,1,1334
sub-010068,ep06,10,1343,1,1333
sub-010068,ep06,20,1343,1,1323
sub-010068,ep06,30,1343,1,1313
sub-010068,ep06,50,1343,1,1293
sub-010068,ep06,100,1343,1,1243
sub-010068,ep06,150,1343,1,1193
sub-010068,ep06,200,1343,1,1143
sub-010069,ep00,3,1171,1,146
sub-010069,ep00,5,1171,1,517
sub-010069,ep00,7,1171,1,718
sub-010069,ep00,8,1171,1,686
sub-010069,ep00,10,1171,1,1158
sub-010069,ep00,20,1171,1,1151
sub-010069,ep00,30,1171,1,1141
sub-010069,ep00,50,1171,1,1121
sub-010069,ep00,100,1171,1,1071
sub-010069,ep00,150,1171,1,1021
sub-010069,ep00,200,1171,1,971
sub-010069,ep01,3,1120,1,171
sub-010069,ep01,5,1120,1,541
sub-010069,ep01,7,1120,1,1083
sub-010069,ep01,8,1120,1,1085
sub-010069,ep01,10,1120,1,1110
sub-010069,ep01,20,1120,1,1098
sub-010069,ep01,30,1120,1,1090
sub-010069,ep01,50,1120,1,1070
sub-010069,ep01,100,1120,1,1020
sub-010069,ep01,150,1120,1,970
sub-010069,ep01,200,1120,1,920
sub-010069,ep02,3,1135,1,218
sub-010069,ep02,5,1135,1,689
sub-010069,ep02,7,1135,1,672
sub-010069,ep02,8,1135,1,710
sub-010069,ep02,10,1135,1,1121
sub-010069,ep02,20,1135,1,1114
sub-010069,ep02,30,1135,1,1105
sub-010069,ep02,50,1135,1,1085
sub-010069,ep02,100,1135,1,1035
sub-010069,ep02,150,1135,1,985
sub-010069,ep02,200,1135,1,935
sub-010069,ep03,3,1334,1,130
sub-010069,ep03,5,1334,1,713
sub-010069,ep03,7,1334,1,1326
sub-010069,ep03,8,1334,1,1326
sub-010069,ep03,10,1334,1,1324
sub-010069,ep03,20,1334,1,1314
sub-010069,ep03,30,1334,1,1304
sub-010069,ep03,50,1334,1,1284
sub-010069,ep03,100,1334,1,1234
sub-010069,ep03,150,1334,1,1184
sub-010069,ep03,200,1334,1,1134
sub-010069,ep04,3,1420,1,111
sub-010069,ep04,5,1420,1,723
sub-010069,ep04,7,1420,1,759
sub-010069,ep04,8,1420,1,755
sub-010069,ep04,10,1420,1,1410
sub-010069,ep04,20,1420,1,1400
sub-010069,ep04,30,1420,1,1390
sub-010069,ep04,50,1420,1,1370
sub-010069,ep04,100,1420,1,1320
sub-010069,ep04,150,1420,1,1270
sub-010069,ep04,200,1420,1,1220
sub-010069,ep05,3,1226,1,45
sub-010069,ep05,5,1226,1,541
sub-010069,ep05,7,1226,1,1202
sub-010069,ep05,8,1226,1,1218
sub-010069,ep05,10,1226,1,1216
sub-010069,ep05,20,1226,1,1206
sub-010069,ep05,30,1226,1,1196
sub-010069,ep05,50,1226,1,1176
sub-010069,ep05,100,1226,1,1126
sub-010069,ep05,150,1226,1,1076
sub-010069,ep05,200,1226,1,1026
sub-010069,ep06,3,1042,1,256
sub-010069,ep06,5,1042,1,493
sub-010069,ep06,7,1042,1,580
sub-010069,ep06,8,1042,1,525
sub-010069,ep06,10,1042,1,1032
sub-010069,ep06,20,1042,1,1022
sub-010069,ep06,30,1042,1,1012
sub-010069,ep06,50,1042,1,992
sub-010069,ep06,100,1042,1,942
sub-010069,ep06,150,1042,1,892
sub-010069,ep06,200,1042,1,842
sub-010070,ep00,3,1277,1,115
sub-010070,ep00,5,1277,1,877
sub-010070,ep00,7,1277,1,1270
sub-010070,ep00,8,1277,1,1269
sub-010070,ep00,10,1277,1,1267
sub-010070,ep00,20,1277,1,1257
sub-010070,ep00,30,1277,1,1247
sub-010070,ep00,50,1277,1,1227
sub-010070,ep00,100,1277,1,1177
sub-010070,ep00,150,1277,1,1127
sub-010070,ep00,200,1277,1,1077
sub-010070,ep01,3,2201,1,688
sub-010070,ep01,5,2201,1,1112
sub-010070,ep01,7,2201,1,2121
sub-010070,ep01,8,2201,1,2193
sub-010070,ep01,10,2201,1,2191
sub-010070,ep01,20,2201,1,2181
sub-010070,ep01,30,2201,1,2171
sub-010070,ep01,50,2201,1,2151
sub-010070,ep01,100,2201,1,2101
sub-010070,ep01,150,2201,1,2051
sub-010070,ep01,200,2201,1,2001
sub-010070,ep02,3,1265,1,154
sub-010070,ep02,5,1265,1,665
sub-010070,ep02,7,1265,1,1258
sub-010070,ep02,8,1265,1,1257
sub-010070,ep02,10,1265,1,1255
sub-010070,ep02,20,1265,1,1245
sub-010070,ep02,30,1265,1,1235
sub-010070,ep02,50,1265,1,1215
sub-010070,ep02,100,1265,1,1165
sub-010070,ep02,150,1265,1,1115
sub-010070,ep02,200,1265,1,1065
sub-010070,ep03,3,1270,1,232
sub-010070,ep03,5,1270,1,674
sub-010070,ep03,7,1270,1,1263
sub-010070,ep03,8,1270,1,1262
sub-010070,ep03,10,1270,1,1259
sub-010070,ep03,20,1270,1,1250
sub-010070,ep03,30,1270,1,1240
sub-010070,ep03,50,1270,1,1220
sub-010070,ep03,100,1270,1,1170
sub-010070,ep03,150,1270,1,1120
sub-010070,ep03,200,1270,1,1070
sub-010070,ep04,3,1386,1,393
sub-010070,ep04,5,1386,1,866
sub-010070,ep04,7,1386,1,1379
sub-010070,ep04,8,1386,1,1076
sub-010070,ep04,10,1386,1,1376
sub-010070,ep04,20,1386,1,1366
sub-010070,ep04,30,1386,1,1356
sub-010070,ep04,50,1386,1,1336
sub-010070,ep04,100,1386,1,1286
sub-010070,ep04,150,1386,1,1236
sub-010070,ep04,200,1386,1,1186
sub-010070,ep05,3,1243,1,453
sub-010070,ep05,5,1243,1,663
sub-010070,ep05,7,1243,1,710
sub-010070,ep05,8,1243,1,713
sub-010070,ep05,10,1243,1,1233
sub-010070,ep05,20,1243,1,1223
sub-010070,ep05,30,1243,1,1213
sub-010070,ep05,50,1243,1,1193
sub-010070,ep05,100,1243,1,1143
sub-010070,ep05,150,1243,1,1093
sub-010070,ep05,200,1243,1,1043
sub-010070,ep06,3,1169,1,62
sub-010070,ep06,5,1169,1,698
sub-010070,ep06,7,1169,1,1162
sub-010070,ep06,8,1169,1,1161
sub-010070,ep06,10,1169,1,1159
sub-010070,ep06,20,1169,1,1149
sub-010070,ep06,30,1169,1,1139
sub-010070,ep06,50,1169,1,1119
sub-010070,ep06,100,1169,1,1069
sub-010070,ep06,150,1169,1,1019
sub-010070,ep06,200,1169,1,969
sub-010071,ep00,3,1206,1,49
sub-010071,ep00,5,1206,1,689
sub-010071,ep00,7,1206,1,874
sub-010071,ep00,8,1206,1,878
sub-010071,ep00,10,1206,1,1196
sub-010071,ep00,20,1206,1,1186
sub-010071,ep00,30,1206,1,1176
sub-010071,ep00,50,1206,1,1156
sub-010071,ep00,100,1206,1,1106
sub-010071,ep00,150,1206,1,1056
sub-010071,ep00,200,1206,1,1006
sub-010071,ep01,3,1206,1,78
sub-010071,ep01,5,1206,1,286
sub-010071,ep01,7,1206,1,919
sub-010071,ep01,8,1206,1,915
sub-010071,ep01,10,1206,1,1196
sub-010071,ep01,20,1206,1,1186
sub-010071,ep01,30,1206,1,1176
sub-010071,ep01,50,1206,1,1156
sub-010071,ep01,100,1206,1,1106
sub-010071,ep01,150,1206,1,1056
sub-010071,ep01,200,1206,1,1006
sub-010071,ep02,3,1209,1,173
sub-010071,ep02,5,1209,1,504
sub-010071,ep02,7,1209,1,1202
sub-010071,ep02,8,1209,1,1200
sub-010071,ep02,10,1209,1,1199
sub-010071,ep02,20,1209,1,1189
sub-010071,ep02,30,1209,1,1179
sub-010071,ep02,50,1209,1,1159
sub-010071,ep02,100,1209,1,1109
sub-010071,ep02,150,1209,1,1059
sub-010071,ep02,200,1209,1,1009
sub-010071,ep03,3,1221,1,98
sub-010071,ep03,5,1221,1,804
sub-010071,ep03,7,1221,1,998
sub-010071,ep03,8,1221,1,1167
sub-010071,ep03,10,1221,1,1211
sub-010071,ep03,20,1221,1,1201
sub-010071,ep03,30,1221,1,1191
sub-010071,ep03,50,1221,1,1171
sub-010071,ep03,100,1221,1,1121
sub-010071,ep03,150,1221,1,1071
sub-010071,ep03,200,1221,1,1021
sub-010071,ep04,3,1327,1,362
sub-010071,ep04,5,1327,1,540
sub-010071,ep04,7,1327,1,1320
sub-010071,ep04,8,1327,1,1319
sub-010071,ep04,10,1327,1,1314
sub-010071,ep04,20,1327,1,1307
sub-010071,ep04,30,1327,1,1297
sub-010071,ep04,50,1327,1,1277
sub-010071,ep04,100,1327,1,1227
sub-010071,ep04,150,1327,1,1177
sub-010071,ep04,200,1327,1,1127
sub-010071,ep05,3,2191,1,261
sub-010071,ep05,5,2191,1,596
sub-010071,ep05,7,2191,1,1126
sub-010071,ep05,8,2191,1,1158
sub-010071,ep05,10,2191,1,1221
sub-010071,ep05,20,2191,1,2171
sub-010071,ep05,30,2191,1,2161
sub-010071,ep05,50,2191,1,2141
sub-010071,ep05,100,2191,1,2091
sub-010071,ep05,150,2191,1,2041
sub-010071,ep05,200,2191,1,1991
sub-010071,ep06,3,1154,1,164
sub-010071,ep06,5,1154,1,510
sub-010071,ep06,7,1154,1,626
sub-010071,ep06,8,1154,1,881
sub-010071,ep06,10,1154,1,1144
sub-010071,ep06,20,1154,1,1134
sub-010071,ep06,30,1154,1,1124
sub-010071,ep06,50,1154,1,1104
sub-010071,ep06,100,1154,1,1054
sub-010071,ep06,150,1154,1,1004
sub-010071,ep06,200,1154,1,954
sub-010072,ep00,3,1356,1,79
sub-010072,ep00,5,1356,3,483
sub-010072,ep00,7,1356,1,1349
sub-010072,ep00,8,1356,1,1348
sub-010072,ep00,10,1356,1,1346
sub-010072,ep00,20,1356,1,1336
sub-010072,ep00,30,1356,1,1326
sub-010072,ep00,50,1356,1,1306
sub-010072,ep00,100,1356,1,1256
sub-010072,ep00,150,1356,1,1206
sub-010072,ep00,200,1356,1,1156
sub-010072,ep01,3,1331,1,142
sub-010072,ep01,5,1331,1,468
sub-010072,ep01,7,1331,1,1324
sub-010072,ep01,8,1331,1,1323
sub-010072,ep01,10,1331,1,1321
sub-010072,ep01,20,1331,1,1311
sub-010072,ep01,30,1331,1,1301
sub-010072,ep01,50,1331,1,1281
sub-010072,ep01,100,1331,1,1231
sub-010072,ep01,150,1331,1,1181
sub-010072,ep01,200,1331,1,1131
sub-010072,ep02,3,1366,1,191
sub-010072,ep02,5,1366,1,418
sub-010072,ep02,7,1366,1,1359
sub-010072,ep02,8,1366,1,1358
sub-010072,ep02,10,1366,1,1356
sub-010072,ep02,20,1366,1,1346
sub-010072,ep02,30,1366,1,1336
sub-010072,ep02,50,1366,1,1316
sub-010072,ep02,100,1366,1,1266
sub-010072,ep02,150,1366,1,1216
sub-010072,ep02,200,1366,1,1166
sub-010072,ep03,3,1575,1,105
sub-010072,ep03,5,1575,1,917
sub-010072,ep03,7,1575,1,1559
sub-010072,ep03,8,1575,1,1566
sub-010072,ep03,10,1575,1,1565
sub-010072,ep03,20,1575,1,1555
sub-010072,ep03,30,1575,1,1545
sub-010072,ep03,50,1575,1,1525
sub-010072,ep03,100,1575,1,1475
sub-010072,ep03,150,1575,1,1425
sub-010072,ep03,200,1575,1,1375
sub-010072,ep04,3,1393,1,83
sub-010072,ep04,5,1393,1,523
sub-010072,ep04,7,1393,1,1386
sub-010072,ep04,8,1393,1,1385
sub-010072,ep04,10,1393,1,1383
sub-010072,ep04,20,1393,1,1373
sub-010072,ep04,30,1393,1,1363
sub-010072,ep04,50,1393,1,1343
sub-010072,ep04,100,1393,1,1293
sub-010072,ep04,150,1393,1,1243
sub-010072,ep04,200,1393,1,1193
sub-010072,ep05,3,1370,1,87
sub-010072,ep05,5,1370,1,500
sub-010072,ep05,7,1370,1,794
sub-010072,ep05,8,1370,1,1361
sub-010072,ep05,10,1370,1,1360
sub-010072,ep05,20,1370,1,1350
sub-010072,ep05,30,1370,1,1340
sub-010072,ep05,50,1370,1,1320
sub-010072,ep05,100,1370,1,1270
sub-010072,ep05,150,1370,1,1220
sub-010072,ep05,200,1370,1,1170
sub-010072,ep06,3,1173,1,168
sub-010072,ep06,5,1173,1,392
sub-010072,ep06,7,1173,1,1166
sub-010072,ep06,8,1173,1,1165
sub-010072,ep06,10,1173,1,1162
sub-010072,ep06,20,1173,1,1153
sub-010072,ep06,30,1173,1,1143
sub-010072,ep06,50,1173,1,1123
sub-010072,ep06,100,1173,1,1073
sub-010072,ep06,150,1173,1,1023
sub-010072,ep06,200,1173,1,973
sub-010073,ep00,3,1387,1,146
sub-010073,ep00,5,1387,1,612
sub-010073,ep00,7,1387,1,708
sub-010073,ep00,8,1387,1,1379
sub-010073,ep00,10,1387,1,1377
sub-010073,ep00,20,1387,1,1367
sub-010073,ep00,30,1387,1,1357
sub-010073,ep00,50,1387,1,1337
sub-010073,ep00,100,1387,1,1287
sub-010073,ep00,150,1387,1,1237
sub-010073,ep00,200,1387,1,1187
sub-010073,ep01,3,1353,1,211
sub-010073,ep01,5,1353,1,986
sub-010073,ep01,7,1353,1,1307
sub-010073,ep01,8,1353,1,1310
sub-010073,ep01,10,1353,1,1317
sub-010073,ep01,20,1353,1,1330
sub-010073,ep01,30,1353,1,1323
sub-010073,ep01,50,1353,1,1303
sub-010073,ep01,100,1353,1,1253
sub-010073,ep01,150,1353,1,1203
sub-010073,ep01,200,1353,1,1153
sub-010073,ep02,3,1351,1,501
sub-010073,ep02,5,1351,1,588
sub-010073,ep02,7,1351,1,933
sub-010073,ep02,8,1351,1,1343
sub-010073,ep02,10,1351,1,1341
sub-010073,ep02,20,1351,1,1331
sub-010073,ep02,30,1351,1,1321
sub-010073,ep02,50,1351,1,1301
sub-010073,ep02,100,1351,1,1251
sub-010073,ep02,150,1351,1,1201
sub-010073,ep02,200,1351,1,1151
sub-010073,ep03,3,1497,1,546
sub-010073,ep03,5,1497,1,816
sub-010073,ep03,7,1497,1,1322
sub-010073,ep03,8,1497,1,1486
sub-010073,ep03,10,1497,1,1487
sub-010073,ep03,20,1497,1,1477
sub-010073,ep03,30,1497,1,1467
sub-010073,ep03,50,1497,1,1447
sub-010073,ep03,100,1497,1,1397
sub-010073,ep03,150,1497,1,1346
sub-010073,ep03,200,1497,1,1297
sub-010073,ep04,3,1372,1,128
sub-010073,ep04,5,1372,1,825
sub-010073,ep04,7,1372,1,1003
sub-010073,ep04,8,1372,1,1317
sub-010073,ep04,10,1372,1,1362
sub-010073,ep04,20,1372,1,1352
sub-010073,ep04,30,1372,1,1342
sub-010073,ep04,50,1372,1,1322
sub-010073,ep04,100,1372,1,1272
sub-010073,ep04,150,1372,1,1222
sub-010073,ep04,200,1372,1,1172
sub-010073,ep05,3,1418,1,134
sub-010073,ep05,5,1418,1,1037
sub-010073,ep05,7,1418,1,1273
sub-010073,ep05,8,1418,1,1410
sub-010073,ep05,10,1418,1,1408
sub-010073,ep05,20,1418,1,1398
sub-010073,ep05,30,1418,1,1388
sub-010073,ep05,50,1418,1,1368
sub-010073,ep05,100,1418,1,1318
sub-010073,ep05,150,1418,1,1268
sub-010073,ep05,200,1418,1,1218
sub-010073,ep06,3,1299,1,190
sub-010073,ep06,5,1299,1,1006
sub-010073,ep06,7,1299,1,1076
sub-010073,ep06,8,1299,1,1088
sub-010073,ep06,10,1299,1,1289
sub-010073,ep06,20,1299,1,1279
sub-010073,ep06,30,1299,1,1269
sub-010073,ep06,50,1299,1,1249
sub-010073,ep06,100,1299,1,1199
sub-010073,ep06,150,1299,1,1149
sub-010073,ep06,200,1299,1,1099
sub-010074,ep00,3,2231,1,303
sub-010074,ep00,5,2231,1,680
sub-010074,ep00,7,2231,1,2170
sub-010074,ep00,8,2231,1,2223
sub-010074,ep00,10,2231,1,2220
sub-010074,ep00,20,2231,1,2211
sub-010074,ep00,30,2231,1,2201
sub-010074,ep00,50,2231,1,2181
sub-010074,ep00,100,2231,1,2131
sub-010074,ep00,150,2231,1,2081
sub-010074,ep00,200,2231,1,2031
sub-010074,ep01,3,1530,1,344
sub-010074,ep01,5,1530,1,485
sub-010074,ep01,7,1530,1,1498
sub-010074,ep01,8,1530,1,1499
sub-010074,ep01,10,1530,1,1496
sub-010074,ep01,20,1530,1,1510
sub-010074,ep01,30,1530,1,1500
sub-010074,ep01,50,1530,1,1480
sub-010074,ep01,100,1530,1,1430
sub-010074,ep01,150,1530,1,1380
sub-010074,ep01,200,1530,1,1330
sub-010074,ep02,3,1348,1,378
sub-010074,ep02,5,1348,1,511
sub-010074,ep02,7,1348,1,714
sub-010074,ep02,8,1348,1,735
sub-010074,ep02,10,1348,1,727
sub-010074,ep02,20,1348,1,1328
sub-010074,ep02,30,1348,1,1318
sub-010074,ep02,50,1348,1,1298
sub-010074,ep02,100,1348,1,1248
sub-010074,ep02,150,1348,1,1198
sub-010074,ep02,200,1348,1,1148
sub-010074,ep03,3,1359,1,327
sub-010074,ep03,5,1359,1,522
sub-010074,ep03,7,1359,1,1320
sub-010074,ep03,8,1359,1,1336
sub-010074,ep03,10,1359,1,1342
sub-010074,ep03,20,1359,1,1338
sub-010074,ep03,30,1359,1,1329
sub-010074,ep03,50,1359,1,1309
sub-010074,ep03,100,1359,1,1259
sub-010074,ep03,150,1359,1,1209
sub-010074,ep03,200,1359,1,1159
sub-010074,ep04,3,1355,1,196
sub-010074,ep04,5,1355,1,417
sub-010074,ep04,7,1355,1,1310
sub-010074,ep04,8,1355,1,1347
sub-010074,ep04,10,1355,1,1345
sub-010074,ep04,20,1355,1,1335
sub-010074,ep04,30,1355,1,1325
sub-010074,ep04,50,1355,1,1305
sub-010074,ep04,100,1355,1,1255
sub-010074,ep04,150,1355,1,1205
sub-010074,ep04,200,1355,1,1155
sub-010074,ep05,3,1501,1,190
sub-010074,ep05,5,1501,1,637
sub-010074,ep05,7,1501,1,1399
sub-010074,ep05,8,1501,1,842
sub-010074,ep05,10,1501,1,790
sub-010074,ep05,20,1501,1,1481
sub-010074,ep05,30,1501,1,1470
sub-010074,ep05,50,1501,1,1451
sub-010074,ep05,100,1501,1,1401
sub-010074,ep05,150,1501,1,1351
sub-010074,ep05,200,1501,1,1301
sub-010074,ep06,3,1242,1,296
sub-010074,ep06,5,1242,1,513
sub-010074,ep06,7,1242,1,1192
sub-010074,ep06,8,1242,1,1205
sub-010074,ep06,10,1242,1,1232
sub-010074,ep06,20,1242,1,1222
sub-010074,ep06,30,1242,1,1212
sub-010074,ep06,50,1242,1,1192
sub-010074,ep06,100,1242,1,1142
sub-010074,ep06,150,1242,1,1092
sub-010074,ep06,200,1242,1,1042
sub-010075,ep00,3,1337,1,60
sub-010075,ep00,5,1337,2,258
sub-010075,ep00,7,1337,1,1310
sub-010075,ep00,8,1337,1,1329
sub-010075,ep00,10,1337,1,1327
sub-010075,ep00,20,1337,1,1317
sub-010075,ep00,30,1337,1,1307
sub-010075,ep00,50,1337,1,1287
sub-010075,ep00,100,1337,1,1237
sub-010075,ep00,150,1337,1,1187
sub-010075,ep00,200,1337,1,1137
sub-010075,ep01,3,1320,1,187
sub-010075,ep01,5,1320,4,571
sub-010075,ep01,7,1320,1,1313
sub-010075,ep01,8,1320,1,1299
sub-010075,ep01,10,1320,1,1286
sub-010075,ep01,20,1320,1,1300
sub-010075,ep01,30,1320,1,1290
sub-010075,ep01,50,1320,1,1270
sub-010075,ep01,100,1320,1,1220
sub-010075,ep01,150,1320,1,1170
sub-010075,ep01,200,1320,1,1120
sub-010075,ep02,3,1331,1,164
sub-010075,ep02,5,1331,1,356
sub-010075,ep02,7,1331,1,1311
sub-010075,ep02,8,1331,1,1323
sub-010075,ep02,10,1331,1,1317
sub-010075,ep02,20,1331,1,1311
sub-010075,ep02,30,1331,1,1301
sub-010075,ep02,50,1331,1,1281
sub-010075,ep02,100,1331,1,1231
sub-010075,ep02,150,1331,1,1181
sub-010075,ep02,200,1331,1,1131
sub-010075,ep03,3,1330,1,154
sub-010075,ep03,5,1330,1,506
sub-010075,ep03,7,1330,1,1323
sub-010075,ep03,8,1330,1,1322
sub-010075,ep03,10,1330,1,1320
sub-010075,ep03,20,1330,1,1310
sub-010075,ep03,30,1330,1,1300
sub-010075,ep03,50,1330,1,1280
sub-010075,ep03,100,1330,1,1230
sub-010075,ep03,150,1330,1,1180
sub-010075,ep03,200,1330,1,1130
sub-010075,ep04,3,1301,1,160
sub-010075,ep04,5,1301,1,549
sub-010075,ep04,7,1301,1,1294
sub-010075,ep04,8,1301,1,1293
sub-010075,ep04,10,1301,1,1291
sub-010075,ep04,20,1301,1,1281
sub-010075,ep04,30,1301,1,1271
sub-010075,ep04,50,1301,1,1251
sub-010075,ep04,100,1301,1,1201
sub-010075,ep04,150,1301,1,1151
sub-010075,ep04,200,1301,1,1101
sub-010075,ep05,3,1316,1,301
sub-010075,ep05,5,1316,6,647
sub-010075,ep05,7,1316,1,1309
sub-010075,ep05,8,1316,1,1308
sub-010075,ep05,10,1316,1,1306
sub-010075,ep05,20,1316,1,1295
sub-010075,ep05,30,1316,1,1286
sub-010075,ep05,50,1316,1,1266
sub-010075,ep05,100,1316,1,1216
sub-010075,ep05,150,1316,1,1166
sub-010075,ep05,200,1316,1,1116
sub-010075,ep06,3,1190,1,167
sub-010075,ep06,5,1190,1,619
sub-010075,ep06,7,1190,1,1182
sub-010075,ep06,8,1190,1,1182
sub-010075,ep06,10,1190,1,1180
sub-010075,ep06,20,1190,1,1170
sub-010075,ep06,30,1190,1,1160
sub-010075,ep06,50,1190,1,1140
sub-010075,ep06,100,1190,1,1090
sub-010075,ep06,150,1190,1,1040
sub-010075,ep06,200,1190,1,990
sub-010076,ep00,3,1776,1,250
sub-010076,ep00,5,1776,1,1200
sub-010076,ep00,7,1776,1,1137
sub-010076,ep00,8,1776,1,1590
sub-010076,ep00,10,1776,1,1595
sub-010076,ep00,20,1776,1,1672
sub-010076,ep00,30,1776,1,1746
sub-010076,ep00,50,1776,1,1726
sub-010076,ep00,100,1776,1,1676
sub-010076,ep00,150,1776,1,1626
sub-010076,ep00,200,1776,1,1576
sub-010076,ep01,3,1468,1,392
sub-010076,ep01,5,1468,1,696
sub-010076,ep01,7,1468,1,1381
sub-010076,ep01,8,1468,1,1253
sub-010076,ep01,10,1468,1,1266
sub-010076,ep01,20,1468,1,1448
sub-010076,ep01,30,1468,1,1438
sub-010076,ep01,50,1468,1,1418
sub-010076,ep01,100,1468,1,1368
sub-010076,ep01,150,1468,1,1318
sub-010076,ep01,200,1468,1,1268
sub-010076,ep02,3,1393,1,384
sub-010076,ep02,5,1393,1,781
sub-010076,ep02,7,1393,1,1167
sub-010076,ep02,8,1393,1,1259
sub-010076,ep02,10,1393,1,1272
sub-010076,ep02,20,1393,1,1323
sub-010076,ep02,30,1393,1,1325
sub-010076,ep02,50,1393,1,1337
sub-010076,ep02,100,1393,1,1293
sub-010076,ep02,150,1393,1,1243
sub-010076,ep02,200,1393,1,1193
sub-010076,ep03,3,1450,1,67
sub-010076,ep03,5,1450,1,1180
sub-010076,ep03,7,1450,1,1196
sub-010076,ep03,8,1450,1,1251
sub-010076,ep03,10,1450,1,1258
sub-010076,ep03,20,1450,1,1430
sub-010076,ep03,30,1450,1,1420
sub-010076,ep03,50,1450,1,1400
sub-010076,ep03,100,1450,1,1350
sub-010076,ep03,150,1450,1,1300
sub-010076,ep03,200,1450,1,1250
sub-010076,ep04,3,1436,1,509
sub-010076,ep04,5,1436,1,936
sub-010076,ep04,7,1436,1,1071
sub-010076,ep04,8,1436,1,1256
sub-010076,ep04,10,1436,1,1312
sub-010076,ep04,20,1436,1,1416
sub-010076,ep04,30,1436,1,1406
sub-010076,ep04,50,1436,1,1386
sub-010076,ep04,100,1436,1,1336
sub-010076,ep04,150,1436,1,1286
sub-010076,ep04,200,1436,1,1236
sub-010076,ep05,3,1643,1,159
sub-010076,ep05,5,1643,1,1073
sub-010076,ep05,7,1643,1,1176
sub-010076,ep05,8,1643,1,1180
sub-010076,ep05,10,1643,1,1486
sub-010076,ep05,20,1643,1,1517
sub-010076,ep05,30,1643,1,1613
sub-010076,ep05,50,1643,1,1587
sub-010076,ep05,100,1643,1,1543
sub-010076,ep05,150,1643,1,1493
sub-010076,ep05,200,1643,1,1442
sub-010076,ep06,3,1276,1,418
sub-010076,ep06,5,1276,1,757
sub-010076,ep06,7,1276,1,858
sub-010076,ep06,8,1276,1,734
sub-010076,ep06,10,1276,1,1082
sub-010076,ep06,20,1276,1,1256
sub-010076,ep06,30,1276,1,1246
sub-010076,ep06,50,1276,1,1226
sub-010076,ep06,100,1276,1,1176
sub-010076,ep06,150,1276,1,1126
sub-010076,ep06,200,1276,1,1076
sub-010079,ep00,3,1522,1,410
sub-010079,ep00,5,1522,1,1030
sub-010079,ep00,7,1522,1,1345
sub-010079,ep00,8,1522,1,1514
sub-010079,ep00,10,1522,1,1512
sub-010079,ep00,20,1522,1,1502
sub-010079,ep00,30,1522,1,1492
sub-010079,ep00,50,1522,1,1472
sub-010079,ep00,100,1522,1,1422
sub-010079,ep00,150,1522,1,1372
sub-010079,ep00,200,1522,1,1322
sub-010079,ep01,3,1530,2,27
sub-010079,ep01,5,1530,1,971
sub-010079,ep01,7,1530,1,1168
sub-010079,ep01,8,1530,1,1134
sub-010079,ep01,10,1530,1,1348
sub-010079,ep01,20,1530,1,1510
sub-010079,ep01,30,1530,1,1500
sub-010079,ep01,50,1530,1,1480
sub-010079,ep01,100,1530,1,1430
sub-010079,ep01,150,1530,1,1380
sub-010079,ep01,200,1530,1,1330
sub-010079,ep02,3,1517,1,389
sub-010079,ep02,5,1517,1,971
sub-010079,ep02,7,1517,1,1235
sub-010079,ep02,8,1517,1,1160
sub-010079,ep02,10,1517,1,1507
sub-010079,ep02,20,1517,1,1494
sub-010079,ep02,30,1517,1,1487
sub-010079,ep02,50,1517,1,1467
sub-010079,ep02,100,1517,1,1417
sub-010079,ep02,150,1517,1,1367
sub-010079,ep02,200,1517,1,1317
sub-010079,ep03,3,1522,1,537
sub-010079,ep03,5,1522,1,1008
sub-010079,ep03,7,1522,1,1008
sub-010079,ep03,8,1522,1,1240
sub-010079,ep03,10,1522,1,1462
sub-010079,ep03,20,1522,1,1502
sub-010079,ep03,30,1522,1,1492
sub-010079,ep03,50,1522,1,1472
sub-010079,ep03,100,1522,1,1422
sub-010079,ep03,150,1522,1,1372
sub-010079,ep03,200,1522,1,1322
sub-010079,ep04,3,1530,1,236
sub-010079,ep04,5,1530,1,925
sub-010079,ep04,7,1530,1,1303
sub-010079,ep04,8,1530,1,1418
sub-010079,ep04,10,1530,1,1520
sub-010079,ep04,20,1530,1,1510
sub-010079,ep04,30,1530,1,1500
sub-010079,ep04,50,1530,1,1480
sub-010079,ep04,100,1530,1,1430
sub-010079,ep04,150,1530,1,1380
sub-010079,ep04,200,1530,1,1330
sub-010079,ep05,3,1544,1,366
sub-010079,ep05,5,1544,1,734
sub-010079,ep05,7,1544,1,1131
sub-010079,ep05,8,1544,1,1148
sub-010079,ep05,10,1544,1,1534
sub-010079,ep05,20,1544,1,1524
sub-010079,ep05,30,1544,1,1514
sub-010079,ep05,50,1544,1,1494
sub-010079,ep05,100,1544,1,1444
sub-010079,ep05,150,1544,1,1394
sub-010079,ep05,200,1544,1,1344
sub-010079,ep06,3,1427,1,497
sub-010079,ep06,5,1427,1,824
sub-010079,ep06,7,1427,1,871
sub-010079,ep06,8,1427,1,1402
sub-010079,ep06,10,1427,1,1417
sub-010079,ep06,20,1427,1,1407
sub-010079,ep06,30,1427,1,1397
sub-010079,ep06,50,1427,1,1377
sub-010079,ep06,100,1427,1,1327
sub-010079,ep06,150,1427,1,1277
sub-010079,ep06,200,1427,1,1227
sub-010080,ep00,3,1297,1,87
sub-010080,ep00,5,1297,1,667
sub-010080,ep00,7,1297,1,793
sub-010080,ep00,8,1297,1,664
sub-010080,ep00,10,1297,1,1287
sub-010080,ep00,20,1297,1,1277
sub-010080,ep00,30,1297,1,1267
sub-010080,ep00,50,1297,1,1247
sub-010080,ep00,100,1297,1,1197
sub-010080,ep00,150,1297,1,1147
sub-010080,ep00,200,1297,1,1097
sub-010080,ep01,3,1315,1,53
sub-010080,ep01,5,1315,1,700
sub-010080,ep01,7,1315,1,686
sub-010080,ep01,8,1315,1,1219
sub-010080,ep01,10,1315,1,1277
sub-010080,ep01,20,1315,1,1295
sub-010080,ep01,30,1315,1,1285
sub-010080,ep01,50,1315,1,1265
sub-010080,ep01,100,1315,1,1215
sub-010080,ep01,150,1315,1,1165
sub-010080,ep01,200,1315,1,1115
sub-010080,ep02,3,1372,1,247
sub-010080,ep02,5,1372,1,525
sub-010080,ep02,7,1372,1,1108
sub-010080,ep02,8,1372,1,1283
sub-010080,ep02,10,1372,1,1314
sub-010080,ep02,20,1372,1,1352
sub-010080,ep02,30,1372,1,1342
sub-010080,ep02,50,1372,1,1322
sub-010080,ep02,100,1372,1,1272
sub-010080,ep02,150,1372,1,1222
sub-010080,ep02,200,1372,1,1172
sub-010080,ep03,3,1352,1,114
sub-010080,ep03,5,1352,1,925
sub-010080,ep03,7,1352,1,1008
sub-010080,ep03,8,1352,1,1045
sub-010080,ep03,10,1352,1,1276
sub-010080,ep03,20,1352,1,1332
sub-010080,ep03,30,1352,1,1322
sub-010080,ep03,50,1352,1,1302
sub-010080,ep03,100,1352,1,1252
sub-010080,ep03,150,1352,1,1202
sub-010080,ep03,200,1352,1,1152
sub-010080,ep04,3,1424,1,367
sub-010080,ep04,5,1424,1,940
sub-010080,ep04,7,1424,1,1307
sub-010080,ep04,8,1424,1,1283
sub-010080,ep04,10,1424,1,1278
sub-010080,ep04,20,1424,1,1404
sub-010080,ep04,30,1424,1,1394
sub-010080,ep04,50,1424,1,1374
sub-010080,ep04,100,1424,1,1324
sub-010080,ep04,150,1424,1,1274
sub-010080,ep04,200,1424,1,1224
sub-010080,ep05,3,1516,1,196
sub-010080,ep05,5,1516,1,827
sub-010080,ep05,7,1516,1,1509
sub-010080,ep05,8,1516,1,1008
sub-010080,ep05,10,1516,1,1505
sub-010080,ep05,20,1516,1,1496
sub-010080,ep05,30,1516,1,1486
sub-010080,ep05,50,1516,1,1466
sub-010080,ep05,100,1516,1,1416
sub-010080,ep05,150,1516,1,1366
sub-010080,ep05,200,1516,1,1316
sub-010080,ep06,3,1157,1,91
sub-010080,ep06,5,1157,1,157
sub-010080,ep06,7,1157,1,775
sub-010080,ep06,8,1157,1,745
sub-010080,ep06,10,1157,1,1079
sub-010080,ep06,20,1157,1,1135
sub-010080,ep06,30,1157,1,1127
sub-010080,ep06,50,1157,1,1107
sub-010080,ep06,100,1157,1,1057
sub-010080,ep06,150,1157,1,1007
sub-010080,ep06,200,1157,1,957
sub-010081,ep00,3,1696,1,217
sub-010081,ep00,5,1696,1,854
sub-010081,ep00,7,1696,1,1633
sub-010081,ep00,8,1696,1,1637
sub-010081,ep00,10,1696,1,1685
sub-010081,ep00,20,1696,1,1676
sub-010081,ep00,30,1696,1,1666
sub-010081,ep00,50,1696,1,1646
sub-010081,ep00,100,1696,1,1596
sub-010081,ep00,150,1696,1,1546
sub-010081,ep00,200,1696,1,1496
sub-010081,ep01,3,1618,1,304
sub-010081,ep01,5,1618,1,551
sub-010081,ep01,7,1618,1,1521
sub-010081,ep01,8,1618,1,1499
sub-010081,ep01,10,1618,1,1499
sub-010081,ep01,20,1618,1,1598
sub-010081,ep01,30,1618,1,1588
sub-010081,ep01,50,1618,1,1568
sub-010081,ep01,100,1618,1,1518
sub-010081,ep01,150,1618,1,1468
sub-010081,ep01,200,1618,1,1418
sub-010081,ep02,3,1626,1,346
sub-010081,ep02,5,1626,1,1027
sub-010081,ep02,7,1626,1,1369
sub-010081,ep02,8,1626,1,1618
sub-010081,ep02,10,1626,1,1616
sub-010081,ep02,20,1626,1,1606
sub-010081,ep02,30,1626,1,1596
sub-010081,ep02,50,1626,1,1576
sub-010081,ep02,100,1626,1,1526
sub-010081,ep02,150,1626,1,1476
sub-010081,ep02,200,1626,1,1426
sub-010081,ep03,3,1584,1,158
sub-010081,ep03,5,1584,1,438
sub-010081,ep03,7,1584,1,1577
sub-010081,ep03,8,1584,1,1576
sub-010081,ep03,10,1584,1,1574
sub-010081,ep03,20,1584,1,1564
sub-010081,ep03,30,1584,1,1554
sub-010081,ep03,50,1584,1,1534
sub-010081,ep03,100,1584,1,1484
sub-010081,ep03,150,1584,1,1434
sub-010081,ep03,200,1584,1,1384
sub-010081,ep04,3,1592,1,289
sub-010081,ep04,5,1592,1,805
sub-010081,ep04,7,1592,1,1585
sub-010081,ep04,8,1592,1,1584
sub-010081,ep04,10,1592,1,1582
sub-010081,ep04,20,1592,1,1572
sub-010081,ep04,30,1592,1,1562
sub-010081,ep04,50,1592,1,1542
sub-010081,ep04,100,1592,1,1492
sub-010081,ep04,150,1592,1,1442
sub-010081,ep04,200,1592,1,1392
sub-010081,ep05,3,2217,1,116
sub-010081,ep05,5,2217,1,1191
sub-010081,ep05,7,2217,1,2210
sub-010081,ep05,8,2217,1,2209
sub-010081,ep05,10,2217,1,2207
sub-010081,ep05,20,2217,1,2197
sub-010081,ep05,30,2217,1,2187
sub-010081,ep05,50,2217,1,2167
sub-010081,ep05,100,2217,1,2117
sub-010081,ep05,150,2217,1,2067
sub-010081,ep05,200,2217,1,2017
sub-010081,ep06,3,1434,1,268
sub-010081,ep06,5,1434,1,1337
sub-010081,ep06,7,1434,1,783
sub-010081,ep06,8,1434,1,1426
sub-010081,ep06,10,1434,1,1424
sub-010081,ep06,20,1434,1,1414
sub-010081,ep06,30,1434,1,1404
sub-010081,ep06,50,1434,1,1384
sub-010081,ep06,100,1434,1,1334
sub-010081,ep06,150,1434,1,1284
sub-010081,ep06,200,1434,1,1234
sub-010083,ep00,3,1408,1,249
sub-010083,ep00,5,1408,1,519
sub-010083,ep00,7,1408,1,995
sub-010083,ep00,8,1408,1,1043
sub-010083,ep00,10,1408,1,1326
sub-010083,ep00,20,1408,1,1388
sub-010083,ep00,30,1408,1,1378
sub-010083,ep00,50,1408,1,1358
sub-010083,ep00,100,1408,1,1308
sub-010083,ep00,150,1408,1,1258
sub-010083,ep00,200,1408,1,1208
sub-010083,ep01,3,1430,1,332
sub-010083,ep01,5,1430,1,398
sub-010083,ep01,7,1430,1,1184
sub-010083,ep01,8,1430,1,1203
sub-010083,ep01,10,1430,1,1419
sub-010083,ep01,20,1430,1,1409
sub-010083,ep01,30,1430,1,1400
sub-010083,ep01,50,1430,1,1380
sub-010083,ep01,100,1430,1,1330
sub-010083,ep01,150,1430,1,1280
sub-010083,ep01,200,1430,1,1230
sub-010083,ep02,3,1404,1,239
sub-010083,ep02,5,1404,1,585
sub-010083,ep02,7,1404,1,1115
sub-010083,ep02,8,1404,1,1084
sub-010083,ep02,10,1404,1,1081
sub-010083,ep02,20,1404,1,1384
sub-010083,ep02,30,1404,1,1374
sub-010083,ep02,50,1404,1,1354
sub-010083,ep02,100,1404,1,1304
sub-010083,ep02,150,1404,1,1254
sub-010083,ep02,200,1404,1,1204
sub-010083,ep03,3,1400,1,233
sub-010083,ep03,5,1400,1,648
sub-010083,ep03,7,1400,1,1303
sub-010083,ep03,8,1400,1,1392
sub-010083,ep03,10,1400,1,1390
sub-010083,ep03,20,1400,1,1380
sub-010083,ep03,30,1400,1,1370
sub-010083,ep03,50,1400,1,1350
sub-010083,ep03,100,1400,1,1300
sub-010083,ep03,150,1400,1,1250
sub-010083,ep03,200,1400,1,1200
sub-010083,ep04,3,1416,1,48
sub-010083,ep04,5,1416,1,635
sub-010083,ep04,7,1416,1,803
sub-010083,ep04,8,1416,1,1386
sub-010083,ep04,10,1416,1,1399
sub-010083,ep04,20,1416,1,1396
sub-010083,ep04,30,1416,1,1386
sub-010083,ep04,50,1416,1,1366
sub-010083,ep04,100,1416,1,1316
sub-010083,ep04,150,1416,1,1266
sub-010083,ep04,200,1416,1,1216
sub-010083,ep05,3,1431,1,54
sub-010083,ep05,5,1431,1,993
sub-010083,ep05,7,1431,1,984
sub-010083,ep05,8,1431,1,1421
sub-010083,ep05,10,1431,1,1420
sub-010083,ep05,20,1431,1,1411
sub-010083,ep05,30,1431,1,1401
sub-010083,ep05,50,1431,1,1381
sub-010083,ep05,100,1431,1,1331
sub-010083,ep05,150,1431,1,1281
sub-010083,ep05,200,1431,1,1231
sub-010083,ep06,3,1299,1,142
sub-010083,ep06,5,1299,1,796
sub-010083,ep06,7,1299,1,822
sub-010083,ep06,8,1299,1,1165
sub-010083,ep06,10,1299,1,1285
sub-010083,ep06,20,1299,1,1279
sub-010083,ep06,30,1299,1,1269
sub-010083,ep06,50,1299,1,1249
sub-010083,ep06,100,1299,1,1199
sub-010083,ep06,150,1299,1,1149
sub-010083,ep06,200,1299,1,1099
sub-010084,ep00,3,1321,1,69
sub-010084,ep00,5,1321,1,549
sub-010084,ep00,7,1321,1,1312
sub-010084,ep00,8,1321,1,1311
sub-010084,ep00,10,1321,1,1311
sub-010084,ep00,20,1321,1,1301
sub-010084,ep00,30,1321,1,1291
sub-010084,ep00,50,1321,1,1271
sub-010084,ep00,100,1321,1,1221
sub-010084,ep00,150,1321,1,1171
sub-010084,ep00,200,1321,1,1121
sub-010084,ep01,3,1364,1,133
sub-010084,ep01,5,1364,1,642
sub-010084,ep01,7,1364,1,1314
sub-010084,ep01,8,1364,1,1321
sub-010084,ep01,10,1364,1,1319
sub-010084,ep01,20,1364,1,1343
sub-010084,ep01,30,1364,1,1334
sub-010084,ep01,50,1364,1,1314
sub-010084,ep01,100,1364,1,1264
sub-010084,ep01,150,1364,1,1214
sub-010084,ep01,200,1364,1,1164
sub-010084,ep02,3,1434,1,58
sub-010084,ep02,5,1434,1,1185
sub-010084,ep02,7,1434,1,1392
sub-010084,ep02,8,1434,1,1393
sub-010084,ep02,10,1434,1,1424
sub-010084,ep02,20,1434,1,1414
sub-010084,ep02,30,1434,1,1404
sub-010084,ep02,50,1434,1,1384
sub-010084,ep02,100,1434,1,1334
sub-010084,ep02,150,1434,1,1284
sub-010084,ep02,200,1434,1,1234
sub-010084,ep03,3,1291,1,30
sub-010084,ep03,5,1291,1,471
sub-010084,ep03,7,1291,1,1284
sub-010084,ep03,8,1291,1,1283
sub-010084,ep03,10,1291,1,1281
sub-010084,ep03,20,1291,1,1271
sub-010084,ep03,30,1291,1,1261
sub-010084,ep03,50,1291,1,1241
sub-010084,ep03,100,1291,1,1191
sub-010084,ep03,150,1291,1,1141
sub-010084,ep03,200,1291,1,1091
sub-010084,ep04,3,1655,1,157
sub-010084,ep04,5,1655,1,958
sub-010084,ep04,7,1655,1,1647
sub-010084,ep04,8,1655,1,1647
sub-010084,ep04,10,1655,1,1643
sub-010084,ep04,20,1655,1,1635
sub-010084,ep04,30,1655,1,1625
sub-010084,ep04,50,1655,1,1605
sub-010084,ep04,100,1655,1,1555
sub-010084,ep04,150,1655,1,1505
sub-010084,ep04,200,1655,1,1455
sub-010084,ep05,3,1646,1,48
sub-010084,ep05,5,1646,1,279
sub-010084,ep05,7,1646,1,1541
sub-010084,ep05,8,1646,1,1638
sub-010084,ep05,10,1646,1,1636
sub-010084,ep05,20,1646,1,1626
sub-010084,ep05,30,1646,1,1616
sub-010084,ep05,50,1646,1,1596
sub-010084,ep05,100,1646,1,1546
sub-010084,ep05,150,1646,1,1496
sub-010084,ep05,200,1646,1,1446
sub-010085,ep00,3,1841,1,460
sub-010085,ep00,5,1841,1,1092
sub-010085,ep00,7,1841,1,1823
sub-010085,ep00,8,1841,1,1833
sub-010085,ep00,10,1841,1,1831
sub-010085,ep00,20,1841,1,1821
sub-010085,ep00,30,1841,1,1811
sub-010085,ep00,50,1841,1,1791
sub-010085,ep00,100,1841,1,1741
sub-010085,ep00,150,1841,1,1691
sub-010085,ep00,200,1841,1,1641
sub-010085,ep01,3,1770,1,506
sub-010085,ep01,5,1770,1,828
sub-010085,ep01,7,1770,1,1144
sub-010085,ep01,8,1770,1,1705
sub-010085,ep01,10,1770,1,1760
sub-010085,ep01,20,1770,1,1749
sub-010085,ep01,30,1770,1,1740
sub-010085,ep01,50,1770,1,1720
sub-010085,ep01,100,1770,1,1670
sub-010085,ep01,150,1770,1,1620
sub-010085,ep01,200,1770,1,1570
sub-010085,ep02,3,1754,1,215
sub-010085,ep02,5,1754,1,804
sub-010085,ep02,7,1754,1,1465
sub-010085,ep02,8,1754,1,1632
sub-010085,ep02,10,1754,1,1671
sub-010085,ep02,20,1754,1,1717
sub-010085,ep02,30,1754,1,1724
sub-010085,ep02,50,1754,1,1704
sub-010085,ep02,100,1754,1,1654
sub-010085,ep02,150,1754,1,1604
sub-010085,ep02,200,1754,1,1554
sub-010085,ep03,3,1744,1,169
sub-010085,ep03,5,1744,1,816
sub-010085,ep03,7,1744,1,1316
sub-010085,ep03,8,1744,1,1680
sub-010085,ep03,10,1744,1,1651
sub-010085,ep03,20,1744,1,1724
sub-010085,ep03,30,1744,1,1714
sub-010085,ep03,50,1744,1,1694
sub-010085,ep03,100,1744,1,1644
sub-010085,ep03,150,1744,1,1594
sub-010085,ep03,200,1744,1,1544
sub-010085,ep04,3,1773,1,287
sub-010085,ep04,5,1773,1,1430
sub-010085,ep04,7,1773,1,1507
sub-010085,ep04,8,1773,1,1477
sub-010085,ep04,10,1773,1,1763
sub-010085,ep04,20,1773,1,1753
sub-010085,ep04,30,1773,1,1742
sub-010085,ep04,50,1773,1,1723
sub-010085,ep04,100,1773,1,1673
sub-010085,ep04,150,1773,1,1623
sub-010085,ep04,200,1773,1,1573
sub-010085,ep05,3,1593,1,211
sub-010085,ep05,5,1593,1,1290
sub-010085,ep05,7,1593,1,1293
sub-010085,ep05,8,1593,1,1349
sub-010085,ep05,10,1593,1,1316
sub-010085,ep05,20,1593,1,1573
sub-010085,ep05,30,1593,1,1563
sub-010085,ep05,50,1593,1,1543
sub-010085,ep05,100,1593,1,1493
sub-010085,ep05,150,1593,1,1443
sub-010085,ep05,200,1593,1,1393
sub-010085,ep06,3,1412,1,260
sub-010085,ep06,5,1412,1,598
sub-010085,ep06,7,1412,1,1355
sub-010085,ep06,8,1412,1,1404
sub-010085,ep06,10,1412,1,1401
sub-010085,ep06,20,1412,1,1390
sub-010085,ep06,30,1412,1,1382
sub-010085,ep06,50,1412,1,1362
sub-010085,ep06,100,1412,1,1312
sub-010085,ep06,150,1412,1,1262
sub-010085,ep06,200,1412,1,1212
sub-010086,ep00,3,1425,1,122
sub-010086,ep00,5,1425,1,583
sub-010086,ep00,7,1425,1,655
sub-010086,ep00,8,1425,1,1417
sub-010086,ep00,10,1425,1,1415
sub-010086,ep00,20,1425,1,1405
sub-010086,ep00,30,1425,1,1395
sub-010086,ep00,50,1425,1,1375
sub-010086,ep00,100,1425,1,1325
sub-010086,ep00,150,1425,1,1275
sub-010086,ep00,200,1425,1,1225
sub-010086,ep01,3,1515,1,189
sub-010086,ep01,5,1515,1,571
sub-010086,ep01,7,1515,1,619
sub-010086,ep01,8,1515,1,656
sub-010086,ep01,10,1515,1,1393
sub-010086,ep01,20,1515,1,1495
sub-010086,ep01,30,1515,1,1485
sub-010086,ep01,50,1515,1,1465
sub-010086,ep01,100,1515,1,1415
sub-010086,ep01,150,1515,1,1365
sub-010086,ep01,200,1515,1,1315
sub-010086,ep02,3,1599,1,484
sub-010086,ep02,5,1599,1,833
sub-010086,ep02,7,1599,1,955
sub-010086,ep02,8,1599,1,855
sub-010086,ep02,10,1599,1,1589
sub-010086,ep02,20,1599,1,1579
sub-010086,ep02,30,1599,1,1569
sub-010086,ep02,50,1599,1,1549
sub-010086,ep02,100,1599,1,1499
sub-010086,ep02,150,1599,1,1449
sub-010086,ep02,200,1599,1,1399
sub-010086,ep03,3,1485,1,325
sub-010086,ep03,5,1485,1,611
sub-010086,ep03,7,1485,1,684
sub-010086,ep03,8,1485,1,743
sub-010086,ep03,10,1485,1,1475
sub-010086,ep03,20,1485,1,1465
sub-010086,ep03,30,1485,1,1455
sub-010086,ep03,50,1485,1,1435
sub-010086,ep03,100,1485,1,1385
sub-010086,ep03,150,1485,1,1335
sub-010086,ep03,200,1485,1,1285
sub-010086,ep04,3,1331,1,145
sub-010086,ep04,5,1331,1,496
sub-010086,ep04,7,1331,1,604
sub-010086,ep04,8,1331,1,732
sub-010086,ep04,10,1331,1,742
sub-010086,ep04,20,1331,1,1311
sub-010086,ep04,30,1331,1,1301
sub-010086,ep04,50,1331,1,1281
sub-010086,ep04,100,1331,1,1231
sub-010086,ep04,150,1331,1,1181
sub-010086,ep04,200,1331,1,1131
sub-010086,ep05,3,1336,1,211
sub-010086,ep05,5,1336,1,736
sub-010086,ep05,7,1336,1,905
sub-010086,ep05,8,1336,1,912
sub-010086,ep05,10,1336,1,1326
sub-010086,ep05,20,1336,1,1316
sub-010086,ep05,30,1336,1,1306
sub-010086,ep05,50,1336,1,1286
sub-010086,ep05,100,1336,1,1236
sub-010086,ep05,150,1336,1,1186
sub-010086,ep05,200,1336,1,1136
sub-010086,ep06,3,1232,1,155
sub-010086,ep06,5,1232,1,360
sub-010086,ep06,7,1232,1,414
sub-010086,ep06,8,1232,1,597
sub-010086,ep06,10,1232,1,1222
sub-010086,ep06,20,1232,1,1212
sub-010086,ep06,30,1232,1,1202
sub-010086,ep06,50,1232,1,1182
sub-010086,ep06,100,1232,1,1132
sub-010086,ep06,150,1232,1,1082
sub-010086,ep06,200,1232,1,1032
sub-010088,ep00,3,1604,1,138
sub-010088,ep00,5,1604,1,594
sub-010088,ep00,7,1604,1,1532
sub-010088,ep00,8,1604,1,1574
sub-010088,ep00,10,1604,1,1583
sub-010088,ep00,20,1604,1,1584
sub-010088,ep00,30,1604,1,1574
sub-010088,ep00,50,1604,1,1554
sub-010088,ep00,100,1604,1,1504
sub-010088,ep00,150,1604,1,1454
sub-010088,ep00,200,1604,1,1404
sub-010088,ep01,3,2148,1,364
sub-010088,ep01,5,2148,1,2142
sub-010088,ep01,7,2148,1,1998
sub-010088,ep01,8,2148,1,2002
sub-010088,ep01,10,2148,1,2138
sub-010088,ep01,20,2148,1,2128
sub-010088,ep01,30,2148,1,2117
sub-010088,ep01,50,2148,1,2098
sub-010088,ep01,100,2148,1,2048
sub-010088,ep01,150,2148,1,1998
sub-010088,ep01,200,2148,1,1948
sub-010088,ep02,3,1783,1,262
sub-010088,ep02,5,1783,1,813
sub-010088,ep02,7,1783,1,1170
sub-010088,ep02,8,1783,1,1775
sub-010088,ep02,10,1783,1,1773
sub-010088,ep02,20,1783,1,1763
sub-010088,ep02,30,1783,1,1753
sub-010088,ep02,50,1783,1,1733
sub-010088,ep02,100,1783,1,1683
sub-010088,ep02,150,1783,1,1633
sub-010088,ep02,200,1783,1,1583
sub-010088,ep03,3,1588,1,478
sub-010088,ep03,5,1588,1,485
sub-010088,ep03,7,1588,1,1581
sub-010088,ep03,8,1588,1,1580
sub-010088,ep03,10,1588,1,1578
sub-010088,ep03,20,1588,1,1568
sub-010088,ep03,30,1588,1,1558
sub-010088,ep03,50,1588,1,1538
sub-010088,ep03,100,1588,1,1488
sub-010088,ep03,150,1588,1,1438
sub-010088,ep03,200,1588,1,1388
sub-010088,ep04,3,1775,1,286
sub-010088,ep04,5,1775,1,843
sub-010088,ep04,7,1775,1,1765
sub-010088,ep04,8,1775,1,1767
sub-010088,ep04,10,1775,1,1765
sub-010088,ep04,20,1775,1,1755
sub-010088,ep04,30,1775,1,1745
sub-010088,ep04,50,1775,1,1725
sub-010088,ep04,100,1775,1,1675
sub-010088,ep04,150,1775,1,1625
sub-010088,ep04,200,1775,1,1575
sub-010088,ep05,3,1739,1,167
sub-010088,ep05,5,1739,1,492
sub-010088,ep05,7,1739,1,615
sub-010088,ep05,8,1739,1,632
sub-010088,ep05,10,1739,1,1729
sub-010088,ep05,20,1739,1,1719
sub-010088,ep05,30,1739,1,1709
sub-010088,ep05,50,1739,1,1689
sub-010088,ep05,100,1739,1,1639
sub-010088,ep05,150,1739,1,1589
sub-010088,ep05,200,1739,1,1539
sub-010088,ep06,3,1448,1,46
sub-010088,ep06,5,1448,1,754
sub-010088,ep06,7,1448,1,1441
sub-010088,ep06,8,1448,1,1438
sub-010088,ep06,10,1448,1,1438
sub-010088,ep06,20,1448,1,1428
sub-010088,ep06,30,1448,1,1418
sub-010088,ep06,50,1448,1,1398
sub-010088,ep06,100,1448,1,1348
sub-010088,ep06,150,1448,1,1298
sub-010088,ep06,200,1448,1,1248
sub-010089,ep00,3,1709,1,263
sub-010089,ep00,5,1709,1,1046
sub-010089,ep00,7,1709,1,1557
sub-010089,ep00,8,1709,1,1533
sub-010089,ep00,10,1709,1,1699
sub-010089,ep00,20,1709,1,1689
sub-010089,ep00,30,1709,1,1679
sub-010089,ep00,50,1709,1,1659
sub-010089,ep00,100,1709,1,1609
sub-010089,ep00,150,1709,1,1559
sub-010089,ep00,200,1709,1,1509
sub-010089,ep01,3,1771,1,421
sub-010089,ep01,5,1771,1,1015
sub-010089,ep01,7,1771,1,1527
sub-010089,ep01,8,1771,1,1746
sub-010089,ep01,10,1771,1,1761
sub-010089,ep01,20,1771,1,1751
sub-010089,ep01,30,1771,1,1741
sub-010089,ep01,50,1771,1,1721
sub-010089,ep01,100,1771,1,1671
sub-010089,ep01,150,1771,1,1621
sub-010089,ep01,200,1771,1,1571
sub-010089,ep02,3,1859,1,463
sub-010089,ep02,5,1859,1,1360
sub-010089,ep02,7,1859,1,1488
sub-010089,ep02,8,1859,1,1507
sub-010089,ep02,10,1859,1,1849
sub-010089,ep02,20,1859,1,1839
sub-010089,ep02,30,1859,1,1829
sub-010089,ep02,50,1859,1,1809
sub-010089,ep02,100,1859,1,1759
sub-010089,ep02,150,1859,1,1709
sub-010089,ep02,200,1859,1,1659
sub-010089,ep03,3,1901,1,189
sub-010089,ep03,5,1901,1,1209
sub-010089,ep03,7,1901,1,1133
sub-010089,ep03,8,1901,1,1687
sub-010089,ep03,10,1901,1,1891
sub-010089,ep03,20,1901,1,1881
sub-010089,ep03,30,1901,1,1871
sub-010089,ep03,50,1901,1,1851
sub-010089,ep03,100,1901,1,1801
sub-010089,ep03,150,1901,1,1751
sub-010089,ep03,200,1901,1,1701
sub-010089,ep04,3,1911,1,382
sub-010089,ep04,5,1911,1,1740
sub-010089,ep04,7,1911,1,1764
sub-010089,ep04,8,1911,1,1780
sub-010089,ep04,10,1911,1,1900
sub-010089,ep04,20,1911,1,1891
sub-010089,ep04,30,1911,1,1881
sub-010089,ep04,50,1911,1,1861
sub-010089,ep04,100,1911,1,1811
sub-010089,ep04,150,1911,1,1761
sub-010089,ep04,200,1911,1,1711
sub-010089,ep05,3,1798,1,185
sub-010089,ep05,5,1798,1,1602
sub-010089,ep05,7,1798,1,1622
sub-010089,ep05,8,1798,1,1630
sub-010089,ep05,10,1798,1,1625
sub-010089,ep05,20,1798,1,1721
sub-010089,ep05,30,1798,1,1717
sub-010089,ep05,50,1798,1,1748
sub-010089,ep05,100,1798,1,1698
sub-010089,ep05,150,1798,1,1648
sub-010089,ep05,200,1798,1,1598
sub-010090,ep00,3,1543,1,134
sub-010090,ep00,5,1543,1,1224
sub-010090,ep00,7,1543,1,1295
sub-010090,ep00,8,1543,1,1334
sub-010090,ep00,10,1543,1,1533
sub-010090,ep00,20,1543,1,1523
sub-010090,ep00,30,1543,1,1513
sub-010090,ep00,50,1543,1,1493
sub-010090,ep00,100,1543,1,1443
sub-010090,ep00,150,1543,1,1393
sub-010090,ep00,200,1543,1,1343
sub-010090,ep01,3,1526,1,179
sub-010090,ep01,5,1526,1,806
sub-010090,ep01,7,1526,1,1108
sub-010090,ep01,8,1526,1,1447
sub-010090,ep01,10,1526,1,1516
sub-010090,ep01,20,1526,1,1506
sub-010090,ep01,30,1526,1,1496
sub-010090,ep01,50,1526,1,1476
sub-010090,ep01,100,1526,1,1426
sub-010090,ep01,150,1526,1,1376
sub-010090,ep01,200,1526,1,1326
sub-010090,ep02,3,1505,1,345
sub-010090,ep02,5,1505,1,1073
sub-010090,ep02,7,1505,1,1162
sub-010090,ep02,8,1505,1,1497
sub-010090,ep02,10,1505,1,1494
sub-010090,ep02,20,1505,1,1485
sub-010090,ep02,30,1505,1,1475
sub-010090,ep02,50,1505,1,1455
sub-010090,ep02,100,1505,1,1405
sub-010090,ep02,150,1505,1,1355
sub-010090,ep02,200,1505,1,1305
sub-010090,ep03,3,1612,1,241
sub-010090,ep03,5,1612,1,935
sub-010090,ep03,7,1612,1,1465
sub-010090,ep03,8,1612,1,1593
sub-010090,ep03,10,1612,1,1602
sub-010090,ep03,20,1612,1,1592
sub-010090,ep03,30,1612,1,1582
sub-010090,ep03,50,1612,1,1562
sub-010090,ep03,100,1612,1,1511
sub-010090,ep03,150,1612,1,1462
sub-010090,ep03,200,1612,1,1412
sub-010090,ep04,3,1478,1,347
sub-010090,ep04,5,1478,1,574
sub-010090,ep04,7,1478,1,571
sub-010090,ep04,8,1478,1,1400
sub-010090,ep04,10,1478,1,1178
sub-010090,ep04,20,1478,1,1458
sub-010090,ep04,30,1478,1,1448
sub-010090,ep04,50,1478,1,1428
sub-010090,ep04,100,1478,1,1378
sub-010090,ep04,150,1478,1,1328
sub-010090,ep04,200,1478,1,1278
sub-010090,ep05,3,1553,1,441
sub-010090,ep05,5,1553,1,660
sub-010090,ep05,7,1553,1,1381
sub-010090,ep05,8,1553,1,1370
sub-010090,ep05,10,1553,1,1543
sub-010090,ep05,20,1553,1,1533
sub-010090,ep05,30,1553,1,1523
sub-010090,ep05,50,1553,1,1503
sub-010090,ep05,100,1553,1,1453
sub-010090,ep05,150,1553,1,1403
sub-010090,ep05,200,1553,1,1353
sub-010090,ep06,3,1381,1,250
sub-010090,ep06,5,1381,1,857
sub-010090,ep06,7,1381,1,1220
sub-010090,ep06,8,1381,1,1219
sub-010090,ep06,10,1381,1,1370
sub-010090,ep06,20,1381,1,1361
sub-010090,ep06,30,1381,1,1351
sub-010090,ep06,50,1381,1,1331
sub-010090,ep06,100,1381,1,1281
sub-010090,ep06,150,1381,1,1231
sub-010090,ep06,200,1381,1,1181
sub-010091,ep00,3,1308,1,122
sub-010091,ep00,5,1308,1,601
sub-010091,ep00,7,1308,1,764
sub-010091,ep00,8,1308,1,794
sub-010091,ep00,10,1308,1,842
sub-010091,ep00,20,1308,1,1288
sub-010091,ep00,30,1308,1,1278
sub-010091,ep00,50,1308,1,1258
sub-010091,ep00,100,1308,1,1208
sub-010091,ep00,150,1308,1,1158
sub-010091,ep00,200,1308,1,1108
sub-010091,ep01,3,1363,1,37
sub-010091,ep01,5,1363,1,860
sub-010091,ep01,7,1363,1,1055
sub-010091,ep01,8,1363,1,1068
sub-010091,ep01,10,1363,1,1353
sub-010091,ep01,20,1363,1,1343
sub-010091,ep01,30,1363,1,1333
sub-010091,ep01,50,1363,1,1313
sub-010091,ep01,100,1363,1,1263
sub-010091,ep01,150,1363,1,1213
sub-010091,ep01,200,1363,1,1163
sub-010091,ep02,3,1583,1,399
sub-010091,ep02,5,1583,1,462
sub-010091,ep02,7,1583,1,1069
sub-010091,ep02,8,1583,1,1574
sub-010091,ep02,10,1583,1,1571
sub-010091,ep02,20,1583,1,1563
sub-010091,ep02,30,1583,1,1552
sub-010091,ep02,50,1583,1,1533
sub-010091,ep02,100,1583,1,1483
sub-010091,ep02,150,1583,1,1433
sub-010091,ep02,200,1583,1,1383
sub-010091,ep03,3,1606,1,298
sub-010091,ep03,5,1606,1,1036
sub-010091,ep03,7,1606,1,1031
sub-010091,ep03,8,1606,1,1068
sub-010091,ep03,10,1606,1,1559
sub-010091,ep03,20,1606,1,1586
sub-010091,ep03,30,1606,1,1576
sub-010091,ep03,50,1606,1,1556
sub-010091,ep03,100,1606,1,1506
sub-010091,ep03,150,1606,1,1456
sub-010091,ep03,200,1606,1,1406
sub-010091,ep04,3,1505,1,507
sub-010091,ep04,5,1505,1,629
sub-010091,ep04,7,1505,1,1098
sub-010091,ep04,8,1505,1,796
sub-010091,ep04,10,1505,1,1495
sub-010091,ep04,20,1505,1,1485
sub-010091,ep04,30,1505,1,1475
sub-010091,ep04,50,1505,1,1455
sub-010091,ep04,100,1505,1,1405
sub-010091,ep04,150,1505,1,1355
sub-010091,ep04,200,1505,1,1305
sub-010091,ep05,3,1366,1,234
sub-010091,ep05,5,1366,1,626
sub-010091,ep05,7,1366,1,985
sub-010091,ep05,8,1366,1,1172
sub-010091,ep05,10,1366,1,1151
sub-010091,ep05,20,1366,1,1346
sub-010091,ep05,30,1366,1,1336
sub-010091,ep05,50,1366,1,1316
sub-010091,ep05,100,1366,1,1266
sub-010091,ep05,150,1366,1,1216
sub-010091,ep05,200,1366,1,1166
sub-010091,ep06,3,1222,1,228
sub-010091,ep06,5,1222,1,861
sub-010091,ep06,7,1222,1,1143
sub-010091,ep06,8,1222,1,1211
sub-010091,ep06,10,1222,1,1212
sub-010091,ep06,20,1222,1,1202
sub-010091,ep06,30,1222,1,1192
sub-010091,ep06,50,1222,1,1172
sub-010091,ep06,100,1222,1,1122
sub-010091,ep06,150,1222,1,1072
sub-010091,ep06,200,1222,1,1022
sub-010092,ep00,3,1579,1,282
sub-010092,ep00,5,1579,1,1095
sub-010092,ep00,7,1579,1,1105
sub-010092,ep00,8,1579,1,1492
sub-010092,ep00,10,1579,1,1569
sub-010092,ep00,20,1579,1,1559
sub-010092,ep00,30,1579,1,1549
sub-010092,ep00,50,1579,1,1529
sub-010092,ep00,100,1579,1,1479
sub-010092,ep00,150,1579,1,1429
sub-010092,ep00,200,1579,1,1379
sub-010092,ep01,3,1473,1,79
sub-010092,ep01,5,1473,1,929
sub-010092,ep01,7,1473,1,1330
sub-010092,ep01,8,1473,1,1310
sub-010092,ep01,10,1473,1,1317
sub-010092,ep01,20,1473,1,1453
sub-010092,ep01,30,1473,1,1443
sub-010092,ep01,50,1473,1,1423
sub-010092,ep01,100,1473,1,1373
sub-010092,ep01,150,1473,1,1323
sub-010092,ep01,200,1473,1,1273
sub-010092,ep02,3,1538,1,430
sub-010092,ep02,5,1538,1,1188
sub-010092,ep02,7,1538,1,1379
sub-010092,ep02,8,1538,1,1145
sub-010092,ep02,10,1538,1,1409
sub-010092,ep02,20,1538,1,1518
sub-010092,ep02,30,1538,1,1508
sub-010092,ep02,50,1538,1,1488
sub-010092,ep02,100,1538,1,1438
sub-010092,ep02,150,1538,1,1388
sub-010092,ep02,200,1538,1,1338
sub-010092,ep03,3,1601,1,164
sub-010092,ep03,5,1601,1,785
sub-010092,ep03,7,1601,1,1224
sub-010092,ep03,8,1601,1,1495
sub-010092,ep03,10,1601,1,1591
sub-010092,ep03,20,1601,1,1581
sub-010092,ep03,30,1601,1,1571
sub-010092,ep03,50,1601,1,1551
sub-010092,ep03,100,1601,1,1501
sub-010092,ep03,150,1601,1,1451
sub-010092,ep03,200,1601,1,1401
sub-010092,ep04,3,1558,1,394
sub-010092,ep04,5,1558,1,479
sub-010092,ep04,7,1558,1,1327
sub-010092,ep04,8,1558,1,1386
sub-010092,ep04,10,1558,1,1547
sub-010092,ep04,20,1558,1,1538
sub-010092,ep04,30,1558,1,1528
sub-010092,ep04,50,1558,1,1508
sub-010092,ep04,100,1558,1,1458
sub-010092,ep04,150,1558,1,1408
sub-010092,ep04,200,1558,1,1358
sub-010092,ep05,3,1514,1,277
sub-010092,ep05,5,1514,1,1201
sub-010092,ep05,7,1514,1,1435
sub-010092,ep05,8,1514,1,1454
sub-010092,ep05,10,1514,1,1451
sub-010092,ep05,20,1514,1,1484
sub-010092,ep05,30,1514,1,1484
sub-010092,ep05,50,1514,1,1464
sub-010092,ep05,100,1514,1,1414
sub-010092,ep05,150,1514,1,1364
sub-010092,ep05,200,1514,1,1314
sub-010093,ep00,3,1309,1,117
sub-010093,ep00,5,1309,1,847
sub-010093,ep00,7,1309,1,948
sub-010093,ep00,8,1309,1,1300
sub-010093,ep00,10,1309,1,1299
sub-010093,ep00,20,1309,1,1289
sub-010093,ep00,30,1309,1,1279
sub-010093,ep00,50,1309,1,1259
sub-010093,ep00,100,1309,1,1209
sub-010093,ep00,150,1309,1,1159
sub-010093,ep00,200,1309,1,1109
sub-010093,ep01,3,1310,1,207
sub-010093,ep01,5,1310,1,848
sub-010093,ep01,7,1310,1,1303
sub-010093,ep01,8,1310,1,1302
sub-010093,ep01,10,1310,1,1300
sub-010093,ep01,20,1310,1,1290
sub-010093,ep01,30,1310,1,1280
sub-010093,ep01,50,1310,1,1260
sub-010093,ep01,100,1310,1,1210
sub-010093,ep01,150,1310,1,1160
sub-010093,ep01,200,1310,1,1110
sub-010093,ep02,3,1304,1,365
sub-010093,ep02,5,1304,1,1033
sub-010093,ep02,7,1304,1,1007
sub-010093,ep02,8,1304,1,1010
sub-010093,ep02,10,1304,1,1118
sub-010093,ep02,20,1304,1,1284
sub-010093,ep02,30,1304,1,1274
sub-010093,ep02,50,1304,1,1254
sub-010093,ep02,100,1304,1,1204
sub-010093,ep02,150,1304,1,1154
sub-010093,ep02,200,1304,1,1104
sub-010093,ep03,3,1412,1,395
sub-010093,ep03,5,1412,1,1031
sub-010093,ep03,7,1412,1,1403
sub-010093,ep03,8,1412,1,1404
sub-010093,ep03,10,1412,1,1402
sub-010093,ep03,20,1412,1,1392
sub-010093,ep03,30,1412,1,1382
sub-010093,ep03,50,1412,1,1362
sub-010093,ep03,100,1412,1,1312
sub-010093,ep03,150,1412,1,1262
sub-010093,ep03,200,1412,1,1212
sub-010093,ep04,3,1340,1,41
sub-010093,ep04,5,1340,1,688
sub-010093,ep04,7,1340,1,1333
sub-010093,ep04,8,1340,1,1331
sub-010093,ep04,10,1340,1,1328
sub-010093,ep04,20,1340,1,1320
sub-010093,ep04,30,1340,1,1310
sub-010093,ep04,50,1340,1,1290
sub-010093,ep04,100,1340,1,1240
sub-010093,ep04,150,1340,1,1190
sub-010093,ep04,200,1340,1,1140
sub-010093,ep05,3,1328,1,59
sub-010093,ep05,5,1328,1,808
sub-010093,ep05,7,1328,1,1163
sub-010093,ep05,8,1328,1,1131
sub-010093,ep05,10,1328,1,1299
sub-010093,ep05,20,1328,1,1308
sub-010093,ep05,30,1328,1,1298
sub-010093,ep05,50,1328,1,1278
sub-010093,ep05,100,1328,1,1228
sub-010093,ep05,150,1328,1,1178
sub-010093,ep05,200,1328,1,1128
sub-010093,ep06,3,1206,1,58
sub-010093,ep06,5,1206,1,1139
sub-010093,ep06,7,1206,1,1171
sub-010093,ep06,8,1206,1,1181
sub-010093,ep06,10,1206,1,1183
sub-010093,ep06,20,1206,1,1186
sub-010093,ep06,30,1206,1,1176
sub-010093,ep06,50,1206,1,1156
sub-010093,ep06,100,1206,1,1106
sub-010093,ep06,150,1206,1,1056
sub-010093,ep06,200,1206,1,1006
sub-010094,ep00,3,1646,1,280
sub-010094,ep00,5,1646,1,746
sub-010094,ep00,7,1646,1,754
sub-010094,ep00,8,1646,1,1380
sub-010094,ep00,10,1646,1,1636
sub-010094,ep00,20,1646,1,1626
sub-010094,ep00,30,1646,1,1616
sub-010094,ep00,50,1646,1,1596
sub-010094,ep00,100,1646,1,1546
sub-010094,ep00,150,1646,1,1496
sub-010094,ep00,200,1646,1,1446
sub-010094,ep01,3,1594,1,192
sub-010094,ep01,5,1594,1,420
sub-010094,ep01,7,1594,1,993
sub-010094,ep01,8,1594,1,1568
sub-010094,ep01,10,1594,1,1536
sub-010094,ep01,20,1594,1,1572
sub-010094,ep01,30,1594,1,1564
sub-010094,ep01,50,1594,1,1544
sub-010094,ep01,100,1594,1,1494
sub-010094,ep01,150,1594,1,1444
sub-010094,ep01,200,1594,1,1394
sub-010094,ep02,3,1725,1,428
sub-010094,ep02,5,1725,1,903
sub-010094,ep02,7,1725,1,1243
sub-010094,ep02,8,1725,1,1234
sub-010094,ep02,10,1725,1,1715
sub-010094,ep02,20,1725,1,1704
sub-010094,ep02,30,1725,1,1695
sub-010094,ep02,50,1725,1,1675
sub-010094,ep02,100,1725,1,1625
sub-010094,ep02,150,1725,1,1575
sub-010094,ep02,200,1725,1,1525
sub-010094,ep03,3,1882,1,633
sub-010094,ep03,5,1882,1,1128
sub-010094,ep03,7,1882,1,1348
sub-010094,ep03,8,1882,1,1345
sub-010094,ep03,10,1882,1,1334
sub-010094,ep03,20,1882,1,1862
sub-010094,ep03,30,1882,1,1852
sub-010094,ep03,50,1882,1,1832
sub-010094,ep03,100,1882,1,1782
sub-010094,ep03,150,1882,1,1732
sub-010094,ep03,200,1882,1,1682
sub-010094,ep04,3,1542,1,422
sub-010094,ep04,5,1542,1,943
sub-010094,ep04,7,1542,1,1063
sub-010094,ep04,8,1542,1,1096
sub-010094,ep04,10,1542,1,1532
sub-010094,ep04,20,1542,1,1522
sub-010094,ep04,30,1542,1,1512
sub-010094,ep04,50,1542,1,1492
sub-010094,ep04,100,1542,1,1442
sub-010094,ep04,150,1542,1,1392
sub-010094,ep04,200,1542,1,1342
sub-010094,ep05,3,1731,1,268
sub-010094,ep05,5,1731,1,1134
sub-010094,ep05,7,1731,1,1149
sub-010094,ep05,8,1731,1,1166
sub-010094,ep05,10,1731,1,1087
sub-010094,ep05,20,1731,1,1711
sub-010094,ep05,30,1731,1,1701
sub-010094,ep05,50,1731,1,1681
sub-010094,ep05,100,1731,1,1631
sub-010094,ep05,150,1731,1,1581
sub-010094,ep05,200,1731,1,1531
sub-010094,ep06,3,1431,1,106
sub-010094,ep06,5,1431,1,592
sub-010094,ep06,7,1431,1,820
sub-010094,ep06,8,1431,1,1422
sub-010094,ep06,10,1431,1,1421
sub-010094,ep06,20,1431,1,1411
sub-010094,ep06,30,1431,1,1401
sub-010094,ep06,50,1431,1,1381
sub-010094,ep06,100,1431,1,1331
sub-010094,ep06,150,1431,1,1281
sub-010094,ep06,200,1431,1,1231
sub-010104,ep00,3,1769,1,293
sub-010104,ep00,5,1769,1,1408
sub-010104,ep00,7,1769,1,1491
sub-010104,ep00,8,1769,1,1613
sub-010104,ep00,10,1769,1,1585
sub-010104,ep00,20,1769,1,1637
sub-010104,ep00,30,1769,1,1739
sub-010104,ep00,50,1769,1,1719
sub-010104,ep00,100,1769,1,1669
sub-010104,ep00,150,1769,1,1619
sub-010104,ep00,200,1769,1,1569
sub-010104,ep01,3,1723,1,727
sub-010104,ep01,5,1723,1,945
sub-010104,ep01,7,1723,1,1606
sub-010104,ep01,8,1723,1,1596
sub-010104,ep01,10,1723,1,1642
sub-010104,ep01,20,1723,1,1703
sub-010104,ep01,30,1723,1,1693
sub-010104,ep01,50,1723,1,1673
sub-010104,ep01,100,1723,1,1623
sub-010104,ep01,150,1723,1,1573
sub-010104,ep01,200,1723,1,1523
sub-010104,ep02,3,1681,1,713
sub-010104,ep02,5,1681,1,1256
sub-010104,ep02,7,1681,1,1513
sub-010104,ep02,8,1681,1,1673
sub-010104,ep02,10,1681,1,1617
sub-010104,ep02,20,1681,1,1651
sub-010104,ep02,30,1681,1,1651
sub-010104,ep02,50,1681,1,1631
sub-010104,ep02,100,1681,1,1581
sub-010104,ep02,150,1681,1,1531
sub-010104,ep02,200,1681,1,1481
sub-010104,ep03,3,1806,1,297
sub-010104,ep03,5,1806,1,1168
sub-010104,ep03,7,1806,1,1663
sub-010104,ep03,8,1806,1,1676
sub-010104,ep03,10,1806,1,1689
sub-010104,ep03,20,1806,1,1735
sub-010104,ep03,30,1806,1,1772
sub-010104,ep03,50,1806,1,1756
sub-010104,ep03,100,1806,1,1706
sub-010104,ep03,150,1806,1,1656
sub-010104,ep03,200,1806,1,1606
sub-010104,ep04,3,1714,1,491
sub-010104,ep04,5,1714,1,1171
sub-010104,ep04,7,1714,1,1253
sub-010104,ep04,8,1714,1,1285
sub-010104,ep04,10,1714,1,1576
sub-010104,ep04,20,1714,1,1694
sub-010104,ep04,30,1714,1,1684
sub-010104,ep04,50,1714,1,1664
sub-010104,ep04,100,1714,1,1614
sub-010104,ep04,150,1714,1,1564
sub-010104,ep04,200,1714,1,1514
sub-010104,ep05,3,1658,1,511
sub-010104,ep05,5,1658,1,1026
sub-010104,ep05,7,1658,1,1444
sub-010104,ep05,8,1658,1,1469
sub-010104,ep05,10,1658,1,1498
sub-010104,ep05,20,1658,1,1638
sub-010104,ep05,30,1658,1,1628
sub-010104,ep05,50,1658,1,1608
sub-010104,ep05,100,1658,1,1558
sub-010104,ep05,150,1658,1,1508
sub-010104,ep05,200,1658,1,1458
sub-010104,ep06,3,1427,1,72
sub-010104,ep06,5,1427,1,664
sub-010104,ep06,7,1427,1,1255
sub-010104,ep06,8,1427,1,1329
sub-010104,ep06,10,1427,1,1319
sub-010104,ep06,20,1427,1,1407
sub-010104,ep06,30,1427,1,1397
sub-010104,ep06,50,1427,1,1377
sub-010104,ep06,100,1427,1,1327
sub-010104,ep06,150,1427,1,1277
sub-010104,ep06,200,1427,1,1227
sub-010126,ep00,3,1254,1,237
sub-010126,ep00,5,1254,1,560
sub-010126,ep00,7,1254,1,600
sub-010126,ep00,8,1254,1,610
sub-010126,ep00,10,1254,1,1244
sub-010126,ep00,20,1254,1,1234
sub-010126,ep00,30,1254,1,1224
sub-010126,ep00,50,1254,1,1204
sub-010126,ep00,100,1254,1,1154
sub-010126,ep00,150,1254,1,1104
sub-010126,ep00,200,1254,1,1054
sub-010126,ep01,3,1233,1,199
sub-010126,ep01,5,1233,1,345
sub-010126,ep01,7,1233,1,1226
sub-010126,ep01,8,1233,1,1225
sub-010126,ep01,10,1233,1,1221
sub-010126,ep01,20,1233,1,1213
sub-010126,ep01,30,1233,1,1203
sub-010126,ep01,50,1233,1,1183
sub-010126,ep01,100,1233,1,1133
sub-010126,ep01,150,1233,1,1083
sub-010126,ep01,200,1233,1,1033
sub-010126,ep02,3,1306,1,58
sub-010126,ep02,5,1306,1,530
sub-010126,ep02,7,1306,1,1299
sub-010126,ep02,8,1306,1,1298
sub-010126,ep02,10,1306,1,1296
sub-010126,ep02,20,1306,1,1286
sub-010126,ep02,30,1306,1,1276
sub-010126,ep02,50,1306,1,1256
sub-010126,ep02,100,1306,1,1206
sub-010126,ep02,150,1306,1,1156
sub-010126,ep02,200,1306,1,1106
sub-010126,ep03,3,1632,1,28
sub-010126,ep03,5,1632,1,458
sub-010126,ep03,7,1632,1,1624
sub-010126,ep03,8,1632,1,573
sub-010126,ep03,10,1632,1,1622
sub-010126,ep03,20,1632,1,1611
sub-010126,ep03,30,1632,1,1602
sub-010126,ep03,50,1632,1,1582
sub-010126,ep03,100,1632,1,1532
sub-010126,ep03,150,1632,1,1482
sub-010126,ep03,200,1632,1,1432
sub-010126,ep04,3,1836,1,24
sub-010126,ep04,5,1836,1,1643
sub-010126,ep04,7,1836,1,1785
sub-010126,ep04,8,1836,1,1791
sub-010126,ep04,10,1836,1,1799
sub-010126,ep04,20,1836,1,1816
sub-010126,ep04,30,1836,1,1806
sub-010126,ep04,50,1836,1,1786
sub-010126,ep04,100,1836,1,1736
sub-010126,ep04,150,1836,1,1686
sub-010126,ep04,200,1836,1,1636
sub-010126,ep05,3,1267,1,189
sub-010126,ep05,5,1267,1,539
sub-010126,ep05,7,1267,1,590
sub-010126,ep05,8,1267,1,1259
sub-010126,ep05,10,1267,1,1257
sub-010126,ep05,20,1267,1,1247
sub-010126,ep05,30,1267,1,1237
sub-010126,ep05,50,1267,1,1217
sub-010126,ep05,100,1267,1,1167
sub-010126,ep05,150,1267,1,1117
sub-010126,ep05,200,1267,1,1067
sub-010126,ep06,3,1166,1,238
sub-010126,ep06,5,1166,1,276
sub-010126,ep06,7,1166,1,1131
sub-010126,ep06,8,1166,1,1138
sub-010126,ep06,10,1166,1,1151
sub-010126,ep06,20,1166,1,1146
sub-010126,ep06,30,1166,1,1136
sub-010126,ep06,50,1166,1,1116
sub-010126,ep06,100,1166,1,1066
sub-010126,ep06,150,1166,1,1016
sub-010126,ep06,200,1166,1,966
sub-010134,ep00,3,1513,1,457
sub-010134,ep00,5,1513,1,898
sub-010134,ep00,7,1513,1,1504
sub-010134,ep00,8,1513,1,1505
sub-010134,ep00,10,1513,1,1502
sub-010134,ep00,20,1513,1,1493
sub-010134,ep00,30,1513,1,1483
sub-010134,ep00,50,1513,1,1463
sub-010134,ep00,100,1513,1,1413
sub-010134,ep00,150,1513,1,1363
sub-010134,ep00,200,1513,1,1313
sub-010134,ep01,3,1522,1,137
sub-010134,ep01,5,1522,1,593
sub-010134,ep01,7,1522,1,1219
sub-010134,ep01,8,1522,1,1256
sub-010134,ep01,10,1522,1,1512
sub-010134,ep01,20,1522,1,1502
sub-010134,ep01,30,1522,1,1492
sub-010134,ep01,50,1522,1,1472
sub-010134,ep01,100,1522,1,1422
sub-010134,ep01,150,1522,1,1372
sub-010134,ep01,200,1522,1,1322
sub-010134,ep02,3,1491,1,473
sub-010134,ep02,5,1491,1,813
sub-010134,ep02,7,1491,1,1484
sub-010134,ep02,8,1491,1,1483
sub-010134,ep02,10,1491,1,1481
sub-010134,ep02,20,1491,1,1470
sub-010134,ep02,30,1491,1,1461
sub-010134,ep02,50,1491,1,1441
sub-010134,ep02,100,1491,1,1391
sub-010134,ep02,150,1491,1,1341
sub-010134,ep02,200,1491,1,1291
sub-010134,ep03,3,1476,1,268
sub-010134,ep03,5,1476,1,993
sub-010134,ep03,7,1476,1,1469
sub-010134,ep03,8,1476,1,1468
sub-010134,ep03,10,1476,1,1466
sub-010134,ep03,20,1476,1,1456
sub-010134,ep03,30,1476,1,1446
sub-010134,ep03,50,1476,1,1426
sub-010134,ep03,100,1476,1,1376
sub-010134,ep03,150,1476,1,1326
sub-010134,ep03,200,1476,1,1276
sub-010134,ep04,3,1539,1,616
sub-010134,ep04,5,1539,1,716
sub-010134,ep04,7,1539,1,874
sub-010134,ep04,8,1539,1,1530
sub-010134,ep04,10,1539,1,1529
sub-010134,ep04,20,1539,1,1519
sub-010134,ep04,30,1539,1,1509
sub-010134,ep04,50,1539,1,1489
sub-010134,ep04,100,1539,1,1439
sub-010134,ep04,150,1539,1,1389
sub-010134,ep04,200,1539,1,1339
sub-010134,ep05,3,1465,1,254
sub-010134,ep05,5,1465,1,690
sub-010134,ep05,7,1465,1,1128
sub-010134,ep05,8,1465,1,1444
sub-010134,ep05,10,1465,1,1441
sub-010134,ep05,20,1465,1,1445
sub-010134,ep05,30,1465,1,1435
sub-010134,ep05,50,1465,1,1415
sub-010134,ep05,100,1465,1,1365
sub-010134,ep05,150,1465,1,1315
sub-010134,ep05,200,1465,1,1265
sub-010134,ep06,3,1394,1,312
sub-010134,ep06,5,1394,1,666
sub-010134,ep06,7,1394,1,1387
sub-010134,ep06,8,1394,1,1370
sub-010134,ep06,10,1394,1,1384
sub-010134,ep06,20,1394,1,1374
sub-010134,ep06,30,1394,1,1364
sub-010134,ep06,50,1394,1,1344
sub-010134,ep06,100,1394,1,1294
sub-010134,ep06,150,1394,1,1244
sub-010134,ep06,200,1394,1,1194
sub-010136,ep00,3,1408,1,184
sub-010136,ep00,5,1408,1,867
sub-010136,ep00,7,1408,1,1400
sub-010136,ep00,8,1408,1,1400
sub-010136,ep00,10,1408,1,1397
sub-010136,ep00,20,1408,1,1388
sub-010136,ep00,30,1408,1,1378
sub-010136,ep00,50,1408,1,1358
sub-010136,ep00,100,1408,1,1308
sub-010136,ep00,150,1408,1,1258
sub-010136,ep00,200,1408,1,1208
sub-010136,ep01,3,1389,1,409
sub-010136,ep01,5,1389,1,691
sub-010136,ep01,7,1389,1,1382
sub-010136,ep01,8,1389,1,1381
sub-010136,ep01,10,1389,1,1379
sub-010136,ep01,20,1389,1,1369
sub-010136,ep01,30,1389,1,1359
sub-010136,ep01,50,1389,1,1339
sub-010136,ep01,100,1389,1,1289
sub-010136,ep01,150,1389,1,1239
sub-010136,ep01,200,1389,1,1189
sub-010136,ep02,3,1543,1,324
sub-010136,ep02,5,1543,1,549
sub-010136,ep02,7,1543,1,1455
sub-010136,ep02,8,1543,1,1520
sub-010136,ep02,10,1543,1,1526
sub-010136,ep02,20,1543,1,1523
sub-010136,ep02,30,1543,1,1513
sub-010136,ep02,50,1543,1,1493
sub-010136,ep02,100,1543,1,1443
sub-010136,ep02,150,1543,1,1393
sub-010136,ep02,200,1543,1,1343
sub-010136,ep03,3,1379,1,233
sub-010136,ep03,5,1379,1,811
sub-010136,ep03,7,1379,1,1371
sub-010136,ep03,8,1379,1,1370
sub-010136,ep03,10,1379,1,1368
sub-010136,ep03,20,1379,1,1359
sub-010136,ep03,30,1379,1,1349
sub-010136,ep03,50,1379,1,1329
sub-010136,ep03,100,1379,1,1279
sub-010136,ep03,150,1379,1,1229
sub-010136,ep03,200,1379,1,1179
sub-010136,ep04,3,1495,1,263
sub-010136,ep04,5,1495,1,763
sub-010136,ep04,7,1495,1,1474
sub-010136,ep04,8,1495,1,1487
sub-010136,ep04,10,1495,1,1483
sub-010136,ep04,20,1495,1,1475
sub-010136,ep04,30,1495,1,1465
sub-010136,ep04,50,1495,1,1445
sub-010136,ep04,100,1495,1,1395
sub-010136,ep04,150,1495,1,1345
sub-010136,ep04,200,1495,1,1295
sub-010136,ep05,3,1449,1,342
sub-010136,ep05,5,1449,1,868
sub-010136,ep05,7,1449,1,758
sub-010136,ep05,8,1449,1,1402
sub-010136,ep05,10,1449,1,1416
sub-010136,ep05,20,1449,1,1429
sub-010136,ep05,30,1449,1,1419
sub-010136,ep05,50,1449,1,1399
sub-010136,ep05,100,1449,1,1349
sub-010136,ep05,150,1449,1,1299
sub-010136,ep05,200,1449,1,1249
sub-010136,ep06,3,1251,1,129
sub-010136,ep06,5,1251,1,565
sub-010136,ep06,7,1251,1,1234
sub-010136,ep06,8,1251,1,793
sub-010136,ep06,10,1251,1,1236
sub-010136,ep06,20,1251,1,1231
sub-010136,ep06,30,1251,1,1221
sub-010136,ep06,50,1251,1,1201
sub-010136,ep06,100,1251,1,1151
sub-010136,ep06,150,1251,1,1101
sub-010136,ep06,200,1251,1,1051
sub-010137,ep00,3,1975,1,222
sub-010137,ep00,5,1975,2,426
sub-010137,ep00,7,1975,1,1899
sub-010137,ep00,8,1975,1,1901
sub-010137,ep00,10,1975,1,1900
sub-010137,ep00,20,1975,1,1950
sub-010137,ep00,30,1975,1,1945
sub-010137,ep00,50,1975,1,1925
sub-010137,ep00,100,1975,1,1875
sub-010137,ep00,150,1975,1,1825
sub-010137,ep00,200,1975,1,1775
sub-010137,ep01,3,2627,1,318
sub-010137,ep01,5,2627,1,587
sub-010137,ep01,7,2627,2,570
sub-010137,ep01,8,2627,1,2539
sub-010137,ep01,10,2627,1,2563
sub-010137,ep01,20,2627,1,2606
sub-010137,ep01,30,2627,1,2597
sub-010137,ep01,50,2627,1,2577
sub-010137,ep01,100,2627,1,2527
sub-010137,ep01,150,2627,1,2477
sub-010137,ep01,200,2627,1,2427
sub-010137,ep02,3,1263,1,103
sub-010137,ep02,5,1263,1,258
sub-010137,ep02,7,1263,1,512
sub-010137,ep02,8,1263,1,1139
sub-010137,ep02,10,1263,1,1215
sub-010137,ep02,20,1263,1,1240
sub-010137,ep02,30,1263,1,1233
sub-010137,ep02,50,1263,1,1213
sub-010137,ep02,100,1263,1,1163
sub-010137,ep02,150,1263,1,1113
sub-010137,ep02,200,1263,1,1063
sub-010137,ep03,3,1224,1,91
sub-010137,ep03,5,1224,2,254
sub-010137,ep03,7,1224,1,1203
sub-010137,ep03,8,1224,1,1201
sub-010137,ep03,10,1224,1,1203
sub-010137,ep03,20,1224,1,1204
sub-010137,ep03,30,1224,1,1194
sub-010137,ep03,50,1224,1,1174
sub-010137,ep03,100,1224,1,1124
sub-010137,ep03,150,1224,1,1074
sub-010137,ep03,200,1224,1,1024
sub-010137,ep04,3,1254,1,48
sub-010137,ep04,5,1254,1,479
sub-010137,ep04,7,1254,1,515
sub-010137,ep04,8,1254,1,1217
sub-010137,ep04,10,1254,1,1244
sub-010137,ep04,20,1254,1,1234
sub-010137,ep04,30,1254,1,1224
sub-010137,ep04,50,1254,1,1204
sub-010137,ep04,100,1254,1,1154
sub-010137,ep04,150,1254,1,1104
sub-010137,ep04,200,1254,1,1054
sub-010137,ep05,3,1274,1,57
sub-010137,ep05,5,1274,1,293
sub-010137,ep05,7,1274,1,305
sub-010137,ep05,8,1274,2,329
sub-010137,ep05,10,1274,2,333
sub-010137,ep05,20,1274,1,1254
sub-010137,ep05,30,1274,1,1244
sub-010137,ep05,50,1274,1,1224
sub-010137,ep05,100,1274,1,1174
sub-010137,ep05,150,1274,1,1124
sub-010137,ep05,200,1274,1,1074
sub-010137,ep06,3,1167,1,99
sub-010137,ep06,5,1167,3,342
sub-010137,ep06,7,1167,1,1138
sub-010137,ep06,8,1167,1,1156
sub-010137,ep06,10,1167,1,1157
sub-010137,ep06,20,1167,1,1146
sub-010137,ep06,30,1167,1,1137
sub-010137,ep06,50,1167,1,1117
sub-010137,ep06,100,1167,1,1067
sub-010137,ep06,150,1167,1,1017
sub-010137,ep06,200,1167,1,967
sub-010138,ep00,3,1570,1,240
sub-010138,ep00,5,1570,1,1364
sub-010138,ep00,7,1570,1,1531
sub-010138,ep00,8,1570,1,1562
sub-010138,ep00,10,1570,1,1560
sub-010138,ep00,20,1570,1,1550
sub-010138,ep00,30,1570,1,1540
sub-010138,ep00,50,1570,1,1520
sub-010138,ep00,100,1570,1,1470
sub-010138,ep00,150,1570,1,1420
sub-010138,ep00,200,1570,1,1370
sub-010138,ep01,3,1608,1,69
sub-010138,ep01,5,1608,1,357
sub-010138,ep01,7,1608,1,1557
sub-010138,ep01,8,1608,1,1565
sub-010138,ep01,10,1608,1,1563
sub-010138,ep01,20,1608,1,1588
sub-010138,ep01,30,1608,1,1578
sub-010138,ep01,50,1608,1,1558
sub-010138,ep01,100,1608,1,1508
sub-010138,ep01,150,1608,1,1458
sub-010138,ep01,200,1608,1,1408
sub-010138,ep02,3,1545,1,289
sub-010138,ep02,5,1545,1,720
sub-010138,ep02,7,1545,1,1324
sub-010138,ep02,8,1545,1,1537
sub-010138,ep02,10,1545,1,1535
sub-010138,ep02,20,1545,1,1525
sub-010138,ep02,30,1545,1,1515
sub-010138,ep02,50,1545,1,1495
sub-010138,ep02,100,1545,1,1445
sub-010138,ep02,150,1545,1,1395
sub-010138,ep02,200,1545,1,1345
sub-010138,ep03,3,1664,1,357
sub-010138,ep03,5,1664,1,526
sub-010138,ep03,7,1664,1,1539
sub-010138,ep03,8,1664,1,1656
sub-010138,ep03,10,1664,1,1654
sub-010138,ep03,20,1664,1,1644
sub-010138,ep03,30,1664,1,1634
sub-010138,ep03,50,1664,1,1614
sub-010138,ep03,100,1664,1,1564
sub-010138,ep03,150,1664,1,1514
sub-010138,ep03,200,1664,1,1464
sub-010138,ep04,3,1739,1,282
sub-010138,ep04,5,1739,1,872
sub-010138,ep04,7,1739,1,971
sub-010138,ep04,8,1739,1,983
sub-010138,ep04,10,1739,1,989
sub-010138,ep04,20,1739,1,1719
sub-010138,ep04,30,1739,1,1709
sub-010138,ep04,50,1739,1,1689
sub-010138,ep04,100,1739,1,1639
sub-010138,ep04,150,1739,1,1589
sub-010138,ep04,200,1739,1,1539
sub-010138,ep05,3,1522,1,76
sub-010138,ep05,5,1522,1,873
sub-010138,ep05,7,1522,1,1513
sub-010138,ep05,8,1522,1,1514
sub-010138,ep05,10,1522,1,1512
sub-010138,ep05,20,1522,1,1502
sub-010138,ep05,30,1522,1,1492
sub-010138,ep05,50,1522,1,1471
sub-010138,ep05,100,1522,1,1422
sub-010138,ep05,150,1522,1,1372
sub-010138,ep05,200,1522,1,1322
sub-010138,ep06,3,1333,1,370
sub-010138,ep06,5,1333,1,694
sub-010138,ep06,7,1333,1,1323
sub-010138,ep06,8,1333,1,1325
sub-010138,ep06,10,1333,1,1322
sub-010138,ep06,20,1333,1,1312
sub-010138,ep06,30,1333,1,1303
sub-010138,ep06,50,1333,1,1283
sub-010138,ep06,100,1333,1,1233
sub-010138,ep06,150,1333,1,1183
sub-010138,ep06,200,1333,1,1133
sub-010141,ep00,3,2107,1,470
sub-010141,ep00,5,2107,1,1472
sub-010141,ep00,7,2107,1,1683
sub-010141,ep00,8,2107,1,1749
sub-010141,ep00,10,2107,1,1834
sub-010141,ep00,20,2107,1,2087
sub-010141,ep00,30,2107,1,2077
sub-010141,ep00,50,2107,1,2057
sub-010141,ep00,100,2107,1,2007
sub-010141,ep00,150,2107,1,1957
sub-010141,ep00,200,2107,1,1907
sub-010141,ep01,3,1626,1,187
sub-010141,ep01,5,1626,1,1040
sub-010141,ep01,7,1626,1,1215
sub-010141,ep01,8,1626,1,1187
sub-010141,ep01,10,1626,1,1210
sub-010141,ep01,20,1626,1,1606
sub-010141,ep01,30,1626,1,1596
sub-010141,ep01,50,1626,1,1576
sub-010141,ep01,100,1626,1,1526
sub-010141,ep01,150,1626,1,1476
sub-010141,ep01,200,1626,1,1426
sub-010141,ep02,3,1639,1,429
sub-010141,ep02,5,1639,1,1087
sub-010141,ep02,7,1639,1,1177
sub-010141,ep02,8,1639,1,1391
sub-010141,ep02,10,1639,1,1629
sub-010141,ep02,20,1639,1,1617
sub-010141,ep02,30,1639,1,1609
sub-010141,ep02,50,1639,1,1589
sub-010141,ep02,100,1639,1,1539
sub-010141,ep02,150,1639,1,1489
sub-010141,ep02,200,1639,1,1439
sub-010141,ep03,3,2282,1,756
sub-010141,ep03,5,2282,1,1501
sub-010141,ep03,7,2282,1,1750
sub-010141,ep03,8,2282,1,1900
sub-010141,ep03,10,2282,1,1914
sub-010141,ep03,20,2282,1,2262
sub-010141,ep03,30,2282,1,2252
sub-010141,ep03,50,2282,1,2232
sub-010141,ep03,100,2282,1,2182
sub-010141,ep03,150,2282,1,2132
sub-010141,ep03,200,2282,1,2082
sub-010141,ep04,3,1705,1,607
sub-010141,ep04,5,1705,1,1081
sub-010141,ep04,7,1705,1,1377
sub-010141,ep04,8,1705,1,1336
sub-010141,ep04,10,1705,1,1404
sub-010141,ep04,20,1705,1,1685
sub-010141,ep04,30,1705,1,1675
sub-010141,ep04,50,1705,1,1655
sub-010141,ep04,100,1705,1,1605
sub-010141,ep04,150,1705,1,1555
sub-010141,ep04,200,1705,1,1505
sub-010141,ep05,3,1597,1,389
sub-010141,ep05,5,1597,1,930
sub-010141,ep05,7,1597,1,1267
sub-010141,ep05,8,1597,1,1533
sub-010141,ep05,10,1597,1,1524
sub-010141,ep05,20,1597,1,1577
sub-010141,ep05,30,1597,1,1555
sub-010141,ep05,50,1597,1,1547
sub-010141,ep05,100,1597,1,1497
sub-010141,ep05,150,1597,1,1447
sub-010141,ep05,200,1597,1,1397
sub-010141,ep06,3,1389,1,400
sub-010141,ep06,5,1389,1,968
sub-010141,ep06,7,1389,1,1259
sub-010141,ep06,8,1389,1,1283
sub-010141,ep06,10,1389,1,1337
sub-010141,ep06,20,1389,1,1369
sub-010141,ep06,30,1389,1,1359
sub-010141,ep06,50,1389,1,1339
sub-010141,ep06,100,1389,1,1289
sub-010141,ep06,150,1389,1,1239
sub-010141,ep06,200,1389,1,1189
sub-010142,ep00,3,1429,1,161
sub-010142,ep00,5,1429,1,506
sub-010142,ep00,7,1429,1,1422
sub-010142,ep00,8,1429,1,912
sub-010142,ep00,10,1429,1,1419
sub-010142,ep00,20,1429,1,1409
sub-010142,ep00,30,1429,1,1399
sub-010142,ep00,50,1429,1,1379
sub-010142,ep00,100,1429,1,1329
sub-010142,ep00,150,1429,1,1279
sub-010142,ep00,200,1429,1,1229
sub-010142,ep01,3,1571,1,320
sub-010142,ep01,5,1571,1,923
sub-010142,ep01,7,1571,1,1564
sub-010142,ep01,8,1571,1,1563
sub-010142,ep01,10,1571,1,1561
sub-010142,ep01,20,1571,1,1551
sub-010142,ep01,30,1571,1,1541
sub-010142,ep01,50,1571,1,1521
sub-010142,ep01,100,1571,1,1471
sub-010142,ep01,150,1571,1,1421
sub-010142,ep01,200,1571,1,1371
sub-010142,ep02,3,1457,1,303
sub-010142,ep02,5,1457,1,639
sub-010142,ep02,7,1457,1,1448
sub-010142,ep02,8,1457,1,1241
sub-010142,ep02,10,1457,1,1445
sub-010142,ep02,20,1457,1,1437
sub-010142,ep02,30,1457,1,1427
sub-010142,ep02,50,1457,1,1407
sub-010142,ep02,100,1457,1,1357
sub-010142,ep02,150,1457,1,1307
sub-010142,ep02,200,1457,1,1257
sub-010142,ep03,3,1542,1,334
sub-010142,ep03,5,1542,1,497
sub-010142,ep03,7,1542,1,1504
sub-010142,ep03,8,1542,1,1509
sub-010142,ep03,10,1542,1,1532
sub-010142,ep03,20,1542,1,1522
sub-010142,ep03,30,1542,1,1512
sub-010142,ep03,50,1542,1,1492
sub-010142,ep03,100,1542,1,1442
sub-010142,ep03,150,1542,1,1392
sub-010142,ep03,200,1542,1,1342
sub-010142,ep04,3,1424,1,263
sub-010142,ep04,5,1424,1,698
sub-010142,ep04,7,1424,1,1417
sub-010142,ep04,8,1424,1,1415
sub-010142,ep04,10,1424,1,1414
sub-010142,ep04,20,1424,1,1404
sub-010142,ep04,30,1424,1,1394
sub-010142,ep04,50,1424,1,1374
sub-010142,ep04,100,1424,1,1324
sub-010142,ep04,150,1424,1,1274
sub-010142,ep04,200,1424,1,1224
sub-010142,ep05,3,1531,1,231
sub-010142,ep05,5,1531,1,766
sub-010142,ep05,7,1531,1,1379
sub-010142,ep05,8,1531,1,1486
sub-010142,ep05,10,1531,1,1491
sub-010142,ep05,20,1531,1,1511
sub-010142,ep05,30,1531,1,1501
sub-010142,ep05,50,1531,1,1481
sub-010142,ep05,100,1531,1,1431
sub-010142,ep05,150,1531,1,1381
sub-010142,ep05,200,1531,1,1331
sub-010142,ep06,3,1346,1,381
sub-010142,ep06,5,1346,1,597
sub-010142,ep06,7,1346,1,954
sub-010142,ep06,8,1346,1,1338
sub-010142,ep06,10,1346,1,1336
sub-010142,ep06,20,1346,1,1326
sub-010142,ep06,30,1346,1,1316
sub-010142,ep06,50,1346,1,1296
sub-010142,ep06,100,1346,1,1246
sub-010142,ep06,150,1346,1,1196
sub-010142,ep06,200,1346,1,1146
sub-010146,ep00,3,1690,1,147
sub-010146,ep00,5,1690,1,1005
sub-010146,ep00,7,1690,1,1670
sub-010146,ep00,8,1690,1,1682
sub-010146,ep00,10,1690,1,1680
sub-010146,ep00,20,1690,1,1670
sub-010146,ep00,30,1690,1,1660
sub-010146,ep00,50,1690,1,1640
sub-010146,ep00,100,1690,1,1590
sub-010146,ep00,150,1690,1,1540
sub-010146,ep00,200,1690,1,1490
sub-010146,ep01,3,1667,1,339
sub-010146,ep01,5,1667,1,831
sub-010146,ep01,7,1667,1,1640
sub-010146,ep01,8,1667,1,1659
sub-010146,ep01,10,1667,1,1657
sub-010146,ep01,20,1667,1,1647
sub-010146,ep01,30,1667,1,1637
sub-010146,ep01,50,1667,1,1617
sub-010146,ep01,100,1667,1,1567
sub-010146,ep01,150,1667,1,1517
sub-010146,ep01,200,1667,1,1467
sub-010146,ep02,3,1926,1,58
sub-010146,ep02,5,1926,1,716
sub-010146,ep02,7,1926,1,1919
sub-010146,ep02,8,1926,1,1914
sub-010146,ep02,10,1926,1,1916
sub-010146,ep02,20,1926,1,1906
sub-010146,ep02,30,1926,1,1896
sub-010146,ep02,50,1926,1,1875
sub-010146,ep02,100,1926,1,1826
sub-010146,ep02,150,1926,1,1776
sub-010146,ep02,200,1926,1,1726
sub-010146,ep03,3,1636,1,125
sub-010146,ep03,5,1636,1,1525
sub-010146,ep03,7,1636,1,1563
sub-010146,ep03,8,1636,1,1620
sub-010146,ep03,10,1636,1,1621
sub-010146,ep03,20,1636,1,1616
sub-010146,ep03,30,1636,1,1606
sub-010146,ep03,50,1636,1,1586
sub-010146,ep03,100,1636,1,1536
sub-010146,ep03,150,1636,1,1486
sub-010146,ep03,200,1636,1,1436
sub-010146,ep04,3,1830,1,243
sub-010146,ep04,5,1830,1,865
sub-010146,ep04,7,1830,1,911
sub-010146,ep04,8,1830,1,1822
sub-010146,ep04,10,1830,1,1820
sub-010146,ep04,20,1830,1,1810
sub-010146,ep04,30,1830,1,1800
sub-010146,ep04,50,1830,1,1780
sub-010146,ep04,100,1830,1,1730
sub-010146,ep04,150,1830,1,1680
sub-010146,ep04,200,1830,1,1630
sub-010146,ep05,3,1621,2,36
sub-010146,ep05,5,1621,1,717
sub-010146,ep05,7,1621,1,1510
sub-010146,ep05,8,1621,1,1542
sub-010146,ep05,10,1621,1,1608
sub-010146,ep05,20,1621,1,1601
sub-010146,ep05,30,1621,1,1591
sub-010146,ep05,50,1621,1,1571
sub-010146,ep05,100,1621,1,1521
sub-010146,ep05,150,1621,1,1471
sub-010146,ep05,200,1621,1,1421
sub-010146,ep06,3,1547,1,218
sub-010146,ep06,5,1547,1,854
sub-010146,ep06,7,1547,1,897
sub-010146,ep06,8,1547,1,1536
sub-010146,ep06,10,1547,1,1537
sub-010146,ep06,20,1547,1,1527
sub-010146,ep06,30,1547,1,1517
sub-010146,ep06,50,1547,1,1497
sub-010146,ep06,100,1547,1,1447
sub-010146,ep06,150,1547,1,1397
sub-010146,ep06,200,1547,1,1347
sub-010148,ep00,3,1365,1,234
sub-010148,ep00,5,1365,1,774
sub-010148,ep00,7,1365,1,837
sub-010148,ep00,8,1365,1,951
sub-010148,ep00,10,1365,1,1014
sub-010148,ep00,20,1365,1,1340
sub-010148,ep00,30,1365,1,1335
sub-010148,ep00,50,1365,1,1315
sub-010148,ep00,100,1365,1,1265
sub-010148,ep00,150,1365,1,1215
sub-010148,ep00,200,1365,1,1165
sub-010148,ep01,3,1429,1,304
sub-010148,ep01,5,1429,1,577
sub-010148,ep01,7,1429,1,1077
sub-010148,ep01,8,1429,1,1168
sub-010148,ep01,10,1429,1,1205
sub-010148,ep01,20,1429,1,1409
sub-010148,ep01,30,1429,1,1399
sub-010148,ep01,50,1429,1,1379
sub-010148,ep01,100,1429,1,1329
sub-010148,ep01,150,1429,1,1279
sub-010148,ep01,200,1429,1,1229
sub-010148,ep02,3,1521,1,412
sub-010148,ep02,5,1521,1,1030
sub-010148,ep02,7,1521,1,1163
sub-010148,ep02,8,1521,1,1127
sub-010148,ep02,10,1521,1,1440
sub-010148,ep02,20,1521,1,1498
sub-010148,ep02,30,1521,1,1491
sub-010148,ep02,50,1521,1,1471
sub-010148,ep02,100,1521,1,1421
sub-010148,ep02,150,1521,1,1371
sub-010148,ep02,200,1521,1,1321
sub-010148,ep03,3,1841,1,303
sub-010148,ep03,5,1841,1,1113
sub-010148,ep03,7,1841,1,1493
sub-010148,ep03,8,1841,1,1713
sub-010148,ep03,10,1841,1,1680
sub-010148,ep03,20,1841,1,1821
sub-010148,ep03,30,1841,1,1811
sub-010148,ep03,50,1841,1,1791
sub-010148,ep03,100,1841,1,1741
sub-010148,ep03,150,1841,1,1691
sub-010148,ep03,200,1841,1,1641
sub-010148,ep04,3,1359,1,159
sub-010148,ep04,5,1359,1,998
sub-010148,ep04,7,1359,1,1185
sub-010148,ep04,8,1359,1,1351
sub-010148,ep04,10,1359,1,1349
sub-010148,ep04,20,1359,1,1339
sub-010148,ep04,30,1359,1,1329
sub-010148,ep04,50,1359,1,1309
sub-010148,ep04,100,1359,1,1259
sub-010148,ep04,150,1359,1,1209
sub-010148,ep04,200,1359,1,1159
sub-010148,ep05,3,1398,1,93
sub-010148,ep05,5,1398,1,827
sub-010148,ep05,7,1398,1,1057
sub-010148,ep05,8,1398,1,1103
sub-010148,ep05,10,1398,1,1170
sub-010148,ep05,20,1398,1,1378
sub-010148,ep05,30,1398,1,1368
sub-010148,ep05,50,1398,1,1348
sub-010148,ep05,100,1398,1,1298
sub-010148,ep05,150,1398,1,1248
sub-010148,ep05,200,1398,1,1198
sub-010148,ep06,3,1333,1,341
sub-010148,ep06,5,1333,1,465
sub-010148,ep06,7,1333,1,1110
sub-010148,ep06,8,1333,1,1146
sub-010148,ep06,10,1333,1,1061
sub-010148,ep06,20,1333,1,1313
sub-010148,ep06,30,1333,1,1303
sub-010148,ep06,50,1333,1,1283
sub-010148,ep06,100,1333,1,1233
sub-010148,ep06,150,1333,1,1183
sub-010148,ep06,200,1333,1,1133
sub-010150,ep00,3,1555,1,248
sub-010150,ep00,5,1555,1,534
sub-010150,ep00,7,1555,1,1202
sub-010150,ep00,8,1555,1,1545
sub-010150,ep00,10,1555,1,1543
sub-010150,ep00,20,1555,1,1535
sub-010150,ep00,30,1555,1,1525
sub-010150,ep00,50,1555,1,1505
sub-010150,ep00,100,1555,1,1455
sub-010150,ep00,150,1555,1,1405
sub-010150,ep00,200,1555,1,1355
sub-010150,ep01,3,1624,1,40
sub-010150,ep01,5,1624,1,1129
sub-010150,ep01,7,1624,1,1128
sub-010150,ep01,8,1624,1,1118
sub-010150,ep01,10,1624,1,1614
sub-010150,ep01,20,1624,1,1604
sub-010150,ep01,30,1624,1,1594
sub-010150,ep01,50,1624,1,1574
sub-010150,ep01,100,1624,1,1524
sub-010150,ep01,150,1624,1,1474
sub-010150,ep01,200,1624,1,1424
sub-010150,ep02,3,1567,1,289
sub-010150,ep02,5,1567,1,762
sub-010150,ep02,7,1567,1,1560
sub-010150,ep02,8,1567,1,1558
sub-010150,ep02,10,1567,1,1557
sub-010150,ep02,20,1567,1,1547
sub-010150,ep02,30,1567,1,1537
sub-010150,ep02,50,1567,1,1517
sub-010150,ep02,100,1567,1,1467
sub-010150,ep02,150,1567,1,1417
sub-010150,ep02,200,1567,1,1367
sub-010150,ep03,3,1610,1,252
sub-010150,ep03,5,1610,1,928
sub-010150,ep03,7,1610,1,1603
sub-010150,ep03,8,1610,1,1602
sub-010150,ep03,10,1610,1,1600
sub-010150,ep03,20,1610,1,1590
sub-010150,ep03,30,1610,1,1580
sub-010150,ep03,50,1610,1,1560
sub-010150,ep03,100,1610,1,1510
sub-010150,ep03,150,1610,1,1460
sub-010150,ep03,200,1610,1,1410
sub-010150,ep04,3,1559,1,256
sub-010150,ep04,5,1559,1,732
sub-010150,ep04,7,1559,1,1544
sub-010150,ep04,8,1559,1,1547
sub-010150,ep04,10,1559,1,1549
sub-010150,ep04,20,1559,1,1539
sub-010150,ep04,30,1559,1,1529
sub-010150,ep04,50,1559,1,1509
sub-010150,ep04,100,1559,1,1459
sub-010150,ep04,150,1559,1,1409
sub-010150,ep04,200,1559,1,1359
sub-010150,ep05,3,1671,1,118
sub-010150,ep05,5,1671,1,705
sub-010150,ep05,7,1671,1,1165
sub-010150,ep05,8,1671,1,1663
sub-010150,ep05,10,1671,1,1139
sub-010150,ep05,20,1671,1,1651
sub-010150,ep05,30,1671,1,1641
sub-010150,ep05,50,1671,1,1621
sub-010150,ep05,100,1671,1,1571
sub-010150,ep05,150,1671,1,1521
sub-010150,ep05,200,1671,1,1471
sub-010150,ep06,3,1457,1,429
sub-010150,ep06,5,1457,1,667
sub-010150,ep06,7,1457,1,865
sub-010150,ep06,8,1457,1,1449
sub-010150,ep06,10,1457,1,1447
sub-010150,ep06,20,1457,1,1437
sub-010150,ep06,30,1457,1,1427
sub-010150,ep06,50,1457,1,1407
sub-010150,ep06,100,1457,1,1357
sub-010150,ep06,150,1457,1,1307
sub-010150,ep06,200,1457,1,1257
sub-010152,ep00,3,1395,1,50
sub-010152,ep00,5,1395,1,886
sub-010152,ep00,7,1395,1,1299
sub-010152,ep00,8,1395,1,1363
sub-010152,ep00,10,1395,1,1371
sub-010152,ep00,20,1395,1,1375
sub-010152,ep00,30,1395,1,1365
sub-010152,ep00,50,1395,1,1345
sub-010152,ep00,100,1395,1,1295
sub-010152,ep00,150,1395,1,1245
sub-010152,ep00,200,1395,1,1195
sub-010152,ep01,3,1375,1,250
sub-010152,ep01,5,1375,1,526
sub-010152,ep01,7,1375,1,620
sub-010152,ep01,8,1375,1,605
sub-010152,ep01,10,1375,1,1365
sub-010152,ep01,20,1375,1,1355
sub-010152,ep01,30,1375,1,1345
sub-010152,ep01,50,1375,1,1325
sub-010152,ep01,100,1375,1,1275
sub-010152,ep01,150,1375,1,1225
sub-010152,ep01,200,1375,1,1175
sub-010152,ep02,3,2402,1,143
sub-010152,ep02,5,2402,1,547
sub-010152,ep02,7,2402,1,2386
sub-010152,ep02,8,2402,1,2392
sub-010152,ep02,10,2402,1,2392
sub-010152,ep02,20,2402,1,2382
sub-010152,ep02,30,2402,1,2372
sub-010152,ep02,50,2402,1,2352
sub-010152,ep02,100,2402,1,2302
sub-010152,ep02,150,2402,1,2252
sub-010152,ep02,200,2402,1,2202
sub-010152,ep03,3,1365,1,116
sub-010152,ep03,5,1365,1,261
sub-010152,ep03,7,1365,1,495
sub-010152,ep03,8,1365,1,511
sub-010152,ep03,10,1365,1,1355
sub-010152,ep03,20,1365,1,1345
sub-010152,ep03,30,1365,1,1335
sub-010152,ep03,50,1365,1,1315
sub-010152,ep03,100,1365,1,1265
sub-010152,ep03,150,1365,1,1215
sub-010152,ep03,200,1365,1,1165
sub-010152,ep04,3,1380,1,59
sub-010152,ep04,5,1380,1,615
sub-010152,ep04,7,1380,1,625
sub-010152,ep04,8,1380,1,645
sub-010152,ep04,10,1380,1,655
sub-010152,ep04,20,1380,1,1360
sub-010152,ep04,30,1380,1,1350
sub-010152,ep04,50,1380,1,1330
sub-010152,ep04,100,1380,1,1280
sub-010152,ep04,150,1380,1,1230
sub-010152,ep04,200,1380,1,1180
sub-010152,ep05,3,1360,1,66
sub-010152,ep05,5,1360,1,405
sub-010152,ep05,7,1360,1,1352
sub-010152,ep05,8,1360,1,1352
sub-010152,ep05,10,1360,1,1350
sub-010152,ep05,20,1360,1,1340
sub-010152,ep05,30,1360,1,1330
sub-010152,ep05,50,1360,1,1310
sub-010152,ep05,100,1360,1,1260
sub-010152,ep05,150,1360,1,1210
sub-010152,ep05,200,1360,1,1160
sub-010152,ep06,3,1223,1,155
sub-010152,ep06,5,1223,1,538
sub-010152,ep06,7,1223,1,545
sub-010152,ep06,8,1223,1,678
sub-010152,ep06,10,1223,1,642
sub-010152,ep06,20,1223,1,1203
sub-010152,ep06,30,1223,1,1193
sub-010152,ep06,50,1223,1,1173
sub-010152,ep06,100,1223,1,1123
sub-010152,ep06,150,1223,1,1073
sub-010152,ep06,200,1223,1,1023
sub-010155,ep00,3,1360,1,604
sub-010155,ep00,5,1360,1,789
sub-010155,ep00,7,1360,1,1324
sub-010155,ep00,8,1360,1,1352
sub-010155,ep00,10,1360,1,1350
sub-010155,ep00,20,1360,1,1340
sub-010155,ep00,30,1360,1,1330
sub-010155,ep00,50,1360,1,1310
sub-010155,ep00,100,1360,1,1260
sub-010155,ep00,150,1360,1,1210
sub-010155,ep00,200,1360,1,1160
sub-010155,ep01,3,1452,1,369
sub-010155,ep01,5,1452,1,778
sub-010155,ep01,7,1452,1,946
sub-010155,ep01,8,1452,1,916
sub-010155,ep01,10,1452,1,1441
sub-010155,ep01,20,1452,1,1432
sub-010155,ep01,30,1452,1,1422
sub-010155,ep01,50,1452,1,1402
sub-010155,ep01,100,1452,1,1352
sub-010155,ep01,150,1452,1,1302
sub-010155,ep01,200,1452,1,1252
sub-010155,ep02,3,1343,1,404
sub-010155,ep02,5,1343,1,549
sub-010155,ep02,7,1343,1,858
sub-010155,ep02,8,1343,1,857
sub-010155,ep02,10,1343,1,861
sub-010155,ep02,20,1343,1,1323
sub-010155,ep02,30,1343,1,1313
sub-010155,ep02,50,1343,1,1293
sub-010155,ep02,100,1343,1,1243
sub-010155,ep02,150,1343,1,1193
sub-010155,ep02,200,1343,1,1143
sub-010155,ep03,3,1348,1,350
sub-010155,ep03,5,1348,1,656
sub-010155,ep03,7,1348,1,1272
sub-010155,ep03,8,1348,1,1280
sub-010155,ep03,10,1348,1,1338
sub-010155,ep03,20,1348,1,1328
sub-010155,ep03,30,1348,1,1318
sub-010155,ep03,50,1348,1,1298
sub-010155,ep03,100,1348,1,1248
sub-010155,ep03,150,1348,1,1198
sub-010155,ep03,200,1348,1,1148
sub-010155,ep04,3,1451,1,87
sub-010155,ep04,5,1451,1,934
sub-010155,ep04,7,1451,1,1444
sub-010155,ep04,8,1451,1,1443
sub-010155,ep04,10,1451,1,1441
sub-010155,ep04,20,1451,1,1431
sub-010155,ep04,30,1451,1,1421
sub-010155,ep04,50,1451,1,1401
sub-010155,ep04,100,1451,1,1351
sub-010155,ep04,150,1451,1,1301
sub-010155,ep04,200,1451,1,1251
sub-010155,ep05,3,1396,1,287
sub-010155,ep05,5,1396,1,803
sub-010155,ep05,7,1396,1,800
sub-010155,ep05,8,1396,1,1383
sub-010155,ep05,10,1396,1,1386
sub-010155,ep05,20,1396,1,1376
sub-010155,ep05,30,1396,1,1366
sub-010155,ep05,50,1396,1,1346
sub-010155,ep05,100,1396,1,1296
sub-010155,ep05,150,1396,1,1246
sub-010155,ep05,200,1396,1,1196
sub-010157,ep00,3,1437,1,119
sub-010157,ep00,5,1437,1,257
sub-010157,ep00,7,1437,1,1421
sub-010157,ep00,8,1437,1,1424
sub-010157,ep00,10,1437,1,1427
sub-010157,ep00,20,1437,1,1417
sub-010157,ep00,30,1437,1,1407
sub-010157,ep00,50,1437,1,1387
sub-010157,ep00,100,1437,1,1337
sub-010157,ep00,150,1437,1,1287
sub-010157,ep00,200,1437,1,1237
sub-010157,ep01,3,2026,1,55
sub-010157,ep01,5,2026,1,1034
sub-010157,ep01,7,2026,1,1055
sub-010157,ep01,8,2026,1,2017
sub-010157,ep01,10,2026,1,2016
sub-010157,ep01,20,2026,1,2006
sub-010157,ep01,30,2026,1,1996
sub-010157,ep01,50,2026,1,1976
sub-010157,ep01,100,2026,1,1926
sub-010157,ep01,150,2026,1,1876
sub-010157,ep01,200,2026,1,1826
sub-010157,ep02,3,1424,1,174
sub-010157,ep02,5,1424,1,555
sub-010157,ep02,7,1424,1,842
sub-010157,ep02,8,1424,1,1416
sub-010157,ep02,10,1424,1,1414
sub-010157,ep02,20,1424,1,1404
sub-010157,ep02,30,1424,1,1394
sub-010157,ep02,50,1424,1,1374
sub-010157,ep02,100,1424,1,1324
sub-010157,ep02,150,1424,1,1274
sub-010157,ep02,200,1424,1,1224
sub-010157,ep03,3,1503,1,213
sub-010157,ep03,5,1503,1,600
sub-010157,ep03,7,1503,1,1380
sub-010157,ep03,8,1503,1,1374
sub-010157,ep03,10,1503,1,1493
sub-010157,ep03,20,1503,1,1483
sub-010157,ep03,30,1503,1,1473
sub-010157,ep03,50,1503,1,1453
sub-010157,ep03,100,1503,1,1403
sub-010157,ep03,150,1503,1,1353
sub-010157,ep03,200,1503,1,1303
sub-010157,ep04,3,1686,1,196
sub-010157,ep04,5,1686,1,1309
sub-010157,ep04,7,1686,1,1677
sub-010157,ep04,8,1686,1,1678
sub-010157,ep04,10,1686,1,1676
sub-010157,ep04,20,1686,1,1666
sub-010157,ep04,30,1686,1,1656
sub-010157,ep04,50,1686,1,1636
sub-010157,ep04,100,1686,1,1586
sub-010157,ep04,150,1686,1,1536
sub-010157,ep04,200,1686,1,1486
sub-010157,ep05,3,1465,1,89
sub-010157,ep05,5,1465,1,494
sub-010157,ep05,7,1465,1,1458
sub-010157,ep05,8,1465,1,1457
sub-010157,ep05,10,1465,1,1455
sub-010157,ep05,20,1465,1,1445
sub-010157,ep05,30,1465,1,1435
sub-010157,ep05,50,1465,1,1415
sub-010157,ep05,100,1465,1,1365
sub-010157,ep05,150,1465,1,1315
sub-010157,ep05,200,1465,1,1265
sub-010162,ep00,3,1219,1,194
sub-010162,ep00,5,1219,1,744
sub-010162,ep00,7,1219,1,1042
sub-010162,ep00,8,1219,1,1062
sub-010162,ep00,10,1219,1,1209
sub-010162,ep00,20,1219,1,1199
sub-010162,ep00,30,1219,1,1189
sub-010162,ep00,50,1219,1,1169
sub-010162,ep00,100,1219,1,1119
sub-010162,ep00,150,1219,1,1069
sub-010162,ep00,200,1219,1,1019
sub-010162,ep01,3,1241,1,205
sub-010162,ep01,5,1241,1,725
sub-010162,ep01,7,1241,1,1196
sub-010162,ep01,8,1241,1,1206
sub-010162,ep01,10,1241,1,1197
sub-010162,ep01,20,1241,1,1221
sub-010162,ep01,30,1241,1,1211
sub-010162,ep01,50,1241,1,1191
sub-010162,ep01,100,1241,1,1141
sub-010162,ep01,150,1241,1,1091
sub-010162,ep01,200,1241,1,1041
sub-010162,ep02,3,1161,1,242
sub-010162,ep02,5,1161,1,611
sub-010162,ep02,7,1161,1,1146
sub-010162,ep02,8,1161,1,1153
sub-010162,ep02,10,1161,1,1151
sub-010162,ep02,20,1161,1,1141
sub-010162,ep02,30,1161,1,1131
sub-010162,ep02,50,1161,1,1111
sub-010162,ep02,100,1161,1,1061
sub-010162,ep02,150,1161,1,1011
sub-010162,ep02,200,1161,1,961
sub-010162,ep03,3,1192,1,223
sub-010162,ep03,5,1192,1,403
sub-010162,ep03,7,1192,1,1175
sub-010162,ep03,8,1192,1,1165
sub-010162,ep03,10,1192,1,1182
sub-010162,ep03,20,1192,1,1172
sub-010162,ep03,30,1192,1,1162
sub-010162,ep03,50,1192,1,1142
sub-010162,ep03,100,1192,1,1092
sub-010162,ep03,150,1192,1,1042
sub-010162,ep03,200,1192,1,992
sub-010162,ep04,3,1272,1,357
sub-010162,ep04,5,1272,1,1130
sub-010162,ep04,7,1272,1,1225
sub-010162,ep04,8,1272,1,1230
sub-010162,ep04,10,1272,1,1262
sub-010162,ep04,20,1272,1,1252
sub-010162,ep04,30,1272,1,1242
sub-010162,ep04,50,1272,1,1222
sub-010162,ep04,100,1272,1,1172
sub-010162,ep04,150,1272,1,1122
sub-010162,ep04,200,1272,1,1072
sub-010162,ep05,3,1380,1,200
sub-010162,ep05,5,1380,1,674
sub-010162,ep05,7,1380,1,606
sub-010162,ep05,8,1380,1,1294
sub-010162,ep05,10,1380,1,1366
sub-010162,ep05,20,1380,1,1360
sub-010162,ep05,30,1380,1,1350
sub-010162,ep05,50,1380,1,1330
sub-010162,ep05,100,1380,1,1280
sub-010162,ep05,150,1380,1,1230
sub-010162,ep05,200,1380,1,1180
sub-010162,ep06,3,1142,1,293
sub-010162,ep06,5,1142,1,506
sub-010162,ep06,7,1142,1,1109
sub-010162,ep06,8,1142,1,1111
sub-010162,ep06,10,1142,1,1109
sub-010162,ep06,20,1142,1,1122
sub-010162,ep06,30,1142,1,1112
sub-010162,ep06,50,1142,1,1092
sub-010162,ep06,100,1142,1,1042
sub-010162,ep06,150,1142,1,992
sub-010162,ep06,200,1142,1,942
sub-010163,ep00,3,1569,1,326
sub-010163,ep00,5,1569,1,374
sub-010163,ep00,7,1569,1,995
sub-010163,ep00,8,1569,1,1006
sub-010163,ep00,10,1569,1,1007
sub-010163,ep00,20,1569,1,1549
sub-010163,ep00,30,1569,1,1539
sub-010163,ep00,50,1569,1,1519
sub-010163,ep00,100,1569,1,1469
sub-010163,ep00,150,1569,1,1419
sub-010163,ep00,200,1569,1,1369
sub-010163,ep01,3,1554,1,236
sub-010163,ep01,5,1554,1,1101
sub-010163,ep01,7,1554,1,1060
sub-010163,ep01,8,1554,1,1029
sub-010163,ep01,10,1554,1,1041
sub-010163,ep01,20,1554,1,1534
sub-010163,ep01,30,1554,1,1524
sub-010163,ep01,50,1554,1,1504
sub-010163,ep01,100,1554,1,1454
sub-010163,ep01,150,1554,1,1404
sub-010163,ep01,200,1554,1,1354
sub-010163,ep02,3,1482,1,186
sub-010163,ep02,5,1482,1,554
sub-010163,ep02,7,1482,1,1163
sub-010163,ep02,8,1482,1,1178
sub-010163,ep02,10,1482,1,1452
sub-010163,ep02,20,1482,1,1462
sub-010163,ep02,30,1482,1,1452
sub-010163,ep02,50,1482,1,1432
sub-010163,ep02,100,1482,1,1382
sub-010163,ep02,150,1482,1,1332
sub-010163,ep02,200,1482,1,1282
sub-010163,ep03,3,1518,1,144
sub-010163,ep03,5,1518,1,846
sub-010163,ep03,7,1518,1,1364
sub-010163,ep03,8,1518,1,1387
sub-010163,ep03,10,1518,1,1508
sub-010163,ep03,20,1518,1,1498
sub-010163,ep03,30,1518,1,1488
sub-010163,ep03,50,1518,1,1468
sub-010163,ep03,100,1518,1,1418
sub-010163,ep03,150,1518,1,1368
sub-010163,ep03,200,1518,1,1318
sub-010163,ep04,3,1482,1,185
sub-010163,ep04,5,1482,1,531
sub-010163,ep04,7,1482,1,1134
sub-010163,ep04,8,1482,1,1471
sub-010163,ep04,10,1482,1,1472
sub-010163,ep04,20,1482,1,1462
sub-010163,ep04,30,1482,1,1452
sub-010163,ep04,50,1482,1,1432
sub-010163,ep04,100,1482,1,1382
sub-010163,ep04,150,1482,1,1332
sub-010163,ep04,200,1482,1,1282
sub-010163,ep05,3,1567,1,140
sub-010163,ep05,5,1567,1,744
sub-010163,ep05,7,1567,1,1505
sub-010163,ep05,8,1567,1,1516
sub-010163,ep05,10,1567,1,1557
sub-010163,ep05,20,1567,1,1547
sub-010163,ep05,30,1567,1,1537
sub-010163,ep05,50,1567,1,1517
sub-010163,ep05,100,1567,1,1467
sub-010163,ep05,150,1567,1,1417
sub-010163,ep05,200,1567,1,1367
sub-010163,ep06,3,1302,1,57
sub-010163,ep06,5,1302,1,784
sub-010163,ep06,7,1302,1,1285
sub-010163,ep06,8,1302,1,1285
sub-010163,ep06,10,1302,1,1292
sub-010163,ep06,20,1302,1,1282
sub-010163,ep06,30,1302,1,1272
sub-010163,ep06,50,1302,1,1252
sub-010163,ep06,100,1302,1,1202
sub-010163,ep06,150,1302,1,1152
sub-010163,ep06,200,1302,1,1102
sub-010164,ep00,3,1513,1,275
sub-010164,ep00,5,1513,1,436
sub-010164,ep00,7,1513,1,1452
sub-010164,ep00,8,1513,1,1505
sub-010164,ep00,10,1513,1,1503
sub-010164,ep00,20,1513,1,1493
sub-010164,ep00,30,1513,1,1483
sub-010164,ep00,50,1513,1,1463
sub-010164,ep00,100,1513,1,1413
sub-010164,ep00,150,1513,1,1363
sub-010164,ep00,200,1513,1,1313
sub-010164,ep01,3,1490,1,304
sub-010164,ep01,5,1490,1,815
sub-010164,ep01,7,1490,1,1463
sub-010164,ep01,8,1490,1,1468
sub-010164,ep01,10,1490,1,1480
sub-010164,ep01,20,1490,1,1470
sub-010164,ep01,30,1490,1,1460
sub-010164,ep01,50,1490,1,1440
sub-010164,ep01,100,1490,1,1390
sub-010164,ep01,150,1490,1,1340
sub-010164,ep01,200,1490,1,1290
sub-010164,ep02,3,1575,1,175
sub-010164,ep02,5,1575,1,1193
sub-010164,ep02,7,1575,1,1568
sub-010164,ep02,8,1575,1,1567
sub-010164,ep02,10,1575,1,1565
sub-010164,ep02,20,1575,1,1555
sub-010164,ep02,30,1575,1,1545
sub-010164,ep02,50,1575,1,1525
sub-010164,ep02,100,1575,1,1475
sub-010164,ep02,150,1575,1,1425
sub-010164,ep02,200,1575,1,1375
sub-010164,ep03,3,1456,1,351
sub-010164,ep03,5,1456,1,1180
sub-010164,ep03,7,1456,1,1293
sub-010164,ep03,8,1456,1,1393
sub-010164,ep03,10,1456,1,1392
sub-010164,ep03,20,1456,1,1436
sub-010164,ep03,30,1456,1,1426
sub-010164,ep03,50,1456,1,1406
sub-010164,ep03,100,1456,1,1356
sub-010164,ep03,150,1456,1,1306
sub-010164,ep03,200,1456,1,1256
sub-010164,ep04,3,1646,1,187
sub-010164,ep04,5,1646,1,799
sub-010164,ep04,7,1646,1,1639
sub-010164,ep04,8,1646,1,1638
sub-010164,ep04,10,1646,1,1635
sub-010164,ep04,20,1646,1,1626
sub-010164,ep04,30,1646,1,1616
sub-010164,ep04,50,1646,1,1596
sub-010164,ep04,100,1646,1,1546
sub-010164,ep04,150,1646,1,1496
sub-010164,ep04,200,1646,1,1446
sub-010164,ep05,3,1454,1,217
sub-010164,ep05,5,1454,1,810
sub-010164,ep05,7,1454,1,1313
sub-010164,ep05,8,1454,1,1446
sub-010164,ep05,10,1454,1,1444
sub-010164,ep05,20,1454,1,1434
sub-010164,ep05,30,1454,1,1424
sub-010164,ep05,50,1454,1,1404
sub-010164,ep05,100,1454,1,1353
sub-010164,ep05,150,1454,1,1304
sub-010164,ep05,200,1454,1,1254
sub-010165,ep00,3,1223,1,259
sub-010165,ep00,5,1223,1,700
sub-010165,ep00,7,1223,1,1215
sub-010165,ep00,8,1223,1,1214
sub-010165,ep00,10,1223,1,1213
sub-010165,ep00,20,1223,1,1203
sub-010165,ep00,30,1223,1,1193
sub-010165,ep00,50,1223,1,1173
sub-010165,ep00,100,1223,1,1123
sub-010165,ep00,150,1223,1,1073
sub-010165,ep00,200,1223,1,1023
sub-010165,ep01,3,1276,1,307
sub-010165,ep01,5,1276,1,711
sub-010165,ep01,7,1276,1,816
sub-010165,ep01,8,1276,1,1268
sub-010165,ep01,10,1276,1,1266
sub-010165,ep01,20,1276,1,1256
sub-010165,ep01,30,1276,1,1246
sub-010165,ep01,50,1276,1,1226
sub-010165,ep01,100,1276,1,1176
sub-010165,ep01,150,1276,1,1126
sub-010165,ep01,200,1276,1,1076
sub-010165,ep02,3,1264,1,278
sub-010165,ep02,5,1264,1,259
sub-010165,ep02,7,1264,1,1257
sub-010165,ep02,8,1264,1,1254
sub-010165,ep02,10,1264,1,1254
sub-010165,ep02,20,1264,1,1244
sub-010165,ep02,30,1264,1,1234
sub-010165,ep02,50,1264,1,1214
sub-010165,ep02,100,1264,1,1164
sub-010165,ep02,150,1264,1,1114
sub-010165,ep02,200,1264,1,1064
sub-010165,ep03,3,1286,1,321
sub-010165,ep03,5,1286,1,335
sub-010165,ep03,7,1286,1,387
sub-010165,ep03,8,1286,1,1253
sub-010165,ep03,10,1286,1,1276
sub-010165,ep03,20,1286,1,1265
sub-010165,ep03,30,1286,1,1256
sub-010165,ep03,50,1286,1,1236
sub-010165,ep03,100,1286,1,1186
sub-010165,ep03,150,1286,1,1136
sub-010165,ep03,200,1286,1,1086
sub-010165,ep04,3,1295,1,46
sub-010165,ep04,5,1295,1,383
sub-010165,ep04,7,1295,1,1256
sub-010165,ep04,8,1295,1,1284
sub-010165,ep04,10,1295,1,1285
sub-010165,ep04,20,1295,1,1275
sub-010165,ep04,30,1295,1,1265
sub-010165,ep04,50,1295,1,1245
sub-010165,ep04,100,1295,1,1195
sub-010165,ep04,150,1295,1,1145
sub-010165,ep04,200,1295,1,1095
sub-010165,ep05,3,1281,1,242
sub-010165,ep05,5,1281,1,668
sub-010165,ep05,7,1281,1,1254
sub-010165,ep05,8,1281,1,1247
sub-010165,ep05,10,1281,1,1271
sub-010165,ep05,20,1281,1,1261
sub-010165,ep05,30,1281,1,1251
sub-010165,ep05,50,1281,1,1231
sub-010165,ep05,100,1281,1,1181
sub-010165,ep05,150,1281,1,1131
sub-010165,ep05,200,1281,1,1081
sub-010165,ep06,3,1200,1,342
sub-010165,ep06,5,1200,1,406
sub-010165,ep06,7,1200,1,862
sub-010165,ep06,8,1200,1,1192
sub-010165,ep06,10,1200,1,1190
sub-010165,ep06,20,1200,1,1180
sub-010165,ep06,30,1200,1,1170
sub-010165,ep06,50,1200,1,1150
sub-010165,ep06,100,1200,1,1100
sub-010165,ep06,150,1200,1,1050
sub-010165,ep06,200,1200,1,1000
sub-010166,ep00,3,1377,1,409
sub-010166,ep00,5,1377,1,639
sub-010166,ep00,7,1377,1,747
sub-010166,ep00,8,1377,1,1311
sub-010166,ep00,10,1377,1,1366
sub-010166,ep00,20,1377,1,1357
sub-010166,ep00,30,1377,1,1347
sub-010166,ep00,50,1377,1,1327
sub-010166,ep00,100,1377,1,1277
sub-010166,ep00,150,1377,1,1227
sub-010166,ep00,200,1377,1,1177
sub-010166,ep01,3,1448,1,356
sub-010166,ep01,5,1448,1,660
sub-010166,ep01,7,1448,1,642
sub-010166,ep01,8,1448,1,748
sub-010166,ep01,10,1448,1,1399
sub-010166,ep01,20,1448,1,1428
sub-010166,ep01,30,1448,1,1418
sub-010166,ep01,50,1448,1,1398
sub-010166,ep01,100,1448,1,1348
sub-010166,ep01,150,1448,1,1298
sub-010166,ep01,200,1448,1,1248
sub-010166,ep02,3,1538,1,562
sub-010166,ep02,5,1538,1,755
sub-010166,ep02,7,1538,1,762
sub-010166,ep02,8,1538,1,821
sub-010166,ep02,10,1538,1,782
sub-010166,ep02,20,1538,1,1518
sub-010166,ep02,30,1538,1,1508
sub-010166,ep02,50,1538,1,1488
sub-010166,ep02,100,1538,1,1438
sub-010166,ep02,150,1538,1,1388
sub-010166,ep02,200,1538,1,1338
sub-010166,ep03,3,1379,1,433
sub-010166,ep03,5,1379,1,674
sub-010166,ep03,7,1379,1,1217
sub-010166,ep03,8,1379,1,1321
sub-010166,ep03,10,1379,1,1369
sub-010166,ep03,20,1379,1,1357
sub-010166,ep03,30,1379,1,1349
sub-010166,ep03,50,1379,1,1329
sub-010166,ep03,100,1379,1,1279
sub-010166,ep03,150,1379,1,1229
sub-010166,ep03,200,1379,1,1179
sub-010166,ep04,3,1368,1,328
sub-010166,ep04,5,1368,1,744
sub-010166,ep04,7,1368,1,786
sub-010166,ep04,8,1368,1,1359
sub-010166,ep04,10,1368,1,1357
sub-010166,ep04,20,1368,1,1347
sub-010166,ep04,30,1368,1,1338
sub-010166,ep04,50,1368,1,1318
sub-010166,ep04,100,1368,1,1268
sub-010166,ep04,150,1368,1,1218
sub-010166,ep04,200,1368,1,1168
sub-010166,ep05,3,1357,1,233
sub-010166,ep05,5,1357,1,499
sub-010166,ep05,7,1357,1,983
sub-010166,ep05,8,1357,1,1282
sub-010166,ep05,10,1357,1,1347
sub-010166,ep05,20,1357,1,1335
sub-010166,ep05,30,1357,1,1327
sub-010166,ep05,50,1357,1,1307
sub-010166,ep05,100,1357,1,1257
sub-010166,ep05,150,1357,1,1207
sub-010166,ep05,200,1357,1,1157
sub-010166,ep06,3,1211,1,85
sub-010166,ep06,5,1211,1,841
sub-010166,ep06,7,1211,1,975
sub-010166,ep06,8,1211,1,1119
sub-010166,ep06,10,1211,1,1194
sub-010166,ep06,20,1211,1,1191
sub-010166,ep06,30,1211,1,1181
sub-010166,ep06,50,1211,1,1161
sub-010166,ep06,100,1211,1,1111
sub-010166,ep06,150,1211,1,1061
sub-010166,ep06,200,1211,1,1011
sub-010168,ep00,3,1386,1,264
sub-010168,ep00,5,1386,1,607
sub-010168,ep00,7,1386,1,1287
sub-010168,ep00,8,1386,1,1374
sub-010168,ep00,10,1386,1,1374
sub-010168,ep00,20,1386,1,1366
sub-010168,ep00,30,1386,1,1356
sub-010168,ep00,50,1386,1,1336
sub-010168,ep00,100,1386,1,1286
sub-010168,ep00,150,1386,1,1236
sub-010168,ep00,200,1386,1,1186
sub-010168,ep01,3,1380,1,339
sub-010168,ep01,5,1380,1,426
sub-010168,ep01,7,1380,1,1373
sub-010168,ep01,8,1380,1,1372
sub-010168,ep01,10,1380,1,1370
sub-010168,ep01,20,1380,1,1360
sub-010168,ep01,30,1380,1,1350
sub-010168,ep01,50,1380,1,1330
sub-010168,ep01,100,1380,1,1280
sub-010168,ep01,150,1380,1,1230
sub-010168,ep01,200,1380,1,1180
sub-010168,ep02,3,1366,1,107
sub-010168,ep02,5,1366,1,606
sub-010168,ep02,7,1366,1,1343
sub-010168,ep02,8,1366,1,1343
sub-010168,ep02,10,1366,1,1356
sub-010168,ep02,20,1366,1,1346
sub-010168,ep02,30,1366,1,1336
sub-010168,ep02,50,1366,1,1316
sub-010168,ep02,100,1366,1,1266
sub-010168,ep02,150,1366,1,1216
sub-010168,ep02,200,1366,1,1166
sub-010168,ep03,3,1380,1,375
sub-010168,ep03,5,1380,1,426
sub-010168,ep03,7,1380,1,1373
sub-010168,ep03,8,1380,1,1372
sub-010168,ep03,10,1380,1,1370
sub-010168,ep03,20,1380,1,1360
sub-010168,ep03,30,1380,1,1350
sub-010168,ep03,50,1380,1,1330
sub-010168,ep03,100,1380,1,1280
sub-010168,ep03,150,1380,1,1230
sub-010168,ep03,200,1380,1,1180
sub-010168,ep04,3,1305,1,126
sub-010168,ep04,5,1305,1,1299
sub-010168,ep04,7,1305,1,1298
sub-010168,ep04,8,1305,1,1297
sub-010168,ep04,10,1305,1,1294
sub-010168,ep04,20,1305,1,1285
sub-010168,ep04,30,1305,1,1275
sub-010168,ep04,50,1305,1,1255
sub-010168,ep04,100,1305,1,1205
sub-010168,ep04,150,1305,1,1155
sub-010168,ep04,200,1305,1,1105
sub-010168,ep05,3,1392,1,251
sub-010168,ep05,5,1392,1,684
sub-010168,ep05,7,1392,1,1385
sub-010168,ep05,8,1392,1,1382
sub-010168,ep05,10,1392,1,1380
sub-010168,ep05,20,1392,1,1372
sub-010168,ep05,30,1392,1,1362
sub-010168,ep05,50,1392,1,1342
sub-010168,ep05,100,1392,1,1292
sub-010168,ep05,150,1392,1,1242
sub-010168,ep05,200,1392,1,1192
sub-010168,ep06,3,1254,1,286
sub-010168,ep06,5,1254,1,1232
sub-010168,ep06,7,1254,1,1247
sub-010168,ep06,8,1254,1,1246
sub-010168,ep06,10,1254,1,1244
sub-010168,ep06,20,1254,1,1234
sub-010168,ep06,30,1254,1,1224
sub-010168,ep06,50,1254,1,1204
sub-010168,ep06,100,1254,1,1154
sub-010168,ep06,150,1254,1,1104
sub-010168,ep06,200,1254,1,1054
sub-010170,ep00,3,1501,1,291
sub-010170,ep00,5,1501,1,629
sub-010170,ep00,7,1501,1,898
sub-010170,ep00,8,1501,1,909
sub-010170,ep00,10,1501,1,1491
sub-010170,ep00,20,1501,1,1481
sub-010170,ep00,30,1501,1,1471
sub-010170,ep00,50,1501,1,1451
sub-010170,ep00,100,1501,1,1401
sub-010170,ep00,150,1501,1,1351
sub-010170,ep00,200,1501,1,1301
sub-010170,ep01,3,1343,1,252
sub-010170,ep01,5,1343,1,947
sub-010170,ep01,7,1343,1,872
sub-010170,ep01,8,1343,1,853
sub-010170,ep01,10,1343,1,1332
sub-010170,ep01,20,1343,1,1323
sub-010170,ep01,30,1343,1,1313
sub-010170,ep01,50,1343,1,1293
sub-010170,ep01,100,1343,1,1243
sub-010170,ep01,150,1343,1,1193
sub-010170,ep01,200,1343,1,1143
sub-010170,ep02,3,1410,1,277
sub-010170,ep02,5,1410,1,837
sub-010170,ep02,7,1410,1,880
sub-010170,ep02,8,1410,1,1389
sub-010170,ep02,10,1410,1,1400
sub-010170,ep02,20,1410,1,1390
sub-010170,ep02,30,1410,1,1380
sub-010170,ep02,50,1410,1,1360
sub-010170,ep02,100,1410,1,1310
sub-010170,ep02,150,1410,1,1260
sub-010170,ep02,200,1410,1,1210
sub-010170,ep03,3,1347,1,173
sub-010170,ep03,5,1347,1,885
sub-010170,ep03,7,1347,1,1318
sub-010170,ep03,8,1347,1,1339
sub-010170,ep03,10,1347,1,1337
sub-010170,ep03,20,1347,1,1327
sub-010170,ep03,30,1347,1,1317
sub-010170,ep03,50,1347,1,1297
sub-010170,ep03,100,1347,1,1247
sub-010170,ep03,150,1347,1,1197
sub-010170,ep03,200,1347,1,1147
sub-010170,ep04,3,1985,1,470
sub-010170,ep04,5,1985,1,1101
sub-010170,ep04,7,1985,1,1978
sub-010170,ep04,8,1985,1,1977
sub-010170,ep04,10,1985,1,1975
sub-010170,ep04,20,1985,1,1965
sub-010170,ep04,30,1985,1,1955
sub-010170,ep04,50,1985,1,1935
sub-010170,ep04,100,1985,1,1885
sub-010170,ep04,150,1985,1,1835
sub-010170,ep04,200,1985,1,1785
sub-010170,ep05,3,1355,1,363
sub-010170,ep05,5,1355,1,907
sub-010170,ep05,7,1355,1,1348
sub-010170,ep05,8,1355,1,1347
sub-010170,ep05,10,1355,1,1344
sub-010170,ep05,20,1355,1,1335
sub-010170,ep05,30,1355,1,1325
sub-010170,ep05,50,1355,1,1305
sub-010170,ep05,100,1355,1,1255
sub-010170,ep05,150,1355,1,1205
sub-010170,ep05,200,1355,1,1155
sub-010170,ep06,3,1243,1,268
sub-010170,ep06,5,1243,1,927
sub-010170,ep06,7,1243,1,1236
sub-010170,ep06,8,1243,1,1235
sub-010170,ep06,10,1243,1,1233
sub-010170,ep06,20,1243,1,1223
sub-010170,ep06,30,1243,1,1213
sub-010170,ep06,50,1243,1,1193
sub-010170,ep06,100,1243,1,1143
sub-010170,ep06,150,1243,1,1093
sub-010170,ep06,200,1243,1,1043
sub-010176,ep00,3,1438,1,331
sub-010176,ep00,5,1438,1,541
sub-010176,ep00,7,1438,1,849
sub-010176,ep00,8,1438,1,1430
sub-010176,ep00,10,1438,1,1426
sub-010176,ep00,20,1438,1,1418
sub-010176,ep00,30,1438,1,1408
sub-010176,ep00,50,1438,1,1388
sub-010176,ep00,100,1438,1,1338
sub-010176,ep00,150,1438,1,1288
sub-010176,ep00,200,1438,1,1238
sub-010176,ep01,3,1376,1,81
sub-010176,ep01,5,1376,1,800
sub-010176,ep01,7,1376,1,1367
sub-010176,ep01,8,1376,1,1368
sub-010176,ep01,10,1376,1,1366
sub-010176,ep01,20,1376,1,1356
sub-010176,ep01,30,1376,1,1346
sub-010176,ep01,50,1376,1,1326
sub-010176,ep01,100,1376,1,1276
sub-010176,ep01,150,1376,1,1226
sub-010176,ep01,200,1376,1,1176
sub-010176,ep02,3,1406,1,309
sub-010176,ep02,5,1406,1,872
sub-010176,ep02,7,1406,1,1352
sub-010176,ep02,8,1406,1,1357
sub-010176,ep02,10,1406,1,1396
sub-010176,ep02,20,1406,1,1386
sub-010176,ep02,30,1406,1,1376
sub-010176,ep02,50,1406,1,1356
sub-010176,ep02,100,1406,1,1306
sub-010176,ep02,150,1406,1,1256
sub-010176,ep02,200,1406,1,1206
sub-010176,ep03,3,1462,1,275
sub-010176,ep03,5,1462,1,613
sub-010176,ep03,7,1462,1,1414
sub-010176,ep03,8,1462,1,1424
sub-010176,ep03,10,1462,1,1428
sub-010176,ep03,20,1462,1,1442
sub-010176,ep03,30,1462,1,1432
sub-010176,ep03,50,1462,1,1412
sub-010176,ep03,100,1462,1,1362
sub-010176,ep03,150,1462,1,1312
sub-010176,ep03,200,1462,1,1262
sub-010176,ep04,3,1394,1,316
sub-010176,ep04,5,1394,1,531
sub-010176,ep04,7,1394,1,1372
sub-010176,ep04,8,1394,1,1374
sub-010176,ep04,10,1394,1,1382
sub-010176,ep04,20,1394,1,1374
sub-010176,ep04,30,1394,1,1364
sub-010176,ep04,50,1394,1,1344
sub-010176,ep04,100,1394,1,1294
sub-010176,ep04,150,1394,1,1244
sub-010176,ep04,200,1394,1,1194
sub-010176,ep05,3,1424,1,123
sub-010176,ep05,5,1424,1,585
sub-010176,ep05,7,1424,1,1385
sub-010176,ep05,8,1424,1,1416
sub-010176,ep05,10,1424,1,1414
sub-010176,ep05,20,1424,1,1404
sub-010176,ep05,30,1424,1,1394
sub-010176,ep05,50,1424,1,1374
sub-010176,ep05,100,1424,1,1324
sub-010176,ep05,150,1424,1,1274
sub-010176,ep05,200,1424,1,1224
sub-010176,ep06,3,1360,1,67
sub-010176,ep06,5,1360,1,613
sub-010176,ep06,7,1360,1,926
sub-010176,ep06,8,1360,1,1351
sub-010176,ep06,10,1360,1,1350
sub-010176,ep06,20,1360,1,1340
sub-010176,ep06,30,1360,1,1330
sub-010176,ep06,50,1360,1,1310
sub-010176,ep06,100,1360,1,1260
sub-010176,ep06,150,1360,1,1210
sub-010176,ep06,200,1360,1,1160
sub-010183,ep00,3,1525,1,250
sub-010183,ep00,5,1525,1,1024
sub-010183,ep00,7,1525,1,1027
sub-010183,ep00,8,1525,1,965
sub-010183,ep00,10,1525,1,1513
sub-010183,ep00,20,1525,1,1505
sub-010183,ep00,30,1525,1,1495
sub-010183,ep00,50,1525,1,1475
sub-010183,ep00,100,1525,1,1425
sub-010183,ep00,150,1525,1,1375
sub-010183,ep00,200,1525,1,1325
sub-010183,ep01,3,1490,1,237
sub-010183,ep01,5,1490,1,847
sub-010183,ep01,7,1490,1,1462
sub-010183,ep01,8,1490,1,1458
sub-010183,ep01,10,1490,1,1480
sub-010183,ep01,20,1490,1,1470
sub-010183,ep01,30,1490,1,1460
sub-010183,ep01,50,1490,1,1440
sub-010183,ep01,100,1490,1,1390
sub-010183,ep01,150,1490,1,1340
sub-010183,ep01,200,1490,1,1290
sub-010183,ep02,3,1476,1,193
sub-010183,ep02,5,1476,1,1099
sub-010183,ep02,7,1476,1,1402
sub-010183,ep02,8,1476,1,1442
sub-010183,ep02,10,1476,1,1452
sub-010183,ep02,20,1476,1,1456
sub-010183,ep02,30,1476,1,1446
sub-010183,ep02,50,1476,1,1426
sub-010183,ep02,100,1476,1,1376
sub-010183,ep02,150,1476,1,1326
sub-010183,ep02,200,1476,1,1276
sub-010183,ep03,3,1618,1,628
sub-010183,ep03,5,1618,1,894
sub-010183,ep03,7,1618,1,857
sub-010183,ep03,8,1618,1,1610
sub-010183,ep03,10,1618,1,1608
sub-010183,ep03,20,1618,1,1598
sub-010183,ep03,30,1618,1,1588
sub-010183,ep03,50,1618,1,1568
sub-010183,ep03,100,1618,1,1518
sub-010183,ep03,150,1618,1,1468
sub-010183,ep03,200,1618,1,1418
sub-010183,ep04,3,1459,1,497
sub-010183,ep04,5,1459,1,615
sub-010183,ep04,7,1459,1,1439
sub-010183,ep04,8,1459,1,1438
sub-010183,ep04,10,1459,1,1449
sub-010183,ep04,20,1459,1,1439
sub-010183,ep04,30,1459,1,1429
sub-010183,ep04,50,1459,1,1409
sub-010183,ep04,100,1459,1,1359
sub-010183,ep04,150,1459,1,1309
sub-010183,ep04,200,1459,1,1259
sub-010183,ep05,3,1354,1,294
sub-010183,ep05,5,1354,1,672
sub-010183,ep05,7,1354,1,1086
sub-010183,ep05,8,1354,1,1241
sub-010183,ep05,10,1354,1,1344
sub-010183,ep05,20,1354,1,1334
sub-010183,ep05,30,1354,1,1324
sub-010183,ep05,50,1354,1,1304
sub-010183,ep05,100,1354,1,1254
sub-010183,ep05,150,1354,1,1204
sub-010183,ep05,200,1354,1,1154
sub-010183,ep06,3,1328,1,602
sub-010183,ep06,5,1328,1,802
sub-010183,ep06,7,1328,1,856
sub-010183,ep06,8,1328,1,1054
sub-010183,ep06,10,1328,1,1220
sub-010183,ep06,20,1328,1,1308
sub-010183,ep06,30,1328,1,1298
sub-010183,ep06,50,1328,1,1278
sub-010183,ep06,100,1328,1,1228
sub-010183,ep06,150,1328,1,1178
sub-010183,ep06,200,1328,1,1128
sub-010191,ep00,3,1433,1,186
sub-010191,ep00,5,1433,1,424
sub-010191,ep00,7,1433,1,445
sub-010191,ep00,8,1433,1,1398
sub-010191,ep00,10,1433,1,1399
sub-010191,ep00,20,1433,1,1407
sub-010191,ep00,30,1433,1,1403
sub-010191,ep00,50,1433,1,1383
sub-010191,ep00,100,1433,1,1333
sub-010191,ep00,150,1433,1,1283
sub-010191,ep00,200,1433,1,1233
sub-010191,ep01,3,1437,1,212
sub-010191,ep01,5,1437,1,1345
sub-010191,ep01,7,1437,1,1404
sub-010191,ep01,8,1437,1,1387
sub-010191,ep01,10,1437,1,1420
sub-010191,ep01,20,1437,1,1417
sub-010191,ep01,30,1437,1,1407
sub-010191,ep01,50,1437,1,1387
sub-010191,ep01,100,1437,1,1337
sub-010191,ep01,150,1437,1,1287
sub-010191,ep01,200,1437,1,1237
sub-010191,ep02,3,2133,1,89
sub-010191,ep02,5,2133,1,723
sub-010191,ep02,7,2133,1,1987
sub-010191,ep02,8,2133,1,816
sub-010191,ep02,10,2133,1,2122
sub-010191,ep02,20,2133,1,2113
sub-010191,ep02,30,2133,1,2103
sub-010191,ep02,50,2133,1,2083
sub-010191,ep02,100,2133,1,2033
sub-010191,ep02,150,2133,1,1983
sub-010191,ep02,200,2133,1,1933
sub-010191,ep03,3,1374,1,230
sub-010191,ep03,5,1374,1,915
sub-010191,ep03,7,1374,1,1329
sub-010191,ep03,8,1374,1,1323
sub-010191,ep03,10,1374,1,1341
sub-010191,ep03,20,1374,1,1354
sub-010191,ep03,30,1374,1,1344
sub-010191,ep03,50,1374,1,1324
sub-010191,ep03,100,1374,1,1274
sub-010191,ep03,150,1374,1,1224
sub-010191,ep03,200,1374,1,1174
sub-010191,ep04,3,1632,1,358
sub-010191,ep04,5,1632,1,464
sub-010191,ep04,7,1632,1,1001
sub-010191,ep04,8,1632,1,1527
sub-010191,ep04,10,1632,1,1622
sub-010191,ep04,20,1632,1,1612
sub-010191,ep04,30,1632,1,1602
sub-010191,ep04,50,1632,1,1582
sub-010191,ep04,100,1632,1,1532
sub-010191,ep04,150,1632,1,1482
sub-010191,ep04,200,1632,1,1432
sub-010191,ep05,3,1338,1,157
sub-010191,ep05,5,1338,1,593
sub-010191,ep05,7,1338,1,1331
sub-010191,ep05,8,1338,1,1330
sub-010191,ep05,10,1338,1,1328
sub-010191,ep05,20,1338,1,1318
sub-010191,ep05,30,1338,1,1308
sub-010191,ep05,50,1338,1,1288
sub-010191,ep05,100,1338,1,1238
sub-010191,ep05,150,1338,1,1188
sub-010191,ep05,200,1338,1,1138
sub-010191,ep06,3,1221,1,230
sub-010191,ep06,5,1221,1,441
sub-010191,ep06,7,1221,1,1214
sub-010191,ep06,8,1221,1,1213
sub-010191,ep06,10,1221,1,1211
sub-010191,ep06,20,1221,1,1201
sub-010191,ep06,30,1221,1,1191
sub-010191,ep06,50,1221,1,1171
sub-010191,ep06,100,1221,1,1121
sub-010191,ep06,150,1221,1,1071
sub-010191,ep06,200,1221,1,1021
sub-010192,ep00,3,1487,1,147
sub-010192,ep00,5,1487,1,608
sub-010192,ep00,7,1487,1,1469
sub-010192,ep00,8,1487,1,1465
sub-010192,ep00,10,1487,1,1475
sub-010192,ep00,20,1487,1,1467
sub-010192,ep00,30,1487,1,1457
sub-010192,ep00,50,1487,1,1437
sub-010192,ep00,100,1487,1,1387
sub-010192,ep00,150,1487,1,1337
sub-010192,ep00,200,1487,1,1287
sub-010192,ep01,3,1504,1,61
sub-010192,ep01,5,1504,1,558
sub-010192,ep01,7,1504,1,1497
sub-010192,ep01,8,1504,1,1496
sub-010192,ep01,10,1504,1,1494
sub-010192,ep01,20,1504,1,1484
sub-010192,ep01,30,1504,1,1474
sub-010192,ep01,50,1504,1,1454
sub-010192,ep01,100,1504,1,1404
sub-010192,ep01,150,1504,1,1354
sub-010192,ep01,200,1504,1,1304
sub-010192,ep02,3,1517,1,104
sub-010192,ep02,5,1517,1,876
sub-010192,ep02,7,1517,1,886
sub-010192,ep02,8,1517,1,810
sub-010192,ep02,10,1517,1,1503
sub-010192,ep02,20,1517,1,1497
sub-010192,ep02,30,1517,1,1487
sub-010192,ep02,50,1517,1,1467
sub-010192,ep02,100,1517,1,1417
sub-010192,ep02,150,1517,1,1367
sub-010192,ep02,200,1517,1,1317
sub-010192,ep03,3,2035,1,332
sub-010192,ep03,5,2035,1,1036
sub-010192,ep03,7,2035,1,1063
sub-010192,ep03,8,2035,1,2010
sub-010192,ep03,10,2035,1,1157
sub-010192,ep03,20,2035,1,2015
sub-010192,ep03,30,2035,1,2005
sub-010192,ep03,50,2035,1,1985
sub-010192,ep03,100,2035,1,1935
sub-010192,ep03,150,2035,1,1885
sub-010192,ep03,200,2035,1,1835
sub-010192,ep04,3,1481,1,102
sub-010192,ep04,5,1481,1,940
sub-010192,ep04,7,1481,1,1474
sub-010192,ep04,8,1481,1,1473
sub-010192,ep04,10,1481,1,1470
sub-010192,ep04,20,1481,1,1461
sub-010192,ep04,30,1481,1,1451
sub-010192,ep04,50,1481,1,1431
sub-010192,ep04,100,1481,1,1381
sub-010192,ep04,150,1481,1,1331
sub-010192,ep04,200,1481,1,1281
sub-010192,ep05,3,1620,1,268
sub-010192,ep05,5,1620,1,434
sub-010192,ep05,7,1620,1,966
sub-010192,ep05,8,1620,1,1612
sub-010192,ep05,10,1620,1,1610
sub-010192,ep05,20,1620,1,1600
sub-010192,ep05,30,1620,1,1590
sub-010192,ep05,50,1620,1,1570
sub-010192,ep05,100,1620,1,1520
sub-010192,ep05,150,1620,1,1470
sub-010192,ep05,200,1620,1,1420
sub-010192,ep06,3,1413,1,377
sub-010192,ep06,5,1413,1,615
sub-010192,ep06,7,1413,1,1070
sub-010192,ep06,8,1413,1,1399
sub-010192,ep06,10,1413,1,1401
sub-010192,ep06,20,1413,1,1393
sub-010192,ep06,30,1413,1,1383
sub-010192,ep06,50,1413,1,1363
sub-010192,ep06,100,1413,1,1313
sub-010192,ep06,150,1413,1,1263
sub-010192,ep06,200,1413,1,1213
sub-010194,ep00,3,1399,1,117
sub-010194,ep00,5,1399,1,1219
sub-010194,ep00,7,1399,1,1239
sub-010194,ep00,8,1399,1,1391
sub-010194,ep00,10,1399,1,1389
sub-010194,ep00,20,1399,1,1379
sub-010194,ep00,30,1399,1,1369
sub-010194,ep00,50,1399,1,1349
sub-010194,ep00,100,1399,1,1299
sub-010194,ep00,150,1399,1,1249
sub-010194,ep00,200,1399,1,1199
sub-010194,ep01,3,2002,1,197
sub-010194,ep01,5,2002,4,730
sub-010194,ep01,7,2002,1,1995
sub-010194,ep01,8,2002,1,1994
sub-010194,ep01,10,2002,1,1992
sub-010194,ep01,20,2002,1,1982
sub-010194,ep01,30,2002,1,1972
sub-010194,ep01,50,2002,1,1952
sub-010194,ep01,100,2002,1,1902
sub-010194,ep01,150,2002,1,1852
sub-010194,ep01,200,2002,1,1802
sub-010194,ep02,3,1845,1,325
sub-010194,ep02,5,1845,2,366
sub-010194,ep02,7,1845,1,1837
sub-010194,ep02,8,1845,1,1837
sub-010194,ep02,10,1845,1,1835
sub-010194,ep02,20,1845,1,1825
sub-010194,ep02,30,1845,1,1815
sub-010194,ep02,50,1845,1,1795
sub-010194,ep02,100,1845,1,1745
sub-010194,ep02,150,1845,1,1695
sub-010194,ep02,200,1845,1,1645
sub-010194,ep03,3,1519,1,26
sub-010194,ep03,5,1519,1,1470
sub-010194,ep03,7,1519,1,1475
sub-010194,ep03,8,1519,1,1480
sub-010194,ep03,10,1519,1,1482
sub-010194,ep03,20,1519,1,1499
sub-010194,ep03,30,1519,1,1489
sub-010194,ep03,50,1519,1,1469
sub-010194,ep03,100,1519,1,1419
sub-010194,ep03,150,1519,1,1369
sub-010194,ep03,200,1519,1,1319
sub-010194,ep04,3,1728,1,268
sub-010194,ep04,5,1728,1,599
sub-010194,ep04,7,1728,1,1721
sub-010194,ep04,8,1728,1,1712
sub-010194,ep04,10,1728,1,1710
sub-010194,ep04,20,1728,1,1708
sub-010194,ep04,30,1728,1,1698
sub-010194,ep04,50,1728,1,1678
sub-010194,ep04,100,1728,1,1628
sub-010194,ep04,150,1728,1,1578
sub-010194,ep04,200,1728,1,1528
sub-010194,ep05,3,1524,1,80
sub-010194,ep05,5,1524,2,448
sub-010194,ep05,7,1524,1,1517
sub-010194,ep05,8,1524,1,1516
sub-010194,ep05,10,1524,1,1511
sub-010194,ep05,20,1524,1,1504
sub-010194,ep05,30,1524,1,1494
sub-010194,ep05,50,1524,1,1474
sub-010194,ep05,100,1524,1,1424
sub-010194,ep05,150,1524,1,1374
sub-010194,ep05,200,1524,1,1324
sub-010194,ep06,3,1297,1,231
sub-010194,ep06,5,1297,1,1168
sub-010194,ep06,7,1297,1,1290
sub-010194,ep06,8,1297,1,1289
sub-010194,ep06,10,1297,1,1287
sub-010194,ep06,20,1297,1,1277
sub-010194,ep06,30,1297,1,1267
sub-010194,ep06,50,1297,1,1247
sub-010194,ep06,100,1297,1,1197
sub-010194,ep06,150,1297,1,1147
sub-010194,ep06,200,1297,1,1097
sub-010195,ep00,3,1443,1,125
sub-010195,ep00,5,1443,1,731
sub-010195,ep00,7,1443,1,943
sub-010195,ep00,8,1443,1,946
sub-010195,ep00,10,1443,1,865
sub-010195,ep00,20,1443,1,1423
sub-010195,ep00,30,1443,1,1413
sub-010195,ep00,50,1443,1,1393
sub-010195,ep00,100,1443,1,1343
sub-010195,ep00,150,1443,1,1293
sub-010195,ep00,200,1443,1,1243
sub-010195,ep01,3,1455,1,461
sub-010195,ep01,5,1455,1,707
sub-010195,ep01,7,1455,1,1350
sub-010195,ep01,8,1455,1,1368
sub-010195,ep01,10,1455,1,1445
sub-010195,ep01,20,1455,1,1435
sub-010195,ep01,30,1455,1,1425
sub-010195,ep01,50,1455,1,1405
sub-010195,ep01,100,1455,1,1355
sub-010195,ep01,150,1455,1,1305
sub-010195,ep01,200,1455,1,1255
sub-010195,ep02,3,1470,1,140
sub-010195,ep02,5,1470,1,720
sub-010195,ep02,7,1470,1,714
sub-010195,ep02,8,1470,1,1272
sub-010195,ep02,10,1470,1,1309
sub-010195,ep02,20,1470,1,1450
sub-010195,ep02,30,1470,1,1440
sub-010195,ep02,50,1470,1,1420
sub-010195,ep02,100,1470,1,1370
sub-010195,ep02,150,1470,1,1320
sub-010195,ep02,200,1470,1,1270
sub-010195,ep03,3,1394,1,482
sub-010195,ep03,5,1394,1,754
sub-010195,ep03,7,1394,1,1346
sub-010195,ep03,8,1394,1,1386
sub-010195,ep03,10,1394,1,1384
sub-010195,ep03,20,1394,1,1371
sub-010195,ep03,30,1394,1,1364
sub-010195,ep03,50,1394,1,1344
sub-010195,ep03,100,1394,1,1294
sub-010195,ep03,150,1394,1,1244
sub-010195,ep03,200,1394,1,1194
sub-010195,ep04,3,1495,1,415
sub-010195,ep04,5,1495,1,750
sub-010195,ep04,7,1495,1,1326
sub-010195,ep04,8,1495,1,1462
sub-010195,ep04,10,1495,1,1457
sub-010195,ep04,20,1495,1,1475
sub-010195,ep04,30,1495,1,1465
sub-010195,ep04,50,1495,1,1445
sub-010195,ep04,100,1495,1,1395
sub-010195,ep04,150,1495,1,1345
sub-010195,ep04,200,1495,1,1295
sub-010195,ep05,3,1610,1,609
sub-010195,ep05,5,1610,1,897
sub-010195,ep05,7,1610,1,1585
sub-010195,ep05,8,1610,1,1602
sub-010195,ep05,10,1610,1,1600
sub-010195,ep05,20,1610,1,1590
sub-010195,ep05,30,1610,1,1580
sub-010195,ep05,50,1610,1,1560
sub-010195,ep05,100,1610,1,1510
sub-010195,ep05,150,1610,1,1460
sub-010195,ep05,200,1610,1,1410
sub-010195,ep06,3,1327,1,406
sub-010195,ep06,5,1327,1,613
sub-010195,ep06,7,1327,1,910
sub-010195,ep06,8,1327,1,875
sub-010195,ep06,10,1327,1,1317
sub-010195,ep06,20,1327,1,1307
sub-010195,ep06,30,1327,1,1297
sub-010195,ep06,50,1327,1,1277
sub-010195,ep06,100,1327,1,1227
sub-010195,ep06,150,1327,1,1177
sub-010195,ep06,200,1327,1,1127
sub-010196,ep00,3,1255,1,223
sub-010196,ep00,5,1255,1,434
sub-010196,ep00,7,1255,1,1248
sub-010196,ep00,8,1255,1,420
sub-010196,ep00,10,1255,1,1240
sub-010196,ep00,20,1255,1,1235
sub-010196,ep00,30,1255,1,1225
sub-010196,ep00,50,1255,1,1205
sub-010196,ep00,100,1255,1,1155
sub-010196,ep00,150,1255,1,1105
sub-010196,ep00,200,1255,1,1055
sub-010196,ep01,3,1282,1,310
sub-010196,ep01,5,1282,1,510
sub-010196,ep01,7,1282,1,515
sub-010196,ep01,8,1282,1,490
sub-010196,ep01,10,1282,1,1255
sub-010196,ep01,20,1282,1,1262
sub-010196,ep01,30,1282,1,1252
sub-010196,ep01,50,1282,1,1232
sub-010196,ep01,100,1282,1,1182
sub-010196,ep01,150,1282,1,1132
sub-010196,ep01,200,1282,1,1082
sub-010196,ep02,3,2242,1,693
sub-010196,ep02,5,2242,1,984
sub-010196,ep02,7,2242,1,1051
sub-010196,ep02,8,2242,1,995
sub-010196,ep02,10,2242,1,2232
sub-010196,ep02,20,2242,1,2222
sub-010196,ep02,30,2242,1,2212
sub-010196,ep02,50,2242,1,2192
sub-010196,ep02,100,2242,1,2142
sub-010196,ep02,150,2242,1,2092
sub-010196,ep02,200,2242,1,2042
sub-010196,ep03,3,1269,1,242
sub-010196,ep03,5,1269,1,423
sub-010196,ep03,7,1269,1,1088
sub-010196,ep03,8,1269,1,1071
sub-010196,ep03,10,1269,1,1259
sub-010196,ep03,20,1269,1,1249
sub-010196,ep03,30,1269,1,1239
sub-010196,ep03,50,1269,1,1219
sub-010196,ep03,100,1269,1,1169
sub-010196,ep03,150,1269,1,1119
sub-010196,ep03,200,1269,1,1069
sub-010196,ep04,3,1267,1,355
sub-010196,ep04,5,1267,1,456
sub-010196,ep04,7,1267,1,518
sub-010196,ep04,8,1267,1,1247
sub-010196,ep04,10,1267,1,1257
sub-010196,ep04,20,1267,1,1247
sub-010196,ep04,30,1267,1,1237
sub-010196,ep04,50,1267,1,1217
sub-010196,ep04,100,1267,1,1167
sub-010196,ep04,150,1267,1,1117
sub-010196,ep04,200,1267,1,1067
sub-010196,ep05,3,1244,1,339
sub-010196,ep05,5,1244,1,509
sub-010196,ep05,7,1244,1,529
sub-010196,ep05,8,1244,1,1236
sub-010196,ep05,10,1244,1,1231
sub-010196,ep05,20,1244,1,1224
sub-010196,ep05,30,1244,1,1214
sub-010196,ep05,50,1244,1,1194
sub-010196,ep05,100,1244,1,1144
sub-010196,ep05,150,1244,1,1094
sub-010196,ep05,200,1244,1,1044
sub-010196,ep06,3,1137,1,113
sub-010196,ep06,5,1137,1,748
sub-010196,ep06,7,1137,1,780
sub-010196,ep06,8,1137,1,1108
sub-010196,ep06,10,1137,1,1109
sub-010196,ep06,20,1137,1,1117
sub-010196,ep06,30,1137,1,1107
sub-010196,ep06,50,1137,1,1087
sub-010196,ep06,100,1137,1,1037
sub-010196,ep06,150,1137,1,987
sub-010196,ep06,200,1137,1,937
sub-010197,ep00,3,1205,1,21
sub-010197,ep00,5,1205,1,534
sub-010197,ep00,7,1205,1,554
sub-010197,ep00,8,1205,1,551
sub-010197,ep00,10,1205,1,1195
sub-010197,ep00,20,1205,1,1185
sub-010197,ep00,30,1205,1,1175
sub-010197,ep00,50,1205,1,1155
sub-010197,ep00,100,1205,1,1105
sub-010197,ep00,150,1205,1,1055
sub-010197,ep00,200,1205,1,1005
sub-010197,ep01,3,1208,1,303
sub-010197,ep01,5,1208,1,640
sub-010197,ep01,7,1208,1,835
sub-010197,ep01,8,1208,1,1178
sub-010197,ep01,10,1208,1,1198
sub-010197,ep01,20,1208,1,1188
sub-010197,ep01,30,1208,1,1178
sub-010197,ep01,50,1208,1,1158
sub-010197,ep01,100,1208,1,1108
sub-010197,ep01,150,1208,1,1058
sub-010197,ep01,200,1208,1,1008
sub-010197,ep02,3,1186,1,174
sub-010197,ep02,5,1186,1,690
sub-010197,ep02,7,1186,1,1179
sub-010197,ep02,8,1186,1,1178
sub-010197,ep02,10,1186,1,1176
sub-010197,ep02,20,1186,1,1166
sub-010197,ep02,30,1186,1,1156
sub-010197,ep02,50,1186,1,1136
sub-010197,ep02,100,1186,1,1086
sub-010197,ep02,150,1186,1,1036
sub-010197,ep02,200,1186,1,986
sub-010197,ep03,3,1200,1,218
sub-010197,ep03,5,1200,1,854
sub-010197,ep03,7,1200,1,976
sub-010197,ep03,8,1200,1,963
sub-010197,ep03,10,1200,1,1093
sub-010197,ep03,20,1200,1,1180
sub-010197,ep03,30,1200,1,1170
sub-010197,ep03,50,1200,1,1150
sub-010197,ep03,100,1200,1,1100
sub-010197,ep03,150,1200,1,1050
sub-010197,ep03,200,1200,1,1000
sub-010197,ep04,3,1206,1,494
sub-010197,ep04,5,1206,1,769
sub-010197,ep04,7,1206,1,752
sub-010197,ep04,8,1206,1,702
sub-010197,ep04,10,1206,1,1196
sub-010197,ep04,20,1206,1,1186
sub-010197,ep04,30,1206,1,1176
sub-010197,ep04,50,1206,1,1156
sub-010197,ep04,100,1206,1,1106
sub-010197,ep04,150,1206,1,1056
sub-010197,ep04,200,1206,1,1006
sub-010197,ep05,3,1209,1,90
sub-010197,ep05,5,1209,1,680
sub-010197,ep05,7,1209,1,1202
sub-010197,ep05,8,1209,1,1201
sub-010197,ep05,10,1209,1,1199
sub-010197,ep05,20,1209,1,1189
sub-010197,ep05,30,1209,1,1179
sub-010197,ep05,50,1209,1,1159
sub-010197,ep05,100,1209,1,1109
sub-010197,ep05,150,1209,1,1059
sub-010197,ep05,200,1209,1,1009
sub-010197,ep06,3,1135,1,337
sub-010197,ep06,5,1135,1,638
sub-010197,ep06,7,1135,1,796
sub-010197,ep06,8,1135,1,1127
sub-010197,ep06,10,1135,1,1125
sub-010197,ep06,20,1135,1,1115
sub-010197,ep06,30,1135,1,1105
sub-010197,ep06,50,1135,1,1085
sub-010197,ep06,100,1135,1,1035
sub-010197,ep06,150,1135,1,985
sub-010197,ep06,200,1135,1,935
sub-010199,ep00,3,1510,2,27
sub-010199,ep00,5,1510,1,904
sub-010199,ep00,7,1510,1,939
sub-010199,ep00,8,1510,1,967
sub-010199,ep00,10,1510,1,1500
sub-010199,ep00,20,1510,1,1490
sub-010199,ep00,30,1510,1,1480
sub-010199,ep00,50,1510,1,1460
sub-010199,ep00,100,1510,1,1410
sub-010199,ep00,150,1510,1,1360
sub-010199,ep00,200,1510,1,1310
sub-010199,ep01,3,1472,1,204
sub-010199,ep01,5,1472,1,556
sub-010199,ep01,7,1472,1,1465
sub-010199,ep01,8,1472,1,1464
sub-010199,ep01,10,1472,1,1462
sub-010199,ep01,20,1472,1,1452
sub-010199,ep01,30,1472,1,1442
sub-010199,ep01,50,1472,1,1422
sub-010199,ep01,100,1472,1,1372
sub-010199,ep01,150,1472,1,1322
sub-010199,ep01,200,1472,1,1272
sub-010199,ep02,3,1416,1,335
sub-010199,ep02,5,1416,1,636
sub-010199,ep02,7,1416,1,1340
sub-010199,ep02,8,1416,1,1358
sub-010199,ep02,10,1416,1,1360
sub-010199,ep02,20,1416,1,1396
sub-010199,ep02,30,1416,1,1386
sub-010199,ep02,50,1416,1,1366
sub-010199,ep02,100,1416,1,1316
sub-010199,ep02,150,1416,1,1266
sub-010199,ep02,200,1416,1,1216
sub-010199,ep03,3,1531,1,420
sub-010199,ep03,5,1531,1,920
sub-010199,ep03,7,1531,1,1028
sub-010199,ep03,8,1531,1,1365
sub-010199,ep03,10,1531,1,1521
sub-010199,ep03,20,1531,1,1511
sub-010199,ep03,30,1531,1,1501
sub-010199,ep03,50,1531,1,1481
sub-010199,ep03,100,1531,1,1431
sub-010199,ep03,150,1531,1,1381
sub-010199,ep03,200,1531,1,1331
sub-010199,ep04,3,1454,1,316
sub-010199,ep04,5,1454,1,786
sub-010199,ep04,7,1454,1,962
sub-010199,ep04,8,1454,1,1220
sub-010199,ep04,10,1454,1,1444
sub-010199,ep04,20,1454,1,1434
sub-010199,ep04,30,1454,1,1424
sub-010199,ep04,50,1454,1,1404
sub-010199,ep04,100,1454,1,1354
sub-010199,ep04,150,1454,1,1304
sub-010199,ep04,200,1454,1,1254
sub-010199,ep05,3,1427,1,229
sub-010199,ep05,5,1427,1,746
sub-010199,ep05,7,1427,1,1417
sub-010199,ep05,8,1427,1,1419
 sub-010199,ep05,10,1427,1,1416
sub-010199,ep05,20,1427,1,1407
sub-010199,ep05,30,1427,1,1397
sub-010199,ep05,50,1427,1,1377
sub-010199,ep05,100,1427,1,1327
sub-010199,ep05,150,1427,1,1277
sub-010199,ep05,200,1427,1,1227
sub-010199,ep06,3,1292,1,439
sub-010199,ep06,5,1292,1,762
sub-010199,ep06,7,1292,1,1185
sub-010199,ep06,8,1292,1,1283
sub-010199,ep06,10,1292,1,1281
sub-010199,ep06,20,1292,1,1272
sub-010199,ep06,30,1292,1,1262
sub-010199,ep06,50,1292,1,1242
sub-010199,ep06,100,1292,1,1192
sub-010199,ep06,150,1292,1,1142
sub-010199,ep06,200,1292,1,1092
sub-010200,ep00,3,1360,1,109
sub-010200,ep00,5,1360,3,416
sub-010200,ep00,7,1360,2,461
sub-010200,ep00,8,1360,1,1352
sub-010200,ep00,10,1360,1,1350
sub-010200,ep00,20,1360,1,1340
sub-010200,ep00,30,1360,1,1330
sub-010200,ep00,50,1360,1,1310
sub-010200,ep00,100,1360,1,1260
sub-010200,ep00,150,1360,1,1210
sub-010200,ep00,200,1360,1,1160
sub-010200,ep01,3,1374,14,496
sub-010200,ep01,5,1374,3,408
sub-010200,ep01,7,1374,2,341
sub-010200,ep01,8,1374,2,326
sub-010200,ep01,10,1374,1,1364
sub-010200,ep01,20,1374,1,1354
sub-010200,ep01,30,1374,1,1344
sub-010200,ep01,50,1374,1,1324
sub-010200,ep01,100,1374,1,1274
sub-010200,ep01,150,1374,1,1224
sub-010200,ep01,200,1374,1,1174
sub-010200,ep02,3,2650,2,25
sub-010200,ep02,5,2650,1,435
sub-010200,ep02,7,2650,1,2618
sub-010200,ep02,8,2650,1,2642
sub-010200,ep02,10,2650,1,2640
sub-010200,ep02,20,2650,1,2630
sub-010200,ep02,30,2650,1,2620
sub-010200,ep02,50,2650,1,2600
sub-010200,ep02,100,2650,1,2550
sub-010200,ep02,150,2650,1,2500
sub-010200,ep02,200,2650,1,2450
sub-010200,ep03,3,1534,1,192
sub-010200,ep03,5,1534,3,505
sub-010200,ep03,7,1534,3,493
sub-010200,ep03,8,1534,1,1526
sub-010200,ep03,10,1534,1,1524
sub-010200,ep03,20,1534,1,1514
sub-010200,ep03,30,1534,1,1504
sub-010200,ep03,50,1534,1,1484
sub-010200,ep03,100,1534,1,1434
sub-010200,ep03,150,1534,1,1384
sub-010200,ep03,200,1534,1,1334
sub-010200,ep04,3,1349,1,122
sub-010200,ep04,5,1349,1,367
sub-010200,ep04,7,1349,2,380
sub-010200,ep04,8,1349,2,354
sub-010200,ep04,10,1349,1,1339
sub-010200,ep04,20,1349,1,1329
sub-010200,ep04,30,1349,1,1319
sub-010200,ep04,50,1349,1,1299
sub-010200,ep04,100,1349,1,1249
sub-010200,ep04,150,1349,1,1199
sub-010200,ep04,200,1349,1,1149
sub-010200,ep05,3,1457,1,154
sub-010200,ep05,5,1457,2,333
sub-010200,ep05,7,1457,1,1450
sub-010200,ep05,8,1457,1,1403
sub-010200,ep05,10,1457,1,1447
sub-010200,ep05,20,1457,1,1437
sub-010200,ep05,30,1457,1,1427
sub-010200,ep05,50,1457,1,1407
sub-010200,ep05,100,1457,1,1357
sub-010200,ep05,150,1457,1,1307
sub-010200,ep05,200,1457,1,1257
sub-010201,ep00,3,1276,1,445
sub-010201,ep00,5,1276,1,624
sub-010201,ep00,7,1276,1,1034
sub-010201,ep00,8,1276,1,1065
sub-010201,ep00,10,1276,1,1265
sub-010201,ep00,20,1276,1,1256
sub-010201,ep00,30,1276,1,1246
sub-010201,ep00,50,1276,1,1226
sub-010201,ep00,100,1276,1,1176
sub-010201,ep00,150,1276,1,1126
sub-010201,ep00,200,1276,1,1076
sub-010201,ep01,3,1360,1,249
sub-010201,ep01,5,1360,1,1024
sub-010201,ep01,7,1360,1,1328
sub-010201,ep01,8,1360,1,1095
sub-010201,ep01,10,1360,1,1329
sub-010201,ep01,20,1360,1,1340
sub-010201,ep01,30,1360,1,1330
sub-010201,ep01,50,1360,1,1310
sub-010201,ep01,100,1360,1,1260
sub-010201,ep01,150,1360,1,1210
sub-010201,ep01,200,1360,1,1160
sub-010201,ep02,3,1486,1,384
sub-010201,ep02,5,1486,1,836
sub-010201,ep02,7,1486,1,1334
sub-010201,ep02,8,1486,1,1351
sub-010201,ep02,10,1486,1,1382
sub-010201,ep02,20,1486,1,1466
sub-010201,ep02,30,1486,1,1456
sub-010201,ep02,50,1486,1,1436
sub-010201,ep02,100,1486,1,1386
sub-010201,ep02,150,1486,1,1336
sub-010201,ep02,200,1486,1,1286
sub-010201,ep03,3,1332,1,287
sub-010201,ep03,5,1332,1,1038
sub-010201,ep03,7,1332,1,1241
sub-010201,ep03,8,1332,1,1258
sub-010201,ep03,10,1332,1,1286
sub-010201,ep03,20,1332,1,1312
sub-010201,ep03,30,1332,1,1302
sub-010201,ep03,50,1332,1,1282
sub-010201,ep03,100,1332,1,1232
sub-010201,ep03,150,1332,1,1182
sub-010201,ep03,200,1332,1,1132
sub-010201,ep04,3,1493,1,194
sub-010201,ep04,5,1493,1,871
sub-010201,ep04,7,1493,1,1087
sub-010201,ep04,8,1493,1,1125
sub-010201,ep04,10,1493,1,1483
sub-010201,ep04,20,1493,1,1473
sub-010201,ep04,30,1493,1,1463
sub-010201,ep04,50,1493,1,1443
sub-010201,ep04,100,1493,1,1393
sub-010201,ep04,150,1493,1,1343
sub-010201,ep04,200,1493,1,1293
sub-010201,ep05,3,1409,1,250
sub-010201,ep05,5,1409,1,1007
sub-010201,ep05,7,1409,1,1340
sub-010201,ep05,8,1409,1,1352
sub-010201,ep05,10,1409,1,1357
sub-010201,ep05,20,1409,1,1389
sub-010201,ep05,30,1409,1,1379
sub-010201,ep05,50,1409,1,1359
sub-010201,ep05,100,1409,1,1309
sub-010201,ep05,150,1409,1,1259
sub-010201,ep05,200,1409,1,1209
sub-010202,ep00,3,1387,1,608
sub-010202,ep00,5,1387,1,891
sub-010202,ep00,7,1387,1,861
sub-010202,ep00,8,1387,1,886
sub-010202,ep00,10,1387,1,1376
sub-010202,ep00,20,1387,1,1367
sub-010202,ep00,30,1387,1,1357
sub-010202,ep00,50,1387,1,1337
sub-010202,ep00,100,1387,1,1287
sub-010202,ep00,150,1387,1,1237
sub-010202,ep00,200,1387,1,1187
sub-010202,ep01,3,1464,1,295
sub-010202,ep01,5,1464,1,409
sub-010202,ep01,7,1464,1,949
sub-010202,ep01,8,1464,1,984
sub-010202,ep01,10,1464,1,1454
sub-010202,ep01,20,1464,1,1444
sub-010202,ep01,30,1464,1,1434
sub-010202,ep01,50,1464,1,1414
sub-010202,ep01,100,1464,1,1364
sub-010202,ep01,150,1464,1,1314
sub-010202,ep01,200,1464,1,1264
sub-010202,ep02,3,1594,1,230
sub-010202,ep02,5,1594,1,752
sub-010202,ep02,7,1594,1,1587
sub-010202,ep02,8,1594,1,1586
sub-010202,ep02,10,1594,1,1584
sub-010202,ep02,20,1594,1,1574
sub-010202,ep02,30,1594,1,1564
sub-010202,ep02,50,1594,1,1544
sub-010202,ep02,100,1594,1,1494
sub-010202,ep02,150,1594,1,1444
sub-010202,ep02,200,1594,1,1394
sub-010202,ep03,3,1625,1,187
sub-010202,ep03,5,1625,1,575
sub-010202,ep03,7,1625,1,640
sub-010202,ep03,8,1625,1,1090
sub-010202,ep03,10,1625,1,1130
sub-010202,ep03,20,1625,1,1605
sub-010202,ep03,30,1625,1,1595
sub-010202,ep03,50,1625,1,1575
sub-010202,ep03,100,1625,1,1525
sub-010202,ep03,150,1625,1,1475
sub-010202,ep03,200,1625,1,1425
sub-010202,ep04,3,1432,1,418
sub-010202,ep04,5,1432,1,459
sub-010202,ep04,7,1432,1,1425
sub-010202,ep04,8,1432,1,1424
sub-010202,ep04,10,1432,1,1422
sub-010202,ep04,20,1432,1,1412
sub-010202,ep04,30,1432,1,1402
sub-010202,ep04,50,1432,1,1382
sub-010202,ep04,100,1432,1,1332
sub-010202,ep04,150,1432,1,1282
sub-010202,ep04,200,1432,1,1232
sub-010202,ep05,3,1409,1,127
sub-010202,ep05,5,1409,1,777
sub-010202,ep05,7,1409,1,1370
sub-010202,ep05,8,1409,1,1373
sub-010202,ep05,10,1409,1,1379
sub-010202,ep05,20,1409,1,1386
sub-010202,ep05,30,1409,1,1379
sub-010202,ep05,50,1409,1,1359
sub-010202,ep05,100,1409,1,1309
sub-010202,ep05,150,1409,1,1259
sub-010202,ep05,200,1409,1,1209
sub-010202,ep06,3,1322,1,245
sub-010202,ep06,5,1322,1,952
sub-010202,ep06,7,1322,1,961
sub-010202,ep06,8,1322,1,1250
sub-010202,ep06,10,1322,1,1312
sub-010202,ep06,20,1322,1,1302
sub-010202,ep06,30,1322,1,1292
sub-010202,ep06,50,1322,1,1272
sub-010202,ep06,100,1322,1,1222
sub-010202,ep06,150,1322,1,1172
sub-010202,ep06,200,1322,1,1122
sub-010204,ep00,3,1439,1,136
sub-010204,ep00,5,1439,1,666
sub-010204,ep00,7,1439,1,654
sub-010204,ep00,8,1439,1,667
sub-010204,ep00,10,1439,1,1429
sub-010204,ep00,20,1439,1,1419
sub-010204,ep00,30,1439,1,1409
sub-010204,ep00,50,1439,1,1389
sub-010204,ep00,100,1439,1,1339
sub-010204,ep00,150,1439,1,1289
sub-010204,ep00,200,1439,1,1239
sub-010204,ep01,3,1566,1,330
sub-010204,ep01,5,1566,1,920
sub-010204,ep01,7,1566,1,1559
sub-010204,ep01,8,1566,1,1558
sub-010204,ep01,10,1566,1,1556
sub-010204,ep01,20,1566,1,1546
sub-010204,ep01,30,1566,1,1536
sub-010204,ep01,50,1566,1,1516
sub-010204,ep01,100,1566,1,1466
sub-010204,ep01,150,1566,1,1416
sub-010204,ep01,200,1566,1,1366
sub-010204,ep02,3,1688,1,183
sub-010204,ep02,5,1688,1,744
sub-010204,ep02,7,1688,1,1613
sub-010204,ep02,8,1688,1,1679
sub-010204,ep02,10,1688,1,1678
sub-010204,ep02,20,1688,1,1668
sub-010204,ep02,30,1688,1,1658
sub-010204,ep02,50,1688,1,1638
sub-010204,ep02,100,1688,1,1588
sub-010204,ep02,150,1688,1,1538
sub-010204,ep02,200,1688,1,1488
sub-010204,ep03,3,2259,1,439
sub-010204,ep03,5,2259,1,792
sub-010204,ep03,7,2259,1,2252
sub-010204,ep03,8,2259,1,2249
sub-010204,ep03,10,2259,1,2249
sub-010204,ep03,20,2259,1,2239
sub-010204,ep03,30,2259,1,2229
sub-010204,ep03,50,2259,1,2209
sub-010204,ep03,100,2259,1,2159
sub-010204,ep03,150,2259,1,2109
sub-010204,ep03,200,2259,1,2059
sub-010204,ep04,3,1629,1,241
sub-010204,ep04,5,1629,1,585
sub-010204,ep04,7,1629,1,1622
sub-010204,ep04,8,1629,1,1620
sub-010204,ep04,10,1629,1,1619
sub-010204,ep04,20,1629,1,1609
sub-010204,ep04,30,1629,1,1599
sub-010204,ep04,50,1629,1,1579
sub-010204,ep04,100,1629,1,1529
sub-010204,ep04,150,1629,1,1479
sub-010204,ep04,200,1629,1,1429
sub-010204,ep05,3,1369,1,402
sub-010204,ep05,5,1369,1,656
sub-010204,ep05,7,1369,1,1362
sub-010204,ep05,8,1369,1,1358
sub-010204,ep05,10,1369,1,1356
sub-010204,ep05,20,1369,1,1349
sub-010204,ep05,30,1369,1,1339
sub-010204,ep05,50,1369,1,1319
sub-010204,ep05,100,1369,1,1269
sub-010204,ep05,150,1369,1,1219
sub-010204,ep05,200,1369,1,1169
sub-010204,ep06,3,1313,1,419
sub-010204,ep06,5,1313,1,673
sub-010204,ep06,7,1313,1,1306
sub-010204,ep06,8,1313,1,1305
sub-010204,ep06,10,1313,1,1303
sub-010204,ep06,20,1313,1,1293
sub-010204,ep06,30,1313,1,1283
sub-010204,ep06,50,1313,1,1263
sub-010204,ep06,100,1313,1,1213
sub-010204,ep06,150,1313,1,1163
sub-010204,ep06,200,1313,1,1113
sub-010207,ep00,3,1337,1,615
sub-010207,ep00,5,1337,1,713
sub-010207,ep00,7,1337,1,835
sub-010207,ep00,8,1337,1,821
sub-010207,ep00,10,1337,1,1326
sub-010207,ep00,20,1337,1,1317
sub-010207,ep00,30,1337,1,1307
sub-010207,ep00,50,1337,1,1287
sub-010207,ep00,100,1337,1,1237
sub-010207,ep00,150,1337,1,1187
sub-010207,ep00,200,1337,1,1137
sub-010207,ep01,3,1311,1,187
sub-010207,ep01,5,1311,1,1002
sub-010207,ep01,7,1311,1,986
sub-010207,ep01,8,1311,1,1002
sub-010207,ep01,10,1311,1,1301
sub-010207,ep01,20,1311,1,1291
sub-010207,ep01,30,1311,1,1281
sub-010207,ep01,50,1311,1,1261
sub-010207,ep01,100,1311,1,1211
sub-010207,ep01,150,1311,1,1161
sub-010207,ep01,200,1311,1,1111
sub-010207,ep02,3,1312,1,498
sub-010207,ep02,5,1312,1,753
sub-010207,ep02,7,1312,1,1252
sub-010207,ep02,8,1312,1,1286
sub-010207,ep02,10,1312,1,1302
sub-010207,ep02,20,1312,1,1292
sub-010207,ep02,30,1312,1,1282
sub-010207,ep02,50,1312,1,1262
sub-010207,ep02,100,1312,1,1212
sub-010207,ep02,150,1312,1,1162
sub-010207,ep02,200,1312,1,1112
sub-010207,ep03,3,1282,1,454
sub-010207,ep03,5,1282,1,656
sub-010207,ep03,7,1282,1,963
sub-010207,ep03,8,1282,1,1239
sub-010207,ep03,10,1282,1,1272
sub-010207,ep03,20,1282,1,1262
sub-010207,ep03,30,1282,1,1252
sub-010207,ep03,50,1282,1,1232
sub-010207,ep03,100,1282,1,1182
sub-010207,ep03,150,1282,1,1132
sub-010207,ep03,200,1282,1,1082
sub-010207,ep04,3,1263,1,430
sub-010207,ep04,5,1263,1,653
sub-010207,ep04,7,1263,1,1218
sub-010207,ep04,8,1263,1,1228
sub-010207,ep04,10,1263,1,1216
sub-010207,ep04,20,1263,1,1241
sub-010207,ep04,30,1263,1,1233
sub-010207,ep04,50,1263,1,1213
sub-010207,ep04,100,1263,1,1163
sub-010207,ep04,150,1263,1,1113
sub-010207,ep04,200,1263,1,1063
sub-010207,ep05,3,1362,1,116
sub-010207,ep05,5,1362,1,746
sub-010207,ep05,7,1362,1,1208
sub-010207,ep05,8,1362,1,1354
sub-010207,ep05,10,1362,1,1352
sub-010207,ep05,20,1362,1,1342
sub-010207,ep05,30,1362,1,1332
sub-010207,ep05,50,1362,1,1312
sub-010207,ep05,100,1362,1,1262
sub-010207,ep05,150,1362,1,1212
sub-010207,ep05,200,1362,1,1162
sub-010207,ep06,3,1237,2,12
sub-010207,ep06,5,1237,1,738
sub-010207,ep06,7,1237,1,812
sub-010207,ep06,8,1237,1,836
sub-010207,ep06,10,1237,1,763
sub-010207,ep06,20,1237,1,1217
sub-010207,ep06,30,1237,1,1207
sub-010207,ep06,50,1237,1,1187
sub-010207,ep06,100,1237,1,1137
sub-010207,ep06,150,1237,1,1087
sub-010207,ep06,200,1237,1,1037
sub-010210,ep00,3,1404,1,331
sub-010210,ep00,5,1404,1,708
sub-010210,ep00,7,1404,1,730
sub-010210,ep00,8,1404,1,1379
sub-010210,ep00,10,1404,1,1376
sub-010210,ep00,20,1404,1,1384
sub-010210,ep00,30,1404,1,1374
sub-010210,ep00,50,1404,1,1354
sub-010210,ep00,100,1404,1,1304
sub-010210,ep00,150,1404,1,1254
sub-010210,ep00,200,1404,1,1204
sub-010210,ep01,3,1633,1,279
sub-010210,ep01,5,1633,1,468
sub-010210,ep01,7,1633,1,1489
sub-010210,ep01,8,1633,1,1520
sub-010210,ep01,10,1633,1,1623
sub-010210,ep01,20,1633,1,1613
sub-010210,ep01,30,1633,1,1603
sub-010210,ep01,50,1633,1,1583
sub-010210,ep01,100,1633,1,1533
sub-010210,ep01,150,1633,1,1483
sub-010210,ep01,200,1633,1,1433
sub-010210,ep02,3,1711,1,399
sub-010210,ep02,5,1711,1,577
sub-010210,ep02,7,1711,1,587
sub-010210,ep02,8,1711,1,1675
sub-010210,ep02,10,1711,1,1701
sub-010210,ep02,20,1711,1,1690
sub-010210,ep02,30,1711,1,1681
sub-010210,ep02,50,1711,1,1661
sub-010210,ep02,100,1711,1,1611
sub-010210,ep02,150,1711,1,1561
sub-010210,ep02,200,1711,1,1511
sub-010210,ep03,3,1405,1,171
sub-010210,ep03,5,1405,1,832
sub-010210,ep03,7,1405,1,1385
sub-010210,ep03,8,1405,1,1395
sub-010210,ep03,10,1405,1,1393
sub-010210,ep03,20,1405,1,1381
sub-010210,ep03,30,1405,1,1375
sub-010210,ep03,50,1405,1,1355
sub-010210,ep03,100,1405,1,1305
sub-010210,ep03,150,1405,1,1255
sub-010210,ep03,200,1405,1,1205
sub-010210,ep04,3,1401,1,268
sub-010210,ep04,5,1401,1,733
sub-010210,ep04,7,1401,1,1209
sub-010210,ep04,8,1401,1,1192
sub-010210,ep04,10,1401,1,1210
sub-010210,ep04,20,1401,1,1381
sub-010210,ep04,30,1401,1,1371
sub-010210,ep04,50,1401,1,1351
sub-010210,ep04,100,1401,1,1301
sub-010210,ep04,150,1401,1,1251
sub-010210,ep04,200,1401,1,1201
sub-010210,ep05,3,1926,1,466
sub-010210,ep05,5,1926,1,515
sub-010210,ep05,7,1926,1,925
sub-010210,ep05,8,1926,1,1863
sub-010210,ep05,10,1926,1,1916
sub-010210,ep05,20,1926,1,1906
sub-010210,ep05,30,1926,1,1896
sub-010210,ep05,50,1926,1,1876
sub-010210,ep05,100,1926,1,1826
sub-010210,ep05,150,1926,1,1776
sub-010210,ep05,200,1926,1,1726
sub-010210,ep06,3,1366,1,174
sub-010210,ep06,5,1366,1,999
sub-010210,ep06,7,1366,1,1004
sub-010210,ep06,8,1366,1,1327
sub-010210,ep06,10,1366,1,1356
sub-010210,ep06,20,1366,1,1346
sub-010210,ep06,30,1366,1,1336
sub-010210,ep06,50,1366,1,1316
sub-010210,ep06,100,1366,1,1266
sub-010210,ep06,150,1366,1,1216
sub-010210,ep06,200,1366,1,1166
sub-010213,ep00,3,1333,1,286
sub-010213,ep00,5,1333,1,570
sub-010213,ep00,7,1333,1,1326
sub-010213,ep00,8,1333,1,1324
sub-010213,ep00,10,1333,1,1323
sub-010213,ep00,20,1333,1,1313
sub-010213,ep00,30,1333,1,1303
sub-010213,ep00,50,1333,1,1283
sub-010213,ep00,100,1333,1,1233
sub-010213,ep00,150,1333,1,1183
sub-010213,ep00,200,1333,1,1133
sub-010213,ep01,3,1888,1,192
sub-010213,ep01,5,1888,1,632
sub-010213,ep01,7,1888,1,735
sub-010213,ep01,8,1888,1,783
sub-010213,ep01,10,1888,1,1858
sub-010213,ep01,20,1888,1,1868
sub-010213,ep01,30,1888,1,1858
sub-010213,ep01,50,1888,1,1838
sub-010213,ep01,100,1888,1,1788
sub-010213,ep01,150,1888,1,1738
sub-010213,ep01,200,1888,1,1688
sub-010213,ep02,3,1369,1,59
sub-010213,ep02,5,1369,1,1327
sub-010213,ep02,7,1369,1,1353
sub-010213,ep02,8,1369,1,1357
sub-010213,ep02,10,1369,1,1358
sub-010213,ep02,20,1369,1,1349
sub-010213,ep02,30,1369,1,1339
sub-010213,ep02,50,1369,1,1319
sub-010213,ep02,100,1369,1,1269
sub-010213,ep02,150,1369,1,1219
sub-010213,ep02,200,1369,1,1169
sub-010213,ep03,3,1402,1,282
sub-010213,ep03,5,1402,1,867
sub-010213,ep03,7,1402,1,915
sub-010213,ep03,8,1402,1,1345
sub-010213,ep03,10,1402,1,1362
sub-010213,ep03,20,1402,1,1382
sub-010213,ep03,30,1402,1,1366
sub-010213,ep03,50,1402,1,1352
sub-010213,ep03,100,1402,1,1302
sub-010213,ep03,150,1402,1,1252
sub-010213,ep03,200,1402,1,1202
sub-010213,ep04,3,1448,1,216
sub-010213,ep04,5,1448,1,645
sub-010213,ep04,7,1448,1,1423
sub-010213,ep04,8,1448,1,1440
sub-010213,ep04,10,1448,1,1438
sub-010213,ep04,20,1448,1,1428
sub-010213,ep04,30,1448,1,1418
sub-010213,ep04,50,1448,1,1398
sub-010213,ep04,100,1448,1,1348
sub-010213,ep04,150,1448,1,1298
sub-010213,ep04,200,1448,1,1248
sub-010213,ep05,3,1361,1,293
sub-010213,ep05,5,1361,1,526
sub-010213,ep05,7,1361,1,541
sub-010213,ep05,8,1361,1,1344
sub-010213,ep05,10,1361,1,1351
sub-010213,ep05,20,1361,1,1341
sub-010213,ep05,30,1361,1,1331
sub-010213,ep05,50,1361,1,1311
sub-010213,ep05,100,1361,1,1261
sub-010213,ep05,150,1361,1,1211
sub-010213,ep05,200,1361,1,1161
sub-010213,ep06,3,1231,1,195
sub-010213,ep06,5,1231,1,605
sub-010213,ep06,7,1231,1,1222
sub-010213,ep06,8,1231,1,1222
sub-010213,ep06,10,1231,1,1221
sub-010213,ep06,20,1231,1,1211
sub-010213,ep06,30,1231,1,1201
sub-010213,ep06,50,1231,1,1181
sub-010213,ep06,100,1231,1,1131
sub-010213,ep06,150,1231,1,1081
sub-010213,ep06,200,1231,1,1031
sub-010214,ep00,3,1449,1,416
sub-010214,ep00,5,1449,1,1327
sub-010214,ep00,7,1449,1,1442
sub-010214,ep00,8,1449,1,1440
sub-010214,ep00,10,1449,1,1439
sub-010214,ep00,20,1449,1,1429
sub-010214,ep00,30,1449,1,1419
sub-010214,ep00,50,1449,1,1399
sub-010214,ep00,100,1449,1,1349
sub-010214,ep00,150,1449,1,1299
sub-010214,ep00,200,1449,1,1249
sub-010214,ep01,3,1556,1,357
sub-010214,ep01,5,1556,1,909
sub-010214,ep01,7,1556,1,1549
sub-010214,ep01,8,1556,1,1548
sub-010214,ep01,10,1556,1,1546
sub-010214,ep01,20,1556,1,1536
sub-010214,ep01,30,1556,1,1526
sub-010214,ep01,50,1556,1,1506
sub-010214,ep01,100,1556,1,1456
sub-010214,ep01,150,1556,1,1406
sub-010214,ep01,200,1556,1,1356
sub-010214,ep02,3,1754,1,290
sub-010214,ep02,5,1754,1,1176
sub-010214,ep02,7,1754,1,1206
sub-010214,ep02,8,1754,1,1216
sub-010214,ep02,10,1754,1,1730
sub-010214,ep02,20,1754,1,1734
sub-010214,ep02,30,1754,1,1724
sub-010214,ep02,50,1754,1,1704
sub-010214,ep02,100,1754,1,1654
sub-010214,ep02,150,1754,1,1604
sub-010214,ep02,200,1754,1,1554
sub-010214,ep03,3,1687,1,367
sub-010214,ep03,5,1687,1,1140
sub-010214,ep03,7,1687,1,1166
sub-010214,ep03,8,1687,1,1208
sub-010214,ep03,10,1687,1,1199
sub-010214,ep03,20,1687,1,1667
sub-010214,ep03,30,1687,1,1657
sub-010214,ep03,50,1687,1,1637
sub-010214,ep03,100,1687,1,1587
sub-010214,ep03,150,1687,1,1537
sub-010214,ep03,200,1687,1,1487
sub-010214,ep04,3,1524,1,332
sub-010214,ep04,5,1524,1,889
sub-010214,ep04,7,1524,1,957
sub-010214,ep04,8,1524,1,1515
sub-010214,ep04,10,1524,1,1514
sub-010214,ep04,20,1524,1,1504
sub-010214,ep04,30,1524,1,1493
sub-010214,ep04,50,1524,1,1474
sub-010214,ep04,100,1524,1,1424
sub-010214,ep04,150,1524,1,1374
sub-010214,ep04,200,1524,1,1324
sub-010214,ep05,3,1553,1,232
sub-010214,ep05,5,1553,1,1026
sub-010214,ep05,7,1553,1,1080
sub-010214,ep05,8,1553,1,1118
sub-010214,ep05,10,1553,1,1148
sub-010214,ep05,20,1553,1,1533
sub-010214,ep05,30,1553,1,1523
sub-010214,ep05,50,1553,1,1503
sub-010214,ep05,100,1553,1,1453
sub-010214,ep05,150,1553,1,1403
sub-010214,ep05,200,1553,1,1353
sub-010214,ep06,3,1342,1,479
sub-010214,ep06,5,1342,1,860
sub-010214,ep06,7,1342,1,934
sub-010214,ep06,8,1342,1,1241
sub-010214,ep06,10,1342,1,1332
sub-010214,ep06,20,1342,1,1322
sub-010214,ep06,30,1342,1,1312
sub-010214,ep06,50,1342,1,1292
sub-010214,ep06,100,1342,1,1242
sub-010214,ep06,150,1342,1,1192
sub-010214,ep06,200,1342,1,1142
sub-010215,ep00,3,1746,1,291
sub-010215,ep00,5,1746,1,1339
sub-010215,ep00,7,1746,1,1444
sub-010215,ep00,8,1746,1,1284
sub-010215,ep00,10,1746,1,1331
sub-010215,ep00,20,1746,1,1726
sub-010215,ep00,30,1746,1,1716
sub-010215,ep00,50,1746,1,1696
sub-010215,ep00,100,1746,1,1646
sub-010215,ep00,150,1746,1,1596
sub-010215,ep00,200,1746,1,1546
sub-010215,ep01,3,1679,1,742
sub-010215,ep01,5,1679,1,1242
sub-010215,ep01,7,1679,1,1278
sub-010215,ep01,8,1679,1,1267
sub-010215,ep01,10,1679,1,1669
sub-010215,ep01,20,1679,1,1659
sub-010215,ep01,30,1679,1,1649
sub-010215,ep01,50,1679,1,1629
sub-010215,ep01,100,1679,1,1579
sub-010215,ep01,150,1679,1,1529
sub-010215,ep01,200,1679,1,1479
sub-010215,ep02,3,1696,1,464
sub-010215,ep02,5,1696,1,1000
sub-010215,ep02,7,1696,1,1377
sub-010215,ep02,8,1696,1,1414
sub-010215,ep02,10,1696,1,1429
sub-010215,ep02,20,1696,1,1674
sub-010215,ep02,30,1696,1,1666
sub-010215,ep02,50,1696,1,1646
sub-010215,ep02,100,1696,1,1596
sub-010215,ep02,150,1696,1,1546
sub-010215,ep02,200,1696,1,1496
sub-010215,ep03,3,1995,1,588
sub-010215,ep03,5,1995,1,1284
sub-010215,ep03,7,1995,1,1488
sub-010215,ep03,8,1995,1,1895
sub-010215,ep03,10,1995,1,1985
sub-010215,ep03,20,1995,1,1975
sub-010215,ep03,30,1995,1,1965
sub-010215,ep03,50,1995,1,1945
sub-010215,ep03,100,1995,1,1895
sub-010215,ep03,150,1995,1,1845
sub-010215,ep03,200,1995,1,1795
sub-010215,ep04,3,2405,1,536
sub-010215,ep04,5,2405,1,1205
sub-010215,ep04,7,2405,1,2298
sub-010215,ep04,8,2405,1,1811
sub-010215,ep04,10,2405,1,2395
sub-010215,ep04,20,2405,1,2385
sub-010215,ep04,30,2405,1,2375
sub-010215,ep04,50,2405,1,2355
sub-010215,ep04,100,2405,1,2305
sub-010215,ep04,150,2405,1,2255
sub-010215,ep04,200,2405,1,2204
sub-010215,ep05,3,2328,1,998
sub-010215,ep05,5,2328,1,1629
sub-010215,ep05,7,2328,1,1613
sub-010215,ep05,8,2328,1,1610
sub-010215,ep05,10,2328,1,2312
sub-010215,ep05,20,2328,1,2308
sub-010215,ep05,30,2328,1,2298
sub-010215,ep05,50,2328,1,2278
sub-010215,ep05,100,2328,1,2228
sub-010215,ep05,150,2328,1,2178
sub-010215,ep05,200,2328,1,2128
sub-010218,ep00,3,1497,1,245
sub-010218,ep00,5,1497,1,978
sub-010218,ep00,7,1497,1,1490
sub-010218,ep00,8,1497,1,1485
sub-010218,ep00,10,1497,1,1484
sub-010218,ep00,20,1497,1,1477
sub-010218,ep00,30,1497,1,1467
sub-010218,ep00,50,1497,1,1447
sub-010218,ep00,100,1497,1,1397
sub-010218,ep00,150,1497,1,1347
sub-010218,ep00,200,1497,1,1297
sub-010218,ep01,3,1584,1,213
sub-010218,ep01,5,1584,1,539
sub-010218,ep01,7,1584,1,1554
sub-010218,ep01,8,1584,1,1559
sub-010218,ep01,10,1584,1,1574
sub-010218,ep01,20,1584,1,1564
sub-010218,ep01,30,1584,1,1554
sub-010218,ep01,50,1584,1,1534
sub-010218,ep01,100,1584,1,1484
sub-010218,ep01,150,1584,1,1434
sub-010218,ep01,200,1584,1,1384
sub-010218,ep02,3,1657,1,134
sub-010218,ep02,5,1657,1,591
sub-010218,ep02,7,1657,1,1626
sub-010218,ep02,8,1657,1,1649
sub-010218,ep02,10,1657,1,1647
sub-010218,ep02,20,1657,1,1637
sub-010218,ep02,30,1657,1,1627
sub-010218,ep02,50,1657,1,1607
sub-010218,ep02,100,1657,1,1557
sub-010218,ep02,150,1657,1,1507
sub-010218,ep02,200,1657,1,1457
sub-010218,ep03,3,1472,1,128
sub-010218,ep03,5,1472,1,548
sub-010218,ep03,7,1472,1,1411
sub-010218,ep03,8,1472,1,1421
sub-010218,ep03,10,1472,1,1462
sub-010218,ep03,20,1472,1,1452
sub-010218,ep03,30,1472,1,1442
sub-010218,ep03,50,1472,1,1422
sub-010218,ep03,100,1472,1,1372
sub-010218,ep03,150,1472,1,1322
sub-010218,ep03,200,1472,1,1272
sub-010218,ep04,3,1551,1,143
sub-010218,ep04,5,1551,1,988
sub-010218,ep04,7,1551,1,1516
sub-010218,ep04,8,1551,1,1515
sub-010218,ep04,10,1551,1,1540
sub-010218,ep04,20,1551,1,1531
sub-010218,ep04,30,1551,1,1521
sub-010218,ep04,50,1551,1,1501
sub-010218,ep04,100,1551,1,1451
sub-010218,ep04,150,1551,1,1401
sub-010218,ep04,200,1551,1,1351
sub-010218,ep05,3,1391,1,271
sub-010218,ep05,5,1391,1,348
sub-010218,ep05,7,1391,1,1383
sub-010218,ep05,8,1391,1,1383
sub-010218,ep05,10,1391,1,1380
sub-010218,ep05,20,1391,1,1371
sub-010218,ep05,30,1391,1,1361
sub-010218,ep05,50,1391,1,1341
sub-010218,ep05,100,1391,1,1291
sub-010218,ep05,150,1391,1,1241
sub-010218,ep05,200,1391,1,1191
sub-010218,ep06,3,1340,1,290
sub-010218,ep06,5,1340,1,396
sub-010218,ep06,7,1340,1,1266
sub-010218,ep06,8,1340,1,683
sub-010218,ep06,10,1340,1,1260
sub-010218,ep06,20,1340,1,1320
sub-010218,ep06,30,1340,1,1310
sub-010218,ep06,50,1340,1,1290
sub-010218,ep06,100,1340,1,1240
sub-010218,ep06,150,1340,1,1190
sub-010218,ep06,200,1340,1,1140
sub-010219,ep00,3,1562,1,673
sub-010219,ep00,5,1562,1,1211
sub-010219,ep00,7,1562,1,1436
sub-010219,ep00,8,1562,1,1432
sub-010219,ep00,10,1562,1,1552
sub-010219,ep00,20,1562,1,1542
sub-010219,ep00,30,1562,1,1531
sub-010219,ep00,50,1562,1,1512
sub-010219,ep00,100,1562,1,1462
sub-010219,ep00,150,1562,1,1412
sub-010219,ep00,200,1562,1,1362
sub-010219,ep01,3,1947,1,471
sub-010219,ep01,5,1947,1,1464
sub-010219,ep01,7,1947,1,1759
sub-010219,ep01,8,1947,1,1789
sub-010219,ep01,10,1947,1,1922
sub-010219,ep01,20,1947,1,1927
sub-010219,ep01,30,1947,1,1917
sub-010219,ep01,50,1947,1,1897
sub-010219,ep01,100,1947,1,1847
sub-010219,ep01,150,1947,1,1797
sub-010219,ep01,200,1947,1,1747
sub-010219,ep02,3,1694,1,604
sub-010219,ep02,5,1694,1,975
sub-010219,ep02,7,1694,1,942
sub-010219,ep02,8,1694,1,1683
sub-010219,ep02,10,1694,1,1677
sub-010219,ep02,20,1694,1,1674
sub-010219,ep02,30,1694,1,1664
sub-010219,ep02,50,1694,1,1644
sub-010219,ep02,100,1694,1,1594
sub-010219,ep02,150,1694,1,1544
sub-010219,ep02,200,1694,1,1494
sub-010219,ep03,3,1702,1,788
sub-010219,ep03,5,1702,1,744
sub-010219,ep03,7,1702,1,662
sub-010219,ep03,8,1702,1,1459
sub-010219,ep03,10,1702,1,1398
sub-010219,ep03,20,1702,1,1682
sub-010219,ep03,30,1702,1,1672
sub-010219,ep03,50,1702,1,1652
sub-010219,ep03,100,1702,1,1602
sub-010219,ep03,150,1702,1,1552
sub-010219,ep03,200,1702,1,1502
sub-010219,ep04,3,1892,1,721
sub-010219,ep04,5,1892,1,1530
sub-010219,ep04,7,1892,1,1579
sub-010219,ep04,8,1892,1,1628
sub-010219,ep04,10,1892,1,1864
sub-010219,ep04,20,1892,1,1871
sub-010219,ep04,30,1892,1,1862
sub-010219,ep04,50,1892,1,1842
sub-010219,ep04,100,1892,1,1792
sub-010219,ep04,150,1892,1,1742
sub-010219,ep04,200,1892,1,1692
sub-010219,ep05,3,1637,1,717
sub-010219,ep05,5,1637,1,1397
sub-010219,ep05,7,1637,1,1522
sub-010219,ep05,8,1637,1,1555
sub-010219,ep05,10,1637,1,1627
sub-010219,ep05,20,1637,1,1617
sub-010219,ep05,30,1637,1,1607
sub-010219,ep05,50,1637,1,1587
sub-010219,ep05,100,1637,1,1537
sub-010219,ep05,150,1637,1,1487
sub-010219,ep05,200,1637,1,1437
sub-010219,ep06,3,1484,1,785
sub-010219,ep06,5,1484,1,1267
sub-010219,ep06,7,1484,1,1415
sub-010219,ep06,8,1484,1,1476
sub-010219,ep06,10,1484,1,1474
sub-010219,ep06,20,1484,1,1463
sub-010219,ep06,30,1484,1,1454
sub-010219,ep06,50,1484,1,1434
sub-010219,ep06,100,1484,1,1384
sub-010219,ep06,150,1484,1,1334
sub-010219,ep06,200,1484,1,1284
sub-010220,ep00,3,1431,1,86
sub-010220,ep00,5,1431,3,608
sub-010220,ep00,7,1431,2,300
sub-010220,ep00,8,1431,2,294
sub-010220,ep00,10,1431,1,1421
sub-010220,ep00,20,1431,1,1411
sub-010220,ep00,30,1431,1,1401
sub-010220,ep00,50,1431,1,1381
sub-010220,ep00,100,1431,1,1331
sub-010220,ep00,150,1431,1,1281
sub-010220,ep00,200,1431,1,1231
sub-010220,ep01,3,1332,1,79
sub-010220,ep01,5,1332,1,310
sub-010220,ep01,7,1332,1,1324
sub-010220,ep01,8,1332,1,1324
sub-010220,ep01,10,1332,1,1322
sub-010220,ep01,20,1332,1,1312
sub-010220,ep01,30,1332,1,1302
sub-010220,ep01,50,1332,1,1282
sub-010220,ep01,100,1332,1,1232
sub-010220,ep01,150,1332,1,1182
sub-010220,ep01,200,1332,1,1132
sub-010220,ep02,3,1301,1,120
sub-010220,ep02,5,1301,2,319
sub-010220,ep02,7,1301,1,1293
sub-010220,ep02,8,1301,1,1280
sub-010220,ep02,10,1301,1,1291
sub-010220,ep02,20,1301,1,1281
sub-010220,ep02,30,1301,1,1271
sub-010220,ep02,50,1301,1,1251
sub-010220,ep02,100,1301,1,1201
sub-010220,ep02,150,1301,1,1151
sub-010220,ep02,200,1301,1,1101
sub-010220,ep03,3,1281,1,101
sub-010220,ep03,5,1281,2,337
sub-010220,ep03,7,1281,1,1274
sub-010220,ep03,8,1281,1,1273
sub-010220,ep03,10,1281,1,1269
sub-010220,ep03,20,1281,1,1261
sub-010220,ep03,30,1281,1,1251
sub-010220,ep03,50,1281,1,1231
sub-010220,ep03,100,1281,1,1181
sub-010220,ep03,150,1281,1,1131
sub-010220,ep03,200,1281,1,1081
sub-010220,ep04,3,1740,1,55
sub-010220,ep04,5,1740,1,375
sub-010220,ep04,7,1740,1,1732
sub-010220,ep04,8,1740,1,1732
sub-010220,ep04,10,1740,1,1730
sub-010220,ep04,20,1740,1,1720
sub-010220,ep04,30,1740,1,1710
sub-010220,ep04,50,1740,1,1690
sub-010220,ep04,100,1740,1,1640
sub-010220,ep04,150,1740,1,1590
sub-010220,ep04,200,1740,1,1540
sub-010220,ep05,3,1277,1,118
sub-010220,ep05,5,1277,3,513
sub-010220,ep05,7,1277,2,476
sub-010220,ep05,8,1277,1,1269
sub-010220,ep05,10,1277,1,1267
sub-010220,ep05,20,1277,1,1257
sub-010220,ep05,30,1277,1,1247
sub-010220,ep05,50,1277,1,1227
sub-010220,ep05,100,1277,1,1177
sub-010220,ep05,150,1277,1,1127
sub-010220,ep05,200,1277,1,1077
sub-010220,ep06,3,1166,1,26
sub-010220,ep06,5,1166,3,391
sub-010220,ep06,7,1166,1,1159
sub-010220,ep06,8,1166,1,1158
sub-010220,ep06,10,1166,1,1156
sub-010220,ep06,20,1166,1,1146
sub-010220,ep06,30,1166,1,1136
sub-010220,ep06,50,1166,1,1116
sub-010220,ep06,100,1166,1,1066
sub-010220,ep06,150,1166,1,1016
sub-010220,ep06,200,1166,1,966
sub-010222,ep00,3,2252,1,377
sub-010222,ep00,5,2252,1,1586
sub-010222,ep00,7,2252,1,2045
sub-010222,ep00,8,2252,1,2073
sub-010222,ep00,10,2252,1,2195
sub-010222,ep00,20,2252,1,2226
sub-010222,ep00,30,2252,1,2219
sub-010222,ep00,50,2252,1,2202
sub-010222,ep00,100,2252,1,2152
sub-010222,ep00,150,2252,1,2102
sub-010222,ep00,200,2252,1,2052
sub-010222,ep01,3,1809,1,178
sub-010222,ep01,5,1809,1,1239
sub-010222,ep01,7,1809,1,1572
sub-010222,ep01,8,1809,1,1626
sub-010222,ep01,10,1809,1,1743
sub-010222,ep01,20,1809,1,1789
sub-010222,ep01,30,1809,1,1779
sub-010222,ep01,50,1809,1,1759
sub-010222,ep01,100,1809,1,1709
sub-010222,ep01,150,1809,1,1659
sub-010222,ep01,200,1809,1,1609
sub-010222,ep02,3,2024,1,452
sub-010222,ep02,5,2024,1,1047
sub-010222,ep02,7,2024,1,1728
sub-010222,ep02,8,2024,1,1737
sub-010222,ep02,10,2024,1,1797
sub-010222,ep02,20,2024,1,2004
sub-010222,ep02,30,2024,1,1994
sub-010222,ep02,50,2024,1,1974
sub-010222,ep02,100,2024,1,1924
sub-010222,ep02,150,2024,1,1874
sub-010222,ep02,200,2024,1,1824
sub-010222,ep03,3,1790,1,311
sub-010222,ep03,5,1790,1,1263
sub-010222,ep03,7,1790,1,1236
sub-010222,ep03,8,1790,1,1285
sub-010222,ep03,10,1790,1,1505
sub-010222,ep03,20,1790,1,1766
sub-010222,ep03,30,1790,1,1760
sub-010222,ep03,50,1790,1,1740
sub-010222,ep03,100,1790,1,1690
sub-010222,ep03,150,1790,1,1640
sub-010222,ep03,200,1790,1,1590
sub-010222,ep04,3,1798,1,243
sub-010222,ep04,5,1798,1,1216
sub-010222,ep04,7,1798,1,1483
sub-010222,ep04,8,1798,1,1790
sub-010222,ep04,10,1798,1,1784
sub-010222,ep04,20,1798,1,1778
sub-010222,ep04,30,1798,1,1768
sub-010222,ep04,50,1798,1,1748
sub-010222,ep04,100,1798,1,1698
sub-010222,ep04,150,1798,1,1648
sub-010222,ep04,200,1798,1,1598
sub-010222,ep05,3,1871,1,204
sub-010222,ep05,5,1871,1,844
sub-010222,ep05,7,1871,1,1809
sub-010222,ep05,8,1871,1,1863
sub-010222,ep05,10,1871,1,1861
sub-010222,ep05,20,1871,1,1849
sub-010222,ep05,30,1871,1,1841
sub-010222,ep05,50,1871,1,1821
sub-010222,ep05,100,1871,1,1771
sub-010222,ep05,150,1871,1,1721
sub-010222,ep05,200,1871,1,1671
sub-010222,ep06,3,1670,1,238
sub-010222,ep06,5,1670,1,1319
sub-010222,ep06,7,1670,1,1417
sub-010222,ep06,8,1670,1,1646
sub-010222,ep06,10,1670,1,1660
sub-010222,ep06,20,1670,1,1649
sub-010222,ep06,30,1670,1,1640
sub-010222,ep06,50,1670,1,1620
sub-010222,ep06,100,1670,1,1570
sub-010222,ep06,150,1670,1,1520
sub-010222,ep06,200,1670,1,1470
sub-010223,ep00,3,1706,1,442
sub-010223,ep00,5,1706,1,626
sub-010223,ep00,7,1706,1,1129
sub-010223,ep00,8,1706,1,1698
sub-010223,ep00,10,1706,1,1696
sub-010223,ep00,20,1706,1,1686
sub-010223,ep00,30,1706,1,1676
sub-010223,ep00,50,1706,1,1656
sub-010223,ep00,100,1706,1,1606
sub-010223,ep00,150,1706,1,1556
sub-010223,ep00,200,1706,1,1506
sub-010223,ep01,3,1812,1,432
sub-010223,ep01,5,1812,1,916
sub-010223,ep01,7,1812,1,1039
sub-010223,ep01,8,1812,1,1802
sub-010223,ep01,10,1812,1,1802
sub-010223,ep01,20,1812,1,1792
sub-010223,ep01,30,1812,1,1782
sub-010223,ep01,50,1812,1,1762
sub-010223,ep01,100,1812,1,1712
sub-010223,ep01,150,1812,1,1662
sub-010223,ep01,200,1812,1,1612
sub-010223,ep02,3,1750,1,142
sub-010223,ep02,5,1750,1,949
sub-010223,ep02,7,1750,1,1731
sub-010223,ep02,8,1750,1,1742
sub-010223,ep02,10,1750,1,1737
sub-010223,ep02,20,1750,1,1730
sub-010223,ep02,30,1750,1,1719
sub-010223,ep02,50,1750,1,1700
sub-010223,ep02,100,1750,1,1650
sub-010223,ep02,150,1750,1,1600
sub-010223,ep02,200,1750,1,1550
sub-010223,ep03,3,1780,1,666
sub-010223,ep03,5,1780,1,1074
sub-010223,ep03,7,1780,1,1058
sub-010223,ep03,8,1780,1,1039
sub-010223,ep03,10,1780,1,1770
sub-010223,ep03,20,1780,1,1760
sub-010223,ep03,30,1780,1,1750
sub-010223,ep03,50,1780,1,1730
sub-010223,ep03,100,1780,1,1680
sub-010223,ep03,150,1780,1,1630
sub-010223,ep03,200,1780,1,1580
sub-010223,ep04,3,1882,1,355
sub-010223,ep04,5,1882,1,963
sub-010223,ep04,7,1882,1,1660
sub-010223,ep04,8,1882,1,1842
sub-010223,ep04,10,1882,1,1844
sub-010223,ep04,20,1882,1,1856
sub-010223,ep04,30,1882,1,1852
sub-010223,ep04,50,1882,1,1832
sub-010223,ep04,100,1882,1,1782
sub-010223,ep04,150,1882,1,1732
sub-010223,ep04,200,1882,1,1682
sub-010223,ep05,3,1849,1,382
sub-010223,ep05,5,1849,1,1029
sub-010223,ep05,7,1849,1,1783
sub-010223,ep05,8,1849,1,1841
sub-010223,ep05,10,1849,1,1836
sub-010223,ep05,20,1849,1,1824
sub-010223,ep05,30,1849,1,1819
sub-010223,ep05,50,1849,1,1799
sub-010223,ep05,100,1849,1,1749
sub-010223,ep05,150,1849,1,1699
sub-010223,ep05,200,1849,1,1649
sub-010223,ep06,3,1688,1,315
sub-010223,ep06,5,1688,1,984
sub-010223,ep06,7,1688,1,1041
sub-010223,ep06,8,1688,1,1679
sub-010223,ep06,10,1688,1,1678
sub-010223,ep06,20,1688,1,1668
sub-010223,ep06,30,1688,1,1658
sub-010223,ep06,50,1688,1,1638
sub-010223,ep06,100,1688,1,1588
sub-010223,ep06,150,1688,1,1538
sub-010223,ep06,200,1688,1,1488
sub-010224,ep00,3,1319,1,46
sub-010224,ep00,5,1319,1,685
sub-010224,ep00,7,1319,1,593
sub-010224,ep00,8,1319,1,555
sub-010224,ep00,10,1319,1,1305
sub-010224,ep00,20,1319,1,1299
sub-010224,ep00,30,1319,1,1289
sub-010224,ep00,50,1319,1,1269
sub-010224,ep00,100,1319,1,1219
sub-010224,ep00,150,1319,1,1169
sub-010224,ep00,200,1319,1,1119
sub-010224,ep01,3,1333,1,495
sub-010224,ep01,5,1333,1,955
sub-010224,ep01,7,1333,1,880
sub-010224,ep01,8,1333,1,905
sub-010224,ep01,10,1333,1,1322
sub-010224,ep01,20,1333,1,1311
sub-010224,ep01,30,1333,1,1303
sub-010224,ep01,50,1333,1,1283
sub-010224,ep01,100,1333,1,1233
sub-010224,ep01,150,1333,1,1183
sub-010224,ep01,200,1333,1,1133
sub-010224,ep02,3,1480,1,645
sub-010224,ep02,5,1480,1,1368
sub-010224,ep02,7,1480,1,1429
sub-010224,ep02,8,1480,1,1454
sub-010224,ep02,10,1480,1,1470
sub-010224,ep02,20,1480,1,1460
sub-010224,ep02,30,1480,1,1450
sub-010224,ep02,50,1480,1,1430
sub-010224,ep02,100,1480,1,1380
sub-010224,ep02,150,1480,1,1330
sub-010224,ep02,200,1480,1,1280
sub-010224,ep03,3,1366,1,487
sub-010224,ep03,5,1366,1,672
sub-010224,ep03,7,1366,1,688
sub-010224,ep03,8,1366,1,1358
sub-010224,ep03,10,1366,1,1356
sub-010224,ep03,20,1366,1,1346
sub-010224,ep03,30,1366,1,1336
sub-010224,ep03,50,1366,1,1316
sub-010224,ep03,100,1366,1,1266
sub-010224,ep03,150,1366,1,1216
sub-010224,ep03,200,1366,1,1166
sub-010224,ep04,3,1467,1,480
sub-010224,ep04,5,1467,1,823
sub-010224,ep04,7,1467,1,792
sub-010224,ep04,8,1467,1,1026
sub-010224,ep04,10,1467,1,1457
sub-010224,ep04,20,1467,1,1447
sub-010224,ep04,30,1467,1,1437
sub-010224,ep04,50,1467,1,1417
sub-010224,ep04,100,1467,1,1367
sub-010224,ep04,150,1467,1,1317
sub-010224,ep04,200,1467,1,1267
sub-010224,ep05,3,1626,1,414
sub-010224,ep05,5,1626,1,1160
sub-010224,ep05,7,1626,1,1258
sub-010224,ep05,8,1626,1,1618
sub-010224,ep05,10,1626,1,1616
sub-010224,ep05,20,1626,1,1606
sub-010224,ep05,30,1626,1,1596
sub-010224,ep05,50,1626,1,1576
sub-010224,ep05,100,1626,1,1526
sub-010224,ep05,150,1626,1,1476
sub-010224,ep05,200,1626,1,1426
sub-010224,ep06,3,1154,1,389
sub-010224,ep06,5,1154,1,675
sub-010224,ep06,7,1154,1,1145
sub-010224,ep06,8,1154,1,1009
sub-010224,ep06,10,1154,1,1144
sub-010224,ep06,20,1154,1,1134
sub-010224,ep06,30,1154,1,1124
sub-010224,ep06,50,1154,1,1104
sub-010224,ep06,100,1154,1,1054
sub-010224,ep06,150,1154,1,1004
sub-010224,ep06,200,1154,1,954
sub-010226,ep00,3,1542,1,331
sub-010226,ep00,5,1542,1,801
sub-010226,ep00,7,1542,1,1522
sub-010226,ep00,8,1542,1,1527
sub-010226,ep00,10,1542,1,1531
sub-010226,ep00,20,1542,1,1522
sub-010226,ep00,30,1542,1,1512
sub-010226,ep00,50,1542,1,1492
sub-010226,ep00,100,1542,1,1441
sub-010226,ep00,150,1542,1,1392
sub-010226,ep00,200,1542,1,1342
sub-010226,ep01,3,1513,1,324
sub-010226,ep01,5,1513,1,1499
sub-010226,ep01,7,1513,1,1505
sub-010226,ep01,8,1513,1,1505
sub-010226,ep01,10,1513,1,1502
sub-010226,ep01,20,1513,1,1493
sub-010226,ep01,30,1513,1,1483
sub-010226,ep01,50,1513,1,1463
sub-010226,ep01,100,1513,1,1413
sub-010226,ep01,150,1513,1,1363
sub-010226,ep01,200,1513,1,1313
sub-010226,ep02,3,1564,1,208
sub-010226,ep02,5,1564,1,781
sub-010226,ep02,7,1564,1,1460
sub-010226,ep02,8,1564,1,1556
sub-010226,ep02,10,1564,1,1554
sub-010226,ep02,20,1564,1,1544
sub-010226,ep02,30,1564,1,1534
sub-010226,ep02,50,1564,1,1514
sub-010226,ep02,100,1564,1,1464
sub-010226,ep02,150,1564,1,1414
sub-010226,ep02,200,1564,1,1364
sub-010226,ep03,3,1487,1,258
sub-010226,ep03,5,1487,2,334
sub-010226,ep03,7,1487,1,1453
sub-010226,ep03,8,1487,1,1455
sub-010226,ep03,10,1487,1,1477
sub-010226,ep03,20,1487,1,1467
sub-010226,ep03,30,1487,1,1457
sub-010226,ep03,50,1487,1,1437
sub-010226,ep03,100,1487,1,1387
sub-010226,ep03,150,1487,1,1337
sub-010226,ep03,200,1487,1,1287
sub-010226,ep04,3,1529,1,239
sub-010226,ep04,5,1529,1,662
sub-010226,ep04,7,1529,1,1110
sub-010226,ep04,8,1529,1,1471
sub-010226,ep04,10,1529,1,1519
sub-010226,ep04,20,1529,1,1509
sub-010226,ep04,30,1529,1,1499
sub-010226,ep04,50,1529,1,1479
sub-010226,ep04,100,1529,1,1429
sub-010226,ep04,150,1529,1,1379
sub-010226,ep04,200,1529,1,1329
sub-010226,ep05,3,1503,1,166
sub-010226,ep05,5,1503,1,231
sub-010226,ep05,7,1503,1,1496
sub-010226,ep05,8,1503,1,1495
sub-010226,ep05,10,1503,1,1489
sub-010226,ep05,20,1503,1,1483
sub-010226,ep05,30,1503,1,1473
sub-010226,ep05,50,1503,1,1453
sub-010226,ep05,100,1503,1,1403
sub-010226,ep05,150,1503,1,1353
sub-010226,ep05,200,1503,1,1303
sub-010227,ep00,3,1997,1,667
sub-010227,ep00,5,1997,1,1149
sub-010227,ep00,7,1997,1,1970
sub-010227,ep00,8,1997,1,1276
sub-010227,ep00,10,1997,1,1285
sub-010227,ep00,20,1997,1,1977
sub-010227,ep00,30,1997,1,1967
sub-010227,ep00,50,1997,1,1947
sub-010227,ep00,100,1997,1,1897
sub-010227,ep00,150,1997,1,1847
sub-010227,ep00,200,1997,1,1797
sub-010227,ep01,3,1465,1,221
sub-010227,ep01,5,1465,1,674
sub-010227,ep01,7,1465,1,1458
sub-010227,ep01,8,1465,1,1457
sub-010227,ep01,10,1465,1,1455
sub-010227,ep01,20,1465,1,1445
sub-010227,ep01,30,1465,1,1435
sub-010227,ep01,50,1465,1,1415
sub-010227,ep01,100,1465,1,1365
sub-010227,ep01,150,1465,1,1315
sub-010227,ep01,200,1465,1,1265
sub-010227,ep02,3,1426,1,195
sub-010227,ep02,5,1426,1,602
sub-010227,ep02,7,1426,1,774
sub-010227,ep02,8,1426,1,984
sub-010227,ep02,10,1426,1,1415
sub-010227,ep02,20,1426,1,1406
sub-010227,ep02,30,1426,1,1396
sub-010227,ep02,50,1426,1,1376
sub-010227,ep02,100,1426,1,1326
sub-010227,ep02,150,1426,1,1276
sub-010227,ep02,200,1426,1,1226
sub-010227,ep03,3,1334,1,481
sub-010227,ep03,5,1334,1,606
sub-010227,ep03,7,1334,1,1325
sub-010227,ep03,8,1334,1,1326
sub-010227,ep03,10,1334,1,1324
sub-010227,ep03,20,1334,1,1314
sub-010227,ep03,30,1334,1,1304
sub-010227,ep03,50,1334,1,1284
sub-010227,ep03,100,1334,1,1234
sub-010227,ep03,150,1334,1,1184
sub-010227,ep03,200,1334,1,1134
sub-010227,ep04,3,1499,1,321
sub-010227,ep04,5,1499,1,517
sub-010227,ep04,7,1499,1,1451
sub-010227,ep04,8,1499,1,1479
sub-010227,ep04,10,1499,1,1483
sub-010227,ep04,20,1499,1,1479
sub-010227,ep04,30,1499,1,1469
sub-010227,ep04,50,1499,1,1449
sub-010227,ep04,100,1499,1,1399
sub-010227,ep04,150,1499,1,1349
sub-010227,ep04,200,1499,1,1299
sub-010227,ep05,3,1426,1,307
sub-010227,ep05,5,1426,1,564
sub-010227,ep05,7,1426,1,1069
sub-010227,ep05,8,1426,1,1070
sub-010227,ep05,10,1426,1,1072
sub-010227,ep05,20,1426,1,1406
sub-010227,ep05,30,1426,1,1396
sub-010227,ep05,50,1426,1,1376
sub-010227,ep05,100,1426,1,1326
sub-010227,ep05,150,1426,1,1276
sub-010227,ep05,200,1426,1,1226
sub-010227,ep06,3,1347,1,256
sub-010227,ep06,5,1347,1,1014
sub-010227,ep06,7,1347,1,1102
sub-010227,ep06,8,1347,1,989
sub-010227,ep06,10,1347,1,1337
sub-010227,ep06,20,1347,1,1327
sub-010227,ep06,30,1347,1,1317
sub-010227,ep06,50,1347,1,1297
sub-010227,ep06,100,1347,1,1247
sub-010227,ep06,150,1347,1,1197
sub-010227,ep06,200,1347,1,1147
sub-010228,ep00,3,1607,1,167
sub-010228,ep00,5,1607,1,1116
sub-010228,ep00,7,1607,1,1055
sub-010228,ep00,8,1607,1,1078
sub-010228,ep00,10,1607,1,1060
sub-010228,ep00,20,1607,1,1587
sub-010228,ep00,30,1607,1,1577
sub-010228,ep00,50,1607,1,1557
sub-010228,ep00,100,1607,1,1507
sub-010228,ep00,150,1607,1,1457
sub-010228,ep00,200,1607,1,1407
sub-010228,ep01,3,1315,1,208
sub-010228,ep01,5,1315,1,990
sub-010228,ep01,7,1315,1,927
sub-010228,ep01,8,1315,1,1307
sub-010228,ep01,10,1315,1,1305
sub-010228,ep01,20,1315,1,1295
sub-010228,ep01,30,1315,1,1285
sub-010228,ep01,50,1315,1,1265
sub-010228,ep01,100,1315,1,1215
sub-010228,ep01,150,1315,1,1165
sub-010228,ep01,200,1315,1,1115
sub-010228,ep02,3,1791,1,695
sub-010228,ep02,5,1791,1,1007
sub-010228,ep02,7,1791,1,1106
sub-010228,ep02,8,1791,1,1160
sub-010228,ep02,10,1791,1,1781
sub-010228,ep02,20,1791,1,1771
sub-010228,ep02,30,1791,1,1761
sub-010228,ep02,50,1791,1,1741
sub-010228,ep02,100,1791,1,1691
sub-010228,ep02,150,1791,1,1641
sub-010228,ep02,200,1791,1,1591
sub-010228,ep03,3,1396,1,547
sub-010228,ep03,5,1396,1,922
sub-010228,ep03,7,1396,1,1087
sub-010228,ep03,8,1396,1,1388
sub-010228,ep03,10,1396,1,1385
sub-010228,ep03,20,1396,1,1376
sub-010228,ep03,30,1396,1,1366
sub-010228,ep03,50,1396,1,1346
sub-010228,ep03,100,1396,1,1296
sub-010228,ep03,150,1396,1,1246
sub-010228,ep03,200,1396,1,1196
sub-010228,ep04,3,1393,1,156
sub-010228,ep04,5,1393,1,634
sub-010228,ep04,7,1393,1,1385
sub-010228,ep04,8,1393,1,1385
sub-010228,ep04,10,1393,1,1383
sub-010228,ep04,20,1393,1,1373
sub-010228,ep04,30,1393,1,1363
sub-010228,ep04,50,1393,1,1343
sub-010228,ep04,100,1393,1,1293
sub-010228,ep04,150,1393,1,1243
sub-010228,ep04,200,1393,1,1193
sub-010228,ep05,3,1312,1,217
sub-010228,ep05,5,1312,1,686
sub-010228,ep05,7,1312,1,712
sub-010228,ep05,8,1312,1,1304
sub-010228,ep05,10,1312,1,1302
sub-010228,ep05,20,1312,1,1292
sub-010228,ep05,30,1312,1,1282
sub-010228,ep05,50,1312,1,1262
sub-010228,ep05,100,1312,1,1212
sub-010228,ep05,150,1312,1,1162
sub-010228,ep05,200,1312,1,1112
sub-010228,ep06,3,1213,1,141
sub-010228,ep06,5,1213,1,726
sub-010228,ep06,7,1213,1,784
sub-010228,ep06,8,1213,1,1150
sub-010228,ep06,10,1213,1,1203
sub-010228,ep06,20,1213,1,1192
sub-010228,ep06,30,1213,1,1183
sub-010228,ep06,50,1213,1,1163
sub-010228,ep06,100,1213,1,1113
sub-010228,ep06,150,1213,1,1063
sub-010228,ep06,200,1213,1,1013
sub-010229,ep00,3,1334,1,167
sub-010229,ep00,5,1334,1,224
sub-010229,ep00,7,1334,1,1311
sub-010229,ep00,8,1334,1,1326
sub-010229,ep00,10,1334,1,1324
sub-010229,ep00,20,1334,1,1314
sub-010229,ep00,30,1334,1,1304
sub-010229,ep00,50,1334,1,1284
sub-010229,ep00,100,1334,1,1234
sub-010229,ep00,150,1334,1,1184
sub-010229,ep00,200,1334,1,1134
sub-010229,ep01,3,1250,1,282
sub-010229,ep01,5,1250,2,322
sub-010229,ep01,7,1250,2,293
sub-010229,ep01,8,1250,2,316
sub-010229,ep01,10,1250,1,1239
sub-010229,ep01,20,1250,1,1228
sub-010229,ep01,30,1250,1,1220
sub-010229,ep01,50,1250,1,1200
sub-010229,ep01,100,1250,1,1150
sub-010229,ep01,150,1250,1,1100
sub-010229,ep01,200,1250,1,1050
sub-010229,ep02,3,1236,1,61
sub-010229,ep02,5,1236,1,165
sub-010229,ep02,7,1236,1,1229
sub-010229,ep02,8,1236,1,1228
sub-010229,ep02,10,1236,1,1226
sub-010229,ep02,20,1236,1,1216
sub-010229,ep02,30,1236,1,1206
sub-010229,ep02,50,1236,1,1186
sub-010229,ep02,100,1236,1,1136
sub-010229,ep02,150,1236,1,1086
sub-010229,ep02,200,1236,1,1036
sub-010229,ep03,3,1293,1,78
sub-010229,ep03,5,1293,1,262
sub-010229,ep03,7,1293,2,340
sub-010229,ep03,8,1293,1,1285
sub-010229,ep03,10,1293,1,1283
sub-010229,ep03,20,1293,1,1273
sub-010229,ep03,30,1293,1,1263
sub-010229,ep03,50,1293,1,1243
sub-010229,ep03,100,1293,1,1193
sub-010229,ep03,150,1293,1,1143
sub-010229,ep03,200,1293,1,1093
sub-010229,ep04,3,1249,1,179
sub-010229,ep04,5,1249,1,1235
sub-010229,ep04,7,1249,1,1242
sub-010229,ep04,8,1249,1,1241
sub-010229,ep04,10,1249,1,1239
sub-010229,ep04,20,1249,1,1229
sub-010229,ep04,30,1249,1,1219
sub-010229,ep04,50,1249,1,1199
sub-010229,ep04,100,1249,1,1149
sub-010229,ep04,150,1249,1,1099
sub-010229,ep04,200,1249,1,1049
sub-010229,ep05,3,1240,1,75
sub-010229,ep05,5,1240,1,326
sub-010229,ep05,7,1240,1,1233
sub-010229,ep05,8,1240,1,1232
sub-010229,ep05,10,1240,1,1230
sub-010229,ep05,20,1240,1,1220
sub-010229,ep05,30,1240,1,1210
sub-010229,ep05,50,1240,1,1190
sub-010229,ep05,100,1240,1,1140
sub-010229,ep05,150,1240,1,1090
sub-010229,ep05,200,1240,1,1040
sub-010229,ep06,3,1127,9,225
sub-010229,ep06,5,1127,2,282
sub-010229,ep06,7,1127,1,1095
sub-010229,ep06,8,1127,1,1094
sub-010229,ep06,10,1127,1,1103
sub-010229,ep06,20,1127,1,1101
sub-010229,ep06,30,1127,1,1097
sub-010229,ep06,50,1127,1,1077
sub-010229,ep06,100,1127,1,1027
sub-010229,ep06,150,1127,1,977
sub-010229,ep06,200,1127,1,927
sub-010230,ep00,3,1308,1,355
sub-010230,ep00,5,1308,1,689
sub-010230,ep00,7,1308,1,674
sub-010230,ep00,8,1308,1,1255
sub-010230,ep00,10,1308,1,1298
sub-010230,ep00,20,1308,1,1288
sub-010230,ep00,30,1308,1,1278
sub-010230,ep00,50,1308,1,1258
sub-010230,ep00,100,1308,1,1208
sub-010230,ep00,150,1308,1,1158
sub-010230,ep00,200,1308,1,1108
sub-010230,ep01,3,1339,1,256
sub-010230,ep01,5,1339,1,703
sub-010230,ep01,7,1339,1,849
sub-010230,ep01,8,1339,1,937
sub-010230,ep01,10,1339,1,1329
sub-010230,ep01,20,1339,1,1318
sub-010230,ep01,30,1339,1,1309
sub-010230,ep01,50,1339,1,1289
sub-010230,ep01,100,1339,1,1239
sub-010230,ep01,150,1339,1,1189
sub-010230,ep01,200,1339,1,1139
sub-010230,ep02,3,1325,1,248
sub-010230,ep02,5,1325,1,619
sub-010230,ep02,7,1325,1,898
sub-010230,ep02,8,1325,1,928
sub-010230,ep02,10,1325,1,925
sub-010230,ep02,20,1325,1,1305
sub-010230,ep02,30,1325,1,1295
sub-010230,ep02,50,1325,1,1275
sub-010230,ep02,100,1325,1,1225
sub-010230,ep02,150,1325,1,1175
sub-010230,ep02,200,1325,1,1125
sub-010230,ep03,3,1555,1,387
sub-010230,ep03,5,1555,1,825
sub-010230,ep03,7,1555,1,865
sub-010230,ep03,8,1555,1,886
sub-010230,ep03,10,1555,1,1545
sub-010230,ep03,20,1555,1,1535
sub-010230,ep03,30,1555,1,1525
sub-010230,ep03,50,1555,1,1505
sub-010230,ep03,100,1555,1,1455
sub-010230,ep03,150,1555,1,1405
sub-010230,ep03,200,1555,1,1355
sub-010230,ep04,3,2893,1,183
sub-010230,ep04,5,2893,1,1495
sub-010230,ep04,7,2893,1,1583
sub-010230,ep04,8,2893,1,1590
sub-010230,ep04,10,2893,1,2206
sub-010230,ep04,20,2893,1,2873
sub-010230,ep04,30,2893,1,2863
sub-010230,ep04,50,2893,1,2843
sub-010230,ep04,100,2893,1,2793
sub-010230,ep04,150,2893,1,2743
sub-010230,ep04,200,2893,1,2693
sub-010230,ep05,3,1310,1,156
sub-010230,ep05,5,1310,1,504
sub-010230,ep05,7,1310,1,790
sub-010230,ep05,8,1310,1,724
sub-010230,ep05,10,1310,1,923
sub-010230,ep05,20,1310,1,1290
sub-010230,ep05,30,1310,1,1280
sub-010230,ep05,50,1310,1,1260
sub-010230,ep05,100,1310,1,1210
sub-010230,ep05,150,1310,1,1160
sub-010230,ep05,200,1310,1,1110
sub-010230,ep06,3,1217,1,345
sub-010230,ep06,5,1217,1,386
sub-010230,ep06,7,1217,1,733
sub-010230,ep06,8,1217,1,741
sub-010230,ep06,10,1217,1,739
sub-010230,ep06,20,1217,1,1197
sub-010230,ep06,30,1217,1,1187
sub-010230,ep06,50,1217,1,1167
sub-010230,ep06,100,1217,1,1117
sub-010230,ep06,150,1217,1,1067
sub-010230,ep06,200,1217,1,1017
sub-010231,ep00,3,1354,1,221
sub-010231,ep00,5,1354,1,491
sub-010231,ep00,7,1354,1,1330
sub-010231,ep00,8,1354,1,1329
sub-010231,ep00,10,1354,1,1344
sub-010231,ep00,20,1354,1,1334
sub-010231,ep00,30,1354,1,1324
sub-010231,ep00,50,1354,1,1304
sub-010231,ep00,100,1354,1,1254
sub-010231,ep00,150,1354,1,1204
sub-010231,ep00,200,1354,1,1154
sub-010231,ep01,3,1957,1,683
sub-010231,ep01,5,1957,1,1045
sub-010231,ep01,7,1957,1,1618
sub-010231,ep01,8,1957,1,1608
sub-010231,ep01,10,1957,1,1946
sub-010231,ep01,20,1957,1,1937
sub-010231,ep01,30,1957,1,1927
sub-010231,ep01,50,1957,1,1907
sub-010231,ep01,100,1957,1,1857
sub-010231,ep01,150,1957,1,1807
sub-010231,ep01,200,1957,1,1757
sub-010231,ep02,3,1794,1,443
sub-010231,ep02,5,1794,1,736
sub-010231,ep02,7,1794,1,1748
sub-010231,ep02,8,1794,1,1745
sub-010231,ep02,10,1794,1,1782
sub-010231,ep02,20,1794,1,1774
sub-010231,ep02,30,1794,1,1764
sub-010231,ep02,50,1794,1,1744
sub-010231,ep02,100,1794,1,1694
sub-010231,ep02,150,1794,1,1644
sub-010231,ep02,200,1794,1,1594
sub-010231,ep03,3,1418,1,459
sub-010231,ep03,5,1418,1,523
sub-010231,ep03,7,1418,1,1411
sub-010231,ep03,8,1418,1,1410
sub-010231,ep03,10,1418,1,1408
sub-010231,ep03,20,1418,1,1398
sub-010231,ep03,30,1418,1,1386
sub-010231,ep03,50,1418,1,1368
sub-010231,ep03,100,1418,1,1318
sub-010231,ep03,150,1418,1,1268
sub-010231,ep03,200,1418,1,1218
sub-010231,ep04,3,1670,1,478
sub-010231,ep04,5,1670,1,927
sub-010231,ep04,7,1670,1,906
sub-010231,ep04,8,1670,1,913
sub-010231,ep04,10,1670,1,1660
sub-010231,ep04,20,1670,1,1650
sub-010231,ep04,30,1670,1,1640
sub-010231,ep04,50,1670,1,1620
sub-010231,ep04,100,1670,1,1570
sub-010231,ep04,150,1670,1,1520
sub-010231,ep04,200,1670,1,1470
sub-010231,ep05,3,1317,1,185
sub-010231,ep05,5,1317,1,502
sub-010231,ep05,7,1317,1,1310
sub-010231,ep05,8,1317,1,1309
sub-010231,ep05,10,1317,1,1307
sub-010231,ep05,20,1317,1,1297
sub-010231,ep05,30,1317,1,1287
sub-010231,ep05,50,1317,1,1267
sub-010231,ep05,100,1317,1,1217
sub-010231,ep05,150,1317,1,1167
sub-010231,ep05,200,1317,1,1117
sub-010231,ep06,3,1225,1,558
sub-010231,ep06,5,1225,1,630
sub-010231,ep06,7,1225,1,639
sub-010231,ep06,8,1225,1,757
sub-010231,ep06,10,1225,1,1211
sub-010231,ep06,20,1225,1,1205
sub-010231,ep06,30,1225,1,1195
sub-010231,ep06,50,1225,1,1175
sub-010231,ep06,100,1225,1,1125
sub-010231,ep06,150,1225,1,1075
sub-010231,ep06,200,1225,1,1025
sub-010232,ep00,3,1374,1,271
sub-010232,ep00,5,1374,1,806
sub-010232,ep00,7,1374,1,1367
sub-010232,ep00,8,1374,1,1365
sub-010232,ep00,10,1374,1,1364
sub-010232,ep00,20,1374,1,1354
sub-010232,ep00,30,1374,1,1344
sub-010232,ep00,50,1374,1,1324
sub-010232,ep00,100,1374,1,1274
sub-010232,ep00,150,1374,1,1224
sub-010232,ep00,200,1374,1,1174
sub-010232,ep01,3,1319,1,435
sub-010232,ep01,5,1319,1,654
sub-010232,ep01,7,1319,1,1308
sub-010232,ep01,8,1319,1,1311
sub-010232,ep01,10,1319,1,1309
sub-010232,ep01,20,1319,1,1299
sub-010232,ep01,30,1319,1,1289
sub-010232,ep01,50,1319,1,1269
sub-010232,ep01,100,1319,1,1219
sub-010232,ep01,150,1319,1,1169
sub-010232,ep01,200,1319,1,1119
sub-010232,ep02,3,1312,1,414
sub-010232,ep02,5,1312,1,629
sub-010232,ep02,7,1312,1,617
sub-010232,ep02,8,1312,1,660
sub-010232,ep02,10,1312,1,1302
sub-010232,ep02,20,1312,1,1292
sub-010232,ep02,30,1312,1,1282
sub-010232,ep02,50,1312,1,1262
sub-010232,ep02,100,1312,1,1212
sub-010232,ep02,150,1312,1,1162
sub-010232,ep02,200,1312,1,1112
sub-010232,ep03,3,2047,1,482
sub-010232,ep03,5,2047,1,1267
sub-010232,ep03,7,2047,1,1263
sub-010232,ep03,8,2047,1,1284
sub-010232,ep03,10,2047,1,2037
sub-010232,ep03,20,2047,1,2027
sub-010232,ep03,30,2047,1,2017
sub-010232,ep03,50,2047,1,1997
sub-010232,ep03,100,2047,1,1947
sub-010232,ep03,150,2047,1,1897
sub-010232,ep03,200,2047,1,1847
sub-010232,ep04,3,1519,1,171
sub-010232,ep04,5,1519,1,923
sub-010232,ep04,7,1519,1,1511
sub-010232,ep04,8,1519,1,1511
sub-010232,ep04,10,1519,1,1509
sub-010232,ep04,20,1519,1,1499
sub-010232,ep04,30,1519,1,1489
sub-010232,ep04,50,1519,1,1469
sub-010232,ep04,100,1519,1,1419
sub-010232,ep04,150,1519,1,1369
sub-010232,ep04,200,1519,1,1319
sub-010232,ep05,3,1676,1,664
sub-010232,ep05,5,1676,1,1100
sub-010232,ep05,7,1676,1,1669
sub-010232,ep05,8,1676,1,1668
sub-010232,ep05,10,1676,1,1666
sub-010232,ep05,20,1676,1,1656
sub-010232,ep05,30,1676,1,1646
sub-010232,ep05,50,1676,1,1626
sub-010232,ep05,100,1676,1,1576
sub-010232,ep05,150,1676,1,1526
sub-010232,ep05,200,1676,1,1476
sub-010232,ep06,3,1215,1,107
sub-010232,ep06,5,1215,1,684
sub-010232,ep06,7,1215,1,706
sub-010232,ep06,8,1215,1,1192
sub-010232,ep06,10,1215,1,1197
sub-010232,ep06,20,1215,1,1195
sub-010232,ep06,30,1215,1,1185
sub-010232,ep06,50,1215,1,1165
sub-010232,ep06,100,1215,1,1115
sub-010232,ep06,150,1215,1,1065
sub-010232,ep06,200,1215,1,1015
sub-010233,ep00,3,1425,1,307
sub-010233,ep00,5,1425,1,574
sub-010233,ep00,7,1425,1,1386
sub-010233,ep00,8,1425,1,1417
sub-010233,ep00,10,1425,1,1415
sub-010233,ep00,20,1425,1,1405
sub-010233,ep00,30,1425,1,1395
sub-010233,ep00,50,1425,1,1375
sub-010233,ep00,100,1425,1,1325
sub-010233,ep00,150,1425,1,1275
sub-010233,ep00,200,1425,1,1225
sub-010233,ep01,3,1394,1,124
sub-010233,ep01,5,1394,1,718
sub-010233,ep01,7,1394,1,1375
sub-010233,ep01,8,1394,1,1386
sub-010233,ep01,10,1394,1,1384
sub-010233,ep01,20,1394,1,1374
sub-010233,ep01,30,1394,1,1364
sub-010233,ep01,50,1394,1,1344
sub-010233,ep01,100,1394,1,1294
sub-010233,ep01,150,1394,1,1244
sub-010233,ep01,200,1394,1,1194
sub-010233,ep02,3,1679,1,147
sub-010233,ep02,5,1679,1,779
sub-010233,ep02,7,1679,1,1671
sub-010233,ep02,8,1679,1,1671
sub-010233,ep02,10,1679,1,1669
sub-010233,ep02,20,1679,1,1659
sub-010233,ep02,30,1679,1,1649
sub-010233,ep02,50,1679,1,1629
sub-010233,ep02,100,1679,1,1579
sub-010233,ep02,150,1679,1,1529
sub-010233,ep02,200,1679,1,1479
sub-010233,ep03,3,1358,1,264
sub-010233,ep03,5,1358,1,429
sub-010233,ep03,7,1358,1,1349
sub-010233,ep03,8,1358,1,1350
sub-010233,ep03,10,1358,1,1348
sub-010233,ep03,20,1358,1,1338
sub-010233,ep03,30,1358,1,1328
sub-010233,ep03,50,1358,1,1308
sub-010233,ep03,100,1358,1,1258
sub-010233,ep03,150,1358,1,1208
sub-010233,ep03,200,1358,1,1158
sub-010233,ep04,3,1344,1,210
sub-010233,ep04,5,1344,2,365
sub-010233,ep04,7,1344,1,1298
sub-010233,ep04,8,1344,1,1307
sub-010233,ep04,10,1344,1,1313
sub-010233,ep04,20,1344,1,1324
sub-010233,ep04,30,1344,1,1314
sub-010233,ep04,50,1344,1,1294
sub-010233,ep04,100,1344,1,1244
sub-010233,ep04,150,1344,1,1194
sub-010233,ep04,200,1344,1,1144
sub-010233,ep05,3,1710,1,292
sub-010233,ep05,5,1710,1,1536
sub-010233,ep05,7,1710,1,1703
sub-010233,ep05,8,1710,1,1701
sub-010233,ep05,10,1710,1,1700
sub-010233,ep05,20,1710,1,1690
sub-010233,ep05,30,1710,1,1680
sub-010233,ep05,50,1710,1,1660
sub-010233,ep05,100,1710,1,1610
sub-010233,ep05,150,1710,1,1560
sub-010233,ep05,200,1710,1,1510
sub-010233,ep06,3,1247,1,196
sub-010233,ep06,5,1247,1,464
sub-010233,ep06,7,1247,1,1221
sub-010233,ep06,8,1247,1,1224
sub-010233,ep06,10,1247,1,1234
sub-010233,ep06,20,1247,1,1227
sub-010233,ep06,30,1247,1,1217
sub-010233,ep06,50,1247,1,1197
sub-010233,ep06,100,1247,1,1147
sub-010233,ep06,150,1247,1,1097
sub-010233,ep06,200,1247,1,1047
sub-010234,ep00,3,1775,1,453
sub-010234,ep00,5,1775,1,1266
sub-010234,ep00,7,1775,1,1374
sub-010234,ep00,8,1775,1,1375
sub-010234,ep00,10,1775,1,1418
sub-010234,ep00,20,1775,1,1755
sub-010234,ep00,30,1775,1,1745
sub-010234,ep00,50,1775,1,1725
sub-010234,ep00,100,1775,1,1675
sub-010234,ep00,150,1775,1,1625
sub-010234,ep00,200,1775,1,1575
sub-010234,ep01,3,1741,1,286
sub-010234,ep01,5,1741,1,1307
sub-010234,ep01,7,1741,1,1734
sub-010234,ep01,8,1741,1,1733
sub-010234,ep01,10,1741,1,1731
sub-010234,ep01,20,1741,1,1721
sub-010234,ep01,30,1741,1,1711
sub-010234,ep01,50,1741,1,1691
sub-010234,ep01,100,1741,1,1641
sub-010234,ep01,150,1741,1,1591
sub-010234,ep01,200,1741,1,1541
sub-010234,ep02,3,1707,1,153
sub-010234,ep02,5,1707,1,1053
sub-010234,ep02,7,1707,1,1005
sub-010234,ep02,8,1707,1,1044
sub-010234,ep02,10,1707,1,1692
sub-010234,ep02,20,1707,1,1687
sub-010234,ep02,30,1707,1,1677
sub-010234,ep02,50,1707,1,1657
sub-010234,ep02,100,1707,1,1607
sub-010234,ep02,150,1707,1,1557
sub-010234,ep02,200,1707,1,1507
sub-010234,ep03,3,1967,1,630
sub-010234,ep03,5,1967,1,1565
sub-010234,ep03,7,1967,1,1622
sub-010234,ep03,8,1967,1,1959
sub-010234,ep03,10,1967,1,1957
sub-010234,ep03,20,1967,1,1947
sub-010234,ep03,30,1967,1,1937
sub-010234,ep03,50,1967,1,1917
sub-010234,ep03,100,1967,1,1867
sub-010234,ep03,150,1967,1,1817
sub-010234,ep03,200,1967,1,1767
sub-010234,ep04,3,1639,1,127
sub-010234,ep04,5,1639,1,1047
sub-010234,ep04,7,1639,1,1086
sub-010234,ep04,8,1639,1,1631
sub-010234,ep04,10,1639,1,1629
sub-010234,ep04,20,1639,1,1619
sub-010234,ep04,30,1639,1,1609
sub-010234,ep04,50,1639,1,1589
sub-010234,ep04,100,1639,1,1539
sub-010234,ep04,150,1639,1,1489
sub-010234,ep04,200,1639,1,1439
sub-010234,ep05,3,1655,1,403
sub-010234,ep05,5,1655,1,957
sub-010234,ep05,7,1655,1,925
sub-010234,ep05,8,1655,1,1647
sub-010234,ep05,10,1655,1,1645
sub-010234,ep05,20,1655,1,1635
sub-010234,ep05,30,1655,1,1625
sub-010234,ep05,50,1655,1,1605
sub-010234,ep05,100,1655,1,1555
sub-010234,ep05,150,1655,1,1505
sub-010234,ep05,200,1655,1,1455
sub-010234,ep06,3,1506,1,85
sub-010234,ep06,5,1506,1,906
sub-010234,ep06,7,1506,1,1499
sub-010234,ep06,8,1506,1,1498
sub-010234,ep06,10,1506,1,1496
sub-010234,ep06,20,1506,1,1486
sub-010234,ep06,30,1506,1,1476
sub-010234,ep06,50,1506,1,1456
sub-010234,ep06,100,1506,1,1406
sub-010234,ep06,150,1506,1,1356
sub-010234,ep06,200,1506,1,1306
sub-010236,ep00,3,1403,1,232
sub-010236,ep00,5,1403,1,455
sub-010236,ep00,7,1403,1,479
sub-010236,ep00,8,1403,1,1395
sub-010236,ep00,10,1403,1,1393
sub-010236,ep00,20,1403,1,1383
sub-010236,ep00,30,1403,1,1373
sub-010236,ep00,50,1403,1,1353
sub-010236,ep00,100,1403,1,1303
sub-010236,ep00,150,1403,1,1253
sub-010236,ep00,200,1403,1,1203
sub-010236,ep01,3,1386,1,227
sub-010236,ep01,5,1386,1,280
sub-010236,ep01,7,1386,1,675
sub-010236,ep01,8,1386,1,707
sub-010236,ep01,10,1386,1,1370
sub-010236,ep01,20,1386,1,1366
sub-010236,ep01,30,1386,1,1356
sub-010236,ep01,50,1386,1,1336
sub-010236,ep01,100,1386,1,1286
sub-010236,ep01,150,1386,1,1236
sub-010236,ep01,200,1386,1,1186
sub-010236,ep02,3,1479,1,236
sub-010236,ep02,5,1479,1,417
sub-010236,ep02,7,1479,1,937
sub-010236,ep02,8,1479,1,1436
sub-010236,ep02,10,1479,1,1469
sub-010236,ep02,20,1479,1,1459
sub-010236,ep02,30,1479,1,1449
sub-010236,ep02,50,1479,1,1429
sub-010236,ep02,100,1479,1,1379
sub-010236,ep02,150,1479,1,1329
sub-010236,ep02,200,1479,1,1279
sub-010236,ep03,3,1725,1,356
sub-010236,ep03,5,1725,1,624
sub-010236,ep03,7,1725,1,1718
sub-010236,ep03,8,1725,1,1717
sub-010236,ep03,10,1725,1,1715
sub-010236,ep03,20,1725,1,1705
sub-010236,ep03,30,1725,1,1695
sub-010236,ep03,50,1725,1,1675
sub-010236,ep03,100,1725,1,1625
sub-010236,ep03,150,1725,1,1575
sub-010236,ep03,200,1725,1,1525
sub-010236,ep04,3,1423,1,203
sub-010236,ep04,5,1423,1,531
sub-010236,ep04,7,1423,1,1416
sub-010236,ep04,8,1423,1,1395
sub-010236,ep04,10,1423,1,1413
sub-010236,ep04,20,1423,1,1403
sub-010236,ep04,30,1423,1,1393
sub-010236,ep04,50,1423,1,1373
sub-010236,ep04,100,1423,1,1323
sub-010236,ep04,150,1423,1,1273
sub-010236,ep04,200,1423,1,1223
sub-010236,ep05,3,1905,1,223
sub-010236,ep05,5,1905,1,782
sub-010236,ep05,7,1905,1,909
sub-010236,ep05,8,1905,1,942
sub-010236,ep05,10,1905,1,871
sub-010236,ep05,20,1905,1,1885
sub-010236,ep05,30,1905,1,1875
sub-010236,ep05,50,1905,1,1855
sub-010236,ep05,100,1905,1,1805
sub-010236,ep05,150,1905,1,1755
sub-010236,ep05,200,1905,1,1705
sub-010236,ep06,3,1278,1,278
sub-010236,ep06,5,1278,1,502
sub-010236,ep06,7,1278,1,1271
sub-010236,ep06,8,1278,1,1269
sub-010236,ep06,10,1278,1,1267
sub-010236,ep06,20,1278,1,1258
sub-010236,ep06,30,1278,1,1248
sub-010236,ep06,50,1278,1,1228
sub-010236,ep06,100,1278,1,1178
sub-010236,ep06,150,1278,1,1128
sub-010236,ep06,200,1278,1,1078
sub-010238,ep00,3,1510,1,207
sub-010238,ep00,5,1510,1,385
sub-010238,ep00,7,1510,1,1461
sub-010238,ep00,8,1510,1,1467
sub-010238,ep00,10,1510,1,1497
sub-010238,ep00,20,1510,1,1490
sub-010238,ep00,30,1510,1,1480
sub-010238,ep00,50,1510,1,1460
sub-010238,ep00,100,1510,1,1410
sub-010238,ep00,150,1510,1,1360
sub-010238,ep00,200,1510,1,1310
sub-010238,ep01,3,1590,1,247
sub-010238,ep01,5,1590,1,566
sub-010238,ep01,7,1590,1,546
sub-010238,ep01,8,1590,1,1561
sub-010238,ep01,10,1590,1,1580
sub-010238,ep01,20,1590,1,1570
sub-010238,ep01,30,1590,1,1559
sub-010238,ep01,50,1590,1,1540
sub-010238,ep01,100,1590,1,1490
sub-010238,ep01,150,1590,1,1440
sub-010238,ep01,200,1590,1,1390
sub-010238,ep02,3,1317,1,188
sub-010238,ep02,5,1317,1,424
sub-010238,ep02,7,1317,1,1310
sub-010238,ep02,8,1317,1,1309
sub-010238,ep02,10,1317,1,1307
sub-010238,ep02,20,1317,1,1297
sub-010238,ep02,30,1317,1,1287
sub-010238,ep02,50,1317,1,1267
sub-010238,ep02,100,1317,1,1217
sub-010238,ep02,150,1317,1,1167
sub-010238,ep02,200,1317,1,1117
sub-010238,ep03,3,1341,1,270
sub-010238,ep03,5,1341,1,347
sub-010238,ep03,7,1341,1,421
sub-010238,ep03,8,1341,1,1333
sub-010238,ep03,10,1341,1,1331
sub-010238,ep03,20,1341,1,1321
sub-010238,ep03,30,1341,1,1311
sub-010238,ep03,50,1341,1,1291
sub-010238,ep03,100,1341,1,1241
sub-010238,ep03,150,1341,1,1191
sub-010238,ep03,200,1341,1,1141
sub-010238,ep04,3,1551,1,164
sub-010238,ep04,5,1551,1,458
sub-010238,ep04,7,1551,1,1544
sub-010238,ep04,8,1551,1,1470
sub-010238,ep04,10,1551,1,1541
sub-010238,ep04,20,1551,1,1531
sub-010238,ep04,30,1551,1,1521
sub-010238,ep04,50,1551,1,1501
sub-010238,ep04,100,1551,1,1451
sub-010238,ep04,150,1551,1,1401
sub-010238,ep04,200,1551,1,1351
sub-010238,ep05,3,1930,1,236
sub-010238,ep05,5,1930,1,597
sub-010238,ep05,7,1930,1,1923
sub-010238,ep05,8,1930,1,1922
sub-010238,ep05,10,1930,1,1920
sub-010238,ep05,20,1930,1,1910
sub-010238,ep05,30,1930,1,1900
sub-010238,ep05,50,1930,1,1880
sub-010238,ep05,100,1930,1,1830
sub-010238,ep05,150,1930,1,1780
sub-010238,ep05,200,1930,1,1730
sub-010239,ep00,3,1355,1,348
sub-010239,ep00,5,1355,1,453
sub-010239,ep00,7,1355,1,1348
sub-010239,ep00,8,1355,1,1347
sub-010239,ep00,10,1355,1,1345
sub-010239,ep00,20,1355,1,1335
sub-010239,ep00,30,1355,1,1325
sub-010239,ep00,50,1355,1,1305
sub-010239,ep00,100,1355,1,1255
sub-010239,ep00,150,1355,1,1205
sub-010239,ep00,200,1355,1,1155
sub-010239,ep01,3,1413,2,4
sub-010239,ep01,5,1413,1,681
sub-010239,ep01,7,1413,1,716
sub-010239,ep01,8,1413,1,707
sub-010239,ep01,10,1413,1,677
sub-010239,ep01,20,1413,1,1393
sub-010239,ep01,30,1413,1,1383
sub-010239,ep01,50,1413,1,1363
sub-010239,ep01,100,1413,1,1313
sub-010239,ep01,150,1413,1,1263
sub-010239,ep01,200,1413,1,1213
sub-010239,ep02,3,1360,1,157
sub-010239,ep02,5,1360,1,508
sub-010239,ep02,7,1360,1,1343
sub-010239,ep02,8,1360,1,459
sub-010239,ep02,10,1360,1,1348
sub-010239,ep02,20,1360,1,1340
sub-010239,ep02,30,1360,1,1330
sub-010239,ep02,50,1360,1,1310
sub-010239,ep02,100,1360,1,1260
sub-010239,ep02,150,1360,1,1210
sub-010239,ep02,200,1360,1,1160
sub-010239,ep03,3,1330,1,241
sub-010239,ep03,5,1330,1,1041
sub-010239,ep03,7,1330,1,1323
sub-010239,ep03,8,1330,1,1322
sub-010239,ep03,10,1330,1,1320
sub-010239,ep03,20,1330,1,1310
sub-010239,ep03,30,1330,1,1300
sub-010239,ep03,50,1330,1,1280
sub-010239,ep03,100,1330,1,1230
sub-010239,ep03,150,1330,1,1180
sub-010239,ep03,200,1330,1,1130
sub-010239,ep04,3,1971,1,203
sub-010239,ep04,5,1971,1,577
sub-010239,ep04,7,1971,1,550
sub-010239,ep04,8,1971,1,596
sub-010239,ep04,10,1971,1,645
sub-010239,ep04,20,1971,1,1951
sub-010239,ep04,30,1971,1,1941
sub-010239,ep04,50,1971,1,1921
sub-010239,ep04,100,1971,1,1871
sub-010239,ep04,150,1971,1,1821
sub-010239,ep04,200,1971,1,1771
sub-010239,ep05,3,1618,1,237
sub-010239,ep05,5,1618,1,541
sub-010239,ep05,7,1618,1,509
sub-010239,ep05,8,1618,1,1582
sub-010239,ep05,10,1618,1,1608
sub-010239,ep05,20,1618,1,1598
sub-010239,ep05,30,1618,1,1588
sub-010239,ep05,50,1618,1,1568
sub-010239,ep05,100,1618,1,1518
sub-010239,ep05,150,1618,1,1468
sub-010239,ep05,200,1618,1,1418
sub-010240,ep00,3,1313,1,283
sub-010240,ep00,5,1313,1,642
sub-010240,ep00,7,1313,1,1306
sub-010240,ep00,8,1313,1,1304
sub-010240,ep00,10,1313,1,1303
sub-010240,ep00,20,1313,1,1293
sub-010240,ep00,30,1313,1,1283
sub-010240,ep00,50,1313,1,1263
sub-010240,ep00,100,1313,1,1213
sub-010240,ep00,150,1313,1,1163
sub-010240,ep00,200,1313,1,1113
sub-010240,ep01,3,1360,1,372
sub-010240,ep01,5,1360,1,473
sub-010240,ep01,7,1360,1,617
sub-010240,ep01,8,1360,1,1352
sub-010240,ep01,10,1360,1,1350
sub-010240,ep01,20,1360,1,1340
sub-010240,ep01,30,1360,1,1330
sub-010240,ep01,50,1360,1,1310
sub-010240,ep01,100,1360,1,1260
sub-010240,ep01,150,1360,1,1210
sub-010240,ep01,200,1360,1,1160
sub-010240,ep02,3,1331,1,126
sub-010240,ep02,5,1331,1,495
sub-010240,ep02,7,1331,1,1324
sub-010240,ep02,8,1331,1,1321
sub-010240,ep02,10,1331,1,1320
sub-010240,ep02,20,1331,1,1311
sub-010240,ep02,30,1331,1,1301
sub-010240,ep02,50,1331,1,1281
sub-010240,ep02,100,1331,1,1231
sub-010240,ep02,150,1331,1,1181
sub-010240,ep02,200,1331,1,1131
sub-010240,ep03,3,2247,2,59
sub-010240,ep03,5,2247,1,1295
sub-010240,ep03,7,2247,1,1373
sub-010240,ep03,8,2247,1,1754
sub-010240,ep03,10,2247,1,2237
sub-010240,ep03,20,2247,1,2227
sub-010240,ep03,30,2247,1,2217
sub-010240,ep03,50,2247,1,2197
sub-010240,ep03,100,2247,1,2147
sub-010240,ep03,150,2247,1,2097
sub-010240,ep03,200,2247,1,2047
sub-010240,ep04,3,1517,1,42
sub-010240,ep04,5,1517,1,490
sub-010240,ep04,7,1517,1,680
sub-010240,ep04,8,1517,1,643
sub-010240,ep04,10,1517,1,697
sub-010240,ep04,20,1517,1,1497
sub-010240,ep04,30,1517,1,1487
sub-010240,ep04,50,1517,1,1467
sub-010240,ep04,100,1517,1,1417
sub-010240,ep04,150,1517,1,1367
sub-010240,ep04,200,1517,1,1317
sub-010240,ep05,3,1246,1,198
sub-010240,ep05,5,1246,1,647
sub-010240,ep05,7,1246,1,981
sub-010240,ep05,8,1246,1,1238
sub-010240,ep05,10,1246,1,1230
sub-010240,ep05,20,1246,1,1226
sub-010240,ep05,30,1246,1,1216
sub-010240,ep05,50,1246,1,1195
sub-010240,ep05,100,1246,1,1146
sub-010240,ep05,150,1246,1,1096
sub-010240,ep05,200,1246,1,1046
sub-010240,ep06,3,1301,1,281
sub-010240,ep06,5,1301,1,550
sub-010240,ep06,7,1301,1,705
sub-010240,ep06,8,1301,1,708
sub-010240,ep06,10,1301,1,1291
sub-010240,ep06,20,1301,1,1281
sub-010240,ep06,30,1301,1,1271
sub-010240,ep06,50,1301,1,1251
sub-010240,ep06,100,1301,1,1201
sub-010240,ep06,150,1301,1,1151
sub-010240,ep06,200,1301,1,1101
sub-010241,ep00,3,1479,1,311
sub-010241,ep00,5,1479,1,990
sub-010241,ep00,7,1479,1,1397
sub-010241,ep00,8,1479,1,1413
sub-010241,ep00,10,1479,1,1447
sub-010241,ep00,20,1479,1,1459
sub-010241,ep00,30,1479,1,1449
sub-010241,ep00,50,1479,1,1429
sub-010241,ep00,100,1479,1,1379
sub-010241,ep00,150,1479,1,1329
sub-010241,ep00,200,1479,1,1279
sub-010241,ep01,3,1443,1,277
sub-010241,ep01,5,1443,1,1049
sub-010241,ep01,7,1443,1,1132
sub-010241,ep01,8,1443,1,1138
sub-010241,ep01,10,1443,1,1428
sub-010241,ep01,20,1443,1,1423
sub-010241,ep01,30,1443,1,1413
sub-010241,ep01,50,1443,1,1393
sub-010241,ep01,100,1443,1,1343
sub-010241,ep01,150,1443,1,1293
sub-010241,ep01,200,1443,1,1243
sub-010241,ep02,3,1502,1,386
sub-010241,ep02,5,1502,1,1156
sub-010241,ep02,7,1502,1,1162
sub-010241,ep02,8,1502,1,1294
sub-010241,ep02,10,1502,1,1492
sub-010241,ep02,20,1502,1,1482
sub-010241,ep02,30,1502,1,1472
sub-010241,ep02,50,1502,1,1452
sub-010241,ep02,100,1502,1,1402
sub-010241,ep02,150,1502,1,1352
sub-010241,ep02,200,1502,1,1302
sub-010241,ep03,3,1447,1,382
sub-010241,ep03,5,1447,1,878
sub-010241,ep03,7,1447,1,1210
sub-010241,ep03,8,1447,1,1233
sub-010241,ep03,10,1447,1,1240
sub-010241,ep03,20,1447,1,1427
sub-010241,ep03,30,1447,1,1417
sub-010241,ep03,50,1447,1,1397
sub-010241,ep03,100,1447,1,1347
sub-010241,ep03,150,1447,1,1297
sub-010241,ep03,200,1447,1,1247
sub-010241,ep04,3,1430,1,186
sub-010241,ep04,5,1430,1,743
sub-010241,ep04,7,1430,1,1240
sub-010241,ep04,8,1430,1,1369
sub-010241,ep04,10,1430,1,1394
sub-010241,ep04,20,1430,1,1410
sub-010241,ep04,30,1430,1,1400
sub-010241,ep04,50,1430,1,1377
sub-010241,ep04,100,1430,1,1330
sub-010241,ep04,150,1430,1,1280
sub-010241,ep04,200,1430,1,1230
sub-010241,ep05,3,1689,1,517
sub-010241,ep05,5,1689,1,809
sub-010241,ep05,7,1689,1,1368
sub-010241,ep05,8,1689,1,1414
sub-010241,ep05,10,1689,1,1676
sub-010241,ep05,20,1689,1,1669
sub-010241,ep05,30,1689,1,1659
sub-010241,ep05,50,1689,1,1639
sub-010241,ep05,100,1689,1,1589
sub-010241,ep05,150,1689,1,1539
sub-010241,ep05,200,1689,1,1489
sub-010241,ep06,3,1353,1,317
sub-010241,ep06,5,1353,1,654
sub-010241,ep06,7,1353,1,1184
sub-010241,ep06,8,1353,1,1209
sub-010241,ep06,10,1353,1,1308
sub-010241,ep06,20,1353,1,1333
sub-010241,ep06,30,1353,1,1323
sub-010241,ep06,50,1353,1,1303
sub-010241,ep06,100,1353,1,1253
sub-010241,ep06,150,1353,1,1203
sub-010241,ep06,200,1353,1,1153
sub-010242,ep00,3,1432,1,194
sub-010242,ep00,5,1432,1,711
sub-010242,ep00,7,1432,1,1424
sub-010242,ep00,8,1432,1,1422
sub-010242,ep00,10,1432,1,1422
sub-010242,ep00,20,1432,1,1412
sub-010242,ep00,30,1432,1,1402
sub-010242,ep00,50,1432,1,1382
sub-010242,ep00,100,1432,1,1332
sub-010242,ep00,150,1432,1,1282
sub-010242,ep00,200,1432,1,1232
sub-010242,ep01,3,1883,1,348
sub-010242,ep01,5,1883,1,1589
sub-010242,ep01,7,1883,1,1796
sub-010242,ep01,8,1883,1,1809
sub-010242,ep01,10,1883,1,1829
sub-010242,ep01,20,1883,1,1863
sub-010242,ep01,30,1883,1,1853
sub-010242,ep01,50,1883,1,1833
sub-010242,ep01,100,1883,1,1783
sub-010242,ep01,150,1883,1,1733
sub-010242,ep01,200,1883,1,1683
sub-010242,ep02,3,1428,1,679
sub-010242,ep02,5,1428,1,724
sub-010242,ep02,7,1428,1,1061
sub-010242,ep02,8,1428,1,1092
sub-010242,ep02,10,1428,1,1418
sub-010242,ep02,20,1428,1,1408
sub-010242,ep02,30,1428,1,1398
sub-010242,ep02,50,1428,1,1378
sub-010242,ep02,100,1428,1,1328
sub-010242,ep02,150,1428,1,1278
sub-010242,ep02,200,1428,1,1228
sub-010242,ep03,3,1591,1,321
sub-010242,ep03,5,1591,1,761
sub-010242,ep03,7,1591,1,865
sub-010242,ep03,8,1591,1,667
sub-010242,ep03,10,1591,1,1579
sub-010242,ep03,20,1591,1,1571
sub-010242,ep03,30,1591,1,1561
sub-010242,ep03,50,1591,1,1541
sub-010242,ep03,100,1591,1,1491
sub-010242,ep03,150,1591,1,1441
sub-010242,ep03,200,1591,1,1391
sub-010242,ep04,3,1704,1,90
sub-010242,ep04,5,1704,1,1052
sub-010242,ep04,7,1704,1,1697
sub-010242,ep04,8,1704,1,1696
sub-010242,ep04,10,1704,1,1694
sub-010242,ep04,20,1704,1,1684
sub-010242,ep04,30,1704,1,1674
sub-010242,ep04,50,1704,1,1654
sub-010242,ep04,100,1704,1,1604
sub-010242,ep04,150,1704,1,1554
sub-010242,ep04,200,1704,1,1504
sub-010242,ep05,3,1504,1,103
sub-010242,ep05,5,1504,1,1131
sub-010242,ep05,7,1504,1,1147
sub-010242,ep05,8,1504,1,1158
sub-010242,ep05,10,1504,1,1494
sub-010242,ep05,20,1504,1,1484
sub-010242,ep05,30,1504,1,1474
sub-010242,ep05,50,1504,1,1454
sub-010242,ep05,100,1504,1,1404
sub-010242,ep05,150,1504,1,1354
sub-010242,ep05,200,1504,1,1304
sub-010243,ep00,3,1460,1,274
sub-010243,ep00,5,1460,1,718
sub-010243,ep00,7,1460,1,1370
sub-010243,ep00,8,1460,1,1366
sub-010243,ep00,10,1460,1,1223
sub-010243,ep00,20,1460,1,1440
sub-010243,ep00,30,1460,1,1430
sub-010243,ep00,50,1460,1,1410
sub-010243,ep00,100,1460,1,1360
sub-010243,ep00,150,1460,1,1310
sub-010243,ep00,200,1460,1,1260
sub-010243,ep01,3,1487,1,42
sub-010243,ep01,5,1487,1,1039
sub-010243,ep01,7,1487,1,1110
sub-010243,ep01,8,1487,1,1129
sub-010243,ep01,10,1487,1,1476
sub-010243,ep01,20,1487,1,1467
sub-010243,ep01,30,1487,1,1457
sub-010243,ep01,50,1487,1,1437
sub-010243,ep01,100,1487,1,1387
sub-010243,ep01,150,1487,1,1337
sub-010243,ep01,200,1487,1,1287
sub-010243,ep02,3,1996,1,333
sub-010243,ep02,5,1996,1,957
sub-010243,ep02,7,1996,1,1397
sub-010243,ep02,8,1996,1,1624
sub-010243,ep02,10,1996,1,1982
sub-010243,ep02,20,1996,1,1976
sub-010243,ep02,30,1996,1,1966
sub-010243,ep02,50,1996,1,1946
sub-010243,ep02,100,1996,1,1896
sub-010243,ep02,150,1996,1,1846
sub-010243,ep02,200,1996,1,1796
sub-010243,ep03,3,1701,1,30
sub-010243,ep03,5,1701,1,840
sub-010243,ep03,7,1701,1,1292
sub-010243,ep03,8,1701,1,1323
sub-010243,ep03,10,1701,1,1671
sub-010243,ep03,20,1701,1,1681
sub-010243,ep03,30,1701,1,1671
sub-010243,ep03,50,1701,1,1651
sub-010243,ep03,100,1701,1,1601
sub-010243,ep03,150,1701,1,1551
sub-010243,ep03,200,1701,1,1501
sub-010243,ep04,3,1637,1,190
sub-010243,ep04,5,1637,1,721
sub-010243,ep04,7,1637,1,1167
sub-010243,ep04,8,1637,1,1180
sub-010243,ep04,10,1637,1,1627
sub-010243,ep04,20,1637,1,1617
sub-010243,ep04,30,1637,1,1607
sub-010243,ep04,50,1637,1,1587
sub-010243,ep04,100,1637,1,1537
sub-010243,ep04,150,1637,1,1487
sub-010243,ep04,200,1637,1,1437
sub-010243,ep05,3,1558,1,277
sub-010243,ep05,5,1558,1,665
sub-010243,ep05,7,1558,1,1085
sub-010243,ep05,8,1558,1,1484
sub-010243,ep05,10,1558,1,1545
sub-010243,ep05,20,1558,1,1538
sub-010243,ep05,30,1558,1,1528
sub-010243,ep05,50,1558,1,1508
sub-010243,ep05,100,1558,1,1458
sub-010243,ep05,150,1558,1,1408
sub-010243,ep05,200,1558,1,1358
sub-010243,ep06,3,1318,1,168
sub-010243,ep06,5,1318,1,684
sub-010243,ep06,7,1318,1,795
sub-010243,ep06,8,1318,1,784
sub-010243,ep06,10,1318,1,1308
sub-010243,ep06,20,1318,1,1298
sub-010243,ep06,30,1318,1,1288
sub-010243,ep06,50,1318,1,1268
sub-010243,ep06,100,1318,1,1218
sub-010243,ep06,150,1318,1,1168
sub-010243,ep06,200,1318,1,1118
sub-010244,ep00,3,1699,1,258
sub-010244,ep00,5,1699,1,1307
sub-010244,ep00,7,1699,1,1557
sub-010244,ep00,8,1699,1,1640
sub-010244,ep00,10,1699,1,1689
sub-010244,ep00,20,1699,1,1679
sub-010244,ep00,30,1699,1,1669
sub-010244,ep00,50,1699,1,1649
sub-010244,ep00,100,1699,1,1599
sub-010244,ep00,150,1699,1,1549
sub-010244,ep00,200,1699,1,1499
sub-010244,ep01,3,1652,1,110
sub-010244,ep01,5,1652,1,1502
sub-010244,ep01,7,1652,1,1551
sub-010244,ep01,8,1652,1,1568
sub-010244,ep01,10,1652,1,1590
sub-010244,ep01,20,1652,1,1632
sub-010244,ep01,30,1652,1,1622
sub-010244,ep01,50,1652,1,1602
sub-010244,ep01,100,1652,1,1552
sub-010244,ep01,150,1652,1,1502
sub-010244,ep01,200,1652,1,1452
sub-010244,ep02,3,2089,1,359
sub-010244,ep02,5,2089,1,1560
sub-010244,ep02,7,2089,1,1952
sub-010244,ep02,8,2089,1,1950
sub-010244,ep02,10,2089,1,2047
sub-010244,ep02,20,2089,1,2069
sub-010244,ep02,30,2089,1,2059
sub-010244,ep02,50,2089,1,2039
sub-010244,ep02,100,2089,1,1989
sub-010244,ep02,150,2089,1,1939
sub-010244,ep02,200,2089,1,1889
sub-010244,ep03,3,1792,1,845
sub-010244,ep03,5,1792,1,821
sub-010244,ep03,7,1792,1,1731
sub-010244,ep03,8,1792,1,1743
sub-010244,ep03,10,1792,1,1751
sub-010244,ep03,20,1792,1,1772
sub-010244,ep03,30,1792,1,1762
sub-010244,ep03,50,1792,1,1742
sub-010244,ep03,100,1792,1,1692
sub-010244,ep03,150,1792,1,1642
sub-010244,ep03,200,1792,1,1592
sub-010244,ep04,3,1832,1,179
sub-010244,ep04,5,1832,1,1441
sub-010244,ep04,7,1832,1,1382
sub-010244,ep04,8,1832,1,1727
sub-010244,ep04,10,1832,1,1732
sub-010244,ep04,20,1832,1,1812
sub-010244,ep04,30,1832,1,1802
sub-010244,ep04,50,1832,1,1782
sub-010244,ep04,100,1832,1,1732
sub-010244,ep04,150,1832,1,1682
sub-010244,ep04,200,1832,1,1632
sub-010244,ep05,3,1954,1,889
sub-010244,ep05,5,1954,1,1700
sub-010244,ep05,7,1954,1,1829
sub-010244,ep05,8,1954,1,1861
sub-010244,ep05,10,1954,1,1855
sub-010244,ep05,20,1954,1,1934
sub-010244,ep05,30,1954,1,1924
sub-010244,ep05,50,1954,1,1904
sub-010244,ep05,100,1954,1,1854
sub-010244,ep05,150,1954,1,1804
sub-010244,ep05,200,1954,1,1754
sub-010244,ep06,3,1447,1,453
sub-010244,ep06,5,1447,1,1170
sub-010244,ep06,7,1447,1,1229
sub-010244,ep06,8,1447,1,1244
sub-010244,ep06,10,1447,1,1437
sub-010244,ep06,20,1447,1,1425
sub-010244,ep06,30,1447,1,1417
sub-010244,ep06,50,1447,1,1397
sub-010244,ep06,100,1447,1,1347
sub-010244,ep06,150,1447,1,1297
sub-010244,ep06,200,1447,1,1247
sub-010245,ep00,3,1410,1,130
sub-010245,ep00,5,1410,1,428
sub-010245,ep00,7,1410,1,416
sub-010245,ep00,8,1410,1,1402
sub-010245,ep00,10,1410,1,1400
sub-010245,ep00,20,1410,1,1390
sub-010245,ep00,30,1410,1,1380
sub-010245,ep00,50,1410,1,1360
sub-010245,ep00,100,1410,1,1310
sub-010245,ep00,150,1410,1,1260
sub-010245,ep00,200,1410,1,1210
sub-010245,ep01,3,1478,1,183
sub-010245,ep01,5,1478,1,576
sub-010245,ep01,7,1478,1,629
sub-010245,ep01,8,1478,1,541
sub-010245,ep01,10,1478,1,491
sub-010245,ep01,20,1478,1,1458
sub-010245,ep01,30,1478,1,1448
sub-010245,ep01,50,1478,1,1428
sub-010245,ep01,100,1478,1,1378
sub-010245,ep01,150,1478,1,1328
sub-010245,ep01,200,1478,1,1278
sub-010245,ep02,3,1282,2,7
sub-010245,ep02,5,1282,1,565
sub-010245,ep02,7,1282,1,764
sub-010245,ep02,8,1282,1,799
sub-010245,ep02,10,1282,1,1272
sub-010245,ep02,20,1282,1,1262
sub-010245,ep02,30,1282,1,1252
sub-010245,ep02,50,1282,1,1232
sub-010245,ep02,100,1282,1,1182
sub-010245,ep02,150,1282,1,1132
sub-010245,ep02,200,1282,1,1082
sub-010245,ep03,3,1295,1,285
sub-010245,ep03,5,1295,1,406
sub-010245,ep03,7,1295,1,585
sub-010245,ep03,8,1295,1,590
sub-010245,ep03,10,1295,1,1285
sub-010245,ep03,20,1295,1,1275
sub-010245,ep03,30,1295,1,1265
sub-010245,ep03,50,1295,1,1245
sub-010245,ep03,100,1295,1,1195
sub-010245,ep03,150,1295,1,1145
sub-010245,ep03,200,1295,1,1095
sub-010245,ep04,3,1335,1,296
sub-010245,ep04,5,1335,1,465
sub-010245,ep04,7,1335,1,1328
sub-010245,ep04,8,1335,1,1327
sub-010245,ep04,10,1335,1,1325
sub-010245,ep04,20,1335,1,1315
sub-010245,ep04,30,1335,1,1305
sub-010245,ep04,50,1335,1,1285
sub-010245,ep04,100,1335,1,1235
sub-010245,ep04,150,1335,1,1185
sub-010245,ep04,200,1335,1,1135
sub-010245,ep05,3,1696,1,482
sub-010245,ep05,5,1696,1,934
sub-010245,ep05,7,1696,1,950
sub-010245,ep05,8,1696,1,1508
sub-010245,ep05,10,1696,1,1016
sub-010245,ep05,20,1696,1,1676
sub-010245,ep05,30,1696,1,1666
sub-010245,ep05,50,1696,1,1646
sub-010245,ep05,100,1696,1,1596
sub-010245,ep05,150,1696,1,1546
sub-010245,ep05,200,1696,1,1496
sub-010245,ep06,3,1161,1,301
sub-010245,ep06,5,1161,1,615
sub-010245,ep06,7,1161,1,646
sub-010245,ep06,8,1161,1,1050
sub-010245,ep06,10,1161,1,1151
sub-010245,ep06,20,1161,1,1141
sub-010245,ep06,30,1161,1,1131
sub-010245,ep06,50,1161,1,1111
sub-010245,ep06,100,1161,1,1061
sub-010245,ep06,150,1161,1,1011
sub-010245,ep06,200,1161,1,961
sub-010246,ep00,3,1384,1,197
sub-010246,ep00,5,1384,1,724
sub-010246,ep00,7,1384,1,815
sub-010246,ep00,8,1384,1,799
sub-010246,ep00,10,1384,1,852
sub-010246,ep00,20,1384,1,1364
sub-010246,ep00,30,1384,1,1354
sub-010246,ep00,50,1384,1,1334
sub-010246,ep00,100,1384,1,1284
sub-010246,ep00,150,1384,1,1234
sub-010246,ep00,200,1384,1,1184
sub-010246,ep01,3,1427,1,122
sub-010246,ep01,5,1427,1,626
sub-010246,ep01,7,1427,1,731
sub-010246,ep01,8,1427,1,1367
sub-010246,ep01,10,1427,1,1417
sub-010246,ep01,20,1427,1,1407
sub-010246,ep01,30,1427,1,1397
sub-010246,ep01,50,1427,1,1377
sub-010246,ep01,100,1427,1,1327
sub-010246,ep01,150,1427,1,1277
sub-010246,ep01,200,1427,1,1227
sub-010246,ep02,3,1450,1,212
sub-010246,ep02,5,1450,1,527
sub-010246,ep02,7,1450,1,945
sub-010246,ep02,8,1450,1,1008
sub-010246,ep02,10,1450,1,1415
sub-010246,ep02,20,1450,1,1430
sub-010246,ep02,30,1450,1,1420
sub-010246,ep02,50,1450,1,1400
sub-010246,ep02,100,1450,1,1350
sub-010246,ep02,150,1450,1,1300
sub-010246,ep02,200,1450,1,1250
sub-010246,ep03,3,1408,1,206
sub-010246,ep03,5,1408,1,629
sub-010246,ep03,7,1408,1,1054
sub-010246,ep03,8,1408,1,1162
sub-010246,ep03,10,1408,1,1353
sub-010246,ep03,20,1408,1,1388
sub-010246,ep03,30,1408,1,1378
sub-010246,ep03,50,1408,1,1358
sub-010246,ep03,100,1408,1,1308
sub-010246,ep03,150,1408,1,1258
sub-010246,ep03,200,1408,1,1208
sub-010246,ep04,3,1389,1,132
sub-010246,ep04,5,1389,1,826
sub-010246,ep04,7,1389,1,879
sub-010246,ep04,8,1389,1,1022
sub-010246,ep04,10,1389,1,1022
sub-010246,ep04,20,1389,1,1369
sub-010246,ep04,30,1389,1,1359
sub-010246,ep04,50,1389,1,1339
sub-010246,ep04,100,1389,1,1289
sub-010246,ep04,150,1389,1,1239
sub-010246,ep04,200,1389,1,1189
sub-010246,ep05,3,1436,1,243
sub-010246,ep05,5,1436,1,877
sub-010246,ep05,7,1436,1,1048
sub-010246,ep05,8,1436,1,990
sub-010246,ep05,10,1436,1,987
sub-010246,ep05,20,1436,1,1416
sub-010246,ep05,30,1436,1,1406
sub-010246,ep05,50,1436,1,1386
sub-010246,ep05,100,1436,1,1336
sub-010246,ep05,150,1436,1,1286
sub-010246,ep05,200,1436,1,1236
sub-010246,ep06,3,1291,1,268
sub-010246,ep06,5,1291,1,700
sub-010246,ep06,7,1291,1,1226
sub-010246,ep06,8,1291,1,1234
sub-010246,ep06,10,1291,1,1239
sub-010246,ep06,20,1291,1,1271
sub-010246,ep06,30,1291,1,1261
sub-010246,ep06,50,1291,1,1241
sub-010246,ep06,100,1291,1,1191
sub-010246,ep06,150,1291,1,1141
sub-010246,ep06,200,1291,1,1091
sub-010247,ep00,3,1334,2,10
sub-010247,ep00,5,1334,1,736
sub-010247,ep00,7,1334,1,796
sub-010247,ep00,8,1334,1,1326
sub-010247,ep00,10,1334,1,1324
sub-010247,ep00,20,1334,1,1314
sub-010247,ep00,30,1334,1,1304
sub-010247,ep00,50,1334,1,1284
sub-010247,ep00,100,1334,1,1234
sub-010247,ep00,150,1334,1,1184
sub-010247,ep00,200,1334,1,1134
sub-010247,ep01,3,1325,1,60
sub-010247,ep01,5,1325,1,788
sub-010247,ep01,7,1325,1,1316
sub-010247,ep01,8,1325,1,1317
sub-010247,ep01,10,1325,1,1315
sub-010247,ep01,20,1325,1,1305
sub-010247,ep01,30,1325,1,1295
sub-010247,ep01,50,1325,1,1275
sub-010247,ep01,100,1325,1,1225
sub-010247,ep01,150,1325,1,1175
sub-010247,ep01,200,1325,1,1125
sub-010247,ep02,3,1314,1,66
sub-010247,ep02,5,1314,2,275
sub-010247,ep02,7,1314,1,1307
sub-010247,ep02,8,1314,1,1306
sub-010247,ep02,10,1314,1,1304
sub-010247,ep02,20,1314,1,1294
sub-010247,ep02,30,1314,1,1284
sub-010247,ep02,50,1314,1,1264
sub-010247,ep02,100,1314,1,1214
sub-010247,ep02,150,1314,1,1164
sub-010247,ep02,200,1314,1,1114
sub-010247,ep03,3,1339,1,86
sub-010247,ep03,5,1339,1,1200
sub-010247,ep03,7,1339,1,1331
sub-010247,ep03,8,1339,1,1331
sub-010247,ep03,10,1339,1,1329
sub-010247,ep03,20,1339,1,1318
sub-010247,ep03,30,1339,1,1309
sub-010247,ep03,50,1339,1,1289
sub-010247,ep03,100,1339,1,1239
sub-010247,ep03,150,1339,1,1189
sub-010247,ep03,200,1339,1,1139
sub-010247,ep04,3,1825,1,139
sub-010247,ep04,5,1825,2,445
sub-010247,ep04,7,1825,2,438
sub-010247,ep04,8,1825,1,1817
sub-010247,ep04,10,1825,1,1815
sub-010247,ep04,20,1825,1,1805
sub-010247,ep04,30,1825,1,1795
sub-010247,ep04,50,1825,1,1775
sub-010247,ep04,100,1825,1,1725
sub-010247,ep04,150,1825,1,1675
sub-010247,ep04,200,1825,1,1625
sub-010247,ep05,3,1396,1,157
sub-010247,ep05,5,1396,1,319
sub-010247,ep05,7,1396,1,1314
sub-010247,ep05,8,1396,1,1388
sub-010247,ep05,10,1396,1,1386
sub-010247,ep05,20,1396,1,1376
sub-010247,ep05,30,1396,1,1366
sub-010247,ep05,50,1396,1,1346
sub-010247,ep05,100,1396,1,1296
sub-010247,ep05,150,1396,1,1246
sub-010247,ep05,200,1396,1,1196
sub-010247,ep06,3,1210,1,107
sub-010247,ep06,5,1210,1,771
sub-010247,ep06,7,1210,1,1202
sub-010247,ep06,8,1210,1,1202
sub-010247,ep06,10,1210,1,1200
sub-010247,ep06,20,1210,1,1190
sub-010247,ep06,30,1210,1,1180
sub-010247,ep06,50,1210,1,1160
sub-010247,ep06,100,1210,1,1110
sub-010247,ep06,150,1210,1,1060
sub-010247,ep06,200,1210,1,1010
sub-010248,ep00,3,1518,1,424
sub-010248,ep00,5,1518,1,1145
sub-010248,ep00,7,1518,1,1400
sub-010248,ep00,8,1518,1,1411
sub-010248,ep00,10,1518,1,1507
sub-010248,ep00,20,1518,1,1498
sub-010248,ep00,30,1518,1,1488
sub-010248,ep00,50,1518,1,1468
sub-010248,ep00,100,1518,1,1418
sub-010248,ep00,150,1518,1,1368
sub-010248,ep00,200,1518,1,1318
sub-010248,ep01,3,1604,1,389
sub-010248,ep01,5,1604,1,1070
sub-010248,ep01,7,1604,1,1328
sub-010248,ep01,8,1604,1,1387
sub-010248,ep01,10,1604,1,1594
sub-010248,ep01,20,1604,1,1583
sub-010248,ep01,30,1604,1,1574
sub-010248,ep01,50,1604,1,1554
sub-010248,ep01,100,1604,1,1504
sub-010248,ep01,150,1604,1,1454
sub-010248,ep01,200,1604,1,1404
sub-010248,ep02,3,1647,1,131
sub-010248,ep02,5,1647,1,1123
sub-010248,ep02,7,1647,1,1477
sub-010248,ep02,8,1647,1,1639
sub-010248,ep02,10,1647,1,1637
sub-010248,ep02,20,1647,1,1627
sub-010248,ep02,30,1647,1,1617
sub-010248,ep02,50,1647,1,1597
sub-010248,ep02,100,1647,1,1547
sub-010248,ep02,150,1647,1,1497
sub-010248,ep02,200,1647,1,1447
sub-010248,ep03,3,2560,1,474
sub-010248,ep03,5,2560,1,2147
sub-010248,ep03,7,2560,1,2435
sub-010248,ep03,8,2560,1,2520
sub-010248,ep03,10,2560,1,2530
sub-010248,ep03,20,2560,1,2536
sub-010248,ep03,30,2560,1,2530
sub-010248,ep03,50,2560,1,2510
sub-010248,ep03,100,2560,1,2460
sub-010248,ep03,150,2560,1,2410
sub-010248,ep03,200,2560,1,2360
sub-010248,ep04,3,1496,1,172
sub-010248,ep04,5,1496,1,1163
sub-010248,ep04,7,1496,1,1402
sub-010248,ep04,8,1496,1,1428
sub-010248,ep04,10,1496,1,1456
sub-010248,ep04,20,1496,1,1476
sub-010248,ep04,30,1496,1,1466
sub-010248,ep04,50,1496,1,1446
sub-010248,ep04,100,1496,1,1396
sub-010248,ep04,150,1496,1,1346
sub-010248,ep04,200,1496,1,1296
sub-010248,ep05,3,1425,1,554
sub-010248,ep05,5,1425,1,701
sub-010248,ep05,7,1425,1,1370
sub-010248,ep05,8,1425,1,1347
sub-010248,ep05,10,1425,1,1360
sub-010248,ep05,20,1425,1,1405
sub-010248,ep05,30,1425,1,1395
sub-010248,ep05,50,1425,1,1375
sub-010248,ep05,100,1425,1,1325
sub-010248,ep05,150,1425,1,1275
sub-010248,ep05,200,1425,1,1225
sub-010248,ep06,3,1331,1,261
sub-010248,ep06,5,1331,1,1199
sub-010248,ep06,7,1331,1,1188
sub-010248,ep06,8,1331,1,1186
sub-010248,ep06,10,1331,1,1224
sub-010248,ep06,20,1331,1,1234
sub-010248,ep06,30,1331,1,1301
sub-010248,ep06,50,1331,1,1276
sub-010248,ep06,100,1331,1,1231
sub-010248,ep06,150,1331,1,1181
sub-010248,ep06,200,1331,1,1131
sub-010249,ep00,3,1417,1,312
sub-010249,ep00,5,1417,1,844
sub-010249,ep00,7,1417,1,1382
sub-010249,ep00,8,1417,1,1380
sub-010249,ep00,10,1417,1,1393
sub-010249,ep00,20,1417,1,1391
sub-010249,ep00,30,1417,1,1387
sub-010249,ep00,50,1417,1,1367
sub-010249,ep00,100,1417,1,1317
sub-010249,ep00,150,1417,1,1267
sub-010249,ep00,200,1417,1,1217
sub-010249,ep01,3,1508,1,236
sub-010249,ep01,5,1508,1,729
sub-010249,ep01,7,1508,1,852
sub-010249,ep01,8,1508,1,1500
sub-010249,ep01,10,1508,1,1498
sub-010249,ep01,20,1508,1,1488
sub-010249,ep01,30,1508,1,1478
sub-010249,ep01,50,1508,1,1458
sub-010249,ep01,100,1508,1,1408
sub-010249,ep01,150,1508,1,1358
sub-010249,ep01,200,1508,1,1308
sub-010249,ep02,3,1362,1,244
sub-010249,ep02,5,1362,1,633
sub-010249,ep02,7,1362,1,1354
sub-010249,ep02,8,1362,1,1354
sub-010249,ep02,10,1362,1,1352
sub-010249,ep02,20,1362,1,1342
sub-010249,ep02,30,1362,1,1332
sub-010249,ep02,50,1362,1,1312
sub-010249,ep02,100,1362,1,1262
sub-010249,ep02,150,1362,1,1212
sub-010249,ep02,200,1362,1,1162
sub-010249,ep03,3,1429,1,153
sub-010249,ep03,5,1429,1,1358
sub-010249,ep03,7,1429,1,1422
sub-010249,ep03,8,1429,1,1420
sub-010249,ep03,10,1429,1,1418
sub-010249,ep03,20,1429,1,1409
sub-010249,ep03,30,1429,1,1399
sub-010249,ep03,50,1429,1,1379
sub-010249,ep03,100,1429,1,1329
sub-010249,ep03,150,1429,1,1279
sub-010249,ep03,200,1429,1,1229
sub-010249,ep04,3,1341,1,68
sub-010249,ep04,5,1341,1,672
sub-010249,ep04,7,1341,1,1015
sub-010249,ep04,8,1341,1,1333
sub-010249,ep04,10,1341,1,1331
sub-010249,ep04,20,1341,1,1321
sub-010249,ep04,30,1341,1,1311
sub-010249,ep04,50,1341,1,1291
sub-010249,ep04,100,1341,1,1241
sub-010249,ep04,150,1341,1,1191
sub-010249,ep04,200,1341,1,1141
sub-010249,ep05,3,1473,1,350
sub-010249,ep05,5,1473,1,1037
sub-010249,ep05,7,1473,1,1466
sub-010249,ep05,8,1473,1,1462
sub-010249,ep05,10,1473,1,1463
sub-010249,ep05,20,1473,1,1453
sub-010249,ep05,30,1473,1,1443
sub-010249,ep05,50,1473,1,1423
sub-010249,ep05,100,1473,1,1373
sub-010249,ep05,150,1473,1,1323
sub-010249,ep05,200,1473,1,1273
sub-010249,ep06,3,1205,1,209
sub-010249,ep06,5,1205,1,790
sub-010249,ep06,7,1205,1,948
sub-010249,ep06,8,1205,1,1197
sub-010249,ep06,10,1205,1,1195
sub-010249,ep06,20,1205,1,1185
sub-010249,ep06,30,1205,1,1175
sub-010249,ep06,50,1205,1,1155
sub-010249,ep06,100,1205,1,1105
sub-010249,ep06,150,1205,1,1055
sub-010249,ep06,200,1205,1,1005
sub-010250,ep00,3,1553,1,56
sub-010250,ep00,5,1553,1,655
sub-010250,ep00,7,1553,1,1546
sub-010250,ep00,8,1553,1,1545
sub-010250,ep00,10,1553,1,1543
sub-010250,ep00,20,1553,1,1531
sub-010250,ep00,30,1553,1,1523
sub-010250,ep00,50,1553,1,1503
sub-010250,ep00,100,1553,1,1453
sub-010250,ep00,150,1553,1,1403
sub-010250,ep00,200,1553,1,1353
sub-010250,ep01,3,1495,1,263
sub-010250,ep01,5,1495,1,1476
sub-010250,ep01,7,1495,1,1488
sub-010250,ep01,8,1495,1,1487
sub-010250,ep01,10,1495,1,1485
sub-010250,ep01,20,1495,1,1475
sub-010250,ep01,30,1495,1,1465
sub-010250,ep01,50,1495,1,1445
sub-010250,ep01,100,1495,1,1395
sub-010250,ep01,150,1495,1,1345
sub-010250,ep01,200,1495,1,1295
sub-010250,ep02,3,1501,1,300
sub-010250,ep02,5,1501,1,876
sub-010250,ep02,7,1501,1,1494
sub-010250,ep02,8,1501,1,1493
sub-010250,ep02,10,1501,1,1491
sub-010250,ep02,20,1501,1,1481
sub-010250,ep02,30,1501,1,1471
sub-010250,ep02,50,1501,1,1451
sub-010250,ep02,100,1501,1,1401
sub-010250,ep02,150,1501,1,1351
sub-010250,ep02,200,1501,1,1301
sub-010250,ep03,3,1519,1,310
sub-010250,ep03,5,1519,1,584
sub-010250,ep03,7,1519,1,1512
sub-010250,ep03,8,1519,1,1511
sub-010250,ep03,10,1519,1,1509
sub-010250,ep03,20,1519,1,1499
sub-010250,ep03,30,1519,1,1489
sub-010250,ep03,50,1519,1,1469
sub-010250,ep03,100,1519,1,1419
sub-010250,ep03,150,1519,1,1369
sub-010250,ep03,200,1519,1,1319
sub-010250,ep04,3,1693,1,168
sub-010250,ep04,5,1693,1,1472
sub-010250,ep04,7,1693,1,1686
sub-010250,ep04,8,1693,1,1685
sub-010250,ep04,10,1693,1,1683
sub-010250,ep04,20,1693,1,1673
sub-010250,ep04,30,1693,1,1663
sub-010250,ep04,50,1693,1,1643
sub-010250,ep04,100,1693,1,1593
sub-010250,ep04,150,1693,1,1543
sub-010250,ep04,200,1693,1,1493
sub-010250,ep05,3,1492,1,86
sub-010250,ep05,5,1492,1,964
sub-010250,ep05,7,1492,1,1481
sub-010250,ep05,8,1492,1,1484
sub-010250,ep05,10,1492,1,1482
sub-010250,ep05,20,1492,1,1472
sub-010250,ep05,30,1492,1,1462
sub-010250,ep05,50,1492,1,1442
sub-010250,ep05,100,1492,1,1392
sub-010250,ep05,150,1492,1,1342
sub-010250,ep05,200,1492,1,1292
sub-010251,ep00,3,1454,1,380
sub-010251,ep00,5,1454,1,1063
sub-010251,ep00,7,1454,1,1120
sub-010251,ep00,8,1454,1,1249
sub-010251,ep00,10,1454,1,1269
sub-010251,ep00,20,1454,1,1434
sub-010251,ep00,30,1454,1,1424
sub-010251,ep00,50,1454,1,1404
sub-010251,ep00,100,1454,1,1354
sub-010251,ep00,150,1454,1,1304
sub-010251,ep00,200,1454,1,1254
sub-010251,ep01,3,1493,1,664
sub-010251,ep01,5,1493,1,1156
sub-010251,ep01,7,1493,1,1246
sub-010251,ep01,8,1493,1,1298
sub-010251,ep01,10,1493,1,1384
sub-010251,ep01,20,1493,1,1473
sub-010251,ep01,30,1493,1,1463
sub-010251,ep01,50,1493,1,1443
sub-010251,ep01,100,1493,1,1393
sub-010251,ep01,150,1493,1,1343
sub-010251,ep01,200,1493,1,1293
sub-010251,ep02,3,1746,1,601
sub-010251,ep02,5,1746,1,1116
sub-010251,ep02,7,1746,1,1224
sub-010251,ep02,8,1746,1,1738
sub-010251,ep02,10,1746,1,1732
sub-010251,ep02,20,1746,1,1726
sub-010251,ep02,30,1746,1,1716
sub-010251,ep02,50,1746,1,1696
sub-010251,ep02,100,1746,1,1646
sub-010251,ep02,150,1746,1,1596
sub-010251,ep02,200,1746,1,1546
sub-010251,ep03,3,1439,1,579
sub-010251,ep03,5,1439,1,748
sub-010251,ep03,7,1439,1,1346
sub-010251,ep03,8,1439,1,1178
sub-010251,ep03,10,1439,1,1429
sub-010251,ep03,20,1439,1,1419
sub-010251,ep03,30,1439,1,1409
sub-010251,ep03,50,1439,1,1389
sub-010251,ep03,100,1439,1,1339
sub-010251,ep03,150,1439,1,1289
sub-010251,ep03,200,1439,1,1239
sub-010251,ep04,3,1560,1,673
sub-010251,ep04,5,1560,1,1037
sub-010251,ep04,7,1560,1,1445
sub-010251,ep04,8,1560,1,1436
sub-010251,ep04,10,1560,1,1550
sub-010251,ep04,20,1560,1,1540
sub-010251,ep04,30,1560,1,1530
sub-010251,ep04,50,1560,1,1510
sub-010251,ep04,100,1560,1,1460
sub-010251,ep04,150,1560,1,1410
sub-010251,ep04,200,1560,1,1360
sub-010251,ep05,3,1571,1,689
sub-010251,ep05,5,1571,1,1175
sub-010251,ep05,7,1571,1,1540
sub-010251,ep05,8,1571,1,1563
sub-010251,ep05,10,1571,1,1561
sub-010251,ep05,20,1571,1,1551
sub-010251,ep05,30,1571,1,1541
sub-010251,ep05,50,1571,1,1521
sub-010251,ep05,100,1571,1,1471
sub-010251,ep05,150,1571,1,1421
sub-010251,ep05,200,1571,1,1371
sub-010251,ep06,3,1431,1,418
sub-010251,ep06,5,1431,1,1078
sub-010251,ep06,7,1431,1,1125
sub-010251,ep06,8,1431,1,1423
sub-010251,ep06,10,1431,1,1418
sub-010251,ep06,20,1431,1,1411
sub-010251,ep06,30,1431,1,1401
sub-010251,ep06,50,1431,1,1381
sub-010251,ep06,100,1431,1,1331
sub-010251,ep06,150,1431,1,1281
sub-010251,ep06,200,1431,1,1231
sub-010252,ep00,3,1398,1,347
sub-010252,ep00,5,1398,1,727
sub-010252,ep00,7,1398,1,1390
sub-010252,ep00,8,1398,1,1390
sub-010252,ep00,10,1398,1,1387
sub-010252,ep00,20,1398,1,1378
sub-010252,ep00,30,1398,1,1368
sub-010252,ep00,50,1398,1,1348
sub-010252,ep00,100,1398,1,1298
sub-010252,ep00,150,1398,1,1248
sub-010252,ep00,200,1398,1,1198
sub-010252,ep01,3,1323,1,148
sub-010252,ep01,5,1323,1,833
sub-010252,ep01,7,1323,1,1255
sub-010252,ep01,8,1323,1,1271
sub-010252,ep01,10,1323,1,1270
sub-010252,ep01,20,1323,1,1303
sub-010252,ep01,30,1323,1,1293
sub-010252,ep01,50,1323,1,1273
sub-010252,ep01,100,1323,1,1223
sub-010252,ep01,150,1323,1,1173
sub-010252,ep01,200,1323,1,1123
sub-010252,ep02,3,1345,1,97
sub-010252,ep02,5,1345,1,631
sub-010252,ep02,7,1345,1,1337
sub-010252,ep02,8,1345,1,1337
sub-010252,ep02,10,1345,1,1335
sub-010252,ep02,20,1345,1,1325
sub-010252,ep02,30,1345,1,1315
sub-010252,ep02,50,1345,1,1295
sub-010252,ep02,100,1345,1,1245
sub-010252,ep02,150,1345,1,1195
sub-010252,ep02,200,1345,1,1145
sub-010252,ep03,3,1338,1,127
sub-010252,ep03,5,1338,1,579
sub-010252,ep03,7,1338,1,1331
sub-010252,ep03,8,1338,1,1330
sub-010252,ep03,10,1338,1,1328
sub-010252,ep03,20,1338,1,1318
sub-010252,ep03,30,1338,1,1308
sub-010252,ep03,50,1338,1,1288
sub-010252,ep03,100,1338,1,1238
sub-010252,ep03,150,1338,1,1188
sub-010252,ep03,200,1338,1,1138
sub-010252,ep04,3,1372,1,392
sub-010252,ep04,5,1372,1,1310
sub-010252,ep04,7,1372,1,1314
sub-010252,ep04,8,1372,1,1364
sub-010252,ep04,10,1372,1,1362
sub-010252,ep04,20,1372,1,1352
sub-010252,ep04,30,1372,1,1342
sub-010252,ep04,50,1372,1,1322
sub-010252,ep04,100,1372,1,1272
sub-010252,ep04,150,1372,1,1222
sub-010252,ep04,200,1372,1,1172
sub-010252,ep05,3,1446,1,66
sub-010252,ep05,5,1446,1,900
sub-010252,ep05,7,1446,1,885
sub-010252,ep05,8,1446,1,1438
sub-010252,ep05,10,1446,1,1436
sub-010252,ep05,20,1446,1,1426
sub-010252,ep05,30,1446,1,1416
sub-010252,ep05,50,1446,1,1396
sub-010252,ep05,100,1446,1,1346
sub-010252,ep05,150,1446,1,1296
sub-010252,ep05,200,1446,1,1246
sub-010252,ep06,3,1253,1,277
sub-010252,ep06,5,1253,1,653
sub-010252,ep06,7,1253,1,1245
sub-010252,ep06,8,1253,1,1245
sub-010252,ep06,10,1253,1,1243
sub-010252,ep06,20,1253,1,1233
sub-010252,ep06,30,1253,1,1223
sub-010252,ep06,50,1253,1,1203
sub-010252,ep06,100,1253,1,1153
sub-010252,ep06,150,1253,1,1103
sub-010252,ep06,200,1253,1,1053
sub-010254,ep00,3,1553,1,258
sub-010254,ep00,5,1553,1,771
sub-010254,ep00,7,1553,1,1475
sub-010254,ep00,8,1553,1,1474
sub-010254,ep00,10,1553,1,1519
sub-010254,ep00,20,1553,1,1528
sub-010254,ep00,30,1553,1,1523
sub-010254,ep00,50,1553,1,1503
sub-010254,ep00,100,1553,1,1453
sub-010254,ep00,150,1553,1,1403
sub-010254,ep00,200,1553,1,1353
sub-010254,ep01,3,2307,1,419
sub-010254,ep01,5,2307,1,1314
sub-010254,ep01,7,2307,1,2286
sub-010254,ep01,8,2307,1,2295
sub-010254,ep01,10,2307,1,2297
sub-010254,ep01,20,2307,1,2287
sub-010254,ep01,30,2307,1,2277
sub-010254,ep01,50,2307,1,2257
sub-010254,ep01,100,2307,1,2207
sub-010254,ep01,150,2307,1,2157
sub-010254,ep01,200,2307,1,2107
sub-010254,ep02,3,1431,1,368
sub-010254,ep02,5,1431,1,618
sub-010254,ep02,7,1431,1,955
sub-010254,ep02,8,1431,1,788
sub-010254,ep02,10,1431,1,1421
sub-010254,ep02,20,1431,1,1411
sub-010254,ep02,30,1431,1,1401
sub-010254,ep02,50,1431,1,1381
sub-010254,ep02,100,1431,1,1331
sub-010254,ep02,150,1431,1,1281
sub-010254,ep02,200,1431,1,1231
sub-010254,ep03,3,1466,1,379
sub-010254,ep03,5,1466,1,1034
sub-010254,ep03,7,1466,1,1119
sub-010254,ep03,8,1466,1,962
sub-010254,ep03,10,1466,1,1407
sub-010254,ep03,20,1466,1,1446
sub-010254,ep03,30,1466,1,1436
sub-010254,ep03,50,1466,1,1416
sub-010254,ep03,100,1466,1,1366
sub-010254,ep03,150,1466,1,1316
sub-010254,ep03,200,1466,1,1266
sub-010254,ep04,3,1449,1,382
sub-010199,ep05,10,1427,1,1416
sub-010254,ep04,5,1449,1,649
sub-010254,ep04,7,1449,1,1137
sub-010254,ep04,8,1449,1,984
sub-010254,ep04,10,1449,1,1439
sub-010254,ep04,20,1449,1,1429
sub-010254,ep04,30,1449,1,1419
sub-010254,ep04,50,1449,1,1399
sub-010254,ep04,100,1449,1,1349
sub-010254,ep04,150,1449,1,1299
sub-010254,ep04,200,1449,1,1249
sub-010254,ep05,3,1475,1,402
sub-010254,ep05,5,1475,1,965
sub-010254,ep05,7,1475,1,1030
sub-010254,ep05,8,1475,1,1330
sub-010254,ep05,10,1475,1,1351
sub-010254,ep05,20,1475,1,1455
sub-010254,ep05,30,1475,1,1445
sub-010254,ep05,50,1475,1,1425
sub-010254,ep05,100,1475,1,1375
sub-010254,ep05,150,1475,1,1325
sub-010254,ep05,200,1475,1,1275
sub-010254,ep06,3,1309,1,385
sub-010254,ep06,5,1309,1,558
sub-010254,ep06,7,1309,1,1017
sub-010254,ep06,8,1309,1,1068
sub-010254,ep06,10,1309,1,1299
sub-010254,ep06,20,1309,1,1289
sub-010254,ep06,30,1309,1,1278
sub-010254,ep06,50,1309,1,1259
sub-010254,ep06,100,1309,1,1209
sub-010254,ep06,150,1309,1,1159
sub-010254,ep06,200,1309,1,1109
sub-010255,ep00,3,1605,1,638
sub-010255,ep00,5,1605,1,1049
sub-010255,ep00,7,1605,1,1068
sub-010255,ep00,8,1605,1,1112
sub-010255,ep00,10,1605,1,1134
sub-010255,ep00,20,1605,1,1585
sub-010255,ep00,30,1605,1,1575
sub-010255,ep00,50,1605,1,1555
sub-010255,ep00,100,1605,1,1505
sub-010255,ep00,150,1605,1,1455
sub-010255,ep00,200,1605,1,1405
sub-010255,ep01,3,1485,1,259
sub-010255,ep01,5,1485,1,691
sub-010255,ep01,7,1485,1,1076
sub-010255,ep01,8,1485,1,1077
sub-010255,ep01,10,1485,1,1475
sub-010255,ep01,20,1485,1,1465
sub-010255,ep01,30,1485,1,1455
sub-010255,ep01,50,1485,1,1435
sub-010255,ep01,100,1485,1,1385
sub-010255,ep01,150,1485,1,1335
sub-010255,ep01,200,1485,1,1285
sub-010255,ep02,3,1916,1,824
sub-010255,ep02,5,1916,1,1466
sub-010255,ep02,7,1916,1,1573
sub-010255,ep02,8,1916,1,1751
sub-010255,ep02,10,1916,1,1906
sub-010255,ep02,20,1916,1,1896
sub-010255,ep02,30,1916,1,1886
sub-010255,ep02,50,1916,1,1866
sub-010255,ep02,100,1916,1,1816
sub-010255,ep02,150,1916,1,1765
sub-010255,ep02,200,1916,1,1716
sub-010255,ep03,3,1483,1,495
sub-010255,ep03,5,1483,1,1136
sub-010255,ep03,7,1483,1,1166
sub-010255,ep03,8,1483,1,1199
sub-010255,ep03,10,1483,1,1281
sub-010255,ep03,20,1483,1,1463
sub-010255,ep03,30,1483,1,1453
sub-010255,ep03,50,1483,1,1433
sub-010255,ep03,100,1483,1,1383
sub-010255,ep03,150,1483,1,1333
sub-010255,ep03,200,1483,1,1283
sub-010255,ep04,3,1442,1,591
sub-010255,ep04,5,1442,1,901
sub-010255,ep04,7,1442,1,1360
sub-010255,ep04,8,1442,1,1380
sub-010255,ep04,10,1442,1,1381
sub-010255,ep04,20,1442,1,1422
sub-010255,ep04,30,1442,1,1412
sub-010255,ep04,50,1442,1,1392
sub-010255,ep04,100,1442,1,1342
sub-010255,ep04,150,1442,1,1292
sub-010255,ep04,200,1442,1,1242
sub-010255,ep05,3,1428,1,348
sub-010255,ep05,5,1428,1,836
sub-010255,ep05,7,1428,1,1275
sub-010255,ep05,8,1428,1,1417
sub-010255,ep05,10,1428,1,1414
sub-010255,ep05,20,1428,1,1408
sub-010255,ep05,30,1428,1,1398
sub-010255,ep05,50,1428,1,1378
sub-010255,ep05,100,1428,1,1328
sub-010255,ep05,150,1428,1,1278
sub-010255,ep05,200,1428,1,1228
sub-010255,ep06,3,1425,2,2
sub-010255,ep06,5,1425,1,1142
sub-010255,ep06,7,1425,1,883
sub-010255,ep06,8,1425,1,1199
sub-010255,ep06,10,1425,1,1143
sub-010255,ep06,20,1425,1,1405
sub-010255,ep06,30,1425,1,1395
sub-010255,ep06,50,1425,1,1375
sub-010255,ep06,100,1425,1,1325
sub-010255,ep06,150,1425,1,1275
sub-010255,ep06,200,1425,1,1225
sub-010256,ep00,3,1572,1,79
sub-010256,ep00,5,1572,1,867
sub-010256,ep00,7,1572,1,826
sub-010256,ep00,8,1572,1,1371
sub-010256,ep00,10,1572,1,1536
sub-010256,ep00,20,1572,1,1552
sub-010256,ep00,30,1572,1,1542
sub-010256,ep00,50,1572,1,1522
sub-010256,ep00,100,1572,1,1472
sub-010256,ep00,150,1572,1,1422
sub-010256,ep00,200,1572,1,1372
sub-010256,ep01,3,1821,1,573
sub-010256,ep01,5,1821,1,966
sub-010256,ep01,7,1821,1,1250
sub-010256,ep01,8,1821,1,1642
sub-010256,ep01,10,1821,1,1811
sub-010256,ep01,20,1821,1,1801
sub-010256,ep01,30,1821,1,1791
sub-010256,ep01,50,1821,1,1771
sub-010256,ep01,100,1821,1,1721
sub-010256,ep01,150,1821,1,1671
sub-010256,ep01,200,1821,1,1621
sub-010256,ep02,3,1582,1,513
sub-010256,ep02,5,1582,1,705
sub-010256,ep02,7,1582,1,1536
sub-010256,ep02,8,1582,1,1550
sub-010256,ep02,10,1582,1,1572
sub-010256,ep02,20,1582,1,1562
sub-010256,ep02,30,1582,1,1552
sub-010256,ep02,50,1582,1,1532
sub-010256,ep02,100,1582,1,1482
sub-010256,ep02,150,1582,1,1432
sub-010256,ep02,200,1582,1,1382
sub-010256,ep03,3,3686,1,395
sub-010256,ep03,5,3686,1,2218
sub-010256,ep03,7,3686,1,2304
sub-010256,ep03,8,3686,1,2300
sub-010256,ep03,10,3686,1,2253
sub-010256,ep03,20,3686,1,3666
sub-010256,ep03,30,3686,1,3656
sub-010256,ep03,50,3686,1,3636
sub-010256,ep03,100,3686,1,3586
sub-010256,ep03,150,3686,1,3536
sub-010256,ep03,200,3686,1,3486
sub-010256,ep04,3,1648,1,265
sub-010256,ep04,5,1648,1,847
sub-010256,ep04,7,1648,1,895
sub-010256,ep04,8,1648,1,949
sub-010256,ep04,10,1648,1,1020
sub-010256,ep04,20,1648,1,1628
sub-010256,ep04,30,1648,1,1618
sub-010256,ep04,50,1648,1,1598
sub-010256,ep04,100,1648,1,1548
sub-010256,ep04,150,1648,1,1498
sub-010256,ep04,200,1648,1,1448
sub-010256,ep05,3,1864,1,510
sub-010256,ep05,5,1864,1,702
sub-010256,ep05,7,1864,1,1165
sub-010256,ep05,8,1864,1,1826
sub-010256,ep05,10,1864,1,1851
sub-010256,ep05,20,1864,1,1843
sub-010256,ep05,30,1864,1,1834
sub-010256,ep05,50,1864,1,1814
sub-010256,ep05,100,1864,1,1764
sub-010256,ep05,150,1864,1,1714
sub-010256,ep05,200,1864,1,1664
sub-010256,ep06,3,1391,1,342
sub-010256,ep06,5,1391,1,623
sub-010256,ep06,7,1391,1,1311
sub-010256,ep06,8,1391,1,1329
sub-010256,ep06,10,1391,1,1344
sub-010256,ep06,20,1391,1,1371
sub-010256,ep06,30,1391,1,1361
sub-010256,ep06,50,1391,1,1341
sub-010256,ep06,100,1391,1,1291
sub-010256,ep06,150,1391,1,1241
sub-010256,ep06,200,1391,1,1191
sub-010257,ep00,3,1483,1,631
sub-010257,ep00,5,1483,1,1195
sub-010257,ep00,7,1483,1,1268
sub-010257,ep00,8,1483,1,1295
sub-010257,ep00,10,1483,1,1404
sub-010257,ep00,20,1483,1,1463
sub-010257,ep00,30,1483,1,1453
sub-010257,ep00,50,1483,1,1433
sub-010257,ep00,100,1483,1,1383
sub-010257,ep00,150,1483,1,1333
sub-010257,ep00,200,1483,1,1283
sub-010257,ep01,3,1727,1,778
sub-010257,ep01,5,1727,1,1564
sub-010257,ep01,7,1727,1,1614
sub-010257,ep01,8,1727,1,1658
sub-010257,ep01,10,1727,1,1654
sub-010257,ep01,20,1727,1,1707
sub-010257,ep01,30,1727,1,1697
sub-010257,ep01,50,1727,1,1677
sub-010257,ep01,100,1727,1,1627
sub-010257,ep01,150,1727,1,1577
sub-010257,ep01,200,1727,1,1527
sub-010257,ep02,3,1604,1,449
sub-010257,ep02,5,1604,1,1387
sub-010257,ep02,7,1604,1,1597
sub-010257,ep02,8,1604,1,1594
sub-010257,ep02,10,1604,1,1594
sub-010257,ep02,20,1604,1,1584
sub-010257,ep02,30,1604,1,1574
sub-010257,ep02,50,1604,1,1554
sub-010257,ep02,100,1604,1,1504
sub-010257,ep02,150,1604,1,1454
sub-010257,ep02,200,1604,1,1404
sub-010257,ep03,3,1671,1,1003
sub-010257,ep03,5,1671,1,1313
sub-010257,ep03,7,1671,1,1579
sub-010257,ep03,8,1671,1,1619
sub-010257,ep03,10,1671,1,1622
sub-010257,ep03,20,1671,1,1651
sub-010257,ep03,30,1671,1,1641
sub-010257,ep03,50,1671,1,1621
sub-010257,ep03,100,1671,1,1571
sub-010257,ep03,150,1671,1,1521
sub-010257,ep03,200,1671,1,1471
sub-010257,ep04,3,1548,1,658
sub-010257,ep04,5,1548,1,1363
sub-010257,ep04,7,1548,1,1430
sub-010257,ep04,8,1548,1,1442
sub-010257,ep04,10,1548,1,1424
sub-010257,ep04,20,1548,1,1528
sub-010257,ep04,30,1548,1,1518
sub-010257,ep04,50,1548,1,1498
sub-010257,ep04,100,1548,1,1448
sub-010257,ep04,150,1548,1,1398
sub-010257,ep04,200,1548,1,1348
sub-010257,ep05,3,1796,1,983
sub-010257,ep05,5,1796,1,1506
sub-010257,ep05,7,1796,1,1756
sub-010257,ep05,8,1796,1,1643
sub-010257,ep05,10,1796,1,1594
sub-010257,ep05,20,1796,1,1775
sub-010257,ep05,30,1796,1,1766
sub-010257,ep05,50,1796,1,1746
sub-010257,ep05,100,1796,1,1696
sub-010257,ep05,150,1796,1,1646
sub-010257,ep05,200,1796,1,1596
sub-010257,ep06,3,1353,1,249
sub-010257,ep06,5,1353,1,1015
sub-010257,ep06,7,1353,1,1096
sub-010257,ep06,8,1353,1,1105
sub-010257,ep06,10,1353,1,1111
sub-010257,ep06,20,1353,1,1333
sub-010257,ep06,30,1353,1,1323
sub-010257,ep06,50,1353,1,1302
sub-010257,ep06,100,1353,1,1253
sub-010257,ep06,150,1353,1,1203
sub-010257,ep06,200,1353,1,1153
sub-010258,ep00,3,2172,1,277
sub-010258,ep00,5,2172,1,1427
sub-010258,ep00,7,2172,1,1891
sub-010258,ep00,8,2172,1,1893
sub-010258,ep00,10,2172,1,2082
sub-010258,ep00,20,2172,1,2146
sub-010258,ep00,30,2172,1,2142
sub-010258,ep00,50,2172,1,2122
sub-010258,ep00,100,2172,1,2072
sub-010258,ep00,150,2172,1,2022
sub-010258,ep00,200,2172,1,1972
sub-010258,ep01,3,2451,1,371
sub-010258,ep01,5,2451,1,1871
sub-010258,ep01,7,2451,1,2360
sub-010258,ep01,8,2451,1,2369
sub-010258,ep01,10,2451,1,2398
sub-010258,ep01,20,2451,1,2396
sub-010258,ep01,30,2451,1,2415
sub-010258,ep01,50,2451,1,2401
sub-010258,ep01,100,2451,1,2351
sub-010258,ep01,150,2451,1,2301
sub-010258,ep01,200,2451,1,2251
sub-010258,ep02,3,1622,1,104
sub-010258,ep02,5,1622,1,1457
sub-010258,ep02,7,1622,1,1481
sub-010258,ep02,8,1622,1,1532
sub-010258,ep02,10,1622,1,1552
sub-010258,ep02,20,1622,1,1602
sub-010258,ep02,30,1622,1,1592
sub-010258,ep02,50,1622,1,1572
sub-010258,ep02,100,1622,1,1522
sub-010258,ep02,150,1622,1,1472
sub-010258,ep02,200,1622,1,1422
sub-010258,ep03,3,1653,1,637
sub-010258,ep03,5,1653,1,1431
sub-010258,ep03,7,1653,1,1479
sub-010258,ep03,8,1653,1,1554
sub-010258,ep03,10,1653,1,1572
sub-010258,ep03,20,1653,1,1633
sub-010258,ep03,30,1653,1,1623
sub-010258,ep03,50,1653,1,1603
sub-010258,ep03,100,1653,1,1553
sub-010258,ep03,150,1653,1,1503
sub-010258,ep03,200,1653,1,1453
sub-010258,ep04,3,1553,1,789
sub-010258,ep04,5,1553,1,1261
sub-010258,ep04,7,1553,1,1363
sub-010258,ep04,8,1553,1,1399
sub-010258,ep04,10,1553,1,1448
sub-010258,ep04,20,1553,1,1442
sub-010258,ep04,30,1553,1,1523
sub-010258,ep04,50,1553,1,1491
sub-010258,ep04,100,1553,1,1453
sub-010258,ep04,150,1553,1,1403
sub-010258,ep04,200,1553,1,1353
sub-010258,ep05,3,1623,1,305
sub-010258,ep05,5,1623,1,1122
sub-010258,ep05,7,1623,1,1558
sub-010258,ep05,8,1623,1,1537
sub-010258,ep05,10,1623,1,1551
sub-010258,ep05,20,1623,1,1603
sub-010258,ep05,30,1623,1,1587
sub-010258,ep05,50,1623,1,1573
sub-010258,ep05,100,1623,1,1523
sub-010258,ep05,150,1623,1,1473
sub-010258,ep05,200,1623,1,1423
sub-010258,ep06,3,1485,1,119
sub-010258,ep06,5,1485,1,1171
sub-010258,ep06,7,1485,1,1414
sub-010258,ep06,8,1485,1,1417
sub-010258,ep06,10,1485,1,1427
sub-010258,ep06,20,1485,1,1455
sub-010258,ep06,30,1485,1,1455
sub-010258,ep06,50,1485,1,1435
sub-010258,ep06,100,1485,1,1385
sub-010258,ep06,150,1485,1,1335
sub-010258,ep06,200,1485,1,1285
sub-010260,ep00,3,1428,1,184
sub-010260,ep00,5,1428,1,437
sub-010260,ep00,7,1428,1,773
sub-010260,ep00,8,1428,1,786
sub-010260,ep00,10,1428,1,1418
sub-010260,ep00,20,1428,1,1408
sub-010260,ep00,30,1428,1,1398
sub-010260,ep00,50,1428,1,1378
sub-010260,ep00,100,1428,1,1328
sub-010260,ep00,150,1428,1,1278
sub-010260,ep00,200,1428,1,1228
sub-010260,ep01,3,1494,1,299
sub-010260,ep01,5,1494,1,710
sub-010260,ep01,7,1494,1,668
sub-010260,ep01,8,1494,1,733
sub-010260,ep01,10,1494,1,1484
sub-010260,ep01,20,1494,1,1474
sub-010260,ep01,30,1494,1,1464
sub-010260,ep01,50,1494,1,1444
sub-010260,ep01,100,1494,1,1394
sub-010260,ep01,150,1494,1,1344
sub-010260,ep01,200,1494,1,1294
sub-010260,ep02,3,1343,1,161
sub-010260,ep02,5,1343,1,568
sub-010260,ep02,7,1343,1,1336
sub-010260,ep02,8,1343,1,1335
sub-010260,ep02,10,1343,1,1333
sub-010260,ep02,20,1343,1,1323
sub-010260,ep02,30,1343,1,1313
sub-010260,ep02,50,1343,1,1293
sub-010260,ep02,100,1343,1,1243
sub-010260,ep02,150,1343,1,1193
sub-010260,ep02,200,1343,1,1143
sub-010260,ep03,3,1385,1,158
sub-010260,ep03,5,1385,1,647
sub-010260,ep03,7,1385,1,618
sub-010260,ep03,8,1385,1,1376
sub-010260,ep03,10,1385,1,1363
sub-010260,ep03,20,1385,1,1365
sub-010260,ep03,30,1385,1,1355
sub-010260,ep03,50,1385,1,1335
sub-010260,ep03,100,1385,1,1285
sub-010260,ep03,150,1385,1,1235
sub-010260,ep03,200,1385,1,1185
sub-010260,ep04,3,1383,1,222
sub-010260,ep04,5,1383,1,319
sub-010260,ep04,7,1383,1,1362
sub-010260,ep04,8,1383,1,1364
sub-010260,ep04,10,1383,1,1373
sub-010260,ep04,20,1383,1,1363
sub-010260,ep04,30,1383,1,1353
sub-010260,ep04,50,1383,1,1333
sub-010260,ep04,100,1383,1,1283
sub-010260,ep04,150,1383,1,1233
sub-010260,ep04,200,1383,1,1183
sub-010260,ep05,3,1348,1,269
sub-010260,ep05,5,1348,1,723
sub-010260,ep05,7,1348,1,780
sub-010260,ep05,8,1348,1,1340
sub-010260,ep05,10,1348,1,1338
sub-010260,ep05,20,1348,1,1328
sub-010260,ep05,30,1348,1,1318
sub-010260,ep05,50,1348,1,1298
sub-010260,ep05,100,1348,1,1248
sub-010260,ep05,150,1348,1,1198
sub-010260,ep05,200,1348,1,1148
sub-010260,ep06,3,1222,1,177
sub-010260,ep06,5,1222,1,555
sub-010260,ep06,7,1222,1,1215
sub-010260,ep06,8,1222,1,1214
sub-010260,ep06,10,1222,1,1212
sub-010260,ep06,20,1222,1,1202
sub-010260,ep06,30,1222,1,1192
sub-010260,ep06,50,1222,1,1172
sub-010260,ep06,100,1222,1,1122
sub-010260,ep06,150,1222,1,1072
sub-010260,ep06,200,1222,1,1022
sub-010261,ep00,3,1392,1,372
sub-010261,ep00,5,1392,1,902
sub-010261,ep00,7,1392,1,1051
sub-010261,ep00,8,1392,1,1094
sub-010261,ep00,10,1392,1,1382
sub-010261,ep00,20,1392,1,1372
sub-010261,ep00,30,1392,1,1362
sub-010261,ep00,50,1392,1,1342
sub-010261,ep00,100,1392,1,1292
sub-010261,ep00,150,1392,1,1242
sub-010261,ep00,200,1392,1,1192
sub-010261,ep01,3,1351,1,651
sub-010261,ep01,5,1351,1,1113
sub-010261,ep01,7,1351,1,1110
sub-010261,ep01,8,1351,1,1128
sub-010261,ep01,10,1351,1,1341
sub-010261,ep01,20,1351,1,1331
sub-010261,ep01,30,1351,1,1319
sub-010261,ep01,50,1351,1,1301
sub-010261,ep01,100,1351,1,1251
sub-010261,ep01,150,1351,1,1201
sub-010261,ep01,200,1351,1,1151
sub-010261,ep02,3,1393,1,87
sub-010261,ep02,5,1393,1,1030
sub-010261,ep02,7,1393,1,1009
sub-010261,ep02,8,1393,1,1001
sub-010261,ep02,10,1393,1,1272
sub-010261,ep02,20,1393,1,1373
sub-010261,ep02,30,1393,1,1363
sub-010261,ep02,50,1393,1,1343
sub-010261,ep02,100,1393,1,1293
sub-010261,ep02,150,1393,1,1243
sub-010261,ep02,200,1393,1,1193
sub-010261,ep03,3,1404,1,506
sub-010261,ep03,5,1404,1,961
sub-010261,ep03,7,1404,1,1186
sub-010261,ep03,8,1404,1,1201
sub-010261,ep03,10,1404,1,1194
sub-010261,ep03,20,1404,1,1378
sub-010261,ep03,30,1404,1,1374
sub-010261,ep03,50,1404,1,1354
sub-010261,ep03,100,1404,1,1304
sub-010261,ep03,150,1404,1,1254
sub-010261,ep03,200,1404,1,1204
sub-010261,ep04,3,1289,1,331
sub-010261,ep04,5,1289,1,1024
sub-010261,ep04,7,1289,1,1147
sub-010261,ep04,8,1289,1,1281
sub-010261,ep04,10,1289,1,1083
sub-010261,ep04,20,1289,1,1269
sub-010261,ep04,30,1289,1,1259
sub-010261,ep04,50,1289,1,1239
sub-010261,ep04,100,1289,1,1189
sub-010261,ep04,150,1289,1,1139
sub-010261,ep04,200,1289,1,1089
sub-010261,ep05,3,1278,1,65
sub-010261,ep05,5,1278,1,1025
sub-010261,ep05,7,1278,1,1134
sub-010261,ep05,8,1278,1,1165
sub-010261,ep05,10,1278,1,1183
sub-010261,ep05,20,1278,1,1258
sub-010261,ep05,30,1278,1,1248
sub-010261,ep05,50,1278,1,1228
sub-010261,ep05,100,1278,1,1178
sub-010261,ep05,150,1278,1,1128
sub-010261,ep05,200,1278,1,1078
sub-010262,ep00,3,1630,1,192
sub-010262,ep00,5,1630,1,380
sub-010262,ep00,7,1630,1,742
sub-010262,ep00,8,1630,1,764
sub-010262,ep00,10,1630,1,775
sub-010262,ep00,20,1630,1,1610
sub-010262,ep00,30,1630,1,1600
sub-010262,ep00,50,1630,1,1580
sub-010262,ep00,100,1630,1,1530
sub-010262,ep00,150,1630,1,1480
sub-010262,ep00,200,1630,1,1430
sub-010262,ep01,3,1420,1,253
sub-010262,ep01,5,1420,1,476
sub-010262,ep01,7,1420,1,1412
sub-010262,ep01,8,1420,1,925
sub-010262,ep01,10,1420,1,1410
sub-010262,ep01,20,1420,1,1400
sub-010262,ep01,30,1420,1,1390
sub-010262,ep01,50,1420,1,1370
sub-010262,ep01,100,1420,1,1320
sub-010262,ep01,150,1420,1,1270
sub-010262,ep01,200,1420,1,1220
sub-010262,ep02,3,1282,1,177
sub-010262,ep02,5,1282,1,297
sub-010262,ep02,7,1282,1,390
sub-010262,ep02,8,1282,1,516
sub-010262,ep02,10,1282,1,524
sub-010262,ep02,20,1282,1,1262
sub-010262,ep02,30,1282,1,1252
sub-010262,ep02,50,1282,1,1232
sub-010262,ep02,100,1282,1,1182
sub-010262,ep02,150,1282,1,1132
sub-010262,ep02,200,1282,1,1082
sub-010262,ep03,3,1978,1,300
sub-010262,ep03,5,1978,1,985
sub-010262,ep03,7,1978,1,1278
sub-010262,ep03,8,1978,1,1233
sub-010262,ep03,10,1978,1,1968
sub-010262,ep03,20,1978,1,1958
sub-010262,ep03,30,1978,1,1948
sub-010262,ep03,50,1978,1,1928
sub-010262,ep03,100,1978,1,1878
sub-010262,ep03,150,1978,1,1828
sub-010262,ep03,200,1978,1,1778
sub-010262,ep04,3,1344,1,231
sub-010262,ep04,5,1344,1,365
sub-010262,ep04,7,1344,1,346
sub-010262,ep04,8,1344,1,662
sub-010262,ep04,10,1344,1,699
sub-010262,ep04,20,1344,1,1324
sub-010262,ep04,30,1344,1,1314
sub-010262,ep04,50,1344,1,1294
sub-010262,ep04,100,1344,1,1244
sub-010262,ep04,150,1344,1,1194
sub-010262,ep04,200,1344,1,1144
sub-010262,ep05,3,1447,1,215
sub-010262,ep05,5,1447,1,455
sub-010262,ep05,7,1447,1,1439
sub-010262,ep05,8,1447,1,1439
sub-010262,ep05,10,1447,1,1437
sub-010262,ep05,20,1447,1,1427
sub-010262,ep05,30,1447,1,1417
sub-010262,ep05,50,1447,1,1397
sub-010262,ep05,100,1447,1,1347
sub-010262,ep05,150,1447,1,1297
sub-010262,ep05,200,1447,1,1247
sub-010262,ep06,3,1204,1,135
sub-010262,ep06,5,1204,1,310
sub-010262,ep06,7,1204,1,696
sub-010262,ep06,8,1204,1,717
sub-010262,ep06,10,1204,1,689
sub-010262,ep06,20,1204,1,1184
sub-010262,ep06,30,1204,1,1174
sub-010262,ep06,50,1204,1,1154
sub-010262,ep06,100,1204,1,1104
sub-010262,ep06,150,1204,1,1054
sub-010262,ep06,200,1204,1,1004
sub-010263,ep00,3,1297,1,49
sub-010263,ep00,5,1297,1,1085
sub-010263,ep00,7,1297,1,1263
sub-010263,ep00,8,1297,1,1269
sub-010263,ep00,10,1297,1,1287
sub-010263,ep00,20,1297,1,1273
sub-010263,ep00,30,1297,1,1267
sub-010263,ep00,50,1297,1,1247
sub-010263,ep00,100,1297,1,1197
sub-010263,ep00,150,1297,1,1147
sub-010263,ep00,200,1297,1,1097
sub-010263,ep01,3,1296,1,131
sub-010263,ep01,5,1296,1,858
sub-010263,ep01,7,1296,1,1289
sub-010263,ep01,8,1296,1,1288
sub-010263,ep01,10,1296,1,1286
sub-010263,ep01,20,1296,1,1276
sub-010263,ep01,30,1296,1,1266
sub-010263,ep01,50,1296,1,1246
sub-010263,ep01,100,1296,1,1196
sub-010263,ep01,150,1296,1,1146
sub-010263,ep01,200,1296,1,1096
sub-010263,ep02,3,1330,1,118
sub-010263,ep02,5,1330,5,398
sub-010263,ep02,7,1330,1,855
sub-010263,ep02,8,1330,1,860
sub-010263,ep02,10,1330,1,1319
sub-010263,ep02,20,1330,1,1310
sub-010263,ep02,30,1330,1,1300
sub-010263,ep02,50,1330,1,1280
sub-010263,ep02,100,1330,1,1230
sub-010263,ep02,150,1330,1,1180
sub-010263,ep02,200,1330,1,1130
sub-010263,ep03,3,1244,1,52
sub-010263,ep03,5,1244,1,312
sub-010263,ep03,7,1244,1,1189
sub-010263,ep03,8,1244,1,1196
sub-010263,ep03,10,1244,1,1232
sub-010263,ep03,20,1244,1,1224
sub-010263,ep03,30,1244,1,1214
sub-010263,ep03,50,1244,1,1194
sub-010263,ep03,100,1244,1,1144
sub-010263,ep03,150,1244,1,1094
sub-010263,ep03,200,1244,1,1044
sub-010263,ep04,3,1233,1,177
sub-010263,ep04,5,1233,1,401
sub-010263,ep04,7,1233,1,1174
sub-010263,ep04,8,1233,1,1158
sub-010263,ep04,10,1233,1,1221
sub-010263,ep04,20,1233,1,1213
sub-010263,ep04,30,1233,1,1203
sub-010263,ep04,50,1233,1,1183
sub-010263,ep04,100,1233,1,1133
sub-010263,ep04,150,1233,1,1083
sub-010263,ep04,200,1233,1,1033
sub-010263,ep05,3,1243,1,123
sub-010263,ep05,5,1243,5,461
sub-010263,ep05,7,1243,2,239
sub-010263,ep05,8,1243,1,1234
sub-010263,ep05,10,1243,1,1233
sub-010263,ep05,20,1243,1,1223
sub-010263,ep05,30,1243,1,1213
sub-010263,ep05,50,1243,1,1193
sub-010263,ep05,100,1243,1,1143
sub-010263,ep05,150,1243,1,1093
sub-010263,ep05,200,1243,1,1043
sub-010263,ep06,3,1160,1,75
sub-010263,ep06,5,1160,1,391
sub-010263,ep06,7,1160,1,1143
sub-010263,ep06,8,1160,1,1152
sub-010263,ep06,10,1160,1,1150
sub-010263,ep06,20,1160,1,1140
sub-010263,ep06,30,1160,1,1130
sub-010263,ep06,50,1160,1,1110
sub-010263,ep06,100,1160,1,1060
sub-010263,ep06,150,1160,1,1010
sub-010263,ep06,200,1160,1,960
sub-010264,ep00,3,1696,1,517
sub-010264,ep00,5,1696,1,912
sub-010264,ep00,7,1696,1,1021
sub-010264,ep00,8,1696,1,1055
sub-010264,ep00,10,1696,1,1686
sub-010264,ep00,20,1696,1,1676
sub-010264,ep00,30,1696,1,1666
sub-010264,ep00,50,1696,1,1646
sub-010264,ep00,100,1696,1,1596
sub-010264,ep00,150,1696,1,1546
sub-010264,ep00,200,1696,1,1496
sub-010264,ep01,3,1678,1,381
sub-010264,ep01,5,1678,1,980
sub-010264,ep01,7,1678,1,1045
sub-010264,ep01,8,1678,1,1068
sub-010264,ep01,10,1678,1,1668
sub-010264,ep01,20,1678,1,1658
sub-010264,ep01,30,1678,1,1648
sub-010264,ep01,50,1678,1,1628
sub-010264,ep01,100,1678,1,1578
sub-010264,ep01,150,1678,1,1528
sub-010264,ep01,200,1678,1,1478
sub-010264,ep02,3,1833,1,304
sub-010264,ep02,5,1833,1,1045
sub-010264,ep02,7,1833,1,1804
sub-010264,ep02,8,1833,1,1825
sub-010264,ep02,10,1833,1,1821
sub-010264,ep02,20,1833,1,1813
sub-010264,ep02,30,1833,1,1803
sub-010264,ep02,50,1833,1,1783
sub-010264,ep02,100,1833,1,1733
sub-010264,ep02,150,1833,1,1683
sub-010264,ep02,200,1833,1,1633
sub-010264,ep03,3,1779,1,542
sub-010264,ep03,5,1779,1,1496
sub-010264,ep03,7,1779,1,1085
sub-010264,ep03,8,1779,1,1767
sub-010264,ep03,10,1779,1,1769
sub-010264,ep03,20,1779,1,1759
sub-010264,ep03,30,1779,1,1749
sub-010264,ep03,50,1779,1,1729
sub-010264,ep03,100,1779,1,1679
sub-010264,ep03,150,1779,1,1629
sub-010264,ep03,200,1779,1,1579
sub-010264,ep04,3,1601,1,542
sub-010264,ep04,5,1601,1,737
sub-010264,ep04,7,1601,1,1040
sub-010264,ep04,8,1601,1,1561
sub-010264,ep04,10,1601,1,1591
sub-010264,ep04,20,1601,1,1581
sub-010264,ep04,30,1601,1,1571
sub-010264,ep04,50,1601,1,1551
sub-010264,ep04,100,1601,1,1501
sub-010264,ep04,150,1601,1,1451
sub-010264,ep04,200,1601,1,1401
sub-010264,ep05,3,1512,1,367
sub-010264,ep05,5,1512,1,569
sub-010264,ep05,7,1512,1,636
sub-010264,ep05,8,1512,1,1504
sub-010264,ep05,10,1512,1,1502
sub-010264,ep05,20,1512,1,1492
sub-010264,ep05,30,1512,1,1482
sub-010264,ep05,50,1512,1,1462
sub-010264,ep05,100,1512,1,1412
sub-010264,ep05,150,1512,1,1362
sub-010264,ep05,200,1512,1,1312
sub-010264,ep06,3,1349,1,427
sub-010264,ep06,5,1349,1,680
sub-010264,ep06,7,1349,1,1342
sub-010264,ep06,8,1349,1,1341
sub-010264,ep06,10,1349,1,1339
sub-010264,ep06,20,1349,1,1329
sub-010264,ep06,30,1349,1,1319
sub-010264,ep06,50,1349,1,1299
sub-010264,ep06,100,1349,1,1249
sub-010264,ep06,150,1349,1,1199
sub-010264,ep06,200,1349,1,1149
sub-010265,ep00,3,1567,1,162
sub-010265,ep00,5,1567,1,1426
sub-010265,ep00,7,1567,1,1560
sub-010265,ep00,8,1567,1,1559
sub-010265,ep00,10,1567,1,1557
sub-010265,ep00,20,1567,1,1547
sub-010265,ep00,30,1567,1,1537
sub-010265,ep00,50,1567,1,1517
sub-010265,ep00,100,1567,1,1467
sub-010265,ep00,150,1567,1,1417
sub-010265,ep00,200,1567,1,1367
sub-010265,ep01,3,1543,1,200
sub-010265,ep01,5,1543,1,812
sub-010265,ep01,7,1543,1,1445
sub-010265,ep01,8,1543,1,1533
sub-010265,ep01,10,1543,1,1531
sub-010265,ep01,20,1543,1,1523
sub-010265,ep01,30,1543,1,1513
sub-010265,ep01,50,1543,1,1493
sub-010265,ep01,100,1543,1,1443
sub-010265,ep01,150,1543,1,1393
sub-010265,ep01,200,1543,1,1343
sub-010265,ep02,3,1545,1,119
sub-010265,ep02,5,1545,1,998
sub-010265,ep02,7,1545,1,1508
sub-010265,ep02,8,1545,1,1523
sub-010265,ep02,10,1545,1,1533
sub-010265,ep02,20,1545,1,1525
sub-010265,ep02,30,1545,1,1515
sub-010265,ep02,50,1545,1,1495
sub-010265,ep02,100,1545,1,1445
sub-010265,ep02,150,1545,1,1395
sub-010265,ep02,200,1545,1,1345
sub-010265,ep03,3,1558,1,319
sub-010265,ep03,5,1558,1,481
sub-010265,ep03,7,1558,1,1530
sub-010265,ep03,8,1558,1,1550
sub-010265,ep03,10,1558,1,1548
sub-010265,ep03,20,1558,1,1538
sub-010265,ep03,30,1558,1,1528
sub-010265,ep03,50,1558,1,1508
sub-010265,ep03,100,1558,1,1458
sub-010265,ep03,150,1558,1,1408
sub-010265,ep03,200,1558,1,1358
sub-010265,ep04,3,1490,1,231
sub-010265,ep04,5,1490,1,625
sub-010265,ep04,7,1490,1,671
sub-010265,ep04,8,1490,1,648
sub-010265,ep04,10,1490,1,1480
sub-010265,ep04,20,1490,1,1470
sub-010265,ep04,30,1490,1,1460
sub-010265,ep04,50,1490,1,1440
sub-010265,ep04,100,1490,1,1390
sub-010265,ep04,150,1490,1,1340
sub-010265,ep04,200,1490,1,1290
sub-010265,ep05,3,1492,1,274
sub-010265,ep05,5,1492,1,442
sub-010265,ep05,7,1492,1,955
sub-010265,ep05,8,1492,1,915
sub-010265,ep05,10,1492,1,1482
sub-010265,ep05,20,1492,1,1472
sub-010265,ep05,30,1492,1,1462
sub-010265,ep05,50,1492,1,1442
sub-010265,ep05,100,1492,1,1392
sub-010265,ep05,150,1492,1,1342
sub-010265,ep05,200,1492,1,1292
sub-010265,ep06,3,1382,1,102
sub-010265,ep06,5,1382,1,1377
sub-010265,ep06,7,1382,1,1375
sub-010265,ep06,8,1382,1,1374
sub-010265,ep06,10,1382,1,1372
sub-010265,ep06,20,1382,1,1362
sub-010265,ep06,30,1382,1,1352
sub-010265,ep06,50,1382,1,1332
sub-010265,ep06,100,1382,1,1282
sub-010265,ep06,150,1382,1,1232
sub-010265,ep06,200,1382,1,1182
sub-010266,ep00,3,1374,1,470
sub-010266,ep00,5,1374,1,1204
sub-010266,ep00,7,1374,1,623
sub-010266,ep00,8,1374,1,598
sub-010266,ep00,10,1374,1,1364
sub-010266,ep00,20,1374,1,1350
sub-010266,ep00,30,1374,1,1344
sub-010266,ep00,50,1374,1,1324
sub-010266,ep00,100,1374,1,1274
sub-010266,ep00,150,1374,1,1224
sub-010266,ep00,200,1374,1,1174
sub-010266,ep01,3,1442,1,378
sub-010266,ep01,5,1442,1,1031
sub-010266,ep01,7,1442,1,986
sub-010266,ep01,8,1442,1,1421
sub-010266,ep01,10,1442,1,1431
sub-010266,ep01,20,1442,1,1422
sub-010266,ep01,30,1442,1,1412
sub-010266,ep01,50,1442,1,1392
sub-010266,ep01,100,1442,1,1342
sub-010266,ep01,150,1442,1,1292
sub-010266,ep01,200,1442,1,1242
sub-010266,ep02,3,1421,1,229
sub-010266,ep02,5,1421,1,945
sub-010266,ep02,7,1421,1,1407
sub-010266,ep02,8,1421,1,1412
sub-010266,ep02,10,1421,1,1411
sub-010266,ep02,20,1421,1,1401
sub-010266,ep02,30,1421,1,1391
sub-010266,ep02,50,1421,1,1371
sub-010266,ep02,100,1421,1,1321
sub-010266,ep02,150,1421,1,1271
sub-010266,ep02,200,1421,1,1221
sub-010266,ep03,3,1431,1,425
sub-010266,ep03,5,1431,1,724
sub-010266,ep03,7,1431,1,1321
sub-010266,ep03,8,1431,1,1339
sub-010266,ep03,10,1431,1,1421
sub-010266,ep03,20,1431,1,1411
sub-010266,ep03,30,1431,1,1401
sub-010266,ep03,50,1431,1,1381
sub-010266,ep03,100,1431,1,1331
sub-010266,ep03,150,1431,1,1281
sub-010266,ep03,200,1431,1,1231
sub-010266,ep04,3,1410,1,363
sub-010266,ep04,5,1410,1,742
sub-010266,ep04,7,1410,1,1254
sub-010266,ep04,8,1410,1,1349
sub-010266,ep04,10,1410,1,1361
sub-010266,ep04,20,1410,1,1390
sub-010266,ep04,30,1410,1,1380
sub-010266,ep04,50,1410,1,1360
sub-010266,ep04,100,1410,1,1310
sub-010266,ep04,150,1410,1,1260
sub-010266,ep04,200,1410,1,1210
sub-010266,ep05,3,1449,1,132
sub-010266,ep05,5,1449,1,774
sub-010266,ep05,7,1449,1,1400
sub-010266,ep05,8,1449,1,1441
sub-010266,ep05,10,1449,1,1439
sub-010266,ep05,20,1449,1,1429
sub-010266,ep05,30,1449,1,1419
sub-010266,ep05,50,1449,1,1399
sub-010266,ep05,100,1449,1,1349
sub-010266,ep05,150,1449,1,1299
sub-010266,ep05,200,1449,1,1249
sub-010267,ep00,3,1307,1,44
sub-010267,ep00,5,1307,1,486
sub-010267,ep00,7,1307,1,637
sub-010267,ep00,8,1307,1,610
sub-010267,ep00,10,1307,1,1297
sub-010267,ep00,20,1307,1,1287
sub-010267,ep00,30,1307,1,1277
sub-010267,ep00,50,1307,1,1257
sub-010267,ep00,100,1307,1,1207
sub-010267,ep00,150,1307,1,1157
sub-010267,ep00,200,1307,1,1107
sub-010267,ep01,3,1410,1,37
sub-010267,ep01,5,1410,1,837
sub-010267,ep01,7,1410,1,809
sub-010267,ep01,8,1410,1,1385
sub-010267,ep01,10,1410,1,1400
sub-010267,ep01,20,1410,1,1390
sub-010267,ep01,30,1410,1,1380
sub-010267,ep01,50,1410,1,1360
sub-010267,ep01,100,1410,1,1310
sub-010267,ep01,150,1410,1,1260
sub-010267,ep01,200,1410,1,1210
sub-010267,ep02,3,1180,1,106
sub-010267,ep02,5,1180,1,645
sub-010267,ep02,7,1180,1,1008
sub-010267,ep02,8,1180,1,1014
sub-010267,ep02,10,1180,1,1170
sub-010267,ep02,20,1180,1,1160
sub-010267,ep02,30,1180,1,1150
sub-010267,ep02,50,1180,1,1130
sub-010267,ep02,100,1180,1,1080
sub-010267,ep02,150,1180,1,1030
sub-010267,ep02,200,1180,1,980
sub-010267,ep03,3,1266,1,288
sub-010267,ep03,5,1266,1,496
sub-010267,ep03,7,1266,1,753
sub-010267,ep03,8,1266,1,1237
sub-010267,ep03,10,1266,1,1256
sub-010267,ep03,20,1266,1,1246
sub-010267,ep03,30,1266,1,1236
sub-010267,ep03,50,1266,1,1216
sub-010267,ep03,100,1266,1,1166
sub-010267,ep03,150,1266,1,1116
sub-010267,ep03,200,1266,1,1066
sub-010267,ep04,3,1207,1,236
sub-010267,ep04,5,1207,1,576
sub-010267,ep04,7,1207,1,1187
sub-010267,ep04,8,1207,1,1197
sub-010267,ep04,10,1207,1,1197
sub-010267,ep04,20,1207,1,1187
sub-010267,ep04,30,1207,1,1177
sub-010267,ep04,50,1207,1,1157
sub-010267,ep04,100,1207,1,1107
sub-010267,ep04,150,1207,1,1057
sub-010267,ep04,200,1207,1,1007
sub-010267,ep05,3,1232,1,167
sub-010267,ep05,5,1232,1,656
sub-010267,ep05,7,1232,1,622
sub-010267,ep05,8,1232,1,657
sub-010267,ep05,10,1232,1,703
sub-010267,ep05,20,1232,1,1212
sub-010267,ep05,30,1232,1,1202
sub-010267,ep05,50,1232,1,1182
sub-010267,ep05,100,1232,1,1132
sub-010267,ep05,150,1232,1,1082
sub-010267,ep05,200,1232,1,1032
sub-010267,ep06,3,1135,1,136
sub-010267,ep06,5,1135,1,437
sub-010267,ep06,7,1135,1,1128
sub-010267,ep06,8,1135,1,1126
sub-010267,ep06,10,1135,1,1125
sub-010267,ep06,20,1135,1,1115
sub-010267,ep06,30,1135,1,1105
sub-010267,ep06,50,1135,1,1085
sub-010267,ep06,100,1135,1,1035
sub-010267,ep06,150,1135,1,985
sub-010267,ep06,200,1135,1,935
sub-010268,ep00,3,1484,1,69
sub-010268,ep00,5,1484,1,859
sub-010268,ep00,7,1484,1,1477
sub-010268,ep00,8,1484,1,903
sub-010268,ep00,10,1484,1,1474
sub-010268,ep00,20,1484,1,1464
sub-010268,ep00,30,1484,1,1454
sub-010268,ep00,50,1484,1,1434
sub-010268,ep00,100,1484,1,1384
sub-010268,ep00,150,1484,1,1334
sub-010268,ep00,200,1484,1,1284
sub-010268,ep01,3,1569,1,178
sub-010268,ep01,5,1569,1,685
sub-010268,ep01,7,1569,1,721
sub-010268,ep01,8,1569,1,1561
sub-010268,ep01,10,1569,1,1557
sub-010268,ep01,20,1569,1,1549
sub-010268,ep01,30,1569,1,1539
sub-010268,ep01,50,1569,1,1519
sub-010268,ep01,100,1569,1,1469
sub-010268,ep01,150,1569,1,1419
sub-010268,ep01,200,1569,1,1369
sub-010268,ep02,3,1693,1,410
sub-010268,ep02,5,1693,1,763
sub-010268,ep02,7,1693,1,1274
sub-010268,ep02,8,1693,1,1684
sub-010268,ep02,10,1693,1,1683
sub-010268,ep02,20,1693,1,1673
sub-010268,ep02,30,1693,1,1663
sub-010268,ep02,50,1693,1,1643
sub-010268,ep02,100,1693,1,1593
sub-010268,ep02,150,1693,1,1543
sub-010268,ep02,200,1693,1,1493
sub-010268,ep03,3,1634,1,124
sub-010268,ep03,5,1634,1,1169
sub-010268,ep03,7,1634,1,1151
sub-010268,ep03,8,1634,1,1170
sub-010268,ep03,10,1634,1,1139
sub-010268,ep03,20,1634,1,1614
sub-010268,ep03,30,1634,1,1604
sub-010268,ep03,50,1634,1,1584
sub-010268,ep03,100,1634,1,1534
sub-010268,ep03,150,1634,1,1484
sub-010268,ep03,200,1634,1,1434
sub-010268,ep04,3,1583,1,196
sub-010268,ep04,5,1583,1,907
sub-010268,ep04,7,1583,1,1575
sub-010268,ep04,8,1583,1,1574
sub-010268,ep04,10,1583,1,1573
sub-010268,ep04,20,1583,1,1563
sub-010268,ep04,30,1583,1,1553
sub-010268,ep04,50,1583,1,1533
sub-010268,ep04,100,1583,1,1483
sub-010268,ep04,150,1583,1,1433
sub-010268,ep04,200,1583,1,1383
sub-010268,ep05,3,1621,1,290
sub-010268,ep05,5,1621,1,1001
sub-010268,ep05,7,1621,1,1134
sub-010268,ep05,8,1621,1,1605
sub-010268,ep05,10,1621,1,1608
sub-010268,ep05,20,1621,1,1601
sub-010268,ep05,30,1621,1,1591
sub-010268,ep05,50,1621,1,1571
sub-010268,ep05,100,1621,1,1521
sub-010268,ep05,150,1621,1,1471
sub-010268,ep05,200,1621,1,1421
sub-010268,ep06,3,1448,1,326
sub-010268,ep06,5,1448,1,725
sub-010268,ep06,7,1448,1,899
sub-010268,ep06,8,1448,1,944
sub-010268,ep06,10,1448,1,1438
sub-010268,ep06,20,1448,1,1428
sub-010268,ep06,30,1448,1,1418
sub-010268,ep06,50,1448,1,1398
sub-010268,ep06,100,1448,1,1348
sub-010268,ep06,150,1448,1,1298
sub-010268,ep06,200,1448,1,1248
sub-010269,ep00,3,1458,1,473
sub-010269,ep00,5,1458,1,601
sub-010269,ep00,7,1458,1,786
sub-010269,ep00,8,1458,1,1419
sub-010269,ep00,10,1458,1,1448
sub-010269,ep00,20,1458,1,1438
sub-010269,ep00,30,1458,1,1428
sub-010269,ep00,50,1458,1,1408
sub-010269,ep00,100,1458,1,1358
sub-010269,ep00,150,1458,1,1308
sub-010269,ep00,200,1458,1,1258
sub-010269,ep01,3,1394,1,131
sub-010269,ep01,5,1394,1,721
sub-010269,ep01,7,1394,1,1387
sub-010269,ep01,8,1394,1,1386
sub-010269,ep01,10,1394,1,1384
sub-010269,ep01,20,1394,1,1374
sub-010269,ep01,30,1394,1,1364
sub-010269,ep01,50,1394,1,1344
sub-010269,ep01,100,1394,1,1294
sub-010269,ep01,150,1394,1,1244
sub-010269,ep01,200,1394,1,1194
sub-010269,ep02,3,1372,1,397
sub-010269,ep02,5,1372,1,485
sub-010269,ep02,7,1372,1,935
sub-010269,ep02,8,1372,1,1326
sub-010269,ep02,10,1372,1,1315
sub-010269,ep02,20,1372,1,1345
sub-010269,ep02,30,1372,1,1342
sub-010269,ep02,50,1372,1,1322
sub-010269,ep02,100,1372,1,1272
sub-010269,ep02,150,1372,1,1222
sub-010269,ep02,200,1372,1,1172
sub-010269,ep03,3,1373,1,33
sub-010269,ep03,5,1373,1,1010
sub-010269,ep03,7,1373,1,1004
sub-010269,ep03,8,1373,1,1344
sub-010269,ep03,10,1373,1,1362
sub-010269,ep03,20,1373,1,1353
sub-010269,ep03,30,1373,1,1343
sub-010269,ep03,50,1373,1,1323
sub-010269,ep03,100,1373,1,1273
sub-010269,ep03,150,1373,1,1223
sub-010269,ep03,200,1373,1,1173
sub-010269,ep04,3,1380,1,311
sub-010269,ep04,5,1380,1,758
sub-010269,ep04,7,1380,1,947
sub-010269,ep04,8,1380,1,971
sub-010269,ep04,10,1380,1,1370
sub-010269,ep04,20,1380,1,1359
sub-010269,ep04,30,1380,1,1350
sub-010269,ep04,50,1380,1,1330
sub-010269,ep04,100,1380,1,1280
sub-010269,ep04,150,1380,1,1230
sub-010269,ep04,200,1380,1,1180
sub-010269,ep05,3,1394,1,616
sub-010269,ep05,5,1394,1,927
sub-010269,ep05,7,1394,1,924
sub-010269,ep05,8,1394,1,987
sub-010269,ep05,10,1394,1,1384
sub-010269,ep05,20,1394,1,1374
sub-010269,ep05,30,1394,1,1364
sub-010269,ep05,50,1394,1,1344
sub-010269,ep05,100,1394,1,1294
sub-010269,ep05,150,1394,1,1244
sub-010269,ep05,200,1394,1,1194
sub-010269,ep06,3,1246,1,425
sub-010269,ep06,5,1246,1,984
sub-010269,ep06,7,1246,1,1060
sub-010269,ep06,8,1246,1,1059
sub-010269,ep06,10,1246,1,1186
sub-010269,ep06,20,1246,1,1226
sub-010269,ep06,30,1246,1,1216
sub-010269,ep06,50,1246,1,1196
sub-010269,ep06,100,1246,1,1146
sub-010269,ep06,150,1246,1,1096
sub-010269,ep06,200,1246,1,1046
sub-010270,ep00,3,1489,1,522
sub-010270,ep00,5,1489,1,1076
sub-010270,ep00,7,1489,1,1466
sub-010270,ep00,8,1489,1,1468
sub-010270,ep00,10,1489,1,1472
sub-010270,ep00,20,1489,1,1469
sub-010270,ep00,30,1489,1,1459
sub-010270,ep00,50,1489,1,1439
sub-010270,ep00,100,1489,1,1389
sub-010270,ep00,150,1489,1,1339
sub-010270,ep00,200,1489,1,1289
sub-010270,ep01,3,1511,1,364
sub-010270,ep01,5,1511,1,1033
sub-010270,ep01,7,1511,1,1224
sub-010270,ep01,8,1511,1,1461
sub-010270,ep01,10,1511,1,1501
sub-010270,ep01,20,1511,1,1490
sub-010270,ep01,30,1511,1,1481
sub-010270,ep01,50,1511,1,1461
sub-010270,ep01,100,1511,1,1411
sub-010270,ep01,150,1511,1,1361
sub-010270,ep01,200,1511,1,1311
sub-010270,ep02,3,1441,1,698
sub-010270,ep02,5,1441,1,1110
sub-010270,ep02,7,1441,1,1434
sub-010270,ep02,8,1441,1,1086
sub-010270,ep02,10,1441,1,1430
sub-010270,ep02,20,1441,1,1421
sub-010270,ep02,30,1441,1,1411
sub-010270,ep02,50,1441,1,1391
sub-010270,ep02,100,1441,1,1341
sub-010270,ep02,150,1441,1,1291
sub-010270,ep02,200,1441,1,1241
sub-010270,ep03,3,1566,1,57
sub-010270,ep03,5,1566,1,1170
sub-010270,ep03,7,1566,1,1306
sub-010270,ep03,8,1566,1,1535
sub-010270,ep03,10,1566,1,1552
sub-010270,ep03,20,1566,1,1546
sub-010270,ep03,30,1566,1,1536
sub-010270,ep03,50,1566,1,1516
sub-010270,ep03,100,1566,1,1466
sub-010270,ep03,150,1566,1,1416
sub-010270,ep03,200,1566,1,1366
sub-010270,ep04,3,1565,1,815
sub-010270,ep04,5,1565,1,972
sub-010270,ep04,7,1565,1,1359
sub-010270,ep04,8,1565,1,1557
sub-010270,ep04,10,1565,1,1554
sub-010270,ep04,20,1565,1,1545
sub-010270,ep04,30,1565,1,1535
sub-010270,ep04,50,1565,1,1515
sub-010270,ep04,100,1565,1,1465
sub-010270,ep04,150,1565,1,1415
sub-010270,ep04,200,1565,1,1365
sub-010270,ep05,3,1476,1,139
sub-010270,ep05,5,1476,1,976
sub-010270,ep05,7,1476,1,1469
sub-010270,ep05,8,1476,1,1468
sub-010270,ep05,10,1476,1,1466
sub-010270,ep05,20,1476,1,1456
sub-010270,ep05,30,1476,1,1446
sub-010270,ep05,50,1476,1,1426
sub-010270,ep05,100,1476,1,1376
sub-010270,ep05,150,1476,1,1326
sub-010270,ep05,200,1476,1,1276
sub-010270,ep06,3,1407,1,280
sub-010270,ep06,5,1407,1,591
sub-010270,ep06,7,1407,1,1385
sub-010270,ep06,8,1407,1,1399
sub-010270,ep06,10,1407,1,1397
sub-010270,ep06,20,1407,1,1387
sub-010270,ep06,30,1407,1,1377
sub-010270,ep06,50,1407,1,1357
sub-010270,ep06,100,1407,1,1307
sub-010270,ep06,150,1407,1,1257
sub-010270,ep06,200,1407,1,1207
sub-010271,ep00,3,2693,1,215
sub-010271,ep00,5,2693,1,1275
sub-010271,ep00,7,2693,1,2470
sub-010271,ep00,8,2693,1,2407
sub-010271,ep00,10,2693,1,2419
sub-010271,ep00,20,2693,1,2495
sub-010271,ep00,30,2693,1,2663
sub-010271,ep00,50,2693,1,2643
sub-010271,ep00,100,2693,1,2593
sub-010271,ep00,150,2693,1,2543
sub-010271,ep00,200,2693,1,2493
sub-010271,ep01,3,1283,1,354
sub-010271,ep01,5,1283,1,886
sub-010271,ep01,7,1283,1,1142
sub-010271,ep01,8,1283,1,1144
sub-010271,ep01,10,1283,1,1154
sub-010271,ep01,20,1283,1,1143
sub-010271,ep01,30,1283,1,1253
sub-010271,ep01,50,1283,1,1233
sub-010271,ep01,100,1283,1,1183
sub-010271,ep01,150,1283,1,1133
sub-010271,ep01,200,1283,1,1083
sub-010271,ep02,3,1529,1,144
sub-010271,ep02,5,1529,1,463
sub-010271,ep02,7,1529,1,969
sub-010271,ep02,8,1529,1,977
sub-010271,ep02,10,1529,1,947
sub-010271,ep02,20,1529,1,1509
sub-010271,ep02,30,1529,1,1499
sub-010271,ep02,50,1529,1,1479
sub-010271,ep02,100,1529,1,1429
sub-010271,ep02,150,1529,1,1379
sub-010271,ep02,200,1529,1,1329
sub-010271,ep03,3,1324,1,543
sub-010271,ep03,5,1324,1,945
sub-010271,ep03,7,1324,1,932
sub-010271,ep03,8,1324,1,945
sub-010271,ep03,10,1324,1,1173
sub-010271,ep03,20,1324,1,1255
sub-010271,ep03,30,1324,1,1294
sub-010271,ep03,50,1324,1,1249
sub-010271,ep03,100,1324,1,1224
sub-010271,ep03,150,1324,1,1174
sub-010271,ep03,200,1324,1,1124
sub-010271,ep04,3,1296,1,259
sub-010271,ep04,5,1296,1,760
sub-010271,ep04,7,1296,1,935
sub-010271,ep04,8,1296,1,1288
sub-010271,ep04,10,1296,1,1286
sub-010271,ep04,20,1296,1,1276
sub-010271,ep04,30,1296,1,1266
sub-010271,ep04,50,1296,1,1246
sub-010271,ep04,100,1296,1,1196
sub-010271,ep04,150,1296,1,1146
sub-010271,ep04,200,1296,1,1096
sub-010271,ep05,3,1478,1,396
sub-010271,ep05,5,1478,1,676
sub-010271,ep05,7,1478,1,971
sub-010271,ep05,8,1478,1,915
sub-010271,ep05,10,1478,1,1227
sub-010271,ep05,20,1478,1,1453
sub-010271,ep05,30,1478,1,1448
sub-010271,ep05,50,1478,1,1428
sub-010271,ep05,100,1478,1,1378
sub-010271,ep05,150,1478,1,1328
sub-010271,ep05,200,1478,1,1278
sub-010271,ep06,3,1250,1,184
sub-010271,ep06,5,1250,1,590
sub-010271,ep06,7,1250,1,1151
sub-010271,ep06,8,1250,1,1171
sub-010271,ep06,10,1250,1,1149
sub-010271,ep06,20,1250,1,1230
sub-010271,ep06,30,1250,1,1220
sub-010271,ep06,50,1250,1,1200
sub-010271,ep06,100,1250,1,1150
sub-010271,ep06,150,1250,1,1100
sub-010271,ep06,200,1250,1,1050
sub-010272,ep00,3,1477,1,96
sub-010272,ep00,5,1477,1,900
sub-010272,ep00,7,1477,1,1412
sub-010272,ep00,8,1477,1,1469
sub-010272,ep00,10,1477,1,1467
sub-010272,ep00,20,1477,1,1457
sub-010272,ep00,30,1477,1,1447
sub-010272,ep00,50,1477,1,1427
sub-010272,ep00,100,1477,1,1377
sub-010272,ep00,150,1477,1,1327
sub-010272,ep00,200,1477,1,1277
sub-010272,ep01,3,1694,1,368
sub-010272,ep01,5,1694,1,788
sub-010272,ep01,7,1694,1,1035
sub-010272,ep01,8,1694,1,1686
sub-010272,ep01,10,1694,1,1684
sub-010272,ep01,20,1694,1,1674
sub-010272,ep01,30,1694,1,1664
sub-010272,ep01,50,1694,1,1644
sub-010272,ep01,100,1694,1,1594
sub-010272,ep01,150,1694,1,1544
sub-010272,ep01,200,1694,1,1494
sub-010272,ep02,3,1654,1,427
sub-010272,ep02,5,1654,1,871
sub-010272,ep02,7,1654,1,1598
sub-010272,ep02,8,1654,1,1598
sub-010272,ep02,10,1654,1,1643
sub-010272,ep02,20,1654,1,1634
sub-010272,ep02,30,1654,1,1624
sub-010272,ep02,50,1654,1,1604
sub-010272,ep02,100,1654,1,1554
sub-010272,ep02,150,1654,1,1504
sub-010272,ep02,200,1654,1,1454
sub-010272,ep03,3,1542,1,382
sub-010272,ep03,5,1542,1,897
sub-010272,ep03,7,1542,1,1497
sub-010272,ep03,8,1542,1,1097
sub-010272,ep03,10,1542,1,1532
sub-010272,ep03,20,1542,1,1522
sub-010272,ep03,30,1542,1,1512
sub-010272,ep03,50,1542,1,1492
sub-010272,ep03,100,1542,1,1442
sub-010272,ep03,150,1542,1,1392
sub-010272,ep03,200,1542,1,1342
sub-010272,ep04,3,1536,1,358
sub-010272,ep04,5,1536,1,958
sub-010272,ep04,7,1536,1,1120
sub-010272,ep04,8,1536,1,1528
sub-010272,ep04,10,1536,1,1526
sub-010272,ep04,20,1536,1,1516
sub-010272,ep04,30,1536,1,1506
sub-010272,ep04,50,1536,1,1486
sub-010272,ep04,100,1536,1,1436
sub-010272,ep04,150,1536,1,1386
sub-010272,ep04,200,1536,1,1336
sub-010272,ep05,3,1735,1,502
sub-010272,ep05,5,1735,1,1148
sub-010272,ep05,7,1735,1,1728
sub-010272,ep05,8,1735,1,1727
sub-010272,ep05,10,1735,1,1725
sub-010272,ep05,20,1735,1,1715
sub-010272,ep05,30,1735,1,1705
sub-010272,ep05,50,1735,1,1685
sub-010272,ep05,100,1735,1,1635
sub-010272,ep05,150,1735,1,1585
sub-010272,ep05,200,1735,1,1535
sub-010272,ep06,3,1262,1,279
sub-010272,ep06,5,1262,1,585
sub-010272,ep06,7,1262,1,613
sub-010272,ep06,8,1262,1,1241
sub-010272,ep06,10,1262,1,1249
sub-010272,ep06,20,1262,1,1242
sub-010272,ep06,30,1262,1,1232
sub-010272,ep06,50,1262,1,1212
sub-010272,ep06,100,1262,1,1162
sub-010272,ep06,150,1262,1,1112
sub-010272,ep06,200,1262,1,1062
sub-010273,ep00,3,1372,1,327
sub-010273,ep00,5,1372,1,1342
sub-010273,ep00,7,1372,1,1350
sub-010273,ep00,8,1372,1,1352
sub-010273,ep00,10,1372,1,1358
sub-010273,ep00,20,1372,1,1352
sub-010273,ep00,30,1372,1,1342
sub-010273,ep00,50,1372,1,1322
sub-010273,ep00,100,1372,1,1272
sub-010273,ep00,150,1372,1,1222
sub-010273,ep00,200,1372,1,1172
sub-010273,ep01,3,1440,1,68
sub-010273,ep01,5,1440,1,732
sub-010273,ep01,7,1440,1,1433
sub-010273,ep01,8,1440,1,1432
sub-010273,ep01,10,1440,1,1430
sub-010273,ep01,20,1440,1,1419
sub-010273,ep01,30,1440,1,1410
sub-010273,ep01,50,1440,1,1390
sub-010273,ep01,100,1440,1,1340
sub-010273,ep01,150,1440,1,1290
sub-010273,ep01,200,1440,1,1240
sub-010273,ep02,3,1504,1,454
sub-010273,ep02,5,1504,1,545
sub-010273,ep02,7,1504,1,1455
sub-010273,ep02,8,1504,1,1496
sub-010273,ep02,10,1504,1,1494
sub-010273,ep02,20,1504,1,1484
sub-010273,ep02,30,1504,1,1474
sub-010273,ep02,50,1504,1,1454
sub-010273,ep02,100,1504,1,1404
sub-010273,ep02,150,1504,1,1354
sub-010273,ep02,200,1504,1,1304
sub-010273,ep03,3,1463,1,223
sub-010273,ep03,5,1463,1,812
sub-010273,ep03,7,1463,1,1426
sub-010273,ep03,8,1463,1,1436
sub-010273,ep03,10,1463,1,1442
sub-010273,ep03,20,1463,1,1443
sub-010273,ep03,30,1463,1,1433
sub-010273,ep03,50,1463,1,1413
sub-010273,ep03,100,1463,1,1363
sub-010273,ep03,150,1463,1,1313
sub-010273,ep03,200,1463,1,1263
sub-010273,ep04,3,1454,1,48
sub-010273,ep04,5,1454,1,1314
sub-010273,ep04,7,1454,1,910
sub-010273,ep04,8,1454,1,1446
sub-010273,ep04,10,1454,1,1444
sub-010273,ep04,20,1454,1,1434
sub-010273,ep04,30,1454,1,1424
sub-010273,ep04,50,1454,1,1404
sub-010273,ep04,100,1454,1,1354
sub-010273,ep04,150,1454,1,1304
sub-010273,ep04,200,1454,1,1254
sub-010273,ep05,3,1432,1,324
sub-010273,ep05,5,1432,1,489
sub-010273,ep05,7,1432,1,709
sub-010273,ep05,8,1432,1,1424
sub-010273,ep05,10,1432,1,1422
sub-010273,ep05,20,1432,1,1412
sub-010273,ep05,30,1432,1,1402
sub-010273,ep05,50,1432,1,1382
sub-010273,ep05,100,1432,1,1332
sub-010273,ep05,150,1432,1,1282
sub-010273,ep05,200,1432,1,1232
sub-010273,ep06,3,1262,1,317
sub-010273,ep06,5,1262,1,585
sub-010273,ep06,7,1262,1,942
sub-010273,ep06,8,1262,1,952
sub-010273,ep06,10,1262,1,1252
sub-010273,ep06,20,1262,1,1242
sub-010273,ep06,30,1262,1,1232
sub-010273,ep06,50,1262,1,1212
sub-010273,ep06,100,1262,1,1162
sub-010273,ep06,150,1262,1,1112
sub-010273,ep06,200,1262,1,1062
sub-010274,ep00,3,1708,1,387
sub-010274,ep00,5,1708,1,932
sub-010274,ep00,7,1708,1,1537
sub-010274,ep00,8,1708,1,1543
sub-010274,ep00,10,1708,1,1598
sub-010274,ep00,20,1708,1,1688
sub-010274,ep00,30,1708,1,1678
sub-010274,ep00,50,1708,1,1658
sub-010274,ep00,100,1708,1,1608
sub-010274,ep00,150,1708,1,1558
sub-010274,ep00,200,1708,1,1508
sub-010274,ep01,3,1627,1,482
sub-010274,ep01,5,1627,1,1108
sub-010274,ep01,7,1627,1,1105
sub-010274,ep01,8,1627,1,1619
sub-010274,ep01,10,1627,1,1617
sub-010274,ep01,20,1627,1,1607
sub-010274,ep01,30,1627,1,1597
sub-010274,ep01,50,1627,1,1577
sub-010274,ep01,100,1627,1,1527
sub-010274,ep01,150,1627,1,1477
sub-010274,ep01,200,1627,1,1427
sub-010274,ep02,3,1567,1,287
sub-010274,ep02,5,1567,1,677
sub-010274,ep02,7,1567,1,1526
sub-010274,ep02,8,1567,1,1538
sub-010274,ep02,10,1567,1,1557
sub-010274,ep02,20,1567,1,1547
sub-010274,ep02,30,1567,1,1537
sub-010274,ep02,50,1567,1,1517
sub-010274,ep02,100,1567,1,1467
sub-010274,ep02,150,1567,1,1417
sub-010274,ep02,200,1567,1,1367
sub-010274,ep03,3,1590,1,326
sub-010274,ep03,5,1590,1,491
sub-010274,ep03,7,1590,1,983
sub-010274,ep03,8,1590,1,1280
sub-010274,ep03,10,1590,1,1260
sub-010274,ep03,20,1590,1,1570
sub-010274,ep03,30,1590,1,1560
sub-010274,ep03,50,1590,1,1540
sub-010274,ep03,100,1590,1,1490
sub-010274,ep03,150,1590,1,1440
sub-010274,ep03,200,1590,1,1390
sub-010274,ep04,3,1568,1,529
sub-010274,ep04,5,1568,1,729
sub-010274,ep04,7,1568,1,1027
sub-010274,ep04,8,1568,1,1063
sub-010274,ep04,10,1568,1,1213
sub-010274,ep04,20,1568,1,1548
sub-010274,ep04,30,1568,1,1538
sub-010274,ep04,50,1568,1,1518
sub-010274,ep04,100,1568,1,1468
sub-010274,ep04,150,1568,1,1418
sub-010274,ep04,200,1568,1,1368
sub-010274,ep05,3,1638,1,234
sub-010274,ep05,5,1638,1,848
sub-010274,ep05,7,1638,1,838
sub-010274,ep05,8,1638,1,1160
sub-010274,ep05,10,1638,1,1117
sub-010274,ep05,20,1638,1,1618
sub-010274,ep05,30,1638,1,1608
sub-010274,ep05,50,1638,1,1588
sub-010274,ep05,100,1638,1,1538
sub-010274,ep05,150,1638,1,1488
sub-010274,ep05,200,1638,1,1438
sub-010274,ep06,3,1457,1,587
sub-010274,ep06,5,1457,1,783
sub-010274,ep06,7,1457,1,876
sub-010274,ep06,8,1457,1,1449
sub-010274,ep06,10,1457,1,1439
sub-010274,ep06,20,1457,1,1437
sub-010274,ep06,30,1457,1,1427
sub-010274,ep06,50,1457,1,1407
sub-010274,ep06,100,1457,1,1357
sub-010274,ep06,150,1457,1,1307
sub-010274,ep06,200,1457,1,1257
sub-010275,ep00,3,1785,1,81
sub-010275,ep00,5,1785,1,1265
sub-010275,ep00,7,1785,1,1523
sub-010275,ep00,8,1785,1,1324
sub-010275,ep00,10,1785,1,1507
sub-010275,ep00,20,1785,1,1765
sub-010275,ep00,30,1785,1,1755
sub-010275,ep00,50,1785,1,1735
sub-010275,ep00,100,1785,1,1685
sub-010275,ep00,150,1785,1,1635
sub-010275,ep00,200,1785,1,1585
sub-010275,ep01,3,1658,1,158
sub-010275,ep01,5,1658,1,1048
sub-010275,ep01,7,1658,1,1371
sub-010275,ep01,8,1658,1,1404
sub-010275,ep01,10,1658,1,1529
sub-010275,ep01,20,1658,1,1638
sub-010275,ep01,30,1658,1,1628
sub-010275,ep01,50,1658,1,1601
sub-010275,ep01,100,1658,1,1558
sub-010275,ep01,150,1658,1,1508
sub-010275,ep01,200,1658,1,1458
sub-010275,ep02,3,1635,1,325
sub-010275,ep02,5,1635,1,984
sub-010275,ep02,7,1635,1,1053
sub-010275,ep02,8,1635,1,1033
sub-010275,ep02,10,1635,1,1557
sub-010275,ep02,20,1635,1,1531
sub-010275,ep02,30,1635,1,1604
sub-010275,ep02,50,1635,1,1585
sub-010275,ep02,100,1635,1,1535
sub-010275,ep02,150,1635,1,1485
sub-010275,ep02,200,1635,1,1435
sub-010275,ep03,3,1597,1,531
sub-010275,ep03,5,1597,1,855
sub-010275,ep03,7,1597,1,1329
sub-010275,ep03,8,1597,1,1476
sub-010275,ep03,10,1597,1,1498
sub-010275,ep03,20,1597,1,1514
sub-010275,ep03,30,1597,1,1567
sub-010275,ep03,50,1597,1,1547
sub-010275,ep03,100,1597,1,1497
sub-010275,ep03,150,1597,1,1447
sub-010275,ep03,200,1597,1,1397
sub-010275,ep04,3,1582,1,165
sub-010275,ep04,5,1582,1,848
sub-010275,ep04,7,1582,1,1124
sub-010275,ep04,8,1582,1,1405
sub-010275,ep04,10,1582,1,1515
sub-010275,ep04,20,1582,1,1556
sub-010275,ep04,30,1582,1,1544
sub-010275,ep04,50,1582,1,1532
sub-010275,ep04,100,1582,1,1482
sub-010275,ep04,150,1582,1,1432
sub-010275,ep04,200,1582,1,1382
sub-010275,ep05,3,1706,1,477
sub-010275,ep05,5,1706,1,515
sub-010275,ep05,7,1706,1,1546
sub-010275,ep05,8,1706,1,1576
sub-010275,ep05,10,1706,1,1596
sub-010275,ep05,20,1706,1,1685
sub-010275,ep05,30,1706,1,1676
sub-010275,ep05,50,1706,1,1656
sub-010275,ep05,100,1706,1,1606
sub-010275,ep05,150,1706,1,1556
sub-010275,ep05,200,1706,1,1506
sub-010275,ep06,3,1522,1,154
sub-010275,ep06,5,1522,1,979
sub-010275,ep06,7,1522,1,897
sub-010275,ep06,8,1522,1,939
sub-010275,ep06,10,1522,1,1303
sub-010275,ep06,20,1522,1,1502
sub-010275,ep06,30,1522,1,1492
sub-010275,ep06,50,1522,1,1472
sub-010275,ep06,100,1522,1,1422
sub-010275,ep06,150,1522,1,1372
sub-010275,ep06,200,1522,1,1322
sub-010283,ep00,3,1360,1,90
sub-010283,ep00,5,1360,1,894
sub-010283,ep00,7,1360,1,1031
sub-010283,ep00,8,1360,1,1059
sub-010283,ep00,10,1360,1,1050
sub-010283,ep00,20,1360,1,1340
sub-010283,ep00,30,1360,1,1330
sub-010283,ep00,50,1360,1,1310
sub-010283,ep00,100,1360,1,1260
sub-010283,ep00,150,1360,1,1210
sub-010283,ep00,200,1360,1,1160
sub-010283,ep01,3,1765,1,531
sub-010283,ep01,5,1765,1,1187
sub-010283,ep01,7,1765,1,1171
sub-010283,ep01,8,1765,1,1227
sub-010283,ep01,10,1765,1,1755
sub-010283,ep01,20,1765,1,1744
sub-010283,ep01,30,1765,1,1735
sub-010283,ep01,50,1765,1,1715
sub-010283,ep01,100,1765,1,1665
sub-010283,ep01,150,1765,1,1615
sub-010283,ep01,200,1765,1,1565
sub-010283,ep02,3,1533,1,665
sub-010283,ep02,5,1533,1,1009
sub-010283,ep02,7,1533,1,985
sub-010283,ep02,8,1533,1,1154
sub-010283,ep02,10,1533,1,1171
sub-010283,ep02,20,1533,1,1513
sub-010283,ep02,30,1533,1,1503
sub-010283,ep02,50,1533,1,1483
sub-010283,ep02,100,1533,1,1433
sub-010283,ep02,150,1533,1,1383
sub-010283,ep02,200,1533,1,1333
sub-010283,ep03,3,1426,1,307
sub-010283,ep03,5,1426,1,825
sub-010283,ep03,7,1426,1,952
sub-010283,ep03,8,1426,1,1418
sub-010283,ep03,10,1426,1,1414
sub-010283,ep03,20,1426,1,1404
sub-010283,ep03,30,1426,1,1396
sub-010283,ep03,50,1426,1,1376
sub-010283,ep03,100,1426,1,1326
sub-010283,ep03,150,1426,1,1276
sub-010283,ep03,200,1426,1,1226
sub-010283,ep04,3,1439,1,453
sub-010283,ep04,5,1439,1,622
sub-010283,ep04,7,1439,1,1388
sub-010283,ep04,8,1439,1,1431
sub-010283,ep04,10,1439,1,1429
sub-010283,ep04,20,1439,1,1418
sub-010283,ep04,30,1439,1,1409
sub-010283,ep04,50,1439,1,1389
sub-010283,ep04,100,1439,1,1339
sub-010283,ep04,150,1439,1,1289
sub-010283,ep04,200,1439,1,1239
sub-010283,ep05,3,1376,1,105
sub-010283,ep05,5,1376,1,636
sub-010283,ep05,7,1376,1,1335
sub-010283,ep05,8,1376,1,1221
sub-010283,ep05,10,1376,1,1338
sub-010283,ep05,20,1376,1,1356
sub-010283,ep05,30,1376,1,1346
sub-010283,ep05,50,1376,1,1326
sub-010283,ep05,100,1376,1,1276
sub-010283,ep05,150,1376,1,1226
sub-010283,ep05,200,1376,1,1176
sub-010284,ep00,3,1645,1,486
sub-010284,ep00,5,1645,1,1042
sub-010284,ep00,7,1645,1,1262
sub-010284,ep00,8,1645,1,1581
sub-010284,ep00,10,1645,1,1590
sub-010284,ep00,20,1645,1,1625
sub-010284,ep00,30,1645,1,1615
sub-010284,ep00,50,1645,1,1595
sub-010284,ep00,100,1645,1,1545
sub-010284,ep00,150,1645,1,1495
sub-010284,ep00,200,1645,1,1445
sub-010284,ep01,3,1805,1,481
sub-010284,ep01,5,1805,1,1224
sub-010284,ep01,7,1805,1,1412
sub-010284,ep01,8,1805,1,1461
sub-010284,ep01,10,1805,1,1429
sub-010284,ep01,20,1805,1,1785
sub-010284,ep01,30,1805,1,1775
sub-010284,ep01,50,1805,1,1755
sub-010284,ep01,100,1805,1,1705
sub-010284,ep01,150,1805,1,1655
sub-010284,ep01,200,1805,1,1605
sub-010284,ep02,3,1481,1,337
sub-010284,ep02,5,1481,1,1051
sub-010284,ep02,7,1481,1,927
sub-010284,ep02,8,1481,1,1192
sub-010284,ep02,10,1481,1,1181
sub-010284,ep02,20,1481,1,1461
sub-010284,ep02,30,1481,1,1451
sub-010284,ep02,50,1481,1,1431
sub-010284,ep02,100,1481,1,1381
sub-010284,ep02,150,1481,1,1331
sub-010284,ep02,200,1481,1,1281
sub-010284,ep03,3,1637,1,470
sub-010284,ep03,5,1637,1,1138
sub-010284,ep03,7,1637,1,1240
sub-010284,ep03,8,1637,1,1475
sub-010284,ep03,10,1637,1,1627
sub-010284,ep03,20,1637,1,1617
sub-010284,ep03,30,1637,1,1607
sub-010284,ep03,50,1637,1,1587
sub-010284,ep03,100,1637,1,1537
sub-010284,ep03,150,1637,1,1487
sub-010284,ep03,200,1637,1,1437
sub-010284,ep04,3,2150,1,77
sub-010284,ep04,5,2150,1,1497
sub-010284,ep04,7,2150,1,2092
sub-010284,ep04,8,2150,1,2105
sub-010284,ep04,10,2150,1,2140
sub-010284,ep04,20,2150,1,2130
sub-010284,ep04,30,2150,1,2120
sub-010284,ep04,50,2150,1,2100
sub-010284,ep04,100,2150,1,2050
sub-010284,ep04,150,2150,1,2000
sub-010284,ep04,200,2150,1,1950
sub-010284,ep05,3,1483,1,109
sub-010284,ep05,5,1483,1,962
sub-010284,ep05,7,1483,1,1021
sub-010284,ep05,8,1483,1,1398
sub-010284,ep05,10,1483,1,1430
sub-010284,ep05,20,1483,1,1463
sub-010284,ep05,30,1483,1,1453
sub-010284,ep05,50,1483,1,1433
sub-010284,ep05,100,1483,1,1383
sub-010284,ep05,150,1483,1,1333
sub-010284,ep05,200,1483,1,1283
sub-010284,ep06,3,1385,1,73
sub-010284,ep06,5,1385,1,931
sub-010284,ep06,7,1385,1,845
sub-010284,ep06,8,1385,1,1296
sub-010284,ep06,10,1385,1,1343
sub-010284,ep06,20,1385,1,1365
sub-010284,ep06,30,1385,1,1355
sub-010284,ep06,50,1385,1,1335
sub-010284,ep06,100,1385,1,1285
sub-010284,ep06,150,1385,1,1235
sub-010284,ep06,200,1385,1,1185
sub-010286,ep00,3,1397,1,242
sub-010286,ep00,5,1397,1,408
sub-010286,ep00,7,1397,2,534
sub-010286,ep00,8,1397,1,1389
sub-010286,ep00,10,1397,1,1387
sub-010286,ep00,20,1397,1,1377
sub-010286,ep00,30,1397,1,1367
sub-010286,ep00,50,1397,1,1347
sub-010286,ep00,100,1397,1,1297
sub-010286,ep00,150,1397,1,1247
sub-010286,ep00,200,1397,1,1197
sub-010286,ep01,3,1438,1,262
sub-010286,ep01,5,1438,1,421
sub-010286,ep01,7,1438,1,1376
sub-010286,ep01,8,1438,1,1430
sub-010286,ep01,10,1438,1,1428
sub-010286,ep01,20,1438,1,1418
sub-010286,ep01,30,1438,1,1408
sub-010286,ep01,50,1438,1,1388
sub-010286,ep01,100,1438,1,1338
sub-010286,ep01,150,1438,1,1288
sub-010286,ep01,200,1438,1,1238
sub-010286,ep02,3,3176,1,197
sub-010286,ep02,5,3176,1,1218
sub-010286,ep02,7,3176,1,2383
sub-010286,ep02,8,3176,1,2420
sub-010286,ep02,10,3176,1,2450
sub-010286,ep02,20,3176,1,3156
sub-010286,ep02,30,3176,1,3146
sub-010286,ep02,50,3176,1,3126
sub-010286,ep02,100,3176,1,3076
sub-010286,ep02,150,3176,1,3026
sub-010286,ep02,200,3176,1,2976
sub-010286,ep03,3,1484,1,451
sub-010286,ep03,5,1484,1,880
sub-010286,ep03,7,1484,1,1143
sub-010286,ep03,8,1484,1,1131
sub-010286,ep03,10,1484,1,1474
sub-010286,ep03,20,1484,1,1463
sub-010286,ep03,30,1484,1,1454
sub-010286,ep03,50,1484,1,1434
sub-010286,ep03,100,1484,1,1384
sub-010286,ep03,150,1484,1,1334
sub-010286,ep03,200,1484,1,1284
sub-010286,ep04,3,2005,1,251
sub-010286,ep04,5,2005,1,1121
sub-010286,ep04,7,2005,1,1668
sub-010286,ep04,8,2005,1,1694
sub-010286,ep04,10,2005,1,1660
sub-010286,ep04,20,2005,1,1985
sub-010286,ep04,30,2005,1,1975
sub-010286,ep04,50,2005,1,1955
sub-010286,ep04,100,2005,1,1905
sub-010286,ep04,150,2005,1,1855
sub-010286,ep04,200,2005,1,1805
sub-010286,ep05,3,1992,1,460
sub-010286,ep05,5,1992,1,1377
sub-010286,ep05,7,1992,1,1548
sub-010286,ep05,8,1992,1,1984
sub-010286,ep05,10,1992,1,1982
sub-010286,ep05,20,1992,1,1972
sub-010286,ep05,30,1992,1,1962
sub-010286,ep05,50,1992,1,1942
sub-010286,ep05,100,1992,1,1892
sub-010286,ep05,150,1992,1,1842
sub-010286,ep05,200,1992,1,1792
sub-010286,ep06,3,1399,1,465
sub-010286,ep06,5,1399,1,821
sub-010286,ep06,7,1399,1,1070
sub-010286,ep06,8,1399,1,1391
sub-010286,ep06,10,1399,1,1389
sub-010286,ep06,20,1399,1,1379
sub-010286,ep06,30,1399,1,1369
sub-010286,ep06,50,1399,1,1349
sub-010286,ep06,100,1399,1,1299
sub-010286,ep06,150,1399,1,1249
sub-010286,ep06,200,1399,1,1199
sub-010287,ep00,3,1440,1,278
sub-010287,ep00,5,1440,1,1131
sub-010287,ep00,7,1440,1,1175
sub-010287,ep00,8,1440,1,1178
sub-010287,ep00,10,1440,1,1426
sub-010287,ep00,20,1440,1,1420
sub-010287,ep00,30,1440,1,1410
sub-010287,ep00,50,1440,1,1390
sub-010287,ep00,100,1440,1,1339
sub-010287,ep00,150,1440,1,1290
sub-010287,ep00,200,1440,1,1240
sub-010287,ep01,3,1405,1,346
sub-010287,ep01,5,1405,1,911
sub-010287,ep01,7,1405,1,970
sub-010287,ep01,8,1405,1,987
sub-010287,ep01,10,1405,1,1184
sub-010287,ep01,20,1405,1,1385
sub-010287,ep01,30,1405,1,1375
sub-010287,ep01,50,1405,1,1355
sub-010287,ep01,100,1405,1,1305
sub-010287,ep01,150,1405,1,1255
sub-010287,ep01,200,1405,1,1205
sub-010287,ep02,3,1346,1,211
sub-010287,ep02,5,1346,1,879
sub-010287,ep02,7,1346,1,888
sub-010287,ep02,8,1346,1,921
sub-010287,ep02,10,1346,1,1336
sub-010287,ep02,20,1346,1,1326
sub-010287,ep02,30,1346,1,1316
sub-010287,ep02,50,1346,1,1296
sub-010287,ep02,100,1346,1,1246
sub-010287,ep02,150,1346,1,1196
sub-010287,ep02,200,1346,1,1146
sub-010287,ep03,3,1336,1,155
sub-010287,ep03,5,1336,1,1068
sub-010287,ep03,7,1336,1,1106
sub-010287,ep03,8,1336,1,1132
sub-010287,ep03,10,1336,1,1167
sub-010287,ep03,20,1336,1,1316
sub-010287,ep03,30,1336,1,1306
sub-010287,ep03,50,1336,1,1286
sub-010287,ep03,100,1336,1,1236
sub-010287,ep03,150,1336,1,1186
sub-010287,ep03,200,1336,1,1136
sub-010287,ep04,3,1370,1,484
sub-010287,ep04,5,1370,1,758
sub-010287,ep04,7,1370,1,946
sub-010287,ep04,8,1370,1,1292
sub-010287,ep04,10,1370,1,1323
sub-010287,ep04,20,1370,1,1350
sub-010287,ep04,30,1370,1,1340
sub-010287,ep04,50,1370,1,1320
sub-010287,ep04,100,1370,1,1270
sub-010287,ep04,150,1370,1,1220
sub-010287,ep04,200,1370,1,1170
sub-010287,ep05,3,1347,1,204
sub-010287,ep05,5,1347,1,726
sub-010287,ep05,7,1347,1,1139
sub-010287,ep05,8,1347,1,1045
sub-010287,ep05,10,1347,1,1335
sub-010287,ep05,20,1347,1,1327
sub-010287,ep05,30,1347,1,1317
sub-010287,ep05,50,1347,1,1297
sub-010287,ep05,100,1347,1,1247
sub-010287,ep05,150,1347,1,1197
sub-010287,ep05,200,1347,1,1147
sub-010287,ep06,3,1214,1,38
sub-010287,ep06,5,1214,1,686
sub-010287,ep06,7,1214,1,924
sub-010287,ep06,8,1214,1,1029
sub-010287,ep06,10,1214,1,1204
sub-010287,ep06,20,1214,1,1194
sub-010287,ep06,30,1214,1,1184
sub-010287,ep06,50,1214,1,1164
sub-010287,ep06,100,1214,1,1114
sub-010287,ep06,150,1214,1,1064
sub-010287,ep06,200,1214,1,1014
sub-010288,ep00,3,1601,1,486
sub-010288,ep00,5,1601,1,810
sub-010288,ep00,7,1601,1,1118
sub-010288,ep00,8,1601,1,1556
sub-010288,ep00,10,1601,1,1554
sub-010288,ep00,20,1601,1,1581
sub-010288,ep00,30,1601,1,1571
sub-010288,ep00,50,1601,1,1551
sub-010288,ep00,100,1601,1,1501
sub-010288,ep00,150,1601,1,1451
sub-010288,ep00,200,1601,1,1401
sub-010288,ep01,3,1603,1,397
sub-010288,ep01,5,1603,1,1002
sub-010288,ep01,7,1603,1,1023
sub-010288,ep01,8,1603,1,1056
sub-010288,ep01,10,1603,1,1593
sub-010288,ep01,20,1603,1,1581
sub-010288,ep01,30,1603,1,1573
sub-010288,ep01,50,1603,1,1553
sub-010288,ep01,100,1603,1,1503
sub-010288,ep01,150,1603,1,1453
sub-010288,ep01,200,1603,1,1403
sub-010288,ep02,3,1780,1,517
sub-010288,ep02,5,1780,1,929
sub-010288,ep02,7,1780,1,1773
sub-010288,ep02,8,1780,1,1771
sub-010288,ep02,10,1780,1,1770
sub-010288,ep02,20,1780,1,1760
sub-010288,ep02,30,1780,1,1750
sub-010288,ep02,50,1780,1,1730
sub-010288,ep02,100,1780,1,1680
sub-010288,ep02,150,1780,1,1630
sub-010288,ep02,200,1780,1,1580
sub-010288,ep03,3,1550,2,29
sub-010288,ep03,5,1550,1,840
sub-010288,ep03,7,1550,1,919
sub-010288,ep03,8,1550,1,1025
sub-010288,ep03,10,1550,1,1098
sub-010288,ep03,20,1550,1,1530
sub-010288,ep03,30,1550,1,1520
sub-010288,ep03,50,1550,1,1500
sub-010288,ep03,100,1550,1,1450
sub-010288,ep03,150,1550,1,1400
sub-010288,ep03,200,1550,1,1350
sub-010288,ep04,3,1664,1,341
sub-010288,ep04,5,1664,1,935
sub-010288,ep04,7,1664,1,1075
sub-010288,ep04,8,1664,1,1062
sub-010288,ep04,10,1664,1,1654
sub-010288,ep04,20,1664,1,1644
sub-010288,ep04,30,1664,1,1634
sub-010288,ep04,50,1664,1,1614
sub-010288,ep04,100,1664,1,1564
sub-010288,ep04,150,1664,1,1514
sub-010288,ep04,200,1664,1,1464
sub-010288,ep05,3,1715,2,34
sub-010288,ep05,5,1715,1,880
sub-010288,ep05,7,1715,1,1593
sub-010288,ep05,8,1715,1,1603
sub-010288,ep05,10,1715,1,1689
sub-010288,ep05,20,1715,1,1684
sub-010288,ep05,30,1715,1,1685
sub-010288,ep05,50,1715,1,1665
sub-010288,ep05,100,1715,1,1615
sub-010288,ep05,150,1715,1,1565
sub-010288,ep05,200,1715,1,1515
sub-010288,ep06,3,1509,1,516
sub-010288,ep06,5,1509,1,960
sub-010288,ep06,7,1509,1,1014
sub-010288,ep06,8,1509,1,895
sub-010288,ep06,10,1509,1,894
sub-010288,ep06,20,1509,1,1489
sub-010288,ep06,30,1509,1,1479
sub-010288,ep06,50,1509,1,1459
sub-010288,ep06,100,1509,1,1409
sub-010288,ep06,150,1509,1,1359
sub-010288,ep06,200,1509,1,1309
sub-010289,ep00,3,1624,1,525
sub-010289,ep00,5,1624,1,541
sub-010289,ep00,7,1624,1,835
sub-010289,ep00,8,1624,1,1473
sub-010289,ep00,10,1624,1,1514
sub-010289,ep00,20,1624,1,1604
sub-010289,ep00,30,1624,1,1594
sub-010289,ep00,50,1624,1,1574
sub-010289,ep00,100,1624,1,1524
sub-010289,ep00,150,1624,1,1474
sub-010289,ep00,200,1624,1,1424
sub-010289,ep01,3,1872,1,407
sub-010289,ep01,5,1872,1,789
sub-010289,ep01,7,1872,1,1527
sub-010289,ep01,8,1872,1,1698
sub-010289,ep01,10,1872,1,1862
sub-010289,ep01,20,1872,1,1852
sub-010289,ep01,30,1872,1,1842
sub-010289,ep01,50,1872,1,1822
sub-010289,ep01,100,1872,1,1772
sub-010289,ep01,150,1872,1,1722
sub-010289,ep01,200,1872,1,1672
sub-010289,ep02,3,2109,1,225
sub-010289,ep02,5,2109,1,962
sub-010289,ep02,7,2109,1,958
sub-010289,ep02,8,2109,1,1054
sub-010289,ep02,10,2109,1,2038
sub-010289,ep02,20,2109,1,2089
sub-010289,ep02,30,2109,1,2079
sub-010289,ep02,50,2109,1,2059
sub-010289,ep02,100,2109,1,2009
sub-010289,ep02,150,2109,1,1959
sub-010289,ep02,200,2109,1,1909
sub-010289,ep03,3,2181,1,400
sub-010289,ep03,5,2181,1,1269
sub-010289,ep03,7,2181,1,1174
sub-010289,ep03,8,2181,1,2019
sub-010289,ep03,10,2181,1,1989
sub-010289,ep03,20,2181,1,2161
sub-010289,ep03,30,2181,1,2151
sub-010289,ep03,50,2181,1,2131
sub-010289,ep03,100,2181,1,2081
sub-010289,ep03,150,2181,1,2031
sub-010289,ep03,200,2181,1,1981
sub-010289,ep04,3,1321,1,269
sub-010289,ep04,5,1321,1,851
sub-010289,ep04,7,1321,1,1292
sub-010289,ep04,8,1321,1,1313
sub-010289,ep04,10,1321,1,1311
sub-010289,ep04,20,1321,1,1301
sub-010289,ep04,30,1321,1,1291
sub-010289,ep04,50,1321,1,1271
sub-010289,ep04,100,1321,1,1221
sub-010289,ep04,150,1321,1,1171
sub-010289,ep04,200,1321,1,1121
sub-010289,ep05,3,1591,1,163
sub-010289,ep05,5,1591,1,602
sub-010289,ep05,7,1591,1,1432
sub-010289,ep05,8,1591,1,1443
sub-010289,ep05,10,1591,1,1581
sub-010289,ep05,20,1591,1,1571
sub-010289,ep05,30,1591,1,1561
sub-010289,ep05,50,1591,1,1541
sub-010289,ep05,100,1591,1,1491
sub-010289,ep05,150,1591,1,1441
sub-010289,ep05,200,1591,1,1391
sub-010289,ep06,3,1186,1,170
sub-010289,ep06,5,1186,1,611
sub-010289,ep06,7,1186,1,1178
sub-010289,ep06,8,1186,1,1178
sub-010289,ep06,10,1186,1,1176
sub-010289,ep06,20,1186,1,1166
sub-010289,ep06,30,1186,1,1156
sub-010289,ep06,50,1186,1,1136
sub-010289,ep06,100,1186,1,1086
sub-010289,ep06,150,1186,1,1036
sub-010289,ep06,200,1186,1,986
sub-010290,ep00,3,1848,1,199
sub-010290,ep00,5,1848,1,1105
sub-010290,ep00,7,1848,1,1344
sub-010290,ep00,8,1848,1,1339
sub-010290,ep00,10,1848,1,1292
sub-010290,ep00,20,1848,1,1826
sub-010290,ep00,30,1848,1,1818
sub-010290,ep00,50,1848,1,1798
sub-010290,ep00,100,1848,1,1748
sub-010290,ep00,150,1848,1,1698
sub-010290,ep00,200,1848,1,1648
sub-010290,ep01,3,1421,1,122
sub-010290,ep01,5,1421,1,955
sub-010290,ep01,7,1421,1,935
sub-010290,ep01,8,1421,1,965
sub-010290,ep01,10,1421,1,1393
sub-010290,ep01,20,1421,1,1401
sub-010290,ep01,30,1421,1,1391
sub-010290,ep01,50,1421,1,1371
sub-010290,ep01,100,1421,1,1321
sub-010290,ep01,150,1421,1,1271
sub-010290,ep01,200,1421,1,1221
sub-010290,ep02,3,1365,1,144
sub-010290,ep02,5,1365,1,1123
sub-010290,ep02,7,1365,1,1206
sub-010290,ep02,8,1365,1,1220
sub-010290,ep02,10,1365,1,1355
sub-010290,ep02,20,1365,1,1344
sub-010290,ep02,30,1365,1,1335
sub-010290,ep02,50,1365,1,1315
sub-010290,ep02,100,1365,1,1265
sub-010290,ep02,150,1365,1,1215
sub-010290,ep02,200,1365,1,1165
sub-010290,ep03,3,1420,1,212
sub-010290,ep03,5,1420,1,900
sub-010290,ep03,7,1420,1,962
sub-010290,ep03,8,1420,1,1046
sub-010290,ep03,10,1420,1,1410
sub-010290,ep03,20,1420,1,1400
sub-010290,ep03,30,1420,1,1390
sub-010290,ep03,50,1420,1,1370
sub-010290,ep03,100,1420,1,1320
sub-010290,ep03,150,1420,1,1270
sub-010290,ep03,200,1420,1,1220
sub-010290,ep04,3,1430,1,159
sub-010290,ep04,5,1430,1,702
sub-010290,ep04,7,1430,1,1208
sub-010290,ep04,8,1430,1,1231
sub-010290,ep04,10,1430,1,1286
sub-010290,ep04,20,1430,1,1400
sub-010290,ep04,30,1430,1,1400
sub-010290,ep04,50,1430,1,1380
sub-010290,ep04,100,1430,1,1330
sub-010290,ep04,150,1430,1,1280
sub-010290,ep04,200,1430,1,1230
sub-010290,ep05,3,1369,1,214
sub-010290,ep05,5,1369,1,509
sub-010290,ep05,7,1369,1,919
sub-010290,ep05,8,1369,1,1147
sub-010290,ep05,10,1369,1,1157
sub-010290,ep05,20,1369,1,1349
sub-010290,ep05,30,1369,1,1339
sub-010290,ep05,50,1369,1,1319
sub-010290,ep05,100,1369,1,1269
sub-010290,ep05,150,1369,1,1219
sub-010290,ep05,200,1369,1,1169
sub-010290,ep06,3,1337,1,293
sub-010290,ep06,5,1337,1,341
sub-010290,ep06,7,1337,1,1037
sub-010290,ep06,8,1337,1,1009
sub-010290,ep06,10,1337,1,1299
sub-010290,ep06,20,1337,1,1317
sub-010290,ep06,30,1337,1,1307
sub-010290,ep06,50,1337,1,1287
sub-010290,ep06,100,1337,1,1237
sub-010290,ep06,150,1337,1,1187
sub-010290,ep06,200,1337,1,1137
sub-010291,ep00,3,1579,1,59
sub-010291,ep00,5,1579,1,1110
sub-010291,ep00,7,1579,1,1516
sub-010291,ep00,8,1579,1,1509
sub-010291,ep00,10,1579,1,1516
sub-010291,ep00,20,1579,1,1559
sub-010291,ep00,30,1579,1,1549
sub-010291,ep00,50,1579,1,1529
sub-010291,ep00,100,1579,1,1479
sub-010291,ep00,150,1579,1,1429
sub-010291,ep00,200,1579,1,1379
sub-010291,ep01,3,1482,1,399
sub-010291,ep01,5,1482,1,1019
sub-010291,ep01,7,1482,1,1032
sub-010291,ep01,8,1482,1,1013
sub-010291,ep01,10,1482,1,1472
sub-010291,ep01,20,1482,1,1462
sub-010291,ep01,30,1482,1,1452
sub-010291,ep01,50,1482,1,1432
sub-010291,ep01,100,1482,1,1382
sub-010291,ep01,150,1482,1,1332
sub-010291,ep01,200,1482,1,1282
sub-010291,ep02,3,1959,1,161
sub-010291,ep02,5,1959,1,1469
sub-010291,ep02,7,1959,1,1500
sub-010291,ep02,8,1959,1,1547
sub-010291,ep02,10,1959,1,1904
sub-010291,ep02,20,1959,1,1939
sub-010291,ep02,30,1959,1,1929
sub-010291,ep02,50,1959,1,1909
sub-010291,ep02,100,1959,1,1859
sub-010291,ep02,150,1959,1,1809
sub-010291,ep02,200,1959,1,1759
sub-010291,ep03,3,1574,1,537
sub-010291,ep03,5,1574,1,702
sub-010291,ep03,7,1574,1,1361
sub-010291,ep03,8,1574,1,1372
sub-010291,ep03,10,1574,1,1448
sub-010291,ep03,20,1574,1,1554
sub-010291,ep03,30,1574,1,1544
sub-010291,ep03,50,1574,1,1524
sub-010291,ep03,100,1574,1,1474
sub-010291,ep03,150,1574,1,1424
sub-010291,ep03,200,1574,1,1374
sub-010291,ep04,3,1491,1,224
sub-010291,ep04,5,1491,1,990
sub-010291,ep04,7,1491,1,1373
sub-010291,ep04,8,1491,1,1386
sub-010291,ep04,10,1491,1,1363
sub-010291,ep04,20,1491,1,1471
sub-010291,ep04,30,1491,1,1461
sub-010291,ep04,50,1491,1,1441
sub-010291,ep04,100,1491,1,1391
sub-010291,ep04,150,1491,1,1341
sub-010291,ep04,200,1491,1,1291
sub-010291,ep05,3,1587,1,109
sub-010291,ep05,5,1587,1,1261
sub-010291,ep05,7,1587,1,1268
sub-010291,ep05,8,1587,1,1345
sub-010291,ep05,10,1587,1,1387
sub-010291,ep05,20,1587,1,1567
sub-010291,ep05,30,1587,1,1557
sub-010291,ep05,50,1587,1,1537
sub-010291,ep05,100,1587,1,1487
sub-010291,ep05,150,1587,1,1437
sub-010291,ep05,200,1587,1,1387
sub-010291,ep06,3,1390,1,397
sub-010291,ep06,5,1390,1,964
sub-010291,ep06,7,1390,1,1244
sub-010291,ep06,8,1390,1,1167
sub-010291,ep06,10,1390,1,1380
sub-010291,ep06,20,1390,1,1370
sub-010291,ep06,30,1390,1,1360
sub-010291,ep06,50,1390,1,1340
sub-010291,ep06,100,1390,1,1290
sub-010291,ep06,150,1390,1,1240
sub-010291,ep06,200,1390,1,1190
sub-010292,ep00,3,1391,1,287
sub-010292,ep00,5,1391,1,793
sub-010292,ep00,7,1391,1,1329
sub-010292,ep00,8,1391,1,1369
sub-010292,ep00,10,1391,1,1381
sub-010292,ep00,20,1391,1,1371
sub-010292,ep00,30,1391,1,1361
sub-010292,ep00,50,1391,1,1341
sub-010292,ep00,100,1391,1,1291
sub-010292,ep00,150,1391,1,1241
sub-010292,ep00,200,1391,1,1191
sub-010292,ep01,3,1334,1,326
sub-010292,ep01,5,1334,1,558
sub-010292,ep01,7,1334,1,1327
sub-010292,ep01,8,1334,1,1325
sub-010292,ep01,10,1334,1,1324
sub-010292,ep01,20,1334,1,1314
sub-010292,ep01,30,1334,1,1304
sub-010292,ep01,50,1334,1,1284
sub-010292,ep01,100,1334,1,1234
sub-010292,ep01,150,1334,1,1184
sub-010292,ep01,200,1334,1,1134
sub-010292,ep02,3,2095,1,218
sub-010292,ep02,5,2095,1,1110
sub-010292,ep02,7,2095,1,1412
sub-010292,ep02,8,2095,1,1937
sub-010292,ep02,10,2095,1,2085
sub-010292,ep02,20,2095,1,2075
sub-010292,ep02,30,2095,1,2065
sub-010292,ep02,50,2095,1,2045
sub-010292,ep02,100,2095,1,1995
sub-010292,ep02,150,2095,1,1945
sub-010292,ep02,200,2095,1,1895
sub-010292,ep03,3,1386,1,275
sub-010292,ep03,5,1386,1,1137
sub-010292,ep03,7,1386,1,1379
sub-010292,ep03,8,1386,1,1378
sub-010292,ep03,10,1386,1,1376
sub-010292,ep03,20,1386,1,1366
sub-010292,ep03,30,1386,1,1356
sub-010292,ep03,50,1386,1,1336
sub-010292,ep03,100,1386,1,1286
sub-010292,ep03,150,1386,1,1236
sub-010292,ep03,200,1386,1,1186
sub-010292,ep04,3,1550,1,59
sub-010292,ep04,5,1550,1,940
sub-010292,ep04,7,1550,1,1046
sub-010292,ep04,8,1550,1,1479
sub-010292,ep04,10,1550,1,1540
sub-010292,ep04,20,1550,1,1530
sub-010292,ep04,30,1550,1,1520
sub-010292,ep04,50,1550,1,1500
sub-010292,ep04,100,1550,1,1450
sub-010292,ep04,150,1550,1,1400
sub-010292,ep04,200,1550,1,1350
sub-010292,ep05,3,1334,1,103
sub-010292,ep05,5,1334,1,702
sub-010292,ep05,7,1334,1,805
sub-010292,ep05,8,1334,1,794
sub-010292,ep05,10,1334,1,1324
sub-010292,ep05,20,1334,1,1314
sub-010292,ep05,30,1334,1,1304
sub-010292,ep05,50,1334,1,1284
sub-010292,ep05,100,1334,1,1234
sub-010292,ep05,150,1334,1,1184
sub-010292,ep05,200,1334,1,1134
sub-010292,ep06,3,1272,1,320
sub-010292,ep06,5,1272,1,606
sub-010292,ep06,7,1272,1,897
sub-010292,ep06,8,1272,1,926
sub-010292,ep06,10,1272,1,914
sub-010292,ep06,20,1272,1,1252
sub-010292,ep06,30,1272,1,1242
sub-010292,ep06,50,1272,1,1222
sub-010292,ep06,100,1272,1,1172
sub-010292,ep06,150,1272,1,1122
sub-010292,ep06,200,1272,1,1072
sub-010294,ep00,3,1447,1,113
sub-010294,ep00,5,1447,1,1370
sub-010294,ep00,7,1447,1,1416
sub-010294,ep00,8,1447,1,1438
sub-010294,ep00,10,1447,1,1437
sub-010294,ep00,20,1447,1,1427
sub-010294,ep00,30,1447,1,1417
sub-010294,ep00,50,1447,1,1397
sub-010294,ep00,100,1447,1,1347
sub-010294,ep00,150,1447,1,1297
sub-010294,ep00,200,1447,1,1247
sub-010294,ep01,3,1452,1,212
sub-010294,ep01,5,1452,1,712
sub-010294,ep01,7,1452,1,1419
sub-010294,ep01,8,1452,1,1444
sub-010294,ep01,10,1452,1,1442
sub-010294,ep01,20,1452,1,1432
sub-010294,ep01,30,1452,1,1422
sub-010294,ep01,50,1452,1,1402
sub-010294,ep01,100,1452,1,1352
sub-010294,ep01,150,1452,1,1302
sub-010294,ep01,200,1452,1,1252
sub-010294,ep02,3,1401,1,238
sub-010294,ep02,5,1401,3,713
sub-010294,ep02,7,1401,1,1394
sub-010294,ep02,8,1401,1,1393
sub-010294,ep02,10,1401,1,1391
sub-010294,ep02,20,1401,1,1381
sub-010294,ep02,30,1401,1,1371
sub-010294,ep02,50,1401,1,1351
sub-010294,ep02,100,1401,1,1301
sub-010294,ep02,150,1401,1,1251
sub-010294,ep02,200,1401,1,1201
sub-010294,ep03,3,1614,1,157
sub-010294,ep03,5,1614,1,1602
sub-010294,ep03,7,1614,1,1591
sub-010294,ep03,8,1614,1,1606
sub-010294,ep03,10,1614,1,1604
sub-010294,ep03,20,1614,1,1594
sub-010294,ep03,30,1614,1,1584
sub-010294,ep03,50,1614,1,1564
sub-010294,ep03,100,1614,1,1514
sub-010294,ep03,150,1614,1,1464
sub-010294,ep03,200,1614,1,1414
sub-010294,ep04,3,1464,1,243
sub-010294,ep04,5,1464,1,386
sub-010294,ep04,7,1464,1,1457
sub-010294,ep04,8,1464,1,1455
sub-010294,ep04,10,1464,1,1454
sub-010294,ep04,20,1464,1,1444
sub-010294,ep04,30,1464,1,1434
sub-010294,ep04,50,1464,1,1414
sub-010294,ep04,100,1464,1,1364
sub-010294,ep04,150,1464,1,1314
sub-010294,ep04,200,1464,1,1264
sub-010294,ep05,3,1678,1,116
sub-010294,ep05,5,1678,1,866
sub-010294,ep05,7,1678,1,1671
sub-010294,ep05,8,1678,1,1668
sub-010294,ep05,10,1678,1,1668
sub-010294,ep05,20,1678,1,1658
sub-010294,ep05,30,1678,1,1648
sub-010294,ep05,50,1678,1,1628
sub-010294,ep05,100,1678,1,1578
sub-010294,ep05,150,1678,1,1528
sub-010294,ep05,200,1678,1,1478
sub-010294,ep06,3,1269,1,290
sub-010294,ep06,5,1269,1,369
sub-010294,ep06,7,1269,1,1262
sub-010294,ep06,8,1269,1,1261
sub-010294,ep06,10,1269,1,1259
sub-010294,ep06,20,1269,1,1249
sub-010294,ep06,30,1269,1,1239
sub-010294,ep06,50,1269,1,1219
sub-010294,ep06,100,1269,1,1169
sub-010294,ep06,150,1269,1,1119
sub-010294,ep06,200,1269,1,1069
sub-010295,ep00,3,1353,1,113
sub-010295,ep00,5,1353,1,756
sub-010295,ep00,7,1353,1,628
sub-010295,ep00,8,1353,1,1297
sub-010295,ep00,10,1353,1,864
sub-010295,ep00,20,1353,1,1333
sub-010295,ep00,30,1353,1,1322
sub-010295,ep00,50,1353,1,1303
sub-010295,ep00,100,1353,1,1253
sub-010295,ep00,150,1353,1,1203
sub-010295,ep00,200,1353,1,1153
sub-010295,ep01,3,1364,1,156
sub-010295,ep01,5,1364,1,783
sub-010295,ep01,7,1364,1,1204
sub-010295,ep01,8,1364,1,1356
sub-010295,ep01,10,1364,1,1354
sub-010295,ep01,20,1364,1,1343
sub-010295,ep01,30,1364,1,1334
sub-010295,ep01,50,1364,1,1314
sub-010295,ep01,100,1364,1,1264
sub-010295,ep01,150,1364,1,1214
sub-010295,ep01,200,1364,1,1164
sub-010295,ep02,3,1427,1,388
sub-010295,ep02,5,1427,1,506
sub-010295,ep02,7,1427,1,895
sub-010295,ep02,8,1427,1,1419
sub-010295,ep02,10,1427,1,1417
sub-010295,ep02,20,1427,1,1407
sub-010295,ep02,30,1427,1,1397
sub-010295,ep02,50,1427,1,1377
sub-010295,ep02,100,1427,1,1327
sub-010295,ep02,150,1427,1,1277
sub-010295,ep02,200,1427,1,1227
sub-010295,ep03,3,1663,1,394
sub-010295,ep03,5,1663,1,941
sub-010295,ep03,7,1663,1,1135
sub-010295,ep03,8,1663,1,1159
sub-010295,ep03,10,1663,1,1599
sub-010295,ep03,20,1663,1,1643
sub-010295,ep03,30,1663,1,1633
sub-010295,ep03,50,1663,1,1613
sub-010295,ep03,100,1663,1,1563
sub-010295,ep03,150,1663,1,1513
sub-010295,ep03,200,1663,1,1463
sub-010295,ep04,3,1422,1,35
sub-010295,ep04,5,1422,1,815
sub-010295,ep04,7,1422,1,826
sub-010295,ep04,8,1422,1,1048
sub-010295,ep04,10,1422,1,1087
sub-010295,ep04,20,1422,1,1402
sub-010295,ep04,30,1422,1,1392
sub-010295,ep04,50,1422,1,1372
sub-010295,ep04,100,1422,1,1322
sub-010295,ep04,150,1422,1,1272
sub-010295,ep04,200,1422,1,1222
sub-010295,ep05,3,1560,1,175
sub-010295,ep05,5,1560,1,896
sub-010295,ep05,7,1560,1,1311
sub-010295,ep05,8,1560,1,1539
sub-010295,ep05,10,1560,1,1545
sub-010295,ep05,20,1560,1,1540
sub-010295,ep05,30,1560,1,1530
sub-010295,ep05,50,1560,1,1510
sub-010295,ep05,100,1560,1,1460
sub-010295,ep05,150,1560,1,1410
sub-010295,ep05,200,1560,1,1360
sub-010295,ep06,3,1201,1,345
sub-010295,ep06,5,1201,1,677
sub-010295,ep06,7,1201,1,956
sub-010295,ep06,8,1201,1,1193
sub-010295,ep06,10,1201,1,1191
sub-010295,ep06,20,1201,1,1181
sub-010295,ep06,30,1201,1,1171
sub-010295,ep06,50,1201,1,1151
sub-010295,ep06,100,1201,1,1101
sub-010295,ep06,150,1201,1,1051
sub-010295,ep06,200,1201,1,1001
sub-010296,ep00,3,1406,1,66
sub-010296,ep00,5,1406,1,679
sub-010296,ep00,7,1406,1,786
sub-010296,ep00,8,1406,1,802
sub-010296,ep00,10,1406,1,1396
sub-010296,ep00,20,1406,1,1386
sub-010296,ep00,30,1406,1,1376
sub-010296,ep00,50,1406,1,1356
sub-010296,ep00,100,1406,1,1306
sub-010296,ep00,150,1406,1,1256
sub-010296,ep00,200,1406,1,1206
sub-010296,ep01,3,1865,1,186
sub-010296,ep01,5,1865,1,1508
sub-010296,ep01,7,1865,1,1347
sub-010296,ep01,8,1865,1,1856
sub-010296,ep01,10,1865,1,1855
sub-010296,ep01,20,1865,1,1845
sub-010296,ep01,30,1865,1,1835
sub-010296,ep01,50,1865,1,1815
sub-010296,ep01,100,1865,1,1765
sub-010296,ep01,150,1865,1,1715
sub-010296,ep01,200,1865,1,1665
sub-010296,ep02,3,2028,1,443
sub-010296,ep02,5,2028,1,1011
sub-010296,ep02,7,2028,1,1200
sub-010296,ep02,8,2028,1,1721
sub-010296,ep02,10,2028,1,2018
sub-010296,ep02,20,2028,1,2008
sub-010296,ep02,30,2028,1,1998
sub-010296,ep02,50,2028,1,1978
sub-010296,ep02,100,2028,1,1928
sub-010296,ep02,150,2028,1,1878
sub-010296,ep02,200,2028,1,1828
sub-010296,ep03,3,1756,1,475
sub-010296,ep03,5,1756,1,1087
sub-010296,ep03,7,1756,1,1731
sub-010296,ep03,8,1756,1,1746
sub-010296,ep03,10,1756,1,1746
sub-010296,ep03,20,1756,1,1736
sub-010296,ep03,30,1756,1,1726
sub-010296,ep03,50,1756,1,1706
sub-010296,ep03,100,1756,1,1656
sub-010296,ep03,150,1756,1,1606
sub-010296,ep03,200,1756,1,1556
sub-010296,ep04,3,1491,1,215
sub-010296,ep04,5,1491,1,485
sub-010296,ep04,7,1491,1,1484
sub-010296,ep04,8,1491,1,1483
sub-010296,ep04,10,1491,1,1481
sub-010296,ep04,20,1491,1,1471
sub-010296,ep04,30,1491,1,1461
sub-010296,ep04,50,1491,1,1441
sub-010296,ep04,100,1491,1,1391
sub-010296,ep04,150,1491,1,1341
sub-010296,ep04,200,1491,1,1291
sub-010296,ep05,3,1729,1,230
sub-010296,ep05,5,1729,1,745
sub-010296,ep05,7,1729,1,1251
sub-010296,ep05,8,1729,1,1273
sub-010296,ep05,10,1729,1,1214
sub-010296,ep05,20,1729,1,1709
sub-010296,ep05,30,1729,1,1699
sub-010296,ep05,50,1729,1,1679
sub-010296,ep05,100,1729,1,1629
sub-010296,ep05,150,1729,1,1579
sub-010296,ep05,200,1729,1,1529
sub-010296,ep06,3,1365,1,60
sub-010296,ep06,5,1365,1,779
sub-010296,ep06,7,1365,1,782
sub-010296,ep06,8,1365,1,820
sub-010296,ep06,10,1365,1,859
sub-010296,ep06,20,1365,1,1345
sub-010296,ep06,30,1365,1,1335
sub-010296,ep06,50,1365,1,1315
sub-010296,ep06,100,1365,1,1265
sub-010296,ep06,150,1365,1,1215
sub-010296,ep06,200,1365,1,1165
sub-010297,ep00,3,1345,1,356
sub-010297,ep00,5,1345,1,580
sub-010297,ep00,7,1345,1,1309
sub-010297,ep00,8,1345,1,1337
sub-010297,ep00,10,1345,1,1335
sub-010297,ep00,20,1345,1,1325
sub-010297,ep00,30,1345,1,1315
sub-010297,ep00,50,1345,1,1295
sub-010297,ep00,100,1345,1,1245
sub-010297,ep00,150,1345,1,1195
sub-010297,ep00,200,1345,1,1145
sub-010297,ep01,3,1345,1,168
sub-010297,ep01,5,1345,1,1042
sub-010297,ep01,7,1345,1,1236
sub-010297,ep01,8,1345,1,1238
sub-010297,ep01,10,1345,1,1334
sub-010297,ep01,20,1345,1,1325
sub-010297,ep01,30,1345,1,1315
sub-010297,ep01,50,1345,1,1295
sub-010297,ep01,100,1345,1,1245
sub-010297,ep01,150,1345,1,1195
sub-010297,ep01,200,1345,1,1145
sub-010297,ep02,3,1315,1,144
sub-010297,ep02,5,1315,1,783
sub-010297,ep02,7,1315,1,1308
sub-010297,ep02,8,1315,1,1307
sub-010297,ep02,10,1315,1,1305
sub-010297,ep02,20,1315,1,1295
sub-010297,ep02,30,1315,1,1285
sub-010297,ep02,50,1315,1,1265
sub-010297,ep02,100,1315,1,1215
sub-010297,ep02,150,1315,1,1165
sub-010297,ep02,200,1315,1,1115
sub-010297,ep03,3,1304,1,42
sub-010297,ep03,5,1304,1,388
sub-010297,ep03,7,1304,1,979
sub-010297,ep03,8,1304,1,1001
sub-010297,ep03,10,1304,1,989
sub-010297,ep03,20,1304,1,1284
sub-010297,ep03,30,1304,1,1274
sub-010297,ep03,50,1304,1,1254
sub-010297,ep03,100,1304,1,1204
sub-010297,ep03,150,1304,1,1154
sub-010297,ep03,200,1304,1,1104
sub-010297,ep04,3,1248,1,230
sub-010297,ep04,5,1248,1,1074
sub-010297,ep04,7,1248,1,1240
sub-010297,ep04,8,1248,1,1240
sub-010297,ep04,10,1248,1,1238
sub-010297,ep04,20,1248,1,1228
sub-010297,ep04,30,1248,1,1218
sub-010297,ep04,50,1248,1,1198
sub-010297,ep04,100,1248,1,1148
sub-010297,ep04,150,1248,1,1098
sub-010297,ep04,200,1248,1,1048
sub-010297,ep05,3,1244,1,276
sub-010297,ep05,5,1244,1,716
sub-010297,ep05,7,1244,1,706
sub-010297,ep05,8,1244,1,1236
sub-010297,ep05,10,1244,1,1234
sub-010297,ep05,20,1244,1,1224
sub-010297,ep05,30,1244,1,1214
sub-010297,ep05,50,1244,1,1194
sub-010297,ep05,100,1244,1,1144
sub-010297,ep05,150,1244,1,1094
sub-010297,ep05,200,1244,1,1044
sub-010297,ep06,3,1181,1,261
sub-010297,ep06,5,1181,1,770
sub-010297,ep06,7,1181,1,1023
sub-010297,ep06,8,1181,1,1046
sub-010297,ep06,10,1181,1,1057
sub-010297,ep06,20,1181,1,1161
sub-010297,ep06,30,1181,1,1151
sub-010297,ep06,50,1181,1,1131
sub-010297,ep06,100,1181,1,1081
sub-010297,ep06,150,1181,1,1031
sub-010297,ep06,200,1181,1,981
sub-010298,ep00,3,1210,1,163
sub-010298,ep00,5,1210,1,515
sub-010298,ep00,7,1210,1,1145
sub-010298,ep00,8,1210,1,1170
sub-010298,ep00,10,1210,1,1173
sub-010298,ep00,20,1210,1,1190
sub-010298,ep00,30,1210,1,1180
sub-010298,ep00,50,1210,1,1160
sub-010298,ep00,100,1210,1,1110
sub-010298,ep00,150,1210,1,1060
sub-010298,ep00,200,1210,1,1010
sub-010298,ep01,3,1168,1,161
sub-010298,ep01,5,1168,1,598
sub-010298,ep01,7,1168,1,1041
sub-010298,ep01,8,1168,1,1025
sub-010298,ep01,10,1168,1,1156
sub-010298,ep01,20,1168,1,1148
sub-010298,ep01,30,1168,1,1138
sub-010298,ep01,50,1168,1,1118
sub-010298,ep01,100,1168,1,1068
sub-010298,ep01,150,1168,1,1018
sub-010298,ep01,200,1168,1,968
sub-010298,ep02,3,1213,1,297
sub-010298,ep02,5,1213,1,706
sub-010298,ep02,7,1213,1,1204
sub-010298,ep02,8,1213,1,1205
sub-010298,ep02,10,1213,1,1203
sub-010298,ep02,20,1213,1,1193
sub-010298,ep02,30,1213,1,1183
sub-010298,ep02,50,1213,1,1163
sub-010298,ep02,100,1213,1,1113
sub-010298,ep02,150,1213,1,1063
sub-010298,ep02,200,1213,1,1013
sub-010298,ep03,3,1225,1,475
sub-010298,ep03,5,1225,1,801
sub-010298,ep03,7,1225,1,1207
sub-010298,ep03,8,1225,1,1202
sub-010298,ep03,10,1225,1,1215
sub-010298,ep03,20,1225,1,1205
sub-010298,ep03,30,1225,1,1195
sub-010298,ep03,50,1225,1,1175
sub-010298,ep03,100,1225,1,1125
sub-010298,ep03,150,1225,1,1075
sub-010298,ep03,200,1225,1,1025
sub-010298,ep04,3,1625,1,504
sub-010298,ep04,5,1625,1,937
sub-010298,ep04,7,1625,1,1615
sub-010298,ep04,8,1625,1,1617
sub-010298,ep04,10,1625,1,1615
sub-010298,ep04,20,1625,1,1605
sub-010298,ep04,30,1625,1,1595
sub-010298,ep04,50,1625,1,1575
sub-010298,ep04,100,1625,1,1525
sub-010298,ep04,150,1625,1,1475
sub-010298,ep04,200,1625,1,1425
sub-010298,ep05,3,1309,1,379
sub-010298,ep05,5,1309,1,632
sub-010298,ep05,7,1309,1,1274
sub-010298,ep05,8,1309,1,1301
sub-010298,ep05,10,1309,1,1299
sub-010298,ep05,20,1309,1,1289
sub-010298,ep05,30,1309,1,1279
sub-010298,ep05,50,1309,1,1259
sub-010298,ep05,100,1309,1,1209
sub-010298,ep05,150,1309,1,1159
sub-010298,ep05,200,1309,1,1109
sub-010298,ep06,3,1120,1,360
sub-010298,ep06,5,1120,1,612
sub-010298,ep06,7,1120,1,942
sub-010298,ep06,8,1120,1,949
sub-010298,ep06,10,1120,1,952
sub-010298,ep06,20,1120,1,1100
sub-010298,ep06,30,1120,1,1090
sub-010298,ep06,50,1120,1,1070
sub-010298,ep06,100,1120,1,1020
sub-010298,ep06,150,1120,1,970
sub-010298,ep06,200,1120,1,920
sub-010299,ep00,3,1409,1,355
sub-010299,ep00,5,1409,1,662
sub-010299,ep00,7,1409,1,675
sub-010299,ep00,8,1409,1,706
sub-010299,ep00,10,1409,1,1391
sub-010299,ep00,20,1409,1,1389
sub-010299,ep00,30,1409,1,1379
sub-010299,ep00,50,1409,1,1359
sub-010299,ep00,100,1409,1,1309
sub-010299,ep00,150,1409,1,1259
sub-010299,ep00,200,1409,1,1209
sub-010299,ep01,3,1415,1,307
sub-010299,ep01,5,1415,1,939
sub-010299,ep01,7,1415,1,1115
sub-010299,ep01,8,1415,1,1133
sub-010299,ep01,10,1415,1,1405
sub-010299,ep01,20,1415,1,1394
sub-010299,ep01,30,1415,1,1384
sub-010299,ep01,50,1415,1,1365
sub-010299,ep01,100,1415,1,1315
sub-010299,ep01,150,1415,1,1265
sub-010299,ep01,200,1415,1,1215
sub-010299,ep02,3,2017,1,336
sub-010299,ep02,5,2017,1,718
sub-010299,ep02,7,2017,1,917
sub-010299,ep02,8,2017,1,2008
sub-010299,ep02,10,2017,1,2007
sub-010299,ep02,20,2017,1,1997
sub-010299,ep02,30,2017,1,1987
sub-010299,ep02,50,2017,1,1967
sub-010299,ep02,100,2017,1,1917
sub-010299,ep02,150,2017,1,1867
sub-010299,ep02,200,2017,1,1817
sub-010299,ep03,3,1580,1,343
sub-010299,ep03,5,1580,1,762
sub-010299,ep03,7,1580,1,925
sub-010299,ep03,8,1580,1,947
sub-010299,ep03,10,1580,1,1537
sub-010299,ep03,20,1580,1,1560
sub-010299,ep03,30,1580,1,1550
sub-010299,ep03,50,1580,1,1530
sub-010299,ep03,100,1580,1,1480
sub-010299,ep03,150,1580,1,1430
sub-010299,ep03,200,1580,1,1380
sub-010299,ep04,3,1399,1,202
sub-010299,ep04,5,1399,1,979
sub-010299,ep04,7,1399,1,974
sub-010299,ep04,8,1399,1,1014
sub-010299,ep04,10,1399,1,1384
sub-010299,ep04,20,1399,1,1379
sub-010299,ep04,30,1399,1,1369
sub-010299,ep04,50,1399,1,1349
sub-010299,ep04,100,1399,1,1299
sub-010299,ep04,150,1399,1,1249
sub-010299,ep04,200,1399,1,1199
sub-010299,ep05,3,1471,1,41
sub-010299,ep05,5,1471,1,498
sub-010299,ep05,7,1471,1,1464
sub-010299,ep05,8,1471,1,1463
sub-010299,ep05,10,1471,1,1461
sub-010299,ep05,20,1471,1,1451
sub-010299,ep05,30,1471,1,1441
sub-010299,ep05,50,1471,1,1421
sub-010299,ep05,100,1471,1,1371
sub-010299,ep05,150,1471,1,1321
sub-010299,ep05,200,1471,1,1271
sub-010299,ep06,3,1319,1,261
sub-010299,ep06,5,1319,1,512
sub-010299,ep06,7,1319,1,839
sub-010299,ep06,8,1319,1,826
sub-010299,ep06,10,1319,1,1308
sub-010299,ep06,20,1319,1,1299
sub-010299,ep06,30,1319,1,1289
sub-010299,ep06,50,1319,1,1269
sub-010299,ep06,100,1319,1,1219
sub-010299,ep06,150,1319,1,1169
sub-010299,ep06,200,1319,1,1119
sub-010300,ep00,3,1346,1,307
sub-010300,ep00,5,1346,1,901
sub-010300,ep00,7,1346,1,875
sub-010300,ep00,8,1346,1,1085
sub-010300,ep00,10,1346,1,1195
sub-010300,ep00,20,1346,1,1326
sub-010300,ep00,30,1346,1,1316
sub-010300,ep00,50,1346,1,1296
sub-010300,ep00,100,1346,1,1246
sub-010300,ep00,150,1346,1,1196
sub-010300,ep00,200,1346,1,1146
sub-010300,ep01,3,1411,1,218
sub-010300,ep01,5,1411,1,678
sub-010300,ep01,7,1411,1,750
sub-010300,ep01,8,1411,1,710
sub-010300,ep01,10,1411,1,1226
sub-010300,ep01,20,1411,1,1391
sub-010300,ep01,30,1411,1,1381
sub-010300,ep01,50,1411,1,1361
sub-010300,ep01,100,1411,1,1311
sub-010300,ep01,150,1411,1,1261
sub-010300,ep01,200,1411,1,1211
sub-010300,ep02,3,1393,1,195
sub-010300,ep02,5,1393,1,447
sub-010300,ep02,7,1393,1,1247
sub-010300,ep02,8,1393,1,1283
sub-010300,ep02,10,1393,1,1288
sub-010300,ep02,20,1393,1,1373
sub-010300,ep02,30,1393,1,1359
sub-010300,ep02,50,1393,1,1343
sub-010300,ep02,100,1393,1,1293
sub-010300,ep02,150,1393,1,1243
sub-010300,ep02,200,1393,1,1193
sub-010300,ep03,3,1414,1,384
sub-010300,ep03,5,1414,1,436
sub-010300,ep03,7,1414,1,1143
sub-010300,ep03,8,1414,1,1406
sub-010300,ep03,10,1414,1,1404
sub-010300,ep03,20,1414,1,1394
sub-010300,ep03,30,1414,1,1384
sub-010300,ep03,50,1414,1,1364
sub-010300,ep03,100,1414,1,1314
sub-010300,ep03,150,1414,1,1264
sub-010300,ep03,200,1414,1,1214
sub-010300,ep04,3,1526,1,150
sub-010300,ep04,5,1526,1,1216
sub-010300,ep04,7,1526,1,1362
sub-010300,ep04,8,1526,1,1518
sub-010300,ep04,10,1526,1,1516
sub-010300,ep04,20,1526,1,1506
sub-010300,ep04,30,1526,1,1496
sub-010300,ep04,50,1526,1,1476
sub-010300,ep04,100,1526,1,1426
sub-010300,ep04,150,1526,1,1376
sub-010300,ep04,200,1526,1,1326
sub-010300,ep05,3,1610,1,124
sub-010300,ep05,5,1610,1,720
sub-010300,ep05,7,1610,1,1456
sub-010300,ep05,8,1610,1,1457
sub-010300,ep05,10,1610,1,1480
sub-010300,ep05,20,1610,1,1590
sub-010300,ep05,30,1610,1,1580
sub-010300,ep05,50,1610,1,1560
sub-010300,ep05,100,1610,1,1510
sub-010300,ep05,150,1610,1,1460
sub-010300,ep05,200,1610,1,1410
sub-010300,ep06,3,1245,1,396
sub-010300,ep06,5,1245,1,369
sub-010300,ep06,7,1245,1,420
sub-010300,ep06,8,1245,1,419
sub-010300,ep06,10,1245,1,1151
sub-010300,ep06,20,1245,1,1157
sub-010300,ep06,30,1245,1,1214
sub-010300,ep06,50,1245,1,1195
sub-010300,ep06,100,1245,1,1145
sub-010300,ep06,150,1245,1,1095
sub-010300,ep06,200,1245,1,1045
sub-010301,ep00,3,1389,1,36
sub-010301,ep00,5,1389,1,653
sub-010301,ep00,7,1389,1,731
sub-010301,ep00,8,1389,1,1381
sub-010301,ep00,10,1389,1,1379
sub-010301,ep00,20,1389,1,1369
sub-010301,ep00,30,1389,1,1359
sub-010301,ep00,50,1389,1,1339
sub-010301,ep00,100,1389,1,1289
sub-010301,ep00,150,1389,1,1239
sub-010301,ep00,200,1389,1,1189
sub-010301,ep01,3,1318,1,145
sub-010301,ep01,5,1318,1,679
sub-010301,ep01,7,1318,1,1311
sub-010301,ep01,8,1318,1,1288
sub-010301,ep01,10,1318,1,1308
sub-010301,ep01,20,1318,1,1298
sub-010301,ep01,30,1318,1,1288
sub-010301,ep01,50,1318,1,1268
sub-010301,ep01,100,1318,1,1218
sub-010301,ep01,150,1318,1,1168
sub-010301,ep01,200,1318,1,1118
sub-010301,ep02,3,1291,1,108
sub-010301,ep02,5,1291,1,306
sub-010301,ep02,7,1291,1,1283
sub-010301,ep02,8,1291,1,1283
sub-010301,ep02,10,1291,1,1281
sub-010301,ep02,20,1291,1,1271
sub-010301,ep02,30,1291,1,1261
sub-010301,ep02,50,1291,1,1241
sub-010301,ep02,100,1291,1,1191
sub-010301,ep02,150,1291,1,1141
sub-010301,ep02,200,1291,1,1091
sub-010301,ep03,3,1305,1,100
sub-010301,ep03,5,1305,1,1169
sub-010301,ep03,7,1305,1,1230
sub-010301,ep03,8,1305,1,1234
sub-010301,ep03,10,1305,1,1295
sub-010301,ep03,20,1305,1,1285
sub-010301,ep03,30,1305,1,1275
sub-010301,ep03,50,1305,1,1255
sub-010301,ep03,100,1305,1,1205
sub-010301,ep03,150,1305,1,1155
sub-010301,ep03,200,1305,1,1105
sub-010301,ep04,3,1297,1,94
sub-010301,ep04,5,1297,4,459
sub-010301,ep04,7,1297,1,1271
sub-010301,ep04,8,1297,1,1274
sub-010301,ep04,10,1297,1,1287
sub-010301,ep04,20,1297,1,1277
sub-010301,ep04,30,1297,1,1267
sub-010301,ep04,50,1297,1,1247
sub-010301,ep04,100,1297,1,1197
sub-010301,ep04,150,1297,1,1147
sub-010301,ep04,200,1297,1,1097
sub-010301,ep05,3,1512,1,171
sub-010301,ep05,5,1512,1,501
sub-010301,ep05,7,1512,1,1505
sub-010301,ep05,8,1512,1,1504
sub-010301,ep05,10,1512,1,1502
sub-010301,ep05,20,1512,1,1492
sub-010301,ep05,30,1512,1,1482
sub-010301,ep05,50,1512,1,1462
sub-010301,ep05,100,1512,1,1412
sub-010301,ep05,150,1512,1,1362
sub-010301,ep05,200,1512,1,1312
sub-010301,ep06,3,1230,1,162
sub-010301,ep06,5,1230,2,357
sub-010301,ep06,7,1230,1,1187
sub-010301,ep06,8,1230,1,1221
sub-010301,ep06,10,1230,1,1220
sub-010301,ep06,20,1230,1,1210
sub-010301,ep06,30,1230,1,1200
sub-010301,ep06,50,1230,1,1180
sub-010301,ep06,100,1230,1,1130
sub-010301,ep06,150,1230,1,1080
sub-010301,ep06,200,1230,1,1030
sub-010302,ep00,3,1680,1,213
sub-010302,ep00,5,1680,1,898
sub-010302,ep00,7,1680,1,1671
sub-010302,ep00,8,1680,1,1672
sub-010302,ep00,10,1680,1,1670
sub-010302,ep00,20,1680,1,1660
sub-010302,ep00,30,1680,1,1650
sub-010302,ep00,50,1680,1,1630
sub-010302,ep00,100,1680,1,1580
sub-010302,ep00,150,1680,1,1530
sub-010302,ep00,200,1680,1,1480
sub-010302,ep01,3,2112,1,117
sub-010302,ep01,5,2112,1,1088
sub-010302,ep01,7,2112,1,2105
sub-010302,ep01,8,2112,1,2104
sub-010302,ep01,10,2112,1,2102
sub-010302,ep01,20,2112,1,2092
sub-010302,ep01,30,2112,1,2082
sub-010302,ep01,50,2112,1,2062
sub-010302,ep01,100,2112,1,2012
sub-010302,ep01,150,2112,1,1962
sub-010302,ep01,200,2112,1,1912
sub-010302,ep02,3,1693,1,66
sub-010302,ep02,5,1693,1,696
sub-010302,ep02,7,1693,1,1686
sub-010302,ep02,8,1693,1,1685
sub-010302,ep02,10,1693,1,1683
sub-010302,ep02,20,1693,1,1673
sub-010302,ep02,30,1693,1,1663
sub-010302,ep02,50,1693,1,1643
sub-010302,ep02,100,1693,1,1593
sub-010302,ep02,150,1693,1,1543
sub-010302,ep02,200,1693,1,1493
sub-010302,ep03,3,1782,1,332
sub-010302,ep03,5,1782,1,845
sub-010302,ep03,7,1782,1,1775
sub-010302,ep03,8,1782,1,1774
sub-010302,ep03,10,1782,1,1772
sub-010302,ep03,20,1782,1,1762
sub-010302,ep03,30,1782,1,1752
sub-010302,ep03,50,1782,1,1732
sub-010302,ep03,100,1782,1,1682
sub-010302,ep03,150,1782,1,1632
sub-010302,ep03,200,1782,1,1582
sub-010302,ep04,3,2100,1,80
sub-010302,ep04,5,2100,1,665
sub-010302,ep04,7,2100,1,1218
sub-010302,ep04,8,2100,1,2092
sub-010302,ep04,10,2100,1,2090
sub-010302,ep04,20,2100,1,2080
sub-010302,ep04,30,2100,1,2070
sub-010302,ep04,50,2100,1,2050
sub-010302,ep04,100,2100,1,2000
sub-010302,ep04,150,2100,1,1950
sub-010302,ep04,200,2100,1,1900
sub-010302,ep05,3,2062,1,509
sub-010302,ep05,5,2062,1,832
sub-010302,ep05,7,2062,1,2055
sub-010302,ep05,8,2062,1,2054
sub-010302,ep05,10,2062,1,2052
sub-010302,ep05,20,2062,1,2042
sub-010302,ep05,30,2062,1,2032
sub-010302,ep05,50,2062,1,2012
sub-010302,ep05,100,2062,1,1962
sub-010302,ep05,150,2062,1,1912
sub-010302,ep05,200,2062,1,1862
sub-010303,ep00,3,1447,1,437
sub-010303,ep00,5,1447,1,949
sub-010303,ep00,7,1447,1,1003
sub-010303,ep00,8,1447,1,1036
sub-010303,ep00,10,1447,1,1434
sub-010303,ep00,20,1447,1,1427
sub-010303,ep00,30,1447,1,1417
sub-010303,ep00,50,1447,1,1397
sub-010303,ep00,100,1447,1,1347
sub-010303,ep00,150,1447,1,1297
sub-010303,ep00,200,1447,1,1247
sub-010303,ep01,3,1784,1,183
sub-010303,ep01,5,1784,1,843
sub-010303,ep01,7,1784,1,808
sub-010303,ep01,8,1784,1,1397
sub-010303,ep01,10,1784,1,1774
sub-010303,ep01,20,1784,1,1764
sub-010303,ep01,30,1784,1,1754
sub-010303,ep01,50,1784,1,1734
sub-010303,ep01,100,1784,1,1684
sub-010303,ep01,150,1784,1,1634
sub-010303,ep01,200,1784,1,1584
sub-010303,ep02,3,1508,1,242
sub-010303,ep02,5,1508,1,880
sub-010303,ep02,7,1508,1,1230
sub-010303,ep02,8,1508,1,1232
sub-010303,ep02,10,1508,1,1233
sub-010303,ep02,20,1508,1,1488
sub-010303,ep02,30,1508,1,1478
sub-010303,ep02,50,1508,1,1458
sub-010303,ep02,100,1508,1,1408
sub-010303,ep02,150,1508,1,1358
sub-010303,ep02,200,1508,1,1308
sub-010303,ep03,3,1665,1,991
sub-010303,ep03,5,1665,1,1094
sub-010303,ep03,7,1665,1,1386
sub-010303,ep03,8,1665,1,1353
sub-010303,ep03,10,1665,1,1655
sub-010303,ep03,20,1665,1,1644
sub-010303,ep03,30,1665,1,1635
sub-010303,ep03,50,1665,1,1615
sub-010303,ep03,100,1665,1,1565
sub-010303,ep03,150,1665,1,1515
sub-010303,ep03,200,1665,1,1465
sub-010303,ep04,3,1513,1,775
sub-010303,ep04,5,1513,1,1134
sub-010303,ep04,7,1513,1,1191
sub-010303,ep04,8,1513,1,1223
sub-010303,ep04,10,1513,1,1208
sub-010303,ep04,20,1513,1,1492
sub-010303,ep04,30,1513,1,1483
sub-010303,ep04,50,1513,1,1463
sub-010303,ep04,100,1513,1,1413
sub-010303,ep04,150,1513,1,1363
sub-010303,ep04,200,1513,1,1313
sub-010303,ep05,3,1558,1,746
sub-010303,ep05,5,1558,1,1242
sub-010303,ep05,7,1558,1,1308
sub-010303,ep05,8,1558,1,1550
sub-010303,ep05,10,1558,1,1548
sub-010303,ep05,20,1558,1,1538
sub-010303,ep05,30,1558,1,1528
sub-010303,ep05,50,1558,1,1508
sub-010303,ep05,100,1558,1,1458
sub-010303,ep05,150,1558,1,1408
sub-010303,ep05,200,1558,1,1358
sub-010303,ep06,3,1406,1,368
sub-010303,ep06,5,1406,1,1003
sub-010303,ep06,7,1406,1,1081
sub-010303,ep06,8,1406,1,1104
sub-010303,ep06,10,1406,1,1395
sub-010303,ep06,20,1406,1,1386
sub-010303,ep06,30,1406,1,1376
sub-010303,ep06,50,1406,1,1356
sub-010303,ep06,100,1406,1,1306
sub-010303,ep06,150,1406,1,1256
sub-010303,ep06,200,1406,1,1206
sub-010304,ep00,3,1275,1,103
sub-010304,ep00,5,1275,2,193
sub-010304,ep00,7,1275,1,1244
sub-010304,ep00,8,1275,1,1250
sub-010304,ep00,10,1275,1,1265
sub-010304,ep00,20,1275,1,1253
sub-010304,ep00,30,1275,1,1245
sub-010304,ep00,50,1275,1,1225
sub-010304,ep00,100,1275,1,1175
sub-010304,ep00,150,1275,1,1125
sub-010304,ep00,200,1275,1,1075
sub-010304,ep01,3,1345,1,115
sub-010304,ep01,5,1345,2,191
sub-010304,ep01,7,1345,1,1255
sub-010304,ep01,8,1345,1,1337
sub-010304,ep01,10,1345,1,1335
sub-010304,ep01,20,1345,1,1325
sub-010304,ep01,30,1345,1,1315
sub-010304,ep01,50,1345,1,1295
sub-010304,ep01,100,1345,1,1245
sub-010304,ep01,150,1345,1,1195
sub-010304,ep01,200,1345,1,1145
sub-010304,ep02,3,1270,1,27
sub-010304,ep02,5,1270,1,904
sub-010304,ep02,7,1270,1,1263
sub-010304,ep02,8,1270,1,1262
sub-010304,ep02,10,1270,1,1260
sub-010304,ep02,20,1270,1,1250
sub-010304,ep02,30,1270,1,1240
sub-010304,ep02,50,1270,1,1220
sub-010304,ep02,100,1270,1,1170
sub-010304,ep02,150,1270,1,1120
sub-010304,ep02,200,1270,1,1070
sub-010304,ep03,3,1575,1,39
sub-010304,ep03,5,1575,1,434
sub-010304,ep03,7,1575,1,1568
sub-010304,ep03,8,1575,1,1567
sub-010304,ep03,10,1575,1,1565
sub-010304,ep03,20,1575,1,1555
sub-010304,ep03,30,1575,1,1545
sub-010304,ep03,50,1575,1,1525
sub-010304,ep03,100,1575,1,1475
sub-010304,ep03,150,1575,1,1425
sub-010304,ep03,200,1575,1,1375
sub-010304,ep04,3,2066,1,140
sub-010304,ep04,5,2066,1,732
sub-010304,ep04,7,2066,1,2059
sub-010304,ep04,8,2066,1,2058
sub-010304,ep04,10,2066,1,2056
sub-010304,ep04,20,2066,1,2046
sub-010304,ep04,30,2066,1,2036
sub-010304,ep04,50,2066,1,2016
sub-010304,ep04,100,2066,1,1966
sub-010304,ep04,150,2066,1,1916
sub-010304,ep04,200,2066,1,1866
sub-010304,ep05,3,1439,1,96
sub-010304,ep05,5,1439,1,550
sub-010304,ep05,7,1439,1,804
sub-010304,ep05,8,1439,1,1431
sub-010304,ep05,10,1439,1,1426
sub-010304,ep05,20,1439,1,1419
sub-010304,ep05,30,1439,1,1409
sub-010304,ep05,50,1439,1,1389
sub-010304,ep05,100,1439,1,1339
sub-010304,ep05,150,1439,1,1289
sub-010304,ep05,200,1439,1,1239
sub-010304,ep06,3,1144,1,113
sub-010304,ep06,5,1144,3,268
sub-010304,ep06,7,1144,1,1137
sub-010304,ep06,8,1144,2,166
sub-010304,ep06,10,1144,1,1134
sub-010304,ep06,20,1144,1,1124
sub-010304,ep06,30,1144,1,1114
sub-010304,ep06,50,1144,1,1094
sub-010304,ep06,100,1144,1,1044
sub-010304,ep06,150,1144,1,994
sub-010304,ep06,200,1144,1,944
sub-010305,ep00,3,1319,1,358
sub-010305,ep00,5,1319,1,530
sub-010305,ep00,7,1319,1,1301
sub-010305,ep00,8,1319,1,1301
sub-010305,ep00,10,1319,1,1309
sub-010305,ep00,20,1319,1,1299
sub-010305,ep00,30,1319,1,1289
sub-010305,ep00,50,1319,1,1269
sub-010305,ep00,100,1319,1,1219
sub-010305,ep00,150,1319,1,1169
sub-010305,ep00,200,1319,1,1119
sub-010305,ep01,3,1307,1,64
sub-010305,ep01,5,1307,1,613
sub-010305,ep01,7,1307,1,623
sub-010305,ep01,8,1307,1,709
sub-010305,ep01,10,1307,1,683
sub-010305,ep01,20,1307,1,1287
sub-010305,ep01,30,1307,1,1277
sub-010305,ep01,50,1307,1,1257
sub-010305,ep01,100,1307,1,1207
sub-010305,ep01,150,1307,1,1157
sub-010305,ep01,200,1307,1,1107
sub-010305,ep02,3,1310,1,291
sub-010305,ep02,5,1310,1,464
sub-010305,ep02,7,1310,1,1302
sub-010305,ep02,8,1310,1,1301
sub-010305,ep02,10,1310,1,1300
sub-010305,ep02,20,1310,1,1290
sub-010305,ep02,30,1310,1,1280
sub-010305,ep02,50,1310,1,1260
sub-010305,ep02,100,1310,1,1210
sub-010305,ep02,150,1310,1,1160
sub-010305,ep02,200,1310,1,1110
sub-010305,ep03,3,1295,1,369
sub-010305,ep03,5,1295,1,670
sub-010305,ep03,7,1295,1,680
sub-010305,ep03,8,1295,1,1251
sub-010305,ep03,10,1295,1,1260
sub-010305,ep03,20,1295,1,1275
sub-010305,ep03,30,1295,1,1265
sub-010305,ep03,50,1295,1,1245
sub-010305,ep03,100,1295,1,1195
sub-010305,ep03,150,1295,1,1145
sub-010305,ep03,200,1295,1,1095
sub-010305,ep04,3,1298,1,407
sub-010305,ep04,5,1298,1,566
sub-010305,ep04,7,1298,1,659
sub-010305,ep04,8,1298,1,1266
sub-010305,ep04,10,1298,1,1264
sub-010305,ep04,20,1298,1,1273
sub-010305,ep04,30,1298,1,1268
sub-010305,ep04,50,1298,1,1248
sub-010305,ep04,100,1298,1,1198
sub-010305,ep04,150,1298,1,1148
sub-010305,ep04,200,1298,1,1098
sub-010305,ep05,3,1450,1,209
sub-010305,ep05,5,1450,1,568
sub-010305,ep05,7,1450,1,1423
sub-010305,ep05,8,1450,1,903
sub-010305,ep05,10,1450,1,1440
sub-010305,ep05,20,1450,1,1429
sub-010305,ep05,30,1450,1,1420
sub-010305,ep05,50,1450,1,1400
sub-010305,ep05,100,1450,1,1350
sub-010305,ep05,150,1450,1,1300
sub-010305,ep05,200,1450,1,1250
sub-010305,ep06,3,1205,1,260
sub-010305,ep06,5,1205,1,555
sub-010305,ep06,7,1205,1,670
sub-010305,ep06,8,1205,1,1196
sub-010305,ep06,10,1205,1,1195
sub-010305,ep06,20,1205,1,1185
sub-010305,ep06,30,1205,1,1175
sub-010305,ep06,50,1205,1,1155
sub-010305,ep06,100,1205,1,1105
sub-010305,ep06,150,1205,1,1055
sub-010305,ep06,200,1205,1,1005
sub-010306,ep00,3,1326,1,236
sub-010306,ep00,5,1326,1,891
sub-010306,ep00,7,1326,1,925
sub-010306,ep00,8,1326,1,957
sub-010306,ep00,10,1326,1,1054
sub-010306,ep00,20,1326,1,1306
sub-010306,ep00,30,1326,1,1296
sub-010306,ep00,50,1326,1,1276
sub-010306,ep00,100,1326,1,1226
sub-010306,ep00,150,1326,1,1176
sub-010306,ep00,200,1326,1,1125
sub-010306,ep01,3,1375,1,321
sub-010306,ep01,5,1375,1,808
sub-010306,ep01,7,1375,1,578
sub-010306,ep01,8,1375,1,1153
sub-010306,ep01,10,1375,1,1365
sub-010306,ep01,20,1375,1,1355
sub-010306,ep01,30,1375,1,1345
sub-010306,ep01,50,1375,1,1325
sub-010306,ep01,100,1375,1,1275
sub-010306,ep01,150,1375,1,1225
sub-010306,ep01,200,1375,1,1175
sub-010306,ep02,3,1262,1,400
sub-010306,ep02,5,1262,1,630
sub-010306,ep02,7,1262,1,777
sub-010306,ep02,8,1262,1,796
sub-010306,ep02,10,1262,1,1219
sub-010306,ep02,20,1262,1,1240
sub-010306,ep02,30,1262,1,1232
sub-010306,ep02,50,1262,1,1212
sub-010306,ep02,100,1262,1,1162
sub-010306,ep02,150,1262,1,1112
sub-010306,ep02,200,1262,1,1062
sub-010306,ep03,3,1307,1,306
sub-010306,ep03,5,1307,1,678
sub-010306,ep03,7,1307,1,1014
sub-010306,ep03,8,1307,1,1024
sub-010306,ep03,10,1307,1,1294
sub-010306,ep03,20,1307,1,1287
sub-010306,ep03,30,1307,1,1277
sub-010306,ep03,50,1307,1,1257
sub-010306,ep03,100,1307,1,1207
sub-010306,ep03,150,1307,1,1157
sub-010306,ep03,200,1307,1,1107
sub-010306,ep04,3,1317,1,248
sub-010306,ep04,5,1317,1,599
sub-010306,ep04,7,1317,1,1193
sub-010306,ep04,8,1317,1,1220
sub-010306,ep04,10,1317,1,1306
sub-010306,ep04,20,1317,1,1297
sub-010306,ep04,30,1317,1,1287
sub-010306,ep04,50,1317,1,1267
sub-010306,ep04,100,1317,1,1217
sub-010306,ep04,150,1317,1,1167
sub-010306,ep04,200,1317,1,1117
sub-010306,ep05,3,1331,1,277
sub-010306,ep05,5,1331,1,912
sub-010306,ep05,7,1331,1,1109
sub-010306,ep05,8,1331,1,1126
sub-010306,ep05,10,1331,1,1270
sub-010306,ep05,20,1331,1,1311
sub-010306,ep05,30,1331,1,1301
sub-010306,ep05,50,1331,1,1281
sub-010306,ep05,100,1331,1,1231
sub-010306,ep05,150,1331,1,1181
sub-010306,ep05,200,1331,1,1131
sub-010306,ep06,3,1137,1,48
sub-010306,ep06,5,1137,1,903
sub-010306,ep06,7,1137,1,913
sub-010306,ep06,8,1137,1,1048
sub-010306,ep06,10,1137,1,1063
sub-010306,ep06,20,1137,1,1117
sub-010306,ep06,30,1137,1,1107
sub-010306,ep06,50,1137,1,1087
sub-010306,ep06,100,1137,1,1037
sub-010306,ep06,150,1137,1,987
sub-010306,ep06,200,1137,1,937
sub-010307,ep00,3,1709,1,283
sub-010307,ep00,5,1709,1,879
sub-010307,ep00,7,1709,1,973
sub-010307,ep00,8,1709,1,1680
sub-010307,ep00,10,1709,1,1696
sub-010307,ep00,20,1709,1,1689
sub-010307,ep00,30,1709,1,1679
sub-010307,ep00,50,1709,1,1659
sub-010307,ep00,100,1709,1,1609
sub-010307,ep00,150,1709,1,1559
sub-010307,ep00,200,1709,1,1509
sub-010307,ep01,3,1664,1,322
sub-010307,ep01,5,1664,1,606
sub-010307,ep01,7,1664,1,1015
sub-010307,ep01,8,1664,1,1019
sub-010307,ep01,10,1664,1,1654
sub-010307,ep01,20,1664,1,1644
sub-010307,ep01,30,1664,1,1634
sub-010307,ep01,50,1664,1,1614
sub-010307,ep01,100,1664,1,1564
sub-010307,ep01,150,1664,1,1514
sub-010307,ep01,200,1664,1,1464
sub-010307,ep02,3,1979,1,223
sub-010307,ep02,5,1979,1,1052
sub-010307,ep02,7,1979,1,988
sub-010307,ep02,8,1979,1,983
sub-010307,ep02,10,1979,1,1969
sub-010307,ep02,20,1979,1,1959
sub-010307,ep02,30,1979,1,1949
sub-010307,ep02,50,1979,1,1929
sub-010307,ep02,100,1979,1,1879
sub-010307,ep02,150,1979,1,1829
sub-010307,ep02,200,1979,1,1779
sub-010307,ep03,3,1629,1,230
sub-010307,ep03,5,1629,1,705
sub-010307,ep03,7,1629,1,1622
sub-010307,ep03,8,1629,1,1621
sub-010307,ep03,10,1629,1,1619
sub-010307,ep03,20,1629,1,1609
sub-010307,ep03,30,1629,1,1599
sub-010307,ep03,50,1629,1,1579
sub-010307,ep03,100,1629,1,1529
sub-010307,ep03,150,1629,1,1479
sub-010307,ep03,200,1629,1,1429
sub-010307,ep04,3,1673,1,412
sub-010307,ep04,5,1673,1,1139
sub-010307,ep04,7,1673,1,1622
sub-010307,ep04,8,1673,1,1659
sub-010307,ep04,10,1673,1,1663
sub-010307,ep04,20,1673,1,1653
sub-010307,ep04,30,1673,1,1643
sub-010307,ep04,50,1673,1,1623
sub-010307,ep04,100,1673,1,1573
sub-010307,ep04,150,1673,1,1523
sub-010307,ep04,200,1673,1,1473
sub-010307,ep05,3,1588,1,345
sub-010307,ep05,5,1588,1,497
sub-010307,ep05,7,1588,1,1399
sub-010307,ep05,8,1588,1,1471
sub-010307,ep05,10,1588,1,1578
sub-010307,ep05,20,1588,1,1568
sub-010307,ep05,30,1588,1,1558
sub-010307,ep05,50,1588,1,1538
sub-010307,ep05,100,1588,1,1488
sub-010307,ep05,150,1588,1,1438
sub-010307,ep05,200,1588,1,1388
sub-010307,ep06,3,1437,1,353
sub-010307,ep06,5,1437,1,604
sub-010307,ep06,7,1437,1,745
sub-010307,ep06,8,1437,1,778
sub-010307,ep06,10,1437,1,1427
sub-010307,ep06,20,1437,1,1417
sub-010307,ep06,30,1437,1,1407
sub-010307,ep06,50,1437,1,1387
sub-010307,ep06,100,1437,1,1337
sub-010307,ep06,150,1437,1,1287
sub-010307,ep06,200,1437,1,1237
sub-010308,ep00,3,1411,1,230
sub-010308,ep00,5,1411,1,762
sub-010308,ep00,7,1411,1,1367
sub-010308,ep00,8,1411,1,1361
sub-010308,ep00,10,1411,1,1401
sub-010308,ep00,20,1411,1,1391
sub-010308,ep00,30,1411,1,1381
sub-010308,ep00,50,1411,1,1361
sub-010308,ep00,100,1411,1,1311
sub-010308,ep00,150,1411,1,1261
sub-010308,ep00,200,1411,1,1211
sub-010308,ep01,3,1736,1,175
sub-010308,ep01,5,1736,1,1381
sub-010308,ep01,7,1736,1,1315
sub-010308,ep01,8,1736,1,1665
sub-010308,ep01,10,1736,1,1725
sub-010308,ep01,20,1736,1,1716
sub-010308,ep01,30,1736,1,1706
sub-010308,ep01,50,1736,1,1686
sub-010308,ep01,100,1736,1,1636
sub-010308,ep01,150,1736,1,1586
sub-010308,ep01,200,1736,1,1536
sub-010308,ep02,3,1309,1,100
sub-010308,ep02,5,1309,1,813
sub-010308,ep02,7,1309,1,797
sub-010308,ep02,8,1309,1,740
sub-010308,ep02,10,1309,1,1281
sub-010308,ep02,20,1309,1,1289
sub-010308,ep02,30,1309,1,1279
sub-010308,ep02,50,1309,1,1259
sub-010308,ep02,100,1309,1,1209
sub-010308,ep02,150,1309,1,1159
sub-010308,ep02,200,1309,1,1109
sub-010308,ep03,3,1719,1,480
sub-010308,ep03,5,1719,1,828
sub-010308,ep03,7,1719,1,1120
sub-010308,ep03,8,1719,1,1652
sub-010308,ep03,10,1719,1,1709
sub-010308,ep03,20,1719,1,1699
sub-010308,ep03,30,1719,1,1689
sub-010308,ep03,50,1719,1,1669
sub-010308,ep03,100,1719,1,1619
sub-010308,ep03,150,1719,1,1569
sub-010308,ep03,200,1719,1,1519
sub-010308,ep04,3,1684,1,136
sub-010308,ep04,5,1684,1,1030
sub-010308,ep04,7,1684,1,1139
sub-010308,ep04,8,1684,1,1673
sub-010308,ep04,10,1684,1,1674
sub-010308,ep04,20,1684,1,1664
sub-010308,ep04,30,1684,1,1654
sub-010308,ep04,50,1684,1,1634
sub-010308,ep04,100,1684,1,1584
sub-010308,ep04,150,1684,1,1534
sub-010308,ep04,200,1684,1,1484
sub-010308,ep05,3,1616,1,133
sub-010308,ep05,5,1616,1,886
sub-010308,ep05,7,1616,1,912
sub-010308,ep05,8,1616,1,979
sub-010308,ep05,10,1616,1,1001
sub-010308,ep05,20,1616,1,1596
sub-010308,ep05,30,1616,1,1586
sub-010308,ep05,50,1616,1,1566
sub-010308,ep05,100,1616,1,1516
sub-010308,ep05,150,1616,1,1466
sub-010308,ep05,200,1616,1,1416
sub-010308,ep06,3,1270,1,382
sub-010308,ep06,5,1270,1,710
sub-010308,ep06,7,1270,1,1011
sub-010308,ep06,8,1270,1,1086
sub-010308,ep06,10,1270,1,1260
sub-010308,ep06,20,1270,1,1250
sub-010308,ep06,30,1270,1,1240
sub-010308,ep06,50,1270,1,1220
sub-010308,ep06,100,1270,1,1170
sub-010308,ep06,150,1270,1,1120
sub-010308,ep06,200,1270,1,1070
sub-010309,ep00,3,1349,1,87
sub-010309,ep00,5,1349,1,537
sub-010309,ep00,7,1349,1,1306
sub-010309,ep00,8,1349,1,1303
sub-010309,ep00,10,1349,1,1339
sub-010309,ep00,20,1349,1,1329
sub-010309,ep00,30,1349,1,1319
sub-010309,ep00,50,1349,1,1299
sub-010309,ep00,100,1349,1,1249
sub-010309,ep00,150,1349,1,1199
sub-010309,ep00,200,1349,1,1149
sub-010309,ep01,3,1665,1,41
sub-010309,ep01,5,1665,2,519
sub-010309,ep01,7,1665,1,1615
sub-010309,ep01,8,1665,1,1620
sub-010309,ep01,10,1665,1,1655
sub-010309,ep01,20,1665,1,1645
sub-010309,ep01,30,1665,1,1635
sub-010309,ep01,50,1665,1,1615
sub-010309,ep01,100,1665,1,1565
sub-010309,ep01,150,1665,1,1515
sub-010309,ep01,200,1665,1,1465
sub-010309,ep02,3,1559,1,199
sub-010309,ep02,5,1559,3,380
sub-010309,ep02,7,1559,1,1455
sub-010309,ep02,8,1559,1,1551
sub-010309,ep02,10,1559,1,1543
sub-010309,ep02,20,1559,1,1539
sub-010309,ep02,30,1559,1,1529
sub-010309,ep02,50,1559,1,1509
sub-010309,ep02,100,1559,1,1459
sub-010309,ep02,150,1559,1,1409
sub-010309,ep02,200,1559,1,1359
sub-010309,ep03,3,1355,1,32
sub-010309,ep03,5,1355,1,536
sub-010309,ep03,7,1355,1,1234
sub-010309,ep03,8,1355,1,1287
sub-010309,ep03,10,1355,1,1345
sub-010309,ep03,20,1355,1,1335
sub-010309,ep03,30,1355,1,1321
sub-010309,ep03,50,1355,1,1305
sub-010309,ep03,100,1355,1,1255
sub-010309,ep03,150,1355,1,1205
sub-010309,ep03,200,1355,1,1155
sub-010309,ep04,3,1937,1,148
sub-010309,ep04,5,1937,1,555
sub-010309,ep04,7,1937,2,539
sub-010309,ep04,8,1937,2,546
sub-010309,ep04,10,1937,1,1901
sub-010309,ep04,20,1937,1,1917
sub-010309,ep04,30,1937,1,1907
sub-010309,ep04,50,1937,1,1887
sub-010309,ep04,100,1937,1,1837
sub-010309,ep04,150,1937,1,1787
sub-010309,ep04,200,1937,1,1736
sub-010309,ep05,3,1759,1,355
sub-010309,ep05,5,1759,3,724
sub-010309,ep05,7,1759,1,705
sub-010309,ep05,8,1759,1,679
sub-010309,ep05,10,1759,1,1749
sub-010309,ep05,20,1759,1,1739
sub-010309,ep05,30,1759,1,1729
sub-010309,ep05,50,1759,1,1709
sub-010309,ep05,100,1759,1,1659
sub-010309,ep05,150,1759,1,1609
sub-010309,ep05,200,1759,1,1559
sub-010309,ep06,3,1271,1,294
sub-010309,ep06,5,1271,1,455
sub-010309,ep06,7,1271,1,630
sub-010309,ep06,8,1271,1,1247
sub-010309,ep06,10,1271,1,1258
sub-010309,ep06,20,1271,1,1251
sub-010309,ep06,30,1271,1,1241
sub-010309,ep06,50,1271,1,1221
sub-010309,ep06,100,1271,1,1171
sub-010309,ep06,150,1271,1,1121
sub-010309,ep06,200,1271,1,1071
sub-010310,ep00,3,1557,1,402
sub-010310,ep00,5,1557,1,882
sub-010310,ep00,7,1557,1,970
sub-010310,ep00,8,1557,1,1369
sub-010310,ep00,10,1557,1,1486
sub-010310,ep00,20,1557,1,1537
sub-010310,ep00,30,1557,1,1524
sub-010310,ep00,50,1557,1,1507
sub-010310,ep00,100,1557,1,1457
sub-010310,ep00,150,1557,1,1407
sub-010310,ep00,200,1557,1,1357
sub-010310,ep01,3,1720,1,97
sub-010310,ep01,5,1720,1,1237
sub-010310,ep01,7,1720,1,1309
sub-010310,ep01,8,1720,1,1592
sub-010310,ep01,10,1720,1,1601
sub-010310,ep01,20,1720,1,1700
sub-010310,ep01,30,1720,1,1689
sub-010310,ep01,50,1720,1,1670
sub-010310,ep01,100,1720,1,1620
sub-010310,ep01,150,1720,1,1570
sub-010310,ep01,200,1720,1,1520
sub-010310,ep02,3,1508,1,218
sub-010310,ep02,5,1508,1,779
sub-010310,ep02,7,1508,1,1343
sub-010310,ep02,8,1508,1,1337
sub-010310,ep02,10,1508,1,1394
sub-010310,ep02,20,1508,1,1488
sub-010310,ep02,30,1508,1,1478
sub-010310,ep02,50,1508,1,1458
sub-010310,ep02,100,1508,1,1408
sub-010310,ep02,150,1508,1,1358
sub-010310,ep02,200,1508,1,1308
sub-010310,ep03,3,1672,2,18
sub-010310,ep03,5,1672,1,851
sub-010310,ep03,7,1672,1,961
sub-010310,ep03,8,1672,1,1287
sub-010310,ep03,10,1672,1,1662
sub-010310,ep03,20,1672,1,1652
sub-010310,ep03,30,1672,1,1642
sub-010310,ep03,50,1672,1,1622
sub-010310,ep03,100,1672,1,1572
sub-010310,ep03,150,1672,1,1522
sub-010310,ep03,200,1672,1,1472
sub-010310,ep04,3,1410,1,243
sub-010310,ep04,5,1410,1,917
sub-010310,ep04,7,1410,1,961
sub-010310,ep04,8,1410,1,1402
sub-010310,ep04,10,1410,1,1400
sub-010310,ep04,20,1410,1,1390
sub-010310,ep04,30,1410,1,1380
sub-010310,ep04,50,1410,1,1360
sub-010310,ep04,100,1410,1,1310
sub-010310,ep04,150,1410,1,1260
sub-010310,ep04,200,1410,1,1210
sub-010310,ep05,3,1648,1,306
sub-010310,ep05,5,1648,1,557
sub-010310,ep05,7,1648,1,545
sub-010310,ep05,8,1648,1,1101
sub-010310,ep05,10,1648,1,1636
sub-010310,ep05,20,1648,1,1628
sub-010310,ep05,30,1648,1,1617
sub-010310,ep05,50,1648,1,1598
sub-010310,ep05,100,1648,1,1548
sub-010310,ep05,150,1648,1,1498
sub-010310,ep05,200,1648,1,1448
sub-010310,ep06,3,1320,1,431
sub-010310,ep06,5,1320,1,686
sub-010310,ep06,7,1320,1,1312
sub-010310,ep06,8,1320,1,1312
sub-010310,ep06,10,1320,1,1310
sub-010310,ep06,20,1320,1,1300
sub-010310,ep06,30,1320,1,1290
sub-010310,ep06,50,1320,1,1270
sub-010310,ep06,100,1320,1,1220
sub-010310,ep06,150,1320,1,1170
sub-010310,ep06,200,1320,1,1120
sub-010311,ep00,3,1480,1,348
sub-010311,ep00,5,1480,1,715
sub-010311,ep00,7,1480,1,1472
sub-010311,ep00,8,1480,1,1441
sub-010311,ep00,10,1480,1,1452
sub-010311,ep00,20,1480,1,1458
sub-010311,ep00,30,1480,1,1450
sub-010311,ep00,50,1480,1,1430
sub-010311,ep00,100,1480,1,1380
sub-010311,ep00,150,1480,1,1330
sub-010311,ep00,200,1480,1,1280
sub-010311,ep01,3,1693,1,346
sub-010311,ep01,5,1693,1,1469
sub-010311,ep01,7,1693,1,1686
sub-010311,ep01,8,1693,1,1685
sub-010311,ep01,10,1693,1,1683
sub-010311,ep01,20,1693,1,1673
sub-010311,ep01,30,1693,1,1663
sub-010311,ep01,50,1693,1,1643
sub-010311,ep01,100,1693,1,1593
sub-010311,ep01,150,1693,1,1543
sub-010311,ep01,200,1693,1,1493
sub-010311,ep02,3,1380,1,117
sub-010311,ep02,5,1380,1,574
sub-010311,ep02,7,1380,1,1340
sub-010311,ep02,8,1380,1,1343
sub-010311,ep02,10,1380,1,1370
sub-010311,ep02,20,1380,1,1360
sub-010311,ep02,30,1380,1,1350
sub-010311,ep02,50,1380,1,1330
sub-010311,ep02,100,1380,1,1280
sub-010311,ep02,150,1380,1,1230
sub-010311,ep02,200,1380,1,1180
sub-010311,ep03,3,1352,1,350
sub-010311,ep03,5,1352,1,612
sub-010311,ep03,7,1352,1,1334
sub-010311,ep03,8,1352,1,1316
sub-010311,ep03,10,1352,1,1342
sub-010311,ep03,20,1352,1,1332
sub-010311,ep03,30,1352,1,1322
sub-010311,ep03,50,1352,1,1302
sub-010311,ep03,100,1352,1,1252
sub-010311,ep03,150,1352,1,1202
sub-010311,ep03,200,1352,1,1152
sub-010311,ep04,3,1397,1,243
sub-010311,ep04,5,1397,1,707
sub-010311,ep04,7,1397,1,1382
sub-010311,ep04,8,1397,1,1385
sub-010311,ep04,10,1397,1,1387
sub-010311,ep04,20,1397,1,1377
sub-010311,ep04,30,1397,1,1367
sub-010311,ep04,50,1397,1,1347
sub-010311,ep04,100,1397,1,1297
sub-010311,ep04,150,1397,1,1247
sub-010311,ep04,200,1397,1,1197
sub-010311,ep05,3,1357,1,230
sub-010311,ep05,5,1357,1,672
sub-010311,ep05,7,1357,1,1349
sub-010311,ep05,8,1357,1,1349
sub-010311,ep05,10,1357,1,1347
sub-010311,ep05,20,1357,1,1337
sub-010311,ep05,30,1357,1,1327
sub-010311,ep05,50,1357,1,1307
sub-010311,ep05,100,1357,1,1257
sub-010311,ep05,150,1357,1,1207
sub-010311,ep05,200,1357,1,1157
sub-010314,ep00,3,1445,1,133
sub-010314,ep00,5,1445,1,795
sub-010314,ep00,7,1445,1,1438
sub-010314,ep00,8,1445,1,1437
sub-010314,ep00,10,1445,1,1435
sub-010314,ep00,20,1445,1,1425
sub-010314,ep00,30,1445,1,1415
sub-010314,ep00,50,1445,1,1395
sub-010314,ep00,100,1445,1,1345
sub-010314,ep00,150,1445,1,1295
sub-010314,ep00,200,1445,1,1245
sub-010314,ep01,3,1541,1,187
sub-010314,ep01,5,1541,1,759
sub-010314,ep01,7,1541,1,1441
sub-010314,ep01,8,1541,1,1458
sub-010314,ep01,10,1541,1,1530
sub-010314,ep01,20,1541,1,1521
sub-010314,ep01,30,1541,1,1511
sub-010314,ep01,50,1541,1,1491
sub-010314,ep01,100,1541,1,1441
sub-010314,ep01,150,1541,1,1391
sub-010314,ep01,200,1541,1,1341
sub-010314,ep02,3,2202,1,199
sub-010314,ep02,5,2202,1,997
sub-010314,ep02,7,2202,1,2157
sub-010314,ep02,8,2202,1,2191
sub-010314,ep02,10,2202,1,2192
sub-010314,ep02,20,2202,1,2182
sub-010314,ep02,30,2202,1,2172
sub-010314,ep02,50,2202,1,2152
sub-010314,ep02,100,2202,1,2102
sub-010314,ep02,150,2202,1,2052
sub-010314,ep02,200,2202,1,2002
sub-010314,ep03,3,1491,1,339
sub-010314,ep03,5,1491,1,769
sub-010314,ep03,7,1491,1,1465
sub-010314,ep03,8,1491,1,1468
sub-010314,ep03,10,1491,1,1476
sub-010314,ep03,20,1491,1,1471
sub-010314,ep03,30,1491,1,1461
sub-010314,ep03,50,1491,1,1441
sub-010314,ep03,100,1491,1,1391
sub-010314,ep03,150,1491,1,1341
sub-010314,ep03,200,1491,1,1291
sub-010314,ep04,3,1475,1,29
sub-010314,ep04,5,1475,1,424
sub-010314,ep04,7,1475,1,1468
sub-010314,ep04,8,1475,1,1466
sub-010314,ep04,10,1475,1,1465
sub-010314,ep04,20,1475,1,1455
sub-010314,ep04,30,1475,1,1445
sub-010314,ep04,50,1475,1,1425
sub-010314,ep04,100,1475,1,1375
sub-010314,ep04,150,1475,1,1325
sub-010314,ep04,200,1475,1,1275
sub-010314,ep05,3,1526,1,236
sub-010314,ep05,5,1526,1,655
sub-010314,ep05,7,1526,1,574
sub-010314,ep05,8,1526,1,606
sub-010314,ep05,10,1526,1,1516
sub-010314,ep05,20,1526,1,1506
sub-010314,ep05,30,1526,1,1496
sub-010314,ep05,50,1526,1,1476
sub-010314,ep05,100,1526,1,1426
sub-010314,ep05,150,1526,1,1376
sub-010314,ep05,200,1526,1,1326
sub-010314,ep06,3,1375,1,256
sub-010314,ep06,5,1375,1,695
sub-010314,ep06,7,1375,1,1367
sub-010314,ep06,8,1375,1,1367
sub-010314,ep06,10,1375,1,1365
sub-010314,ep06,20,1375,1,1355
sub-010314,ep06,30,1375,1,1345
sub-010314,ep06,50,1375,1,1325
sub-010314,ep06,100,1375,1,1275
sub-010314,ep06,150,1375,1,1225
sub-010314,ep06,200,1375,1,1175
sub-010315,ep00,3,1548,1,248
sub-010315,ep00,5,1548,1,605
sub-010315,ep00,7,1548,1,1541
sub-010315,ep00,8,1548,1,878
sub-010315,ep00,10,1548,1,1538
sub-010315,ep00,20,1548,1,1528
sub-010315,ep00,30,1548,1,1518
sub-010315,ep00,50,1548,1,1498
sub-010315,ep00,100,1548,1,1448
sub-010315,ep00,150,1548,1,1398
sub-010315,ep00,200,1548,1,1348
sub-010315,ep01,3,1685,1,204
sub-010315,ep01,5,1685,1,847
sub-010315,ep01,7,1685,1,1648
sub-010315,ep01,8,1685,1,1674
sub-010315,ep01,10,1685,1,1673
sub-010315,ep01,20,1685,1,1665
sub-010315,ep01,30,1685,1,1655
sub-010315,ep01,50,1685,1,1635
sub-010315,ep01,100,1685,1,1585
sub-010315,ep01,150,1685,1,1535
sub-010315,ep01,200,1685,1,1485
sub-010315,ep02,3,1959,1,356
sub-010315,ep02,5,1959,1,1358
sub-010315,ep02,7,1959,1,1747
sub-010315,ep02,8,1959,1,1371
sub-010315,ep02,10,1959,1,1949
sub-010315,ep02,20,1959,1,1939
sub-010315,ep02,30,1959,1,1929
sub-010315,ep02,50,1959,1,1909
sub-010315,ep02,100,1959,1,1859
sub-010315,ep02,150,1959,1,1809
sub-010315,ep02,200,1959,1,1759
sub-010315,ep03,3,1530,1,312
sub-010315,ep03,5,1530,1,868
sub-010315,ep03,7,1530,1,1513
sub-010315,ep03,8,1530,1,1522
sub-010315,ep03,10,1530,1,1520
sub-010315,ep03,20,1530,1,1510
sub-010315,ep03,30,1530,1,1500
sub-010315,ep03,50,1530,1,1480
sub-010315,ep03,100,1530,1,1430
sub-010315,ep03,150,1530,1,1380
sub-010315,ep03,200,1530,1,1330
sub-010315,ep04,3,1558,1,367
sub-010315,ep04,5,1558,1,1039
sub-010315,ep04,7,1558,1,1367
sub-010315,ep04,8,1558,1,1550
sub-010315,ep04,10,1558,1,1548
sub-010315,ep04,20,1558,1,1538
sub-010315,ep04,30,1558,1,1528
sub-010315,ep04,50,1558,1,1508
sub-010315,ep04,100,1558,1,1458
sub-010315,ep04,150,1558,1,1408
sub-010315,ep04,200,1558,1,1358
sub-010315,ep05,3,2062,1,61
sub-010315,ep05,5,2062,1,823
sub-010315,ep05,7,2062,1,1990
sub-010315,ep05,8,2062,1,2054
sub-010315,ep05,10,2062,1,2052
sub-010315,ep05,20,2062,1,2042
sub-010315,ep05,30,2062,1,2032
sub-010315,ep05,50,2062,1,2012
sub-010315,ep05,100,2062,1,1962
sub-010315,ep05,150,2062,1,1912
sub-010315,ep05,200,2062,1,1862
sub-010315,ep06,3,1415,1,142
sub-010315,ep06,5,1415,1,1189
sub-010315,ep06,7,1415,1,1278
sub-010315,ep06,8,1415,1,1392
sub-010315,ep06,10,1415,1,1390
sub-010315,ep06,20,1415,1,1395
sub-010315,ep06,30,1415,1,1385
sub-010315,ep06,50,1415,1,1365
sub-010315,ep06,100,1415,1,1315
sub-010315,ep06,150,1415,1,1265
sub-010315,ep06,200,1415,1,1215
sub-010316,ep00,3,1307,1,182
sub-010316,ep00,5,1307,1,470
sub-010316,ep00,7,1307,1,1200
sub-010316,ep00,8,1307,1,1299
sub-010316,ep00,10,1307,1,1297
sub-010316,ep00,20,1307,1,1287
sub-010316,ep00,30,1307,1,1277
sub-010316,ep00,50,1307,1,1257
sub-010316,ep00,100,1307,1,1207
sub-010316,ep00,150,1307,1,1157
sub-010316,ep00,200,1307,1,1107
sub-010316,ep01,3,1326,1,213
sub-010316,ep01,5,1326,3,432
sub-010316,ep01,7,1326,1,1319
sub-010316,ep01,8,1326,1,1318
sub-010316,ep01,10,1326,1,1316
sub-010316,ep01,20,1326,1,1306
sub-010316,ep01,30,1326,1,1296
sub-010316,ep01,50,1326,1,1276
sub-010316,ep01,100,1326,1,1226
sub-010316,ep01,150,1326,1,1176
sub-010316,ep01,200,1326,1,1126
sub-010316,ep02,3,1947,1,61
sub-010316,ep02,5,1947,1,986
sub-010316,ep02,7,1947,1,1922
sub-010316,ep02,8,1947,1,1924
sub-010316,ep02,10,1947,1,1937
sub-010316,ep02,20,1947,1,1927
sub-010316,ep02,30,1947,1,1917
sub-010316,ep02,50,1947,1,1897
sub-010316,ep02,100,1947,1,1847
sub-010316,ep02,150,1947,1,1797
sub-010316,ep02,200,1947,1,1747
sub-010316,ep03,3,1525,1,116
sub-010316,ep03,5,1525,1,1453
sub-010316,ep03,7,1525,1,1518
sub-010316,ep03,8,1525,1,1515
sub-010316,ep03,10,1525,1,1515
sub-010316,ep03,20,1525,1,1505
sub-010316,ep03,30,1525,1,1495
sub-010316,ep03,50,1525,1,1475
sub-010316,ep03,100,1525,1,1425
sub-010316,ep03,150,1525,1,1375
sub-010316,ep03,200,1525,1,1325
sub-010316,ep04,3,1729,1,74
sub-010316,ep04,5,1729,1,798
sub-010316,ep04,7,1729,1,1709
sub-010316,ep04,8,1729,1,1715
sub-010316,ep04,10,1729,1,1719
sub-010316,ep04,20,1729,1,1709
sub-010316,ep04,30,1729,1,1699
sub-010316,ep04,50,1729,1,1679
sub-010316,ep04,100,1729,1,1629
sub-010316,ep04,150,1729,1,1579
sub-010316,ep04,200,1729,1,1529
sub-010316,ep05,3,1752,1,212
sub-010316,ep05,5,1752,1,568
sub-010316,ep05,7,1752,1,1732
sub-010316,ep05,8,1752,1,1738
sub-010316,ep05,10,1752,1,1741
sub-010316,ep05,20,1752,1,1732
sub-010316,ep05,30,1752,1,1722
sub-010316,ep05,50,1752,1,1702
sub-010316,ep05,100,1752,1,1652
sub-010316,ep05,150,1752,1,1602
sub-010316,ep05,200,1752,1,1552
sub-010316,ep06,3,1188,1,282
sub-010316,ep06,5,1188,1,445
sub-010316,ep06,7,1188,1,1181
sub-010316,ep06,8,1188,1,1180
sub-010316,ep06,10,1188,1,1178
sub-010316,ep06,20,1188,1,1168
sub-010316,ep06,30,1188,1,1158
sub-010316,ep06,50,1188,1,1138
sub-010316,ep06,100,1188,1,1088
sub-010316,ep06,150,1188,1,1038
sub-010316,ep06,200,1188,1,988
sub-010317,ep00,3,1346,1,56
sub-010317,ep00,5,1346,1,1080
sub-010317,ep00,7,1346,1,1176
sub-010317,ep00,8,1346,1,1338
sub-010317,ep00,10,1346,1,1336
sub-010317,ep00,20,1346,1,1326
sub-010317,ep00,30,1346,1,1316
sub-010317,ep00,50,1346,1,1296
sub-010317,ep00,100,1346,1,1246
sub-010317,ep00,150,1346,1,1196
sub-010317,ep00,200,1346,1,1146
sub-010317,ep01,3,1849,1,97
sub-010317,ep01,5,1849,1,577
sub-010317,ep01,7,1849,1,1659
sub-010317,ep01,8,1849,1,1841
sub-010317,ep01,10,1849,1,1839
sub-010317,ep01,20,1849,1,1829
sub-010317,ep01,30,1849,1,1819
sub-010317,ep01,50,1849,1,1799
sub-010317,ep01,100,1849,1,1749
sub-010317,ep01,150,1849,1,1699
sub-010317,ep01,200,1849,1,1649
sub-010317,ep02,3,1331,1,179
sub-010317,ep02,5,1331,1,783
sub-010317,ep02,7,1331,1,792
sub-010317,ep02,8,1331,1,1321
sub-010317,ep02,10,1331,1,1321
sub-010317,ep02,20,1331,1,1311
sub-010317,ep02,30,1331,1,1301
sub-010317,ep02,50,1331,1,1281
sub-010317,ep02,100,1331,1,1231
sub-010317,ep02,150,1331,1,1181
sub-010317,ep02,200,1331,1,1131
sub-010317,ep03,3,1352,1,168
sub-010317,ep03,5,1352,1,208
sub-010317,ep03,7,1352,1,1333
sub-010317,ep03,8,1352,1,1339
sub-010317,ep03,10,1352,1,1337
sub-010317,ep03,20,1352,1,1332
sub-010317,ep03,30,1352,1,1322
sub-010317,ep03,50,1352,1,1302
sub-010317,ep03,100,1352,1,1252
sub-010317,ep03,150,1352,1,1202
sub-010317,ep03,200,1352,1,1152
sub-010317,ep04,3,1830,1,63
sub-010317,ep04,5,1830,1,1109
sub-010317,ep04,7,1830,1,1111
sub-010317,ep04,8,1830,1,1152
sub-010317,ep04,10,1830,1,1820
sub-010317,ep04,20,1830,1,1810
sub-010317,ep04,30,1830,1,1800
sub-010317,ep04,50,1830,1,1780
sub-010317,ep04,100,1830,1,1730
sub-010317,ep04,150,1830,1,1680
sub-010317,ep04,200,1830,1,1630
sub-010317,ep05,3,1403,1,130
sub-010317,ep05,5,1403,1,705
sub-010317,ep05,7,1403,1,1396
sub-010317,ep05,8,1403,1,1394
sub-010317,ep05,10,1403,1,1393
sub-010317,ep05,20,1403,1,1383
sub-010317,ep05,30,1403,1,1373
sub-010317,ep05,50,1403,1,1353
sub-010317,ep05,100,1403,1,1303
sub-010317,ep05,150,1403,1,1253
sub-010317,ep05,200,1403,1,1203
sub-010317,ep06,3,1221,1,238
sub-010317,ep06,5,1221,1,376
sub-010317,ep06,7,1221,1,368
sub-010317,ep06,8,1221,1,1213
sub-010317,ep06,10,1221,1,1210
sub-010317,ep06,20,1221,1,1201
sub-010317,ep06,30,1221,1,1191
sub-010317,ep06,50,1221,1,1171
sub-010317,ep06,100,1221,1,1121
sub-010317,ep06,150,1221,1,1071
sub-010317,ep06,200,1221,1,1021
sub-010318,ep00,3,1517,3,44
sub-010318,ep00,5,1517,1,353
sub-010318,ep00,7,1517,1,937
sub-010318,ep00,8,1517,1,933
sub-010318,ep00,10,1517,1,1506
sub-010318,ep00,20,1517,1,1491
sub-010318,ep00,30,1517,1,1487
sub-010318,ep00,50,1517,1,1467
sub-010318,ep00,100,1517,1,1417
sub-010318,ep00,150,1517,1,1367
sub-010318,ep00,200,1517,1,1317
sub-010318,ep01,3,1489,1,188
sub-010318,ep01,5,1489,1,819
sub-010318,ep01,7,1489,1,839
sub-010318,ep01,8,1489,1,1463
sub-010318,ep01,10,1489,1,1473
sub-010318,ep01,20,1489,1,1469
sub-010318,ep01,30,1489,1,1459
sub-010318,ep01,50,1489,1,1439
sub-010318,ep01,100,1489,1,1389
sub-010318,ep01,150,1489,1,1339
sub-010318,ep01,200,1489,1,1289
sub-010318,ep02,3,1751,1,485
sub-010318,ep02,5,1751,1,835
sub-010318,ep02,7,1751,1,1273
sub-010318,ep02,8,1751,1,1227
sub-010318,ep02,10,1751,1,1740
sub-010318,ep02,20,1751,1,1728
sub-010318,ep02,30,1751,1,1721
sub-010318,ep02,50,1751,1,1701
sub-010318,ep02,100,1751,1,1651
sub-010318,ep02,150,1751,1,1601
sub-010318,ep02,200,1751,1,1551
sub-010318,ep03,3,1742,1,243
sub-010318,ep03,5,1742,1,1612
sub-010318,ep03,7,1742,1,1735
sub-010318,ep03,8,1742,1,1733
sub-010318,ep03,10,1742,1,1731
sub-010318,ep03,20,1742,1,1722
sub-010318,ep03,30,1742,1,1712
sub-010318,ep03,50,1742,1,1692
sub-010318,ep03,100,1742,1,1642
sub-010318,ep03,150,1742,1,1592
sub-010318,ep03,200,1742,1,1542
sub-010318,ep04,3,1379,1,343
sub-010318,ep04,5,1379,1,583
sub-010318,ep04,7,1379,1,773
sub-010318,ep04,8,1379,1,1370
sub-010318,ep04,10,1379,1,1369
sub-010318,ep04,20,1379,1,1359
sub-010318,ep04,30,1379,1,1349
sub-010318,ep04,50,1379,1,1329
sub-010318,ep04,100,1379,1,1279
sub-010318,ep04,150,1379,1,1229
sub-010318,ep04,200,1379,1,1179
sub-010318,ep05,3,1538,1,122
sub-010318,ep05,5,1538,1,878
sub-010318,ep05,7,1538,1,1494
sub-010318,ep05,8,1538,1,1502
sub-010318,ep05,10,1538,1,1528
sub-010318,ep05,20,1538,1,1518
sub-010318,ep05,30,1538,1,1508
sub-010318,ep05,50,1538,1,1488
sub-010318,ep05,100,1538,1,1438
sub-010318,ep05,150,1538,1,1388
sub-010318,ep05,200,1538,1,1338
sub-010318,ep06,3,1283,1,322
sub-010318,ep06,5,1283,1,436
sub-010318,ep06,7,1283,1,754
sub-010318,ep06,8,1283,1,751
sub-010318,ep06,10,1283,1,1273
sub-010318,ep06,20,1283,1,1263
sub-010318,ep06,30,1283,1,1253
sub-010318,ep06,50,1283,1,1233
sub-010318,ep06,100,1283,1,1183
sub-010318,ep06,150,1283,1,1133
sub-010318,ep06,200,1283,1,1083
sub-010319,ep00,3,1292,1,357
sub-010319,ep00,5,1292,1,660
sub-010319,ep00,7,1292,1,942
sub-010319,ep00,8,1292,1,1101
sub-010319,ep00,10,1292,1,1140
sub-010319,ep00,20,1292,1,1272
sub-010319,ep00,30,1292,1,1262
sub-010319,ep00,50,1292,1,1242
sub-010319,ep00,100,1292,1,1192
sub-010319,ep00,150,1292,1,1142
sub-010319,ep00,200,1292,1,1092
sub-010319,ep01,3,1334,1,353
sub-010319,ep01,5,1334,1,413
sub-010319,ep01,7,1334,1,1326
sub-010319,ep01,8,1334,1,1325
sub-010319,ep01,10,1334,1,1324
sub-010319,ep01,20,1334,1,1314
sub-010319,ep01,30,1334,1,1304
sub-010319,ep01,50,1334,1,1284
sub-010319,ep01,100,1334,1,1234
sub-010319,ep01,150,1334,1,1184
sub-010319,ep01,200,1334,1,1134
sub-010319,ep02,3,1304,1,385
sub-010319,ep02,5,1304,1,931
sub-010319,ep02,7,1304,1,921
sub-010319,ep02,8,1304,1,1280
sub-010319,ep02,10,1304,1,1294
sub-010319,ep02,20,1304,1,1284
sub-010319,ep02,30,1304,1,1274
sub-010319,ep02,50,1304,1,1254
sub-010319,ep02,100,1304,1,1204
sub-010319,ep02,150,1304,1,1154
sub-010319,ep02,200,1304,1,1104
sub-010319,ep03,3,1447,1,332
sub-010319,ep03,5,1447,1,516
sub-010319,ep03,7,1447,1,1175
sub-010319,ep03,8,1447,1,1202
sub-010319,ep03,10,1447,1,1437
sub-010319,ep03,20,1447,1,1427
sub-010319,ep03,30,1447,1,1417
sub-010319,ep03,50,1447,1,1397
sub-010319,ep03,100,1447,1,1347
sub-010319,ep03,150,1447,1,1297
sub-010319,ep03,200,1447,1,1247
sub-010319,ep04,3,1469,1,254
sub-010319,ep04,5,1469,1,668
sub-010319,ep04,7,1469,1,869
sub-010319,ep04,8,1469,1,1461
sub-010319,ep04,10,1469,1,1459
sub-010319,ep04,20,1469,1,1449
sub-010319,ep04,30,1469,1,1439
sub-010319,ep04,50,1469,1,1419
sub-010319,ep04,100,1469,1,1369
sub-010319,ep04,150,1469,1,1319
sub-010319,ep04,200,1469,1,1269
sub-010319,ep05,3,1337,1,520
sub-010319,ep05,5,1337,1,588
sub-010319,ep05,7,1337,1,943
sub-010319,ep05,8,1337,1,1265
sub-010319,ep05,10,1337,1,1327
sub-010319,ep05,20,1337,1,1317
sub-010319,ep05,30,1337,1,1307
sub-010319,ep05,50,1337,1,1287
sub-010319,ep05,100,1337,1,1237
sub-010319,ep05,150,1337,1,1187
sub-010319,ep05,200,1337,1,1137
sub-010319,ep06,3,1220,1,72
sub-010319,ep06,5,1220,1,813
sub-010319,ep06,7,1220,1,1213
sub-010319,ep06,8,1220,1,948
sub-010319,ep06,10,1220,1,1210
sub-010319,ep06,20,1220,1,1200
sub-010319,ep06,30,1220,1,1190
sub-010319,ep06,50,1220,1,1170
sub-010319,ep06,100,1220,1,1120
sub-010319,ep06,150,1220,1,1070
sub-010319,ep06,200,1220,1,1020
sub-010321,ep00,3,1329,1,128
sub-010321,ep00,5,1329,1,1278
sub-010321,ep00,7,1329,1,1322
sub-010321,ep00,8,1329,1,1321
sub-010321,ep00,10,1329,1,1319
sub-010321,ep00,20,1329,1,1309
sub-010321,ep00,30,1329,1,1299
sub-010321,ep00,50,1329,1,1279
sub-010321,ep00,100,1329,1,1229
sub-010321,ep00,150,1329,1,1179
sub-010321,ep00,200,1329,1,1129
sub-010321,ep01,3,1321,1,176
sub-010321,ep01,5,1321,3,414
sub-010321,ep01,7,1321,1,1306
sub-010321,ep01,8,1321,1,1309
sub-010321,ep01,10,1321,1,1310
sub-010321,ep01,20,1321,1,1300
sub-010321,ep01,30,1321,1,1291
sub-010321,ep01,50,1321,1,1271
sub-010321,ep01,100,1321,1,1221
sub-010321,ep01,150,1321,1,1171
sub-010321,ep01,200,1321,1,1121
sub-010321,ep02,3,1335,1,114
sub-010321,ep02,5,1335,2,146
sub-010321,ep02,7,1335,1,1238
sub-010321,ep02,8,1335,1,1327
sub-010321,ep02,10,1335,1,1325
sub-010321,ep02,20,1335,1,1315
sub-010321,ep02,30,1335,1,1305
sub-010321,ep02,50,1335,1,1285
sub-010321,ep02,100,1335,1,1235
sub-010321,ep02,150,1335,1,1185
sub-010321,ep02,200,1335,1,1135
sub-010321,ep03,3,1708,1,262
sub-010321,ep03,5,1708,1,1624
sub-010321,ep03,7,1708,1,1701
sub-010321,ep03,8,1708,1,1700
sub-010321,ep03,10,1708,1,1698
sub-010321,ep03,20,1708,1,1688
sub-010321,ep03,30,1708,1,1678
sub-010321,ep03,50,1708,1,1658
sub-010321,ep03,100,1708,1,1608
sub-010321,ep03,150,1708,1,1558
sub-010321,ep03,200,1708,1,1508
sub-010321,ep04,3,1384,1,48
sub-010321,ep04,5,1384,1,592
sub-010321,ep04,7,1384,1,1245
sub-010321,ep04,8,1384,1,1184
sub-010321,ep04,10,1384,1,1194
sub-010321,ep04,20,1384,1,1364
sub-010321,ep04,30,1384,1,1354
sub-010321,ep04,50,1384,1,1334
sub-010321,ep04,100,1384,1,1284
sub-010321,ep04,150,1384,1,1234
sub-010321,ep04,200,1384,1,1184
sub-010321,ep05,3,1312,1,138
sub-010321,ep05,5,1312,1,471
sub-010321,ep05,7,1312,1,589
sub-010321,ep05,8,1312,1,676
sub-010321,ep05,10,1312,1,1302
sub-010321,ep05,20,1312,1,1292
sub-010321,ep05,30,1312,1,1282
sub-010321,ep05,50,1312,1,1261
sub-010321,ep05,100,1312,1,1212
sub-010321,ep05,150,1312,1,1162
sub-010321,ep05,200,1312,1,1112
sub-010321,ep06,3,1228,1,92
sub-010321,ep06,5,1228,1,1002
sub-010321,ep06,7,1228,1,1187
sub-010321,ep06,8,1228,1,1187
sub-010321,ep06,10,1228,1,1218
sub-010321,ep06,20,1228,1,1208
sub-010321,ep06,30,1228,1,1198
sub-010321,ep06,50,1228,1,1178
sub-010321,ep06,100,1228,1,1128
sub-010321,ep06,150,1228,1,1078
sub-010321,ep06,200,1228,1,1028
